station,date,tmax_c,tmin_c
Heathrow,2016-01-01,8.6,1.3
Heathrow,2016-01-02,11.3,7.8
Heathrow,2016-01-03,10.1,4.9
Heathrow,2016-01-04,10.9,5.7
Heathrow,2016-01-05,10.1,5.1
Heathrow,2016-01-06,8.3,4.8
Heathrow,2016-01-07,10.8,4.1
Heathrow,2016-01-08,9.5,0.5
Heathrow,2016-01-09,10.9,5.4
Heathrow,2016-01-10,9.1,5.0
Heathrow,2016-01-11,7.3,4.8
Heathrow,2016-01-12,7.4,3.0
Heathrow,2016-01-13,7.1,2.0
Heathrow,2016-01-14,5.5,2.0
Heathrow,2016-01-15,5.9,0.9
Heathrow,2016-01-16,5.2,-1.6
Heathrow,2016-01-17,4.0,0.3
Heathrow,2016-01-18,5.4,-0.8
Heathrow,2016-01-19,5.3,-2.7
Heathrow,2016-01-20,7.0,-4.5
Heathrow,2016-01-21,8.0,-2.4
Heathrow,2016-01-22,11.2,3.3
Heathrow,2016-01-23,11.1,4.2
Heathrow,2016-01-24,15.3,8.3
Heathrow,2016-01-25,13.5,9.6
Heathrow,2016-01-26,11.4,5.3
Heathrow,2016-01-27,13.3,8.8
Heathrow,2016-01-28,9.8,2.0
Heathrow,2016-01-29,12.2,8.8
Heathrow,2016-01-30,11.4,5.1
Heathrow,2016-01-31,13.4,3.9
Heathrow,2016-02-01,14.3,10.8
Heathrow,2016-02-02,11.0,5.5
Heathrow,2016-02-03,9.7,2.1
Heathrow,2016-02-04,14.2,3.3
Heathrow,2016-02-05,11.5,8.9
Heathrow,2016-02-06,12.6,9.2
Heathrow,2016-02-07,10.5,4.9
Heathrow,2016-02-08,9.8,6.7
Heathrow,2016-02-09,8.2,2.3
Heathrow,2016-02-10,8.8,3.5
Heathrow,2016-02-11,9.0,-1.1
Heathrow,2016-02-12,7.0,0.5
Heathrow,2016-02-13,5.1,2.3
Heathrow,2016-02-14,6.6,1.6
Heathrow,2016-02-15,6.9,0.1
Heathrow,2016-02-16,7.8,-3.3
Heathrow,2016-02-17,6.6,0.5
Heathrow,2016-02-18,8.4,3.3
Heathrow,2016-02-19,10.5,-1.3
Heathrow,2016-02-20,12.1,8.2
Heathrow,2016-02-21,14.8,11.1
Heathrow,2016-02-22,12.4,6.8
Heathrow,2016-02-23,9.1,2.1
Heathrow,2016-02-24,8.3,-1.7
Heathrow,2016-02-25,7.0,-1.8
Heathrow,2016-02-26,8.7,0.2
Heathrow,2016-02-27,6.1,2.9
Heathrow,2016-02-28,8.3,2.6
Heathrow,2016-02-29,9.3,0.5
Heathrow,2016-03-01,13.1,4.3
Heathrow,2016-03-02,9.8,3.4
Heathrow,2016-03-03,9.2,3.1
Heathrow,2016-03-04,8.2,1.4
Heathrow,2016-03-05,6.7,-0.9
Heathrow,2016-03-06,6.4,0.6
Heathrow,2016-03-07,7.9,0.1
Heathrow,2016-03-08,9.4,-1.6
Heathrow,2016-03-09,11.0,6.4
Heathrow,2016-03-10,9.4,5.3
Heathrow,2016-03-11,11.4,-0.3
Heathrow,2016-03-12,11.1,2.8
Heathrow,2016-03-13,11.4,3.0
Heathrow,2016-03-14,11.7,3.6
Heathrow,2016-03-15,9.0,2.0
Heathrow,2016-03-16,10.2,6.3
Heathrow,2016-03-17,11.9,1.8
Heathrow,2016-03-18,7.6,1.5
Heathrow,2016-03-19,9.0,5.7
Heathrow,2016-03-20,10.9,5.0
Heathrow,2016-03-21,12.2,6.2
Heathrow,2016-03-22,13.9,1.2
Heathrow,2016-03-23,10.4,6.2
Heathrow,2016-03-24,11.4,5.0
Heathrow,2016-03-25,15.1,7.4
Heathrow,2016-03-26,13.9,5.8
Heathrow,2016-03-27,11.2,5.5
Heathrow,2016-03-28,12.9,3.7
Heathrow,2016-03-29,12.7,4.4
Heathrow,2016-03-30,12.9,4.6
Heathrow,2016-03-31,12.8,4.5
Heathrow,2016-04-01,13.1,0.9
Heathrow,2016-04-02,14.5,7.6
Heathrow,2016-04-03,15.5,7.3
Heathrow,2016-04-04,13.2,8.8
Heathrow,2016-04-05,15.5,7.0
Heathrow,2016-04-06,12.8,5.4
Heathrow,2016-04-07,11.9,4.3
Heathrow,2016-04-08,14.1,4.0
Heathrow,2016-04-09,11.6,5.1
Heathrow,2016-04-10,13.3,0.7
Heathrow,2016-04-11,14.3,8.8
Heathrow,2016-04-12,17.4,7.1
Heathrow,2016-04-13,18.6,3.8
Heathrow,2016-04-14,16.9,7.8
Heathrow,2016-04-15,13.4,8.8
Heathrow,2016-04-16,9.5,4.7
Heathrow,2016-04-17,12.0,0.3
Heathrow,2016-04-18,13.0,3.0
Heathrow,2016-04-19,15.9,8.8
Heathrow,2016-04-20,14.8,4.5
Heathrow,2016-04-21,17.0,5.9
Heathrow,2016-04-22,11.3,6.6
Heathrow,2016-04-23,11.2,3.8
Heathrow,2016-04-24,10.3,3.1
Heathrow,2016-04-25,12.1,3.9
Heathrow,2016-04-26,10.6,2.6
Heathrow,2016-04-27,11.7,1.3
Heathrow,2016-04-28,12.6,0.1
Heathrow,2016-04-29,12.2,4.7
Heathrow,2016-04-30,14.3,1.4
Heathrow,2016-05-01,16.5,2.0
Heathrow,2016-05-02,18.4,9.9
Heathrow,2016-05-03,15.7,4.2
Heathrow,2016-05-04,17.4,3.9
Heathrow,2016-05-05,20.7,5.9
Heathrow,2016-05-06,23.5,8.2
Heathrow,2016-05-07,23.9,12.8
Heathrow,2016-05-08,26.8,13.3
Heathrow,2016-05-09,24.9,14.5
Heathrow,2016-05-10,17.2,15.2
Heathrow,2016-05-11,18.9,14.7
Heathrow,2016-05-12,24.3,11.9
Heathrow,2016-05-13,17.7,9.6
Heathrow,2016-05-14,14.6,7.6
Heathrow,2016-05-15,17.4,5.2
Heathrow,2016-05-16,18.1,8.6
Heathrow,2016-05-17,17.8,7.9
Heathrow,2016-05-18,14.2,11.2
Heathrow,2016-05-19,19.0,9.9
Heathrow,2016-05-20,19.2,13.2
Heathrow,2016-05-21,18.3,12.6
Heathrow,2016-05-22,18.8,11.0
Heathrow,2016-05-23,19.7,9.5
Heathrow,2016-05-24,17.2,7.5
Heathrow,2016-05-25,12.5,9.0
Heathrow,2016-05-26,21.2,7.7
Heathrow,2016-05-27,22.2,11.0
Heathrow,2016-05-28,21.0,10.3
Heathrow,2016-05-29,19.2,9.3
Heathrow,2016-05-30,18.0,11.9
Heathrow,2016-05-31,15.3,11.3
Heathrow,2016-06-01,13.8,12.1
Heathrow,2016-06-02,13.7,10.2
Heathrow,2016-06-03,14.5,9.0
Heathrow,2016-06-04,19.2,12.0
Heathrow,2016-06-05,24.2,11.7
Heathrow,2016-06-06,25.0,11.8
Heathrow,2016-06-07,24.4,12.7
Heathrow,2016-06-08,25.9,15.2
Heathrow,2016-06-09,23.2,13.2
Heathrow,2016-06-10,24.0,13.6
Heathrow,2016-06-11,22.5,16.2
Heathrow,2016-06-12,21.5,13.9
Heathrow,2016-06-13,19.2,13.8
Heathrow,2016-06-14,19.1,13.4
Heathrow,2016-06-15,20.5,11.9
Heathrow,2016-06-16,18.0,12.5
Heathrow,2016-06-17,20.3,12.8
Heathrow,2016-06-18,17.1,12.0
Heathrow,2016-06-19,20.2,11.5
Heathrow,2016-06-20,22.7,15.1
Heathrow,2016-06-21,21.7,14.0
Heathrow,2016-06-22,22.5,14.5
Heathrow,2016-06-23,21.1,17.7
Heathrow,2016-06-24,22.6,11.3
Heathrow,2016-06-25,20.3,11.8
Heathrow,2016-06-26,21.2,11.9
Heathrow,2016-06-27,21.7,14.3
Heathrow,2016-06-28,21.4,10.8
Heathrow,2016-06-29,16.8,10.9
Heathrow,2016-06-30,20.5,13.3
Heathrow,2016-07-01,19.9,13.4
Heathrow,2016-07-02,20.6,10.5
Heathrow,2016-07-03,21.6,10.2
Heathrow,2016-07-04,21.3,11.0
Heathrow,2016-07-05,21.6,14.7
Heathrow,2016-07-06,22.6,10.5
Heathrow,2016-07-07,23.6,14.5
Heathrow,2016-07-08,23.1,14.9
Heathrow,2016-07-09,23.2,15.0
Heathrow,2016-07-10,23.5,17.1
Heathrow,2016-07-11,22.0,15.4
Heathrow,2016-07-12,19.2,12.4
Heathrow,2016-07-13,20.0,12.4
Heathrow,2016-07-14,22.0,11.4
Heathrow,2016-07-15,19.9,10.7
Heathrow,2016-07-16,27.0,17.0
Heathrow,2016-07-17,27.6,17.7
Heathrow,2016-07-18,29.4,15.6
Heathrow,2016-07-19,33.2,16.5
Heathrow,2016-07-20,31.4,21.6
Heathrow,2016-07-21,25.5,14.0
Heathrow,2016-07-22,23.9,17.2
Heathrow,2016-07-23,28.6,14.9
Heathrow,2016-07-24,25.8,14.7
Heathrow,2016-07-25,24.7,14.0
Heathrow,2016-07-26,23.1,13.1
Heathrow,2016-07-27,25.6,16.9
Heathrow,2016-07-28,23.1,14.7
Heathrow,2016-07-29,23.5,16.2
Heathrow,2016-07-30,22.4,16.0
Heathrow,2016-07-31,22.4,13.7
Heathrow,2016-08-01,19.2,12.1
Heathrow,2016-08-02,21.9,14.1
Heathrow,2016-08-03,24.7,17.7
Heathrow,2016-08-04,23.5,15.1
Heathrow,2016-08-05,24.1,12.8
Heathrow,2016-08-06,26.4,12.7
Heathrow,2016-08-07,27.3,17.0
Heathrow,2016-08-08,22.3,14.1
Heathrow,2016-08-09,20.8,10.4
Heathrow,2016-08-10,20.4,10.7
Heathrow,2016-08-11,24.5,14.9
Heathrow,2016-08-12,27.7,13.8
Heathrow,2016-08-13,25.8,14.5
Heathrow,2016-08-14,22.9,16.2
Heathrow,2016-08-15,24.7,12.4
Heathrow,2016-08-16,25.0,12.2
Heathrow,2016-08-17,26.7,13.3
Heathrow,2016-08-18,25.5,15.7
Heathrow,2016-08-19,19.2,16.6
Heathrow,2016-08-20,21.9,14.3
Heathrow,2016-08-21,23.5,14.7
Heathrow,2016-08-22,26.0,16.8
Heathrow,2016-08-23,31.0,12.9
Heathrow,2016-08-24,33.1,17.9
Heathrow,2016-08-25,27.6,18.8
Heathrow,2016-08-26,27.0,17.7
Heathrow,2016-08-27,26.5,15.9
Heathrow,2016-08-28,21.6,16.6
Heathrow,2016-08-29,24.3,15.4
Heathrow,2016-08-30,27.0,13.0
Heathrow,2016-08-31,24.8,12.7
Heathrow,2016-09-01,24.8,13.2
Heathrow,2016-09-02,20.2,13.9
Heathrow,2016-09-03,21.5,12.1
Heathrow,2016-09-04,20.9,15.5
Heathrow,2016-09-05,22.9,13.8
Heathrow,2016-09-06,23.9,19.9
Heathrow,2016-09-07,28.4,18.2
Heathrow,2016-09-08,23.9,15.0
Heathrow,2016-09-09,24.3,15.2
Heathrow,2016-09-10,19.8,16.5
Heathrow,2016-09-11,22.0,8.7
Heathrow,2016-09-12,25.8,10.6
Heathrow,2016-09-13,32.8,16.0
Heathrow,2016-09-14,27.8,19.4
Heathrow,2016-09-15,29.4,15.7
Heathrow,2016-09-16,20.1,14.6
Heathrow,2016-09-17,15.8,12.8
Heathrow,2016-09-18,20.6,14.2
Heathrow,2016-09-19,19.6,13.0
Heathrow,2016-09-20,19.0,14.3
Heathrow,2016-09-21,22.1,14.9
Heathrow,2016-09-22,20.8,14.3
Heathrow,2016-09-23,20.7,8.9
Heathrow,2016-09-24,23.2,9.8
Heathrow,2016-09-25,21.0,13.6
Heathrow,2016-09-26,18.7,9.6
Heathrow,2016-09-27,19.6,9.1
Heathrow,2016-09-28,23.2,12.1
Heathrow,2016-09-29,20.3,13.1
Heathrow,2016-09-30,19.7,11.2
Heathrow,2016-10-01,16.1,9.2
Heathrow,2016-10-02,17.6,9.0
Heathrow,2016-10-03,18.5,5.4
Heathrow,2016-10-04,19.0,9.8
Heathrow,2016-10-05,17.7,11.3
Heathrow,2016-10-06,16.2,8.8
Heathrow,2016-10-07,15.5,11.6
Heathrow,2016-10-08,17.0,12.0
Heathrow,2016-10-09,16.0,8.6
Heathrow,2016-10-10,14.4,5.8
Heathrow,2016-10-11,16.8,4.9
Heathrow,2016-10-12,16.0,9.1
Heathrow,2016-10-13,13.8,8.4
Heathrow,2016-10-14,15.2,9.0
Heathrow,2016-10-15,18.2,8.7
Heathrow,2016-10-16,18.4,7.3
Heathrow,2016-10-17,17.7,9.7
Heathrow,2016-10-18,14.4,9.1
Heathrow,2016-10-19,13.5,9.0
Heathrow,2016-10-20,14.9,8.2
Heathrow,2016-10-21,13.6,7.3
Heathrow,2016-10-22,14.6,5.0
Heathrow,2016-10-23,13.8,6.2
Heathrow,2016-10-24,13.3,9.5
Heathrow,2016-10-25,14.1,9.7
Heathrow,2016-10-26,16.5,9.4
Heathrow,2016-10-27,16.5,7.8
Heathrow,2016-10-28,17.2,10.9
Heathrow,2016-10-29,15.3,11.0
Heathrow,2016-10-30,12.1,8.0
Heathrow,2016-10-31,20.0,8.7
Heathrow,2016-11-01,12.6,6.3
Heathrow,2016-11-02,11.2,3.3
Heathrow,2016-11-03,12.2,1.6
Heathrow,2016-11-04,11.5,6.1
Heathrow,2016-11-05,9.5,1.8
Heathrow,2016-11-06,7.9,1.6
Heathrow,2016-11-07,8.3,3.1
Heathrow,2016-11-08,5.9,-0.9
Heathrow,2016-11-09,9.5,4.0
Heathrow,2016-11-10,11.4,3.2
Heathrow,2016-11-11,11.5,2.8
Heathrow,2016-11-12,10.6,2.7
Heathrow,2016-11-13,11.4,5.4
Heathrow,2016-11-14,12.7,5.0
Heathrow,2016-11-15,16.0,12.3
Heathrow,2016-11-16,14.4,10.2
Heathrow,2016-11-17,13.9,7.0
Heathrow,2016-11-18,8.6,3.1
Heathrow,2016-11-19,8.5,1.3
Heathrow,2016-11-20,9.0,5.6
Heathrow,2016-11-21,12.4,5.3
Heathrow,2016-11-22,12.5,8.4
Heathrow,2016-11-23,10.2,4.0
Heathrow,2016-11-24,10.5,8.1
Heathrow,2016-11-25,11.0,5.4
Heathrow,2016-11-26,9.4,2.8
Heathrow,2016-11-27,8.6,5.0
Heathrow,2016-11-28,8.9,3.7
Heathrow,2016-11-29,7.2,-0.9
Heathrow,2016-11-30,6.8,-4.6
Heathrow,2016-12-01,8.1,-2.9
Heathrow,2016-12-02,8.0,3.0
Heathrow,2016-12-03,9.5,3.0
Heathrow,2016-12-04,8.2,0.6
Heathrow,2016-12-05,8.2,-1.4
Heathrow,2016-12-06,10.6,1.6
Heathrow,2016-12-07,13.2,8.3
Heathrow,2016-12-08,13.4,9.1
Heathrow,2016-12-09,14.9,10.4
Heathrow,2016-12-10,13.6,9.7
Heathrow,2016-12-11,10.3,3.5
Heathrow,2016-12-12,11.4,2.0
Heathrow,2016-12-13,13.3,7.4
Heathrow,2016-12-14,13.9,5.9
Heathrow,2016-12-15,11.5,4.5
Heathrow,2016-12-16,10.5,7.4
Heathrow,2016-12-17,10.5,3.8
Heathrow,2016-12-18,7.5,6.2
Heathrow,2016-12-19,7.0,4.5
Heathrow,2016-12-20,7.3,3.6
Heathrow,2016-12-21,12.1,4.0
Heathrow,2016-12-22,10.7,2.7
Heathrow,2016-12-23,11.5,3.4
Heathrow,2016-12-24,10.3,5.0
Heathrow,2016-12-25,13.5,9.5
Heathrow,2016-12-26,12.6,3.4
Heathrow,2016-12-27,6.8,-1.1
Heathrow,2016-12-28,8.1,-2.2
Heathrow,2016-12-29,9.5,-3.5
Heathrow,2016-12-30,3.4,-1.1
Heathrow,2016-12-31,8.9,2.5
Heathrow,2017-01-01,10.1,4.3
Heathrow,2017-01-02,5.5,0.2
Heathrow,2017-01-03,5.8,-2.9
Heathrow,2017-01-04,8.6,1.7
Heathrow,2017-01-05,6.2,-2.3
Heathrow,2017-01-06,7.1,-3.2
Heathrow,2017-01-07,10.8,5.0
Heathrow,2017-01-08,9.8,7.5
Heathrow,2017-01-09,9.9,4.7
Heathrow,2017-01-10,9.1,2.1
Heathrow,2017-01-11,11.2,5.7
Heathrow,2017-01-12,6.8,0.9
Heathrow,2017-01-13,6.5,0.5
Heathrow,2017-01-14,5.0,-0.5
Heathrow,2017-01-15,9.0,1.0
Heathrow,2017-01-16,8.5,4.2
Heathrow,2017-01-17,6.6,-0.8
Heathrow,2017-01-18,6.0,-3.3
Heathrow,2017-01-19,7.1,-3.0
Heathrow,2017-01-20,7.3,-1.2
Heathrow,2017-01-21,4.9,-1.1
Heathrow,2017-01-22,6.8,-4.5
Heathrow,2017-01-23,4.6,-4.2
Heathrow,2017-01-24,9.5,-2.0
Heathrow,2017-01-25,4.9,-1.9
Heathrow,2017-01-26,1.0,-2.4
Heathrow,2017-01-27,6.7,-2.2
Heathrow,2017-01-28,10.7,5.0
Heathrow,2017-01-29,9.2,1.8
Heathrow,2017-01-30,10.0,5.9
Heathrow,2017-01-31,8.7,5.5
Heathrow,2017-02-01,11.9,8.7
Heathrow,2017-02-02,11.4,9.1
Heathrow,2017-02-03,10.8,5.3
Heathrow,2017-02-04,10.0,1.9
Heathrow,2017-02-05,5.8,2.7
Heathrow,2017-02-06,7.5,-0.5
Heathrow,2017-02-07,10.8,4.3
Heathrow,2017-02-08,5.6,3.3
Heathrow,2017-02-09,3.3,1.5
Heathrow,2017-02-10,2.3,1.2
Heathrow,2017-02-11,2.7,0.6
Heathrow,2017-02-12,5.7,1.6
Heathrow,2017-02-13,10.5,4.3
Heathrow,2017-02-14,12.9,2.3
Heathrow,2017-02-15,11.8,5.8
Heathrow,2017-02-16,12.3,4.8
Heathrow,2017-02-17,13.5,7.1
Heathrow,2017-02-18,12.9,5.6
Heathrow,2017-02-19,12.9,3.1
Heathrow,2017-02-20,18.1,9.6
Heathrow,2017-02-21,13.6,9.8
Heathrow,2017-02-22,14.0,10.6
Heathrow,2017-02-23,11.4,6.6
Heathrow,2017-02-24,9.8,2.7
Heathrow,2017-02-25,10.7,4.8
Heathrow,2017-02-26,12.7,9.0
Heathrow,2017-02-27,10.9,3.3
Heathrow,2017-02-28,8.0,0.8
Heathrow,2017-03-01,9.3,4.9
Heathrow,2017-03-02,11.7,4.9
Heathrow,2017-03-03,11.5,4.8
Heathrow,2017-03-04,12.3,6.9
Heathrow,2017-03-05,11.2,5.4
Heathrow,2017-03-06,10.7,2.5
Heathrow,2017-03-07,11.8,4.1
Heathrow,2017-03-08,14.9,7.3
Heathrow,2017-03-09,16.9,8.8
Heathrow,2017-03-10,12.6,6.2
Heathrow,2017-03-11,17.3,10.2
Heathrow,2017-03-12,12.8,9.4
Heathrow,2017-03-13,15.5,5.9
Heathrow,2017-03-14,14.8,7.1
Heathrow,2017-03-15,18.1,7.9
Heathrow,2017-03-16,12.5,5.7
Heathrow,2017-03-17,11.7,4.1
Heathrow,2017-03-18,14.7,9.7
Heathrow,2017-03-19,16.1,11.6
Heathrow,2017-03-20,12.8,7.9
Heathrow,2017-03-21,12.6,3.7
Heathrow,2017-03-22,11.3,4.5
Heathrow,2017-03-23,11.7,5.3
Heathrow,2017-03-24,13.5,6.7
Heathrow,2017-03-25,15.4,4.4
Heathrow,2017-03-26,16.2,5.3
Heathrow,2017-03-27,16.2,6.3
Heathrow,2017-03-28,17.5,5.1
Heathrow,2017-03-29,15.2,11.0
Heathrow,2017-03-30,21.7,11.5
Heathrow,2017-03-31,17.2,10.9
Heathrow,2017-04-01,16.1,8.2
Heathrow,2017-04-02,16.5,6.6
Heathrow,2017-04-03,17.4,4.0
Heathrow,2017-04-04,14.9,8.7
Heathrow,2017-04-05,15.4,5.2
Heathrow,2017-04-06,17.7,5.9
Heathrow,2017-04-07,17.9,5.6
Heathrow,2017-04-08,20.9,4.8
Heathrow,2017-04-09,25.4,7.6
Heathrow,2017-04-10,13.8,8.4
Heathrow,2017-04-11,16.7,5.7
Heathrow,2017-04-12,17.1,5.8
Heathrow,2017-04-13,15.4,5.8
Heathrow,2017-04-14,15.3,6.4
Heathrow,2017-04-15,15.7,9.0
Heathrow,2017-04-16,16.0,5.8
Heathrow,2017-04-17,12.5,7.8
Heathrow,2017-04-18,13.2,4.6
Heathrow,2017-04-19,14.5,3.3
Heathrow,2017-04-20,15.7,5.9
Heathrow,2017-04-21,15.7,7.3
Heathrow,2017-04-22,17.3,8.6
Heathrow,2017-04-23,16.8,7.1
Heathrow,2017-04-24,13.6,4.8
Heathrow,2017-04-25,11.8,0.3
Heathrow,2017-04-26,11.1,2.2
Heathrow,2017-04-27,11.1,0.6
Heathrow,2017-04-28,15.0,7.3
Heathrow,2017-04-29,16.7,5.1
Heathrow,2017-04-30,18.1,8.7
Heathrow,2017-05-01,14.3,8.0
Heathrow,2017-05-02,18.4,6.9
Heathrow,2017-05-03,12.3,7.5
Heathrow,2017-05-04,14.9,9.2
Heathrow,2017-05-05,16.9,8.0
Heathrow,2017-05-06,15.5,9.4
Heathrow,2017-05-07,18.7,8.4
Heathrow,2017-05-08,12.1,7.5
Heathrow,2017-05-09,14.9,6.5
Heathrow,2017-05-10,19.2,5.0
Heathrow,2017-05-11,22.5,7.2
Heathrow,2017-05-12,20.0,12.4
Heathrow,2017-05-13,19.6,11.6
Heathrow,2017-05-14,20.9,11.8
Heathrow,2017-05-15,19.0,9.6
Heathrow,2017-05-16,25.0,15.1
Heathrow,2017-05-17,17.7,12.8
Heathrow,2017-05-18,16.5,9.6
Heathrow,2017-05-19,16.2,9.7
Heathrow,2017-05-20,16.7,6.7
Heathrow,2017-05-21,20.7,8.6
Heathrow,2017-05-22,24.9,11.1
Heathrow,2017-05-23,21.3,10.7
Heathrow,2017-05-24,26.3,12.6
Heathrow,2017-05-25,27.0,14.0
Heathrow,2017-05-26,27.8,13.6
Heathrow,2017-05-27,24.0,15.6
Heathrow,2017-05-28,23.9,11.5
Heathrow,2017-05-29,20.7,13.8
Heathrow,2017-05-30,20.8,14.2
Heathrow,2017-05-31,23.0,12.7
Heathrow,2017-06-01,25.5,12.3
Heathrow,2017-06-02,24.8,13.9
Heathrow,2017-06-03,21.5,14.9
Heathrow,2017-06-04,20.3,9.4
Heathrow,2017-06-05,18.7,11.4
Heathrow,2017-06-06,17.7,9.9
Heathrow,2017-06-07,20.9,10.8
Heathrow,2017-06-08,18.0,13.1
Heathrow,2017-06-09,21.2,12.0
Heathrow,2017-06-10,23.8,13.7
Heathrow,2017-06-11,23.9,15.8
Heathrow,2017-06-12,20.9,12.3
Heathrow,2017-06-13,24.8,10.2
Heathrow,2017-06-14,27.1,13.6
Heathrow,2017-06-15,25.1,14.9
Heathrow,2017-06-16,24.3,11.4
Heathrow,2017-06-17,30.1,14.6
Heathrow,2017-06-18,31.7,17.3
Heathrow,2017-06-19,32.0,19.0
Heathrow,2017-06-20,31.4,19.3
Heathrow,2017-06-21,34.5,16.5
Heathrow,2017-06-22,26.2,18.2
Heathrow,2017-06-23,24.9,13.1
Heathrow,2017-06-24,24.1,17.1
Heathrow,2017-06-25,24.2,14.8
Heathrow,2017-06-26,24.5,12.7
Heathrow,2017-06-27,21.2,14.6
Heathrow,2017-06-28,17.3,13.7
Heathrow,2017-06-29,17.8,12.1
Heathrow,2017-06-30,22.0,14.0
Heathrow,2017-07-01,23.3,14.5
Heathrow,2017-07-02,23.6,14.4
Heathrow,2017-07-03,25.1,14.7
Heathrow,2017-07-04,24.6,13.4
Heathrow,2017-07-05,29.5,14.5
Heathrow,2017-07-06,32.2,18.5
Heathrow,2017-07-07,30.1,17.0
Heathrow,2017-07-08,26.7,17.7
Heathrow,2017-07-09,28.4,17.7
Heathrow,2017-07-10,26.4,15.9
Heathrow,2017-07-11,19.6,14.2
Heathrow,2017-07-12,22.4,14.2
Heathrow,2017-07-13,23.2,13.4
Heathrow,2017-07-14,21.8,14.4
Heathrow,2017-07-15,22.5,15.1
Heathrow,2017-07-16,25.4,17.4
Heathrow,2017-07-17,26.9,15.2
Heathrow,2017-07-18,26.9,16.9
Heathrow,2017-07-19,22.7,18.1
Heathrow,2017-07-20,21.6,15.3
Heathrow,2017-07-21,22.8,12.3
Heathrow,2017-07-22,19.2,13.3
Heathrow,2017-07-23,20.6,11.2
Heathrow,2017-07-24,19.4,14.1
Heathrow,2017-07-25,22.9,13.0
Heathrow,2017-07-26,22.1,14.5
Heathrow,2017-07-27,22.2,14.0
Heathrow,2017-07-28,22.2,13.7
Heathrow,2017-07-29,20.4,14.8
Heathrow,2017-07-30,21.5,14.6
Heathrow,2017-07-31,22.7,13.1
Heathrow,2017-08-01,22.4,12.5
Heathrow,2017-08-02,18.7,14.5
Heathrow,2017-08-03,21.8,15.5
Heathrow,2017-08-04,22.9,14.8
Heathrow,2017-08-05,20.8,14.6
Heathrow,2017-08-06,22.8,10.6
Heathrow,2017-08-07,21.1,13.1
Heathrow,2017-08-08,17.0,14.2
Heathrow,2017-08-09,15.5,13.0
Heathrow,2017-08-10,21.0,12.2
Heathrow,2017-08-11,22.6,9.9
Heathrow,2017-08-12,22.5,16.6
Heathrow,2017-08-13,22.7,12.3
Heathrow,2017-08-14,23.5,10.7
Heathrow,2017-08-15,24.2,15.2
Heathrow,2017-08-16,23.6,11.5
Heathrow,2017-08-17,24.8,15.4
Heathrow,2017-08-18,20.3,12.7
Heathrow,2017-08-19,20.8,12.7
Heathrow,2017-08-20,21.5,9.7
Heathrow,2017-08-21,19.7,13.6
Heathrow,2017-08-22,23.1,17.3
Heathrow,2017-08-23,22.4,15.9
Heathrow,2017-08-24,21.5,12.9
Heathrow,2017-08-25,24.0,12.5
Heathrow,2017-08-26,24.7,13.9
Heathrow,2017-08-27,26.3,15.9
Heathrow,2017-08-28,27.7,14.6
Heathrow,2017-08-29,26.1,16.4
Heathrow,2017-08-30,18.5,13.0
Heathrow,2017-08-31,20.3,8.8
Heathrow,2017-09-01,21.9,9.7
Heathrow,2017-09-02,22.0,10.0
Heathrow,2017-09-03,18.1,10.9
Heathrow,2017-09-04,22.6,13.8
Heathrow,2017-09-05,21.3,16.0
Heathrow,2017-09-06,19.4,11.3
Heathrow,2017-09-07,19.9,11.2
Heathrow,2017-09-08,19.6,14.1
Heathrow,2017-09-09,18.6,10.0
Heathrow,2017-09-10,17.4,8.6
Heathrow,2017-09-11,19.8,11.1
Heathrow,2017-09-12,19.6,10.3
Heathrow,2017-09-13,19.0,12.1
Heathrow,2017-09-14,18.1,7.9
Heathrow,2017-09-15,16.8,7.1
Heathrow,2017-09-16,15.9,8.2
Heathrow,2017-09-17,17.3,8.4
Heathrow,2017-09-18,17.4,9.1
Heathrow,2017-09-19,16.3,8.3
Heathrow,2017-09-20,18.3,9.2
Heathrow,2017-09-21,18.0,12.9
Heathrow,2017-09-22,19.0,6.2
Heathrow,2017-09-23,19.5,12.5
Heathrow,2017-09-24,22.8,10.8
Heathrow,2017-09-25,18.2,14.9
Heathrow,2017-09-26,21.1,13.9
Heathrow,2017-09-27,20.9,12.0
Heathrow,2017-09-28,20.5,14.0
Heathrow,2017-09-29,18.9,13.7
Heathrow,2017-09-30,17.6,10.9
Heathrow,2017-10-01,18.4,13.8
Heathrow,2017-10-02,18.1,12.7
Heathrow,2017-10-03,17.3,8.6
Heathrow,2017-10-04,16.6,8.9
Heathrow,2017-10-05,17.4,11.1
Heathrow,2017-10-06,15.9,8.2
Heathrow,2017-10-07,17.3,9.7
Heathrow,2017-10-08,17.6,10.6
Heathrow,2017-10-09,17.7,10.0
Heathrow,2017-10-10,17.0,10.6
Heathrow,2017-10-11,17.3,12.4
Heathrow,2017-10-12,17.9,8.8
Heathrow,2017-10-13,19.6,10.8
Heathrow,2017-10-14,20.0,14.4
Heathrow,2017-10-15,20.2,10.4
Heathrow,2017-10-16,22.4,11.6
Heathrow,2017-10-17,15.0,10.7
Heathrow,2017-10-18,15.6,11.2
Heathrow,2017-10-19,17.1,14.1
Heathrow,2017-10-20,16.2,12.0
Heathrow,2017-10-21,16.3,12.0
Heathrow,2017-10-22,14.2,9.2
Heathrow,2017-10-23,16.4,9.8
Heathrow,2017-10-24,19.4,14.0
Heathrow,2017-10-25,18.8,12.3
Heathrow,2017-10-26,16.0,8.2
Heathrow,2017-10-27,15.3,8.3
Heathrow,2017-10-28,16.6,5.1
Heathrow,2017-10-29,14.8,7.9
Heathrow,2017-10-30,12.9,3.1
Heathrow,2017-10-31,13.6,5.2
Heathrow,2017-11-01,16.0,7.4
Heathrow,2017-11-02,12.4,2.6
Heathrow,2017-11-03,14.6,6.4
Heathrow,2017-11-04,13.5,7.6
Heathrow,2017-11-05,10.9,2.8
Heathrow,2017-11-06,12.1,0.8
Heathrow,2017-11-07,12.3,6.5
Heathrow,2017-11-08,9.9,4.0
Heathrow,2017-11-09,14.1,1.1
Heathrow,2017-11-10,13.3,6.8
Heathrow,2017-11-11,10.2,7.1
Heathrow,2017-11-12,8.7,5.8
Heathrow,2017-11-13,7.5,1.5
Heathrow,2017-11-14,11.5,4.7
Heathrow,2017-11-15,11.9,9.7
Heathrow,2017-11-16,14.8,8.8
Heathrow,2017-11-17,10.8,0.6
Heathrow,2017-11-18,9.1,3.3
Heathrow,2017-11-19,8.7,3.0
Heathrow,2017-11-20,12.6,4.8
Heathrow,2017-11-21,13.9,11.5
Heathrow,2017-11-22,15.9,13.2
Heathrow,2017-11-23,15.7,7.5
Heathrow,2017-11-24,8.8,2.0
Heathrow,2017-11-25,7.8,-1.3
Heathrow,2017-11-26,8.0,1.0
Heathrow,2017-11-27,10.2,4.4
Heathrow,2017-11-28,7.2,2.5
Heathrow,2017-11-29,6.2,1.8
Heathrow,2017-11-30,4.7,-0.4
Heathrow,2017-12-01,7.2,2.7
Heathrow,2017-12-02,6.1,2.5
Heathrow,2017-12-03,10.4,6.0
Heathrow,2017-12-04,10.0,4.0
Heathrow,2017-12-05,8.8,6.8
Heathrow,2017-12-06,11.3,8.0
Heathrow,2017-12-07,12.5,4.8
Heathrow,2017-12-08,5.8,0.4
Heathrow,2017-12-09,4.0,-1.4
Heathrow,2017-12-10,2.5,0.0
Heathrow,2017-12-11,3.5,0.6
Heathrow,2017-12-12,4.9,-3.4
Heathrow,2017-12-13,9.7,3.3
Heathrow,2017-12-14,6.9,2.5
Heathrow,2017-12-15,5.7,0.9
Heathrow,2017-12-16,6.0,0.0
Heathrow,2017-12-17,9.3,-1.3
Heathrow,2017-12-18,9.5,1.8
Heathrow,2017-12-19,7.7,-2.3
Heathrow,2017-12-20,11.0,6.5
Heathrow,2017-12-21,12.0,9.5
Heathrow,2017-12-22,11.8,8.9
Heathrow,2017-12-23,11.0,8.3
Heathrow,2017-12-24,10.7,8.0
Heathrow,2017-12-25,11.0,9.1
Heathrow,2017-12-26,9.9,3.5
Heathrow,2017-12-27,7.9,1.4
Heathrow,2017-12-28,5.3,-1.0
Heathrow,2017-12-29,9.3,-2.3
Heathrow,2017-12-30,14.4,5.1
Heathrow,2017-12-31,13.0,8.1
Heathrow,2018-01-01,8.5,5.4
Heathrow,2018-01-02,10.8,3.5
Heathrow,2018-01-03,12.3,7.4
Heathrow,2018-01-04,12.9,6.1
Heathrow,2018-01-05,9.1,3.8
Heathrow,2018-01-06,5.8,0.9
Heathrow,2018-01-07,6.2,2.0
Heathrow,2018-01-08,5.1,1.9
Heathrow,2018-01-09,6.9,3.9
Heathrow,2018-01-10,10.4,6.0
Heathrow,2018-01-11,7.5,2.6
Heathrow,2018-01-12,7.3,5.7
Heathrow,2018-01-13,8.4,4.9
Heathrow,2018-01-14,6.4,4.1
Heathrow,2018-01-15,11.4,4.3
Heathrow,2018-01-16,8.3,3.1
Heathrow,2018-01-17,7.7,2.0
Heathrow,2018-01-18,11.7,4.0
Heathrow,2018-01-19,6.8,0.0
Heathrow,2018-01-20,4.8,1.5
Heathrow,2018-01-21,9.6,1.0
Heathrow,2018-01-22,10.8,7.4
Heathrow,2018-01-23,13.3,7.2
Heathrow,2018-01-24,13.3,6.6
Heathrow,2018-01-25,10.9,6.0
Heathrow,2018-01-26,8.7,1.7
Heathrow,2018-01-27,11.4,3.0
Heathrow,2018-01-28,13.4,8.7
Heathrow,2018-01-29,13.5,5.4
Heathrow,2018-01-30,7.6,-1.5
Heathrow,2018-01-31,10.3,3.5
Heathrow,2018-02-01,7.5,2.3
Heathrow,2018-02-02,8.0,3.7
Heathrow,2018-02-03,5.4,3.4
Heathrow,2018-02-04,5.7,1.8
Heathrow,2018-02-05,4.9,0.6
Heathrow,2018-02-06,3.9,0.4
Heathrow,2018-02-07,6.2,-0.3
Heathrow,2018-02-08,7.7,-2.4
Heathrow,2018-02-09,6.7,2.9
Heathrow,2018-02-10,8.6,-1.8
Heathrow,2018-02-11,10.0,1.9
Heathrow,2018-02-12,7.5,-1.2
Heathrow,2018-02-13,5.9,1.6
Heathrow,2018-02-14,6.4,-1.6
Heathrow,2018-02-15,10.2,4.5
Heathrow,2018-02-16,10.5,-0.1
Heathrow,2018-02-17,10.9,1.7
Heathrow,2018-02-18,10.6,1.5
Heathrow,2018-02-19,11.4,6.4
Heathrow,2018-02-20,10.4,7.1
Heathrow,2018-02-21,7.1,2.4
Heathrow,2018-02-22,5.8,1.6
Heathrow,2018-02-23,4.7,-0.8
Heathrow,2018-02-24,6.5,-1.7
Heathrow,2018-02-25,5.0,-0.7
Heathrow,2018-02-26,2.6,-1.8
Heathrow,2018-02-27,1.4,-3.8
Heathrow,2018-02-28,-1.2,-5.4
Heathrow,2018-03-01,0.3,-5.1
Heathrow,2018-03-02,0.1,-1.5
Heathrow,2018-03-03,4.5,-0.2
Heathrow,2018-03-04,9.9,2.0
Heathrow,2018-03-05,10.7,3.9
Heathrow,2018-03-06,10.3,5.1
Heathrow,2018-03-07,11.2,4.6
Heathrow,2018-03-08,11.0,4.1
Heathrow,2018-03-09,9.7,0.5
Heathrow,2018-03-10,14.2,8.8
Heathrow,2018-03-11,12.8,5.6
Heathrow,2018-03-12,10.8,7.4
Heathrow,2018-03-13,11.4,5.0
Heathrow,2018-03-14,13.6,1.2
Heathrow,2018-03-15,13.6,7.7
Heathrow,2018-03-16,13.8,7.6
Heathrow,2018-03-17,8.4,-1.1
Heathrow,2018-03-18,0.6,-1.5
Heathrow,2018-03-19,4.5,-1.1
Heathrow,2018-03-20,8.8,0.9
Heathrow,2018-03-21,11.2,-1.9
Heathrow,2018-03-22,12.0,4.4
Heathrow,2018-03-23,13.6,6.2
Heathrow,2018-03-24,9.8,6.5
Heathrow,2018-03-25,12.3,7.3
Heathrow,2018-03-26,13.2,5.0
Heathrow,2018-03-27,15.4,5.2
Heathrow,2018-03-28,9.6,4.5
Heathrow,2018-03-29,9.1,1.2
Heathrow,2018-03-30,7.9,3.1
Heathrow,2018-03-31,9.7,3.7
Heathrow,2018-04-01,7.8,4.3
Heathrow,2018-04-02,10.7,3.7
Heathrow,2018-04-03,13.7,9.6
Heathrow,2018-04-04,12.0,6.8
Heathrow,2018-04-05,10.8,4.5
Heathrow,2018-04-06,16.9,4.0
Heathrow,2018-04-07,17.9,8.4
Heathrow,2018-04-08,11.3,9.1
Heathrow,2018-04-09,10.0,8.2
Heathrow,2018-04-10,14.4,8.5
Heathrow,2018-04-11,12.1,7.2
Heathrow,2018-04-12,10.2,6.7
Heathrow,2018-04-13,12.0,6.4
Heathrow,2018-04-14,19.3,8.0
Heathrow,2018-04-15,15.2,8.7
Heathrow,2018-04-16,15.9,8.0
Heathrow,2018-04-17,19.0,10.0
Heathrow,2018-04-18,24.6,9.9
Heathrow,2018-04-19,28.5,11.2
Heathrow,2018-04-20,25.8,11.7
Heathrow,2018-04-21,24.1,11.9
Heathrow,2018-04-22,23.6,12.0
Heathrow,2018-04-23,16.7,7.7
Heathrow,2018-04-24,17.3,11.3
Heathrow,2018-04-25,15.8,7.8
Heathrow,2018-04-26,16.1,6.6
Heathrow,2018-04-27,12.4,7.0
Heathrow,2018-04-28,10.5,7.8
Heathrow,2018-04-29,8.1,6.6
Heathrow,2018-04-30,9.6,5.4
Heathrow,2018-05-01,14.8,2.3
Heathrow,2018-05-02,15.0,8.9
Heathrow,2018-05-03,18.1,3.6
Heathrow,2018-05-04,20.0,8.1
Heathrow,2018-05-05,22.8,8.2
Heathrow,2018-05-06,26.3,9.1
Heathrow,2018-05-07,28.1,11.0
Heathrow,2018-05-08,26.5,11.8
Heathrow,2018-05-09,20.8,8.7
Heathrow,2018-05-10,18.0,9.9
Heathrow,2018-05-11,18.0,6.3
Heathrow,2018-05-12,15.3,10.3
Heathrow,2018-05-13,18.6,8.4
Heathrow,2018-05-14,21.0,8.5
Heathrow,2018-05-15,23.2,9.9
Heathrow,2018-05-16,16.5,9.7
Heathrow,2018-05-17,18.0,6.8
Heathrow,2018-05-18,18.7,5.4
Heathrow,2018-05-19,22.2,7.7
Heathrow,2018-05-20,22.0,8.1
Heathrow,2018-05-21,22.7,9.1
Heathrow,2018-05-22,23.5,12.2
Heathrow,2018-05-23,19.1,10.6
Heathrow,2018-05-24,19.3,10.5
Heathrow,2018-05-25,18.8,12.9
Heathrow,2018-05-26,26.6,14.8
Heathrow,2018-05-27,27.4,15.2
Heathrow,2018-05-28,24.8,15.6
Heathrow,2018-05-29,19.7,13.9
Heathrow,2018-05-30,19.4,13.2
Heathrow,2018-05-31,23.5,14.4
Heathrow,2018-06-01,24.0,15.8
Heathrow,2018-06-02,24.4,14.9
Heathrow,2018-06-03,27.0,13.3
Heathrow,2018-06-04,21.4,14.6
Heathrow,2018-06-05,18.8,12.1
Heathrow,2018-06-06,23.0,9.0
Heathrow,2018-06-07,21.4,12.9
Heathrow,2018-06-08,23.0,14.0
Heathrow,2018-06-09,21.9,13.1
Heathrow,2018-06-10,24.0,14.8
Heathrow,2018-06-11,25.4,12.3
Heathrow,2018-06-12,18.6,12.8
Heathrow,2018-06-13,23.3,9.4
Heathrow,2018-06-14,23.9,14.5
Heathrow,2018-06-15,23.4,11.5
Heathrow,2018-06-16,20.5,13.9
Heathrow,2018-06-17,20.1,13.1
Heathrow,2018-06-18,26.6,14.6
Heathrow,2018-06-19,24.8,17.2
Heathrow,2018-06-20,26.1,14.7
Heathrow,2018-06-21,20.6,10.7
Heathrow,2018-06-22,22.9,8.8
Heathrow,2018-06-23,24.1,11.6
Heathrow,2018-06-24,26.5,13.1
Heathrow,2018-06-25,29.8,13.9
Heathrow,2018-06-26,29.1,15.2
Heathrow,2018-06-27,27.9,13.0
Heathrow,2018-06-28,28.3,12.7
Heathrow,2018-06-29,28.8,13.1
Heathrow,2018-06-30,28.8,13.1
Heathrow,2018-07-01,31.8,15.2
Heathrow,2018-07-02,30.1,18.4
Heathrow,2018-07-03,27.6,15.4
Heathrow,2018-07-04,27.0,13.9
Heathrow,2018-07-05,30.1,16.7
Heathrow,2018-07-06,30.9,16.5
Heathrow,2018-07-07,31.5,18.5
Heathrow,2018-07-08,31.0,17.7
Heathrow,2018-07-09,30.5,17.9
Heathrow,2018-07-10,22.9,15.4
Heathrow,2018-07-11,24.4,13.9
Heathrow,2018-07-12,25.1,13.7
Heathrow,2018-07-13,27.5,15.7
Heathrow,2018-07-14,28.9,14.9
Heathrow,2018-07-15,30.3,15.2
Heathrow,2018-07-16,30.0,15.9
Heathrow,2018-07-17,25.0,13.8
Heathrow,2018-07-18,26.5,15.1
Heathrow,2018-07-19,29.0,14.2
Heathrow,2018-07-20,25.2,18.8
Heathrow,2018-07-21,28.5,16.9
Heathrow,2018-07-22,28.9,16.8
Heathrow,2018-07-23,32.2,19.0
Heathrow,2018-07-24,30.2,17.3
Heathrow,2018-07-25,30.9,17.7
Heathrow,2018-07-26,35.0,18.9
Heathrow,2018-07-27,32.0,19.0
Heathrow,2018-07-28,23.0,16.2
Heathrow,2018-07-29,20.0,15.6
Heathrow,2018-07-30,24.2,17.2
Heathrow,2018-07-31,25.5,15.9
Heathrow,2018-08-01,26.5,13.3
Heathrow,2018-08-02,30.4,14.1
Heathrow,2018-08-03,32.6,18.2
Heathrow,2018-08-04,29.0,19.6
Heathrow,2018-08-05,29.8,17.0
Heathrow,2018-08-06,32.4,16.6
Heathrow,2018-08-07,31.2,17.3
Heathrow,2018-08-08,25.3,14.4
Heathrow,2018-08-09,18.5,13.5
Heathrow,2018-08-10,21.0,10.8
Heathrow,2018-08-11,22.5,9.3
Heathrow,2018-08-12,22.4,16.3
Heathrow,2018-08-13,25.2,15.2
Heathrow,2018-08-14,26.6,13.1
Heathrow,2018-08-15,25.7,15.6
Heathrow,2018-08-16,21.4,14.6
Heathrow,2018-08-17,23.7,10.6
Heathrow,2018-08-18,22.5,15.3
Heathrow,2018-08-19,28.3,17.5
Heathrow,2018-08-20,26.2,18.3
Heathrow,2018-08-21,27.3,18.0
Heathrow,2018-08-22,24.1,15.3
Heathrow,2018-08-23,22.9,16.5
Heathrow,2018-08-24,21.0,10.6
Heathrow,2018-08-25,20.0,8.2
Heathrow,2018-08-26,18.4,10.8
Heathrow,2018-08-27,19.7,13.5
Heathrow,2018-08-28,21.1,15.6
Heathrow,2018-08-29,20.1,13.4
Heathrow,2018-08-30,21.0,10.4
Heathrow,2018-08-31,22.5,11.2
Heathrow,2018-09-01,24.5,11.8
Heathrow,2018-09-02,24.8,11.5
Heathrow,2018-09-03,24.5,11.9
Heathrow,2018-09-04,20.7,12.5
Heathrow,2018-09-05,22.6,13.8
Heathrow,2018-09-06,22.6,11.2
Heathrow,2018-09-07,20.4,8.3
Heathrow,2018-09-08,21.0,8.9
Heathrow,2018-09-09,24.7,14.4
Heathrow,2018-09-10,22.7,13.4
Heathrow,2018-09-11,25.2,16.4
Heathrow,2018-09-12,17.4,11.9
Heathrow,2018-09-13,20.9,7.7
Heathrow,2018-09-14,18.6,10.3
Heathrow,2018-09-15,22.1,10.4
Heathrow,2018-09-16,24.2,11.7
Heathrow,2018-09-17,25.3,17.3
Heathrow,2018-09-18,23.5,16.5
Heathrow,2018-09-19,23.7,16.6
Heathrow,2018-09-20,21.9,16.0
Heathrow,2018-09-21,19.3,10.6
Heathrow,2018-09-22,13.3,10.4
Heathrow,2018-09-23,14.9,8.8
Heathrow,2018-09-24,16.2,4.8
Heathrow,2018-09-25,18.2,3.3
Heathrow,2018-09-26,22.8,6.6
Heathrow,2018-09-27,23.4,8.5
Heathrow,2018-09-28,17.5,11.0
Heathrow,2018-09-29,18.3,5.3
Heathrow,2018-09-30,15.4,5.6
Heathrow,2018-10-01,15.5,6.9
Heathrow,2018-10-02,20.2,10.5
Heathrow,2018-10-03,19.5,11.6
Heathrow,2018-10-04,18.3,10.9
Heathrow,2018-10-05,21.6,12.6
Heathrow,2018-10-06,16.4,9.0
Heathrow,2018-10-07,14.6,5.6
Heathrow,2018-10-08,17.3,6.7
Heathrow,2018-10-09,21.1,9.3
Heathrow,2018-10-10,24.1,9.5
Heathrow,2018-10-11,21.4,14.7
Heathrow,2018-10-12,21.5,13.5
Heathrow,2018-10-13,23.7,18.6
Heathrow,2018-10-14,20.3,9.8
Heathrow,2018-10-15,13.9,9.8
Heathrow,2018-10-16,20.4,13.4
Heathrow,2018-10-17,16.0,11.3
Heathrow,2018-10-18,16.8,9.3
Heathrow,2018-10-19,17.0,5.1
Heathrow,2018-10-20,18.6,6.1
Heathrow,2018-10-21,19.1,8.2
Heathrow,2018-10-22,15.5,6.8
Heathrow,2018-10-23,16.0,5.8
Heathrow,2018-10-24,17.9,10.1
Heathrow,2018-10-25,15.0,5.3
Heathrow,2018-10-26,11.4,5.9
Heathrow,2018-10-27,7.0,2.3
Heathrow,2018-10-28,10.7,4.0
Heathrow,2018-10-29,9.5,1.9
Heathrow,2018-10-30,9.1,4.2
Heathrow,2018-10-31,14.0,-0.7
Heathrow,2018-11-01,11.5,6.5
Heathrow,2018-11-02,11.7,0.5
Heathrow,2018-11-03,14.6,2.7
Heathrow,2018-11-04,13.6,7.9
Heathrow,2018-11-05,16.3,7.8
Heathrow,2018-11-06,15.6,8.4
Heathrow,2018-11-07,14.7,10.7
Heathrow,2018-11-08,14.4,4.3
Heathrow,2018-11-09,14.1,5.7
Heathrow,2018-11-10,15.0,8.9
Heathrow,2018-11-11,14.2,5.8
Heathrow,2018-11-12,14.8,9.0
Heathrow,2018-11-13,14.0,7.9
Heathrow,2018-11-14,14.8,9.2
Heathrow,2018-11-15,14.8,9.2
Heathrow,2018-11-16,11.6,8.9
Heathrow,2018-11-17,12.3,6.5
Heathrow,2018-11-18,11.7,4.8
Heathrow,2018-11-19,8.9,5.2
Heathrow,2018-11-20,5.5,2.5
Heathrow,2018-11-21,8.4,0.2
Heathrow,2018-11-22,6.3,-1.3
Heathrow,2018-11-23,8.3,2.6
Heathrow,2018-11-24,9.4,7.9
Heathrow,2018-11-25,8.6,6.5
Heathrow,2018-11-26,8.2,4.2
Heathrow,2018-11-27,10.8,2.1
Heathrow,2018-11-28,14.0,7.8
Heathrow,2018-11-29,13.9,10.7
Heathrow,2018-11-30,11.9,6.1
Heathrow,2018-12-01,13.5,6.0
Heathrow,2018-12-02,15.8,11.1
Heathrow,2018-12-03,14.1,7.8
Heathrow,2018-12-04,8.5,1.5
Heathrow,2018-12-05,13.1,5.9
Heathrow,2018-12-06,13.3,9.3
Heathrow,2018-12-07,13.2,6.8
Heathrow,2018-12-08,12.5,6.8
Heathrow,2018-12-09,11.0,7.4
Heathrow,2018-12-10,9.4,4.3
Heathrow,2018-12-11,9.3,1.7
Heathrow,2018-12-12,7.6,1.7
Heathrow,2018-12-13,5.5,-0.3
Heathrow,2018-12-14,5.1,-1.2
Heathrow,2018-12-15,7.5,1.4
Heathrow,2018-12-16,9.4,4.2
Heathrow,2018-12-17,10.4,3.4
Heathrow,2018-12-18,10.7,7.9
Heathrow,2018-12-19,9.9,5.6
Heathrow,2018-12-20,10.8,5.8
Heathrow,2018-12-21,13.2,8.5
Heathrow,2018-12-22,12.0,8.2
Heathrow,2018-12-23,13.2,6.5
Heathrow,2018-12-24,8.3,2.9
Heathrow,2018-12-25,8.6,1.2
Heathrow,2018-12-26,9.6,6.8
Heathrow,2018-12-27,7.9,2.9
Heathrow,2018-12-28,10.8,5.1
Heathrow,2018-12-29,12.3,8.6
Heathrow,2018-12-30,10.4,6.5
Heathrow,2018-12-31,10.4,8.8
Heathrow,2019-01-01,10.7,4.8
Heathrow,2019-01-02,7.6,3.7
Heathrow,2019-01-03,5.5,4.3
Heathrow,2019-01-04,4.6,1.4
Heathrow,2019-01-05,5.6,2.5
Heathrow,2019-01-06,10.0,4.8
Heathrow,2019-01-07,11.1,6.0
Heathrow,2019-01-08,10.2,4.6
Heathrow,2019-01-09,5.9,1.9
Heathrow,2019-01-10,5.3,0.2
Heathrow,2019-01-11,8.6,5.2
Heathrow,2019-01-12,10.4,6.7
Heathrow,2019-01-13,11.7,9.1
Heathrow,2019-01-14,10.4,6.3
Heathrow,2019-01-15,9.7,1.4
Heathrow,2019-01-16,9.9,4.4
Heathrow,2019-01-17,5.1,0.7
Heathrow,2019-01-18,7.1,-1.4
Heathrow,2019-01-19,5.5,1.8
Heathrow,2019-01-20,5.7,-1.4
Heathrow,2019-01-21,6.4,-2.2
Heathrow,2019-01-22,6.6,0.4
Heathrow,2019-01-23,3.4,-0.5
Heathrow,2019-01-24,5.0,-2.8
Heathrow,2019-01-25,12.4,3.0
Heathrow,2019-01-26,10.8,4.7
Heathrow,2019-01-27,8.5,3.7
Heathrow,2019-01-28,6.0,-0.6
Heathrow,2019-01-29,6.5,-2.6
Heathrow,2019-01-30,6.2,-1.7
Heathrow,2019-01-31,4.4,-5.2
Heathrow,2019-02-01,2.6,0.3
Heathrow,2019-02-02,5.2,0.5
Heathrow,2019-02-03,6.8,-2.8
Heathrow,2019-02-04,9.7,4.9
Heathrow,2019-02-05,8.4,5.0
Heathrow,2019-02-06,11.5,6.9
Heathrow,2019-02-07,10.5,6.1
Heathrow,2019-02-08,11.1,6.4
Heathrow,2019-02-09,10.8,6.5
Heathrow,2019-02-10,8.3,4.2
Heathrow,2019-02-11,9.2,1.8
Heathrow,2019-02-12,12.3,1.5
Heathrow,2019-02-13,12.9,5.4
Heathrow,2019-02-14,13.9,0.4
Heathrow,2019-02-15,14.4,1.0
Heathrow,2019-02-16,11.9,3.1
Heathrow,2019-02-17,15.1,3.7
Heathrow,2019-02-18,10.3,5.5
Heathrow,2019-02-19,12.5,1.9
Heathrow,2019-02-20,13.3,6.4
Heathrow,2019-02-21,15.3,6.2
Heathrow,2019-02-22,15.3,6.0
Heathrow,2019-02-23,16.7,6.3
Heathrow,2019-02-24,16.8,2.8
Heathrow,2019-02-25,19.4,1.2
Heathrow,2019-02-26,20.1,2.0
Heathrow,2019-02-27,19.2,2.4
Heathrow,2019-02-28,13.1,4.7
Heathrow,2019-03-01,11.2,8.1
Heathrow,2019-03-02,15.1,7.5
Heathrow,2019-03-03,12.7,9.0
Heathrow,2019-03-04,10.7,3.8
Heathrow,2019-03-05,12.2,3.1
Heathrow,2019-03-06,12.6,8.7
Heathrow,2019-03-07,12.5,5.5
Heathrow,2019-03-08,10.6,2.8
Heathrow,2019-03-09,13.6,7.0
Heathrow,2019-03-10,11.0,2.0
Heathrow,2019-03-11,11.4,2.9
Heathrow,2019-03-12,9.8,4.0
Heathrow,2019-03-13,12.0,5.2
Heathrow,2019-03-14,14.9,7.0
Heathrow,2019-03-15,14.7,9.1
Heathrow,2019-03-16,12.5,9.6
Heathrow,2019-03-17,10.4,3.8
Heathrow,2019-03-18,11.6,3.4
Heathrow,2019-03-19,13.0,6.2
Heathrow,2019-03-20,13.0,8.6
Heathrow,2019-03-21,14.6,8.8
Heathrow,2019-03-22,12.2,8.9
Heathrow,2019-03-23,13.9,7.1
Heathrow,2019-03-24,14.9,3.3
Heathrow,2019-03-25,13.1,5.2
Heathrow,2019-03-26,14.7,1.5
Heathrow,2019-03-27,13.4,4.6
Heathrow,2019-03-28,16.1,7.1
Heathrow,2019-03-29,17.6,2.7
Heathrow,2019-03-30,19.1,4.7
Heathrow,2019-03-31,14.0,7.0
Heathrow,2019-04-01,14.5,3.9
Heathrow,2019-04-02,9.8,3.4
Heathrow,2019-04-03,10.9,0.9
Heathrow,2019-04-04,9.4,1.1
Heathrow,2019-04-05,14.3,5.4
Heathrow,2019-04-06,11.6,6.3
Heathrow,2019-04-07,11.7,6.1
Heathrow,2019-04-08,12.7,7.5
Heathrow,2019-04-09,11.7,7.8
Heathrow,2019-04-10,13.1,4.6
Heathrow,2019-04-11,12.6,1.1
Heathrow,2019-04-12,10.7,1.3
Heathrow,2019-04-13,9.9,0.6
Heathrow,2019-04-14,11.4,-0.3
Heathrow,2019-04-15,15.3,4.2
Heathrow,2019-04-16,16.4,6.9
Heathrow,2019-04-17,19.2,6.7
Heathrow,2019-04-18,21.8,7.8
Heathrow,2019-04-19,24.0,8.7
Heathrow,2019-04-20,24.7,8.2
Heathrow,2019-04-21,24.6,7.7
Heathrow,2019-04-22,25.0,8.5
Heathrow,2019-04-23,21.9,12.8
Heathrow,2019-04-24,18.3,10.1
Heathrow,2019-04-25,17.3,8.1
Heathrow,2019-04-26,17.6,5.6
Heathrow,2019-04-27,13.3,7.2
Heathrow,2019-04-28,14.8,7.1
Heathrow,2019-04-29,16.1,5.4
Heathrow,2019-04-30,18.2,5.9
Heathrow,2019-05-01,18.5,6.5
Heathrow,2019-05-02,16.7,9.1
Heathrow,2019-05-03,15.5,7.2
Heathrow,2019-05-04,11.6,5.2
Heathrow,2019-05-05,12.7,2.7
Heathrow,2019-05-06,12.7,5.1
Heathrow,2019-05-07,17.5,6.2
Heathrow,2019-05-08,15.7,8.4
Heathrow,2019-05-09,15.8,6.1
Heathrow,2019-05-10,16.4,4.7
Heathrow,2019-05-11,16.8,8.1
Heathrow,2019-05-12,18.1,4.7
Heathrow,2019-05-13,17.8,5.2
Heathrow,2019-05-14,18.8,6.6
Heathrow,2019-05-15,20.7,6.9
Heathrow,2019-05-16,19.0,7.4
Heathrow,2019-05-17,14.8,8.4
Heathrow,2019-05-18,17.2,9.7
Heathrow,2019-05-19,18.6,8.2
Heathrow,2019-05-20,20.4,12.2
Heathrow,2019-05-21,20.9,9.6
Heathrow,2019-05-22,22.5,10.4
Heathrow,2019-05-23,24.7,9.0
Heathrow,2019-05-24,22.6,10.8
Heathrow,2019-05-25,24.2,13.9
Heathrow,2019-05-26,21.2,14.0
Heathrow,2019-05-27,20.0,9.0
Heathrow,2019-05-28,18.4,9.1
Heathrow,2019-05-29,15.8,9.2
Heathrow,2019-05-30,24.8,14.7
Heathrow,2019-05-31,20.7,14.3
Heathrow,2019-06-01,27.6,10.5
Heathrow,2019-06-02,27.3,14.9
Heathrow,2019-06-03,22.0,10.6
Heathrow,2019-06-04,17.5,10.1
Heathrow,2019-06-05,19.8,11.8
Heathrow,2019-06-06,21.0,8.7
Heathrow,2019-06-07,19.3,11.0
Heathrow,2019-06-08,20.3,10.9
Heathrow,2019-06-09,21.0,8.6
Heathrow,2019-06-10,13.8,9.5
Heathrow,2019-06-11,18.4,11.0
Heathrow,2019-06-12,16.1,11.0
Heathrow,2019-06-13,15.1,11.4
Heathrow,2019-06-14,20.1,12.4
Heathrow,2019-06-15,20.0,11.5
Heathrow,2019-06-16,21.4,8.4
Heathrow,2019-06-17,22.7,11.3
Heathrow,2019-06-18,19.7,11.0
Heathrow,2019-06-19,19.5,14.1
Heathrow,2019-06-20,20.5,12.3
Heathrow,2019-06-21,22.4,8.8
Heathrow,2019-06-22,23.8,9.7
Heathrow,2019-06-23,24.9,12.5
Heathrow,2019-06-24,24.5,17.2
Heathrow,2019-06-25,23.9,17.8
Heathrow,2019-06-26,22.2,15.4
Heathrow,2019-06-27,24.6,13.0
Heathrow,2019-06-28,24.2,13.4
Heathrow,2019-06-29,34.0,14.6
Heathrow,2019-06-30,27.7,14.6
Heathrow,2019-07-01,22.5,13.3
Heathrow,2019-07-02,23.2,10.8
Heathrow,2019-07-03,24.4,12.9
Heathrow,2019-07-04,26.7,12.0
Heathrow,2019-07-05,27.6,15.7
Heathrow,2019-07-06,23.6,14.6
Heathrow,2019-07-07,21.5,14.1
Heathrow,2019-07-08,23.9,12.5
Heathrow,2019-07-09,25.8,15.3
Heathrow,2019-07-10,26.7,16.7
Heathrow,2019-07-11,27.3,16.3
Heathrow,2019-07-12,25.5,17.1
Heathrow,2019-07-13,23.7,14.5
Heathrow,2019-07-14,21.9,14.1
Heathrow,2019-07-15,22.9,11.8
Heathrow,2019-07-16,27.3,11.7
Heathrow,2019-07-17,26.4,13.5
Heathrow,2019-07-18,24.8,15.6
Heathrow,2019-07-19,19.5,12.7
Heathrow,2019-07-20,25.6,16.3
Heathrow,2019-07-21,24.6,13.0
Heathrow,2019-07-22,27.9,16.4
Heathrow,2019-07-23,33.6,15.7
Heathrow,2019-07-24,32.8,20.0
Heathrow,2019-07-25,37.9,19.7
Heathrow,2019-07-26,28.1,18.7
Heathrow,2019-07-27,21.7,16.1
Heathrow,2019-07-28,24.3,15.5
Heathrow,2019-07-29,26.2,13.2
Heathrow,2019-07-30,21.7,17.0
Heathrow,2019-07-31,24.9,16.3
Heathrow,2019-08-01,26.0,14.6
Heathrow,2019-08-02,25.8,15.5
Heathrow,2019-08-03,24.7,14.8
Heathrow,2019-08-04,27.4,15.0
Heathrow,2019-08-05,26.5,16.0
Heathrow,2019-08-06,25.0,15.3
Heathrow,2019-08-07,24.9,14.2
Heathrow,2019-08-08,24.5,13.4
Heathrow,2019-08-09,25.0,17.6
Heathrow,2019-08-10,23.6,16.6
Heathrow,2019-08-11,23.2,15.1
Heathrow,2019-08-12,19.5,12.9
Heathrow,2019-08-13,23.4,9.8
Heathrow,2019-08-14,17.6,13.9
Heathrow,2019-08-15,23.5,14.6
Heathrow,2019-08-16,19.2,12.7
Heathrow,2019-08-17,24.1,15.0
Heathrow,2019-08-18,22.5,14.3
Heathrow,2019-08-19,22.4,12.1
Heathrow,2019-08-20,22.8,10.7
Heathrow,2019-08-21,23.6,10.6
Heathrow,2019-08-22,25.1,12.2
Heathrow,2019-08-23,27.7,13.2
Heathrow,2019-08-24,30.7,13.0
Heathrow,2019-08-25,33.3,16.3
Heathrow,2019-08-26,33.2,16.5
Heathrow,2019-08-27,33.4,16.3
Heathrow,2019-08-28,26.6,18.0
Heathrow,2019-08-29,24.7,10.8
Heathrow,2019-08-30,24.8,13.4
Heathrow,2019-08-31,24.9,12.3
Heathrow,2019-09-01,21.6,11.3
Heathrow,2019-09-02,23.6,8.7
Heathrow,2019-09-03,22.8,15.3
Heathrow,2019-09-04,21.1,14.6
Heathrow,2019-09-05,18.7,11.9
Heathrow,2019-09-06,18.8,9.3
Heathrow,2019-09-07,17.8,11.3
Heathrow,2019-09-08,18.6,6.1
Heathrow,2019-09-09,16.1,11.8
Heathrow,2019-09-10,21.9,9.9
Heathrow,2019-09-11,21.8,13.5
Heathrow,2019-09-12,25.7,12.0
Heathrow,2019-09-13,22.6,13.5
Heathrow,2019-09-14,24.0,9.1
Heathrow,2019-09-15,26.6,9.8
Heathrow,2019-09-16,20.6,15.4
Heathrow,2019-09-17,20.0,9.6
Heathrow,2019-09-18,20.0,7.8
Heathrow,2019-09-19,22.2,7.9
Heathrow,2019-09-20,22.4,9.3
Heathrow,2019-09-21,26.4,11.8
Heathrow,2019-09-22,23.9,15.2
Heathrow,2019-09-23,20.1,13.5
Heathrow,2019-09-24,20.5,15.0
Heathrow,2019-09-25,22.2,14.6
Heathrow,2019-09-26,20.9,14.6
Heathrow,2019-09-27,19.0,13.2
Heathrow,2019-09-28,19.7,12.0
Heathrow,2019-09-29,19.8,13.5
Heathrow,2019-09-30,17.8,9.7
Heathrow,2019-10-01,21.1,11.6
Heathrow,2019-10-02,14.4,6.7
Heathrow,2019-10-03,15.3,4.0
Heathrow,2019-10-04,15.7,11.4
Heathrow,2019-10-05,16.3,11.4
Heathrow,2019-10-06,17.3,11.6
Heathrow,2019-10-07,16.9,10.2
Heathrow,2019-10-08,17.9,11.6
Heathrow,2019-10-09,16.3,10.4
Heathrow,2019-10-10,17.5,8.3
Heathrow,2019-10-11,17.2,12.5
Heathrow,2019-10-12,13.3,10.6
Heathrow,2019-10-13,17.3,10.9
Heathrow,2019-10-14,16.0,10.3
Heathrow,2019-10-15,17.5,10.7
Heathrow,2019-10-16,16.3,9.7
Heathrow,2019-10-17,15.4,8.2
Heathrow,2019-10-18,15.6,9.3
Heathrow,2019-10-19,15.8,9.5
Heathrow,2019-10-20,12.1,4.6
Heathrow,2019-10-21,13.3,10.4
Heathrow,2019-10-22,16.0,6.5
Heathrow,2019-10-23,14.6,4.2
Heathrow,2019-10-24,12.9,10.8
Heathrow,2019-10-25,16.7,9.5
Heathrow,2019-10-26,16.9,7.3
Heathrow,2019-10-27,12.0,4.0
Heathrow,2019-10-28,11.0,1.1
Heathrow,2019-10-29,11.5,6.6
Heathrow,2019-10-30,12.9,7.0
Heathrow,2019-10-31,12.2,6.5
Heathrow,2019-11-01,16.2,7.4
Heathrow,2019-11-02,15.6,10.0
Heathrow,2019-11-03,12.4,6.0
Heathrow,2019-11-04,12.8,6.1
Heathrow,2019-11-05,13.0,6.4
Heathrow,2019-11-06,10.0,3.3
Heathrow,2019-11-07,11.2,5.3
Heathrow,2019-11-08,9.0,-0.3
Heathrow,2019-11-09,7.5,0.4
Heathrow,2019-11-10,11.1,4.7
Heathrow,2019-11-11,10.0,5.4
Heathrow,2019-11-12,9.0,3.2
Heathrow,2019-11-13,10.1,2.7
Heathrow,2019-11-14,9.8,3.8
Heathrow,2019-11-15,8.9,4.0
Heathrow,2019-11-16,8.2,4.7
Heathrow,2019-11-17,8.7,1.5
Heathrow,2019-11-18,9.5,3.2
Heathrow,2019-11-19,7.1,-2.1
Heathrow,2019-11-20,8.0,2.0
Heathrow,2019-11-21,5.6,2.1
Heathrow,2019-11-22,9.9,5.3
Heathrow,2019-11-23,10.8,8.0
Heathrow,2019-11-24,11.8,5.9
Heathrow,2019-11-25,11.7,8.9
Heathrow,2019-11-26,13.6,9.5
Heathrow,2019-11-27,12.1,9.2
Heathrow,2019-11-28,10.1,7.6
Heathrow,2019-11-29,7.9,2.8
Heathrow,2019-11-30,7.1,-0.8
Heathrow,2019-12-01,7.5,2.0
Heathrow,2019-12-02,7.6,-0.8
Heathrow,2019-12-03,10.0,1.3
Heathrow,2019-12-04,9.0,0.2
Heathrow,2019-12-05,10.1,-1.3
Heathrow,2019-12-06,13.8,9.3
Heathrow,2019-12-07,11.1,6.8
Heathrow,2019-12-08,11.9,6.5
Heathrow,2019-12-09,9.7,4.2
Heathrow,2019-12-10,11.9,-0.2
Heathrow,2019-12-11,9.3,3.2
Heathrow,2019-12-12,9.4,0.6
Heathrow,2019-12-13,8.6,6.5
Heathrow,2019-12-14,8.7,3.9
Heathrow,2019-12-15,10.3,4.8
Heathrow,2019-12-16,9.0,4.3
Heathrow,2019-12-17,7.8,6.0
Heathrow,2019-12-18,9.8,0.8
Heathrow,2019-12-19,13.6,9.7
Heathrow,2019-12-20,12.2,5.9
Heathrow,2019-12-21,10.7,4.2
Heathrow,2019-12-22,9.6,7.1
Heathrow,2019-12-23,10.9,5.2
Heathrow,2019-12-24,12.3,7.3
Heathrow,2019-12-25,9.8,2.4
Heathrow,2019-12-26,10.2,1.5
Heathrow,2019-12-27,9.3,6.6
Heathrow,2019-12-28,9.6,6.8
Heathrow,2019-12-29,9.9,5.5
Heathrow,2019-12-30,11.5,1.5
Heathrow,2019-12-31,9.3,4.9
Heathrow,2020-01-01,7.6,1.7
Heathrow,2020-01-02,11.0,6.6
Heathrow,2020-01-03,10.9,4.9
Heathrow,2020-01-04,9.0,2.2
Heathrow,2020-01-05,9.0,6.4
Heathrow,2020-01-06,8.9,6.6
Heathrow,2020-01-07,13.1,4.1
Heathrow,2020-01-08,12.9,10.1
Heathrow,2020-01-09,13.4,8.6
Heathrow,2020-01-10,9.0,5.0
Heathrow,2020-01-11,10.9,4.9
Heathrow,2020-01-12,11.7,6.8
Heathrow,2020-01-13,11.2,4.5
Heathrow,2020-01-14,13.3,7.2
Heathrow,2020-01-15,12.7,6.7
Heathrow,2020-01-16,12.7,5.2
Heathrow,2020-01-17,11.3,4.2
Heathrow,2020-01-18,7.9,0.9
Heathrow,2020-01-19,7.7,-0.9
Heathrow,2020-01-20,8.8,-0.3
Heathrow,2020-01-21,8.0,-2.1
Heathrow,2020-01-22,8.1,0.6
Heathrow,2020-01-23,8.1,6.7
Heathrow,2020-01-24,7.0,5.8
Heathrow,2020-01-25,6.9,5.6
Heathrow,2020-01-26,10.5,5.8
Heathrow,2020-01-27,9.6,5.3
Heathrow,2020-01-28,8.2,2.2
Heathrow,2020-01-29,9.7,2.3
Heathrow,2020-01-30,13.0,7.0
Heathrow,2020-01-31,12.8,8.6
Heathrow,2020-02-01,12.4,7.4
Heathrow,2020-02-02,13.3,6.3
Heathrow,2020-02-03,12.0,6.9
Heathrow,2020-02-04,9.4,3.9
Heathrow,2020-02-05,9.8,1.6
Heathrow,2020-02-06,9.5,-0.3
Heathrow,2020-02-07,9.3,0.4
Heathrow,2020-02-08,11.1,7.5
Heathrow,2020-02-09,13.2,8.0
Heathrow,2020-02-10,10.1,3.4
Heathrow,2020-02-11,8.4,3.7
Heathrow,2020-02-12,9.1,2.2
Heathrow,2020-02-13,10.4,5.5
Heathrow,2020-02-14,12.5,1.8
Heathrow,2020-02-15,12.9,9.8
Heathrow,2020-02-16,13.1,6.6
Heathrow,2020-02-17,11.4,5.3
Heathrow,2020-02-18,11.4,4.3
Heathrow,2020-02-19,9.5,2.4
Heathrow,2020-02-20,10.3,4.1
Heathrow,2020-02-21,10.9,3.7
Heathrow,2020-02-22,14.3,9.1
Heathrow,2020-02-23,15.1,7.9
Heathrow,2020-02-24,12.2,5.7
Heathrow,2020-02-25,9.7,3.6
Heathrow,2020-02-26,9.2,0.8
Heathrow,2020-02-27,8.2,1.5
Heathrow,2020-02-28,11.9,0.0
Heathrow,2020-02-29,11.3,4.2
Heathrow,2020-03-01,10.5,4.4
Heathrow,2020-03-02,10.1,3.8
Heathrow,2020-03-03,10.6,1.4
Heathrow,2020-03-04,8.3,-0.1
Heathrow,2020-03-05,6.1,5.2
Heathrow,2020-03-06,10.1,2.3
Heathrow,2020-03-07,13.3,1.6
Heathrow,2020-03-08,14.3,7.4
Heathrow,2020-03-09,11.0,4.5
Heathrow,2020-03-10,16.0,8.6
Heathrow,2020-03-11,15.4,7.9
Heathrow,2020-03-12,11.4,4.4
Heathrow,2020-03-13,13.0,5.4
Heathrow,2020-03-14,13.6,6.5
Heathrow,2020-03-15,12.2,6.9
Heathrow,2020-03-16,12.9,2.8
Heathrow,2020-03-17,13.6,4.4
Heathrow,2020-03-18,15.6,9.4
Heathrow,2020-03-19,11.0,6.0
Heathrow,2020-03-20,10.1,5.9
Heathrow,2020-03-21,10.9,3.8
Heathrow,2020-03-22,11.3,3.3
Heathrow,2020-03-23,13.9,1.8
Heathrow,2020-03-24,15.5,0.4
Heathrow,2020-03-25,14.2,0.1
Heathrow,2020-03-26,13.9,1.0
Heathrow,2020-03-27,13.9,1.4
Heathrow,2020-03-28,11.8,4.4
Heathrow,2020-03-29,8.1,3.4
Heathrow,2020-03-30,10.7,2.0
Heathrow,2020-03-31,11.3,2.5
Heathrow,2020-04-01,9.3,-0.9
Heathrow,2020-04-02,14.0,5.4
Heathrow,2020-04-03,14.2,6.8
Heathrow,2020-04-04,16.5,2.7
Heathrow,2020-04-05,21.7,5.9
Heathrow,2020-04-06,18.3,10.4
Heathrow,2020-04-07,20.0,4.5
Heathrow,2020-04-08,21.9,9.8
Heathrow,2020-04-09,23.2,8.5
Heathrow,2020-04-10,24.2,8.7
Heathrow,2020-04-11,25.0,9.0
Heathrow,2020-04-12,24.8,9.5
Heathrow,2020-04-13,16.9,6.0
Heathrow,2020-04-14,13.4,3.2
Heathrow,2020-04-15,19.1,2.5
Heathrow,2020-04-16,19.6,4.6
Heathrow,2020-04-17,14.7,9.0
Heathrow,2020-04-18,16.1,6.4
Heathrow,2020-04-19,18.5,6.2
Heathrow,2020-04-20,18.5,5.6
Heathrow,2020-04-21,18.8,8.2
Heathrow,2020-04-22,21.4,7.1
Heathrow,2020-04-23,24.1,6.6
Heathrow,2020-04-24,21.9,7.8
Heathrow,2020-04-25,16.8,6.8
Heathrow,2020-04-26,20.6,4.2
Heathrow,2020-04-27,18.6,7.0
Heathrow,2020-04-28,13.1,7.2
Heathrow,2020-04-29,14.2,7.2
Heathrow,2020-04-30,14.2,6.2
Heathrow,2020-05-01,15.5,7.4
Heathrow,2020-05-02,17.6,5.7
Heathrow,2020-05-03,15.2,8.6
Heathrow,2020-05-04,17.8,9.7
Heathrow,2020-05-05,15.4,7.9
Heathrow,2020-05-06,18.7,5.0
Heathrow,2020-05-07,23.1,5.9
Heathrow,2020-05-08,24.2,10.0
Heathrow,2020-05-09,24.9,10.5
Heathrow,2020-05-10,18.0,8.0
Heathrow,2020-05-11,12.6,4.7
Heathrow,2020-05-12,16.2,2.3
Heathrow,2020-05-13,13.3,6.1
Heathrow,2020-05-14,14.7,3.0
Heathrow,2020-05-15,19.6,3.1
Heathrow,2020-05-16,19.0,7.6
Heathrow,2020-05-17,21.1,7.7
Heathrow,2020-05-18,23.9,10.2
Heathrow,2020-05-19,26.0,11.6
Heathrow,2020-05-20,27.8,13.0
Heathrow,2020-05-21,27.4,13.0
Heathrow,2020-05-22,23.2,15.4
Heathrow,2020-05-23,19.9,11.2
Heathrow,2020-05-24,22.5,10.4
Heathrow,2020-05-25,26.1,10.1
Heathrow,2020-05-26,26.5,11.6
Heathrow,2020-05-27,26.3,13.7
Heathrow,2020-05-28,22.6,11.6
Heathrow,2020-05-29,24.3,11.0
Heathrow,2020-05-30,25.7,9.9
Heathrow,2020-05-31,25.3,12.4
Heathrow,2020-06-01,26.8,11.3
Heathrow,2020-06-02,25.4,12.3
Heathrow,2020-06-03,20.0,13.6
Heathrow,2020-06-04,16.6,10.5
Heathrow,2020-06-05,16.4,11.0
Heathrow,2020-06-06,14.5,7.2
Heathrow,2020-06-07,18.7,8.1
Heathrow,2020-06-08,16.6,10.4
Heathrow,2020-06-09,20.1,10.6
Heathrow,2020-06-10,16.4,11.3
Heathrow,2020-06-11,21.4,10.9
Heathrow,2020-06-12,21.4,13.7
Heathrow,2020-06-13,25.1,12.3
Heathrow,2020-06-14,22.9,12.9
Heathrow,2020-06-15,25.3,11.5
Heathrow,2020-06-16,24.9,13.5
Heathrow,2020-06-17,22.6,12.8
Heathrow,2020-06-18,19.1,13.8
Heathrow,2020-06-19,20.8,13.4
Heathrow,2020-06-20,23.0,11.8
Heathrow,2020-06-21,23.9,14.1
Heathrow,2020-06-22,23.9,10.3
Heathrow,2020-06-23,28.6,11.8
Heathrow,2020-06-24,32.6,16.7
Heathrow,2020-06-25,33.4,18.3
Heathrow,2020-06-26,31.0,17.3
Heathrow,2020-06-27,21.4,15.3
Heathrow,2020-06-28,22.0,12.3
Heathrow,2020-06-29,21.7,12.2
Heathrow,2020-06-30,19.5,12.8
Heathrow,2020-07-01,22.6,14.2
Heathrow,2020-07-02,22.5,11.9
Heathrow,2020-07-03,22.5,12.1
Heathrow,2020-07-04,21.4,14.5
Heathrow,2020-07-05,23.0,14.8
Heathrow,2020-07-06,20.5,11.4
Heathrow,2020-07-07,22.6,11.3
Heathrow,2020-07-08,20.4,13.3
Heathrow,2020-07-09,20.6,15.7
Heathrow,2020-07-10,19.7,12.3
Heathrow,2020-07-11,21.5,8.7
Heathrow,2020-07-12,25.2,9.9
Heathrow,2020-07-13,26.2,12.7
Heathrow,2020-07-14,23.1,15.2
Heathrow,2020-07-15,19.4,13.5
Heathrow,2020-07-16,24.1,16.0
Heathrow,2020-07-17,28.5,16.9
Heathrow,2020-07-18,26.3,15.0
Heathrow,2020-07-19,21.4,14.1
Heathrow,2020-07-20,22.6,10.5
Heathrow,2020-07-21,22.7,10.2
Heathrow,2020-07-22,26.3,13.6
Heathrow,2020-07-23,26.6,13.3
Heathrow,2020-07-24,25.6,16.1
Heathrow,2020-07-25,23.0,15.6
Heathrow,2020-07-26,23.7,12.5
Heathrow,2020-07-27,21.6,15.5
Heathrow,2020-07-28,21.6,12.4
Heathrow,2020-07-29,24.5,9.5
Heathrow,2020-07-30,29.7,12.9
Heathrow,2020-07-31,37.8,16.5
Heathrow,2020-08-01,27.7,15.7
Heathrow,2020-08-02,25.4,11.6
Heathrow,2020-08-03,23.5,13.8
Heathrow,2020-08-04,24.9,11.0
Heathrow,2020-08-05,26.8,15.6
Heathrow,2020-08-06,29.7,18.2
Heathrow,2020-08-07,36.4,15.9
Heathrow,2020-08-08,33.4,20.7
Heathrow,2020-08-09,33.8,17.3
Heathrow,2020-08-10,35.5,18.7
Heathrow,2020-08-11,35.7,21.2
Heathrow,2020-08-12,35.4,21.7
Heathrow,2020-08-13,28.4,19.3
Heathrow,2020-08-14,20.4,17.2
Heathrow,2020-08-15,19.6,16.5
Heathrow,2020-08-16,24.8,18.3
Heathrow,2020-08-17,25.1,15.0
Heathrow,2020-08-18,25.0,16.2
Heathrow,2020-08-19,20.1,14.8
Heathrow,2020-08-20,25.8,16.0
Heathrow,2020-08-21,23.9,17.5
Heathrow,2020-08-22,24.4,16.3
Heathrow,2020-08-23,23.6,14.7
Heathrow,2020-08-24,23.7,13.5
Heathrow,2020-08-25,22.4,15.5
Heathrow,2020-08-26,23.6,15.2
Heathrow,2020-08-27,18.3,12.9
Heathrow,2020-08-28,20.3,12.2
Heathrow,2020-08-29,16.3,11.2
Heathrow,2020-08-30,17.9,11.7
Heathrow,2020-08-31,18.4,8.1
Heathrow,2020-09-01,20.9,6.6
Heathrow,2020-09-02,20.4,9.1
Heathrow,2020-09-03,22.4,15.4
Heathrow,2020-09-04,20.8,12.4
Heathrow,2020-09-05,20.1,9.5
Heathrow,2020-09-06,20.5,10.1
Heathrow,2020-09-07,21.9,9.9
Heathrow,2020-09-08,25.7,16.1
Heathrow,2020-09-09,22.3,14.3
Heathrow,2020-09-10,20.3,9.1
Heathrow,2020-09-11,20.3,8.7
Heathrow,2020-09-12,22.7,12.3
Heathrow,2020-09-13,25.5,12.8
Heathrow,2020-09-14,29.5,11.3
Heathrow,2020-09-15,29.4,14.8
Heathrow,2020-09-16,26.5,17.5
Heathrow,2020-09-17,22.5,12.8
Heathrow,2020-09-18,21.9,9.7
Heathrow,2020-09-19,25.2,12.6
Heathrow,2020-09-20,25.2,13.7
Heathrow,2020-09-21,24.8,13.8
Heathrow,2020-09-22,25.7,12.2
Heathrow,2020-09-23,18.6,11.4
Heathrow,2020-09-24,16.8,7.4
Heathrow,2020-09-25,15.0,6.4
Heathrow,2020-09-26,13.6,6.6
Heathrow,2020-09-27,14.5,10.6
Heathrow,2020-09-28,18.2,7.7
Heathrow,2020-09-29,19.6,14.6
Heathrow,2020-09-30,18.0,9.9
Heathrow,2020-10-01,16.3,10.9
Heathrow,2020-10-02,13.2,9.8
Heathrow,2020-10-03,15.8,11.6
Heathrow,2020-10-04,11.8,8.8
Heathrow,2020-10-05,18.5,9.1
Heathrow,2020-10-06,17.4,10.8
Heathrow,2020-10-07,16.9,8.2
Heathrow,2020-10-08,17.2,10.8
Heathrow,2020-10-09,15.1,6.2
Heathrow,2020-10-10,14.0,4.8
Heathrow,2020-10-11,14.5,8.1
Heathrow,2020-10-12,13.5,6.2
Heathrow,2020-10-13,11.8,6.0
Heathrow,2020-10-14,14.8,8.0
Heathrow,2020-10-15,13.4,7.7
Heathrow,2020-10-16,14.2,7.2
Heathrow,2020-10-17,12.5,9.4
Heathrow,2020-10-18,12.9,5.9
Heathrow,2020-10-19,16.0,7.5
Heathrow,2020-10-20,18.8,12.0
Heathrow,2020-10-21,16.0,13.4
Heathrow,2020-10-22,16.9,11.5
Heathrow,2020-10-23,16.7,9.5
Heathrow,2020-10-24,16.2,7.9
Heathrow,2020-10-25,12.9,7.3
Heathrow,2020-10-26,13.4,6.4
Heathrow,2020-10-27,14.1,4.9
Heathrow,2020-10-28,13.8,7.9
Heathrow,2020-10-29,14.9,7.5
Heathrow,2020-10-30,16.2,14.3
Heathrow,2020-10-31,15.5,10.3
Heathrow,2020-11-01,17.2,10.2
Heathrow,2020-11-02,17.1,9.1
Heathrow,2020-11-03,11.4,5.9
Heathrow,2020-11-04,12.3,0.9
Heathrow,2020-11-05,10.8,1.4
Heathrow,2020-11-06,11.9,0.6
Heathrow,2020-11-07,15.3,4.1
Heathrow,2020-11-08,14.1,8.6
Heathrow,2020-11-09,16.3,9.3
Heathrow,2020-11-10,16.1,9.7
Heathrow,2020-11-11,13.9,6.1
Heathrow,2020-11-12,13.6,9.0
Heathrow,2020-11-13,12.8,9.2
Heathrow,2020-11-14,14.1,8.4
Heathrow,2020-11-15,13.6,7.3
Heathrow,2020-11-16,12.4,7.3
Heathrow,2020-11-17,14.6,11.6
Heathrow,2020-11-18,15.9,8.4
Heathrow,2020-11-19,10.6,4.5
Heathrow,2020-11-20,10.5,0.8
Heathrow,2020-11-21,12.5,9.9
Heathrow,2020-11-22,11.5,7.0
Heathrow,2020-11-23,10.4,1.9
Heathrow,2020-11-24,12.4,7.9
Heathrow,2020-11-25,13.7,6.6
Heathrow,2020-11-26,8.9,3.7
Heathrow,2020-11-27,6.4,-1.7
Heathrow,2020-11-28,10.0,5.1
Heathrow,2020-11-29,9.6,6.4
Heathrow,2020-11-30,10.5,4.1
Heathrow,2020-12-01,9.9,2.9
Heathrow,2020-12-02,6.9,2.1
Heathrow,2020-12-03,7.3,3.0
Heathrow,2020-12-04,5.7,3.0
Heathrow,2020-12-05,8.1,3.0
Heathrow,2020-12-06,5.2,0.9
Heathrow,2020-12-07,2.3,-0.4
Heathrow,2020-12-08,4.4,-0.6
Heathrow,2020-12-09,6.5,2.9
Heathrow,2020-12-10,7.4,4.5
Heathrow,2020-12-11,11.2,7.1
Heathrow,2020-12-12,9.8,3.1
Heathrow,2020-12-13,11.7,0.4
Heathrow,2020-12-14,12.6,8.6
Heathrow,2020-12-15,11.6,5.5
Heathrow,2020-12-16,10.6,6.6
Heathrow,2020-12-17,11.6,5.8
Heathrow,2020-12-18,12.1,10.2
Heathrow,2020-12-19,12.4,7.5
Heathrow,2020-12-20,10.5,5.9
Heathrow,2020-12-21,13.8,5.1
Heathrow,2020-12-22,13.9,9.9
Heathrow,2020-12-23,13.9,8.5
Heathrow,2020-12-24,8.7,2.5
Heathrow,2020-12-25,4.5,0.1
Heathrow,2020-12-26,10.7,-0.2
Heathrow,2020-12-27,10.7,1.1
Heathrow,2020-12-28,3.6,-1.6
Heathrow,2020-12-29,4.3,1.0
Heathrow,2020-12-30,5.5,-0.4
Heathrow,2020-12-31,1.4,-3.2
Heathrow,2021-01-01,3.9,-1.0
Heathrow,2021-01-02,5.2,1.5
Heathrow,2021-01-03,5.9,0.7
Heathrow,2021-01-04,5.4,2.6
Heathrow,2021-01-05,4.6,1.8
Heathrow,2021-01-06,6.1,1.8
Heathrow,2021-01-07,2.3,-2.1
Heathrow,2021-01-08,2.7,-1.7
Heathrow,2021-01-09,2.7,-1.7
Heathrow,2021-01-10,3.5,-2.1
Heathrow,2021-01-11,8.9,2.9
Heathrow,2021-01-12,9.4,3.0
Heathrow,2021-01-13,10.0,0.4
Heathrow,2021-01-14,9.7,2.7
Heathrow,2021-01-15,4.1,-0.8
Heathrow,2021-01-16,8.4,-0.8
Heathrow,2021-01-17,8.2,2.4
Heathrow,2021-01-18,8.1,0.7
Heathrow,2021-01-19,12.1,7.7
Heathrow,2021-01-20,10.6,8.9
Heathrow,2021-01-21,9.9,3.6
Heathrow,2021-01-22,8.2,-0.6
Heathrow,2021-01-23,4.8,-1.2
Heathrow,2021-01-24,1.5,-3.5
Heathrow,2021-01-25,5.1,-2.7
Heathrow,2021-01-26,5.8,-3.0
Heathrow,2021-01-27,9.9,5.7
Heathrow,2021-01-28,13.5,8.4
Heathrow,2021-01-29,11.5,7.9
Heathrow,2021-01-30,8.5,3.1
Heathrow,2021-01-31,4.1,0.1
Heathrow,2021-02-01,4.2,3.0
Heathrow,2021-02-02,13.5,3.4
Heathrow,2021-02-03,10.4,5.2
Heathrow,2021-02-04,9.1,1.4
Heathrow,2021-02-05,10.8,4.4
Heathrow,2021-02-06,8.3,3.9
Heathrow,2021-02-07,5.8,-0.4
Heathrow,2021-02-08,0.1,-1.9
Heathrow,2021-02-09,0.4,-1.5
Heathrow,2021-02-10,3.0,-2.0
Heathrow,2021-02-11,1.2,-3.8
Heathrow,2021-02-12,2.0,-1.7
Heathrow,2021-02-13,1.7,-4.2
Heathrow,2021-02-14,4.4,0.2
Heathrow,2021-02-15,13.2,3.5
Heathrow,2021-02-16,11.4,7.7
Heathrow,2021-02-17,11.0,7.2
Heathrow,2021-02-18,10.7,5.2
Heathrow,2021-02-19,10.9,4.1
Heathrow,2021-02-20,14.4,10.4
Heathrow,2021-02-21,14.2,8.8
Heathrow,2021-02-22,10.4,7.2
Heathrow,2021-02-23,14.4,4.6
Heathrow,2021-02-24,15.8,10.8
Heathrow,2021-02-25,12.6,7.9
Heathrow,2021-02-26,13.1,1.2
Heathrow,2021-02-27,13.2,0.3
Heathrow,2021-02-28,9.4,2.9
Heathrow,2021-03-01,10.2,3.6
Heathrow,2021-03-02,8.7,3.6
Heathrow,2021-03-03,9.0,3.3
Heathrow,2021-03-04,6.9,3.8
Heathrow,2021-03-05,6.0,1.3
Heathrow,2021-03-06,6.9,0.3
Heathrow,2021-03-07,7.1,0.3
Heathrow,2021-03-08,10.9,-1.0
Heathrow,2021-03-09,13.4,0.9
Heathrow,2021-03-10,10.3,5.7
Heathrow,2021-03-11,12.3,5.6
Heathrow,2021-03-12,11.1,4.5
Heathrow,2021-03-13,11.2,3.7
Heathrow,2021-03-14,10.2,3.6
Heathrow,2021-03-15,12.8,8.1
Heathrow,2021-03-16,14.6,6.9
Heathrow,2021-03-17,10.3,4.3
Heathrow,2021-03-18,10.3,3.3
Heathrow,2021-03-19,12.0,6.2
Heathrow,2021-03-20,10.8,2.9
Heathrow,2021-03-21,12.2,6.5
Heathrow,2021-03-22,14.4,3.8
Heathrow,2021-03-23,13.5,1.8
Heathrow,2021-03-24,14.0,2.2
Heathrow,2021-03-25,13.2,2.8
Heathrow,2021-03-26,12.6,4.6
Heathrow,2021-03-27,12.2,2.4
Heathrow,2021-03-28,12.7,8.4
Heathrow,2021-03-29,19.9,9.4
Heathrow,2021-03-30,23.8,3.0
Heathrow,2021-03-31,19.8,7.4
Heathrow,2021-04-01,15.1,7.4
Heathrow,2021-04-02,10.9,5.2
Heathrow,2021-04-03,9.8,5.3
Heathrow,2021-04-04,15.4,2.0
Heathrow,2021-04-05,10.1,3.2
Heathrow,2021-04-06,8.0,-0.4
Heathrow,2021-04-07,6.9,-2.4
Heathrow,2021-04-08,12.8,2.0
Heathrow,2021-04-09,14.3,4.6
Heathrow,2021-04-10,8.7,5.7
Heathrow,2021-04-11,9.8,1.0
Heathrow,2021-04-12,10.3,-1.4
Heathrow,2021-04-13,13.3,-0.9
Heathrow,2021-04-14,12.6,2.5
Heathrow,2021-04-15,11.5,1.0
Heathrow,2021-04-16,12.3,0.7
Heathrow,2021-04-17,13.8,-0.1
Heathrow,2021-04-18,15.7,1.1
Heathrow,2021-04-19,17.8,2.9
Heathrow,2021-04-20,18.6,4.4
Heathrow,2021-04-21,14.7,6.7
Heathrow,2021-04-22,14.6,2.4
Heathrow,2021-04-23,17.2,2.3
Heathrow,2021-04-24,17.1,3.7
Heathrow,2021-04-25,14.5,4.6
Heathrow,2021-04-26,13.9,4.2
Heathrow,2021-04-27,16.1,1.6
Heathrow,2021-04-28,12.5,6.5
Heathrow,2021-04-29,12.3,3.6
Heathrow,2021-04-30,12.7,4.0
Heathrow,2021-05-01,13.3,3.0
Heathrow,2021-05-02,15.3,4.4
Heathrow,2021-05-03,14.0,5.7
Heathrow,2021-05-04,15.1,6.9
Heathrow,2021-05-05,14.4,3.0
Heathrow,2021-05-06,12.8,1.6
Heathrow,2021-05-07,15.7,4.1
Heathrow,2021-05-08,16.0,6.5
Heathrow,2021-05-09,20.4,12.7
Heathrow,2021-05-10,17.1,10.2
Heathrow,2021-05-11,17.8,5.5
Heathrow,2021-05-12,17.5,8.9
Heathrow,2021-05-13,14.5,9.7
Heathrow,2021-05-14,13.4,8.1
Heathrow,2021-05-15,15.0,8.5
Heathrow,2021-05-16,15.0,7.5
Heathrow,2021-05-17,16.5,9.7
Heathrow,2021-05-18,17.1,5.5
Heathrow,2021-05-19,18.3,8.6
Heathrow,2021-05-20,14.1,6.5
Heathrow,2021-05-21,13.3,10.2
Heathrow,2021-05-22,14.9,9.1
Heathrow,2021-05-23,13.2,4.0
Heathrow,2021-05-24,14.1,6.8
Heathrow,2021-05-25,15.9,6.1
Heathrow,2021-05-26,17.7,5.3
Heathrow,2021-05-27,21.2,7.4
Heathrow,2021-05-28,19.7,10.1
Heathrow,2021-05-29,21.6,11.7
Heathrow,2021-05-30,21.5,8.6
Heathrow,2021-05-31,24.1,9.0
Heathrow,2021-06-01,25.7,10.8
Heathrow,2021-06-02,27.9,12.9
Heathrow,2021-06-03,23.8,16.8
Heathrow,2021-06-04,18.0,12.6
Heathrow,2021-06-05,23.5,9.8
Heathrow,2021-06-06,23.2,13.1
Heathrow,2021-06-07,23.3,13.7
Heathrow,2021-06-08,24.7,11.5
Heathrow,2021-06-09,26.3,11.4
Heathrow,2021-06-10,24.7,15.6
Heathrow,2021-06-11,25.6,16.4
Heathrow,2021-06-12,24.6,13.3
Heathrow,2021-06-13,28.0,14.5
Heathrow,2021-06-14,28.8,15.4
Heathrow,2021-06-15,26.6,14.8
Heathrow,2021-06-16,29.2,14.8
Heathrow,2021-06-17,21.4,17.4
Heathrow,2021-06-18,17.5,12.4
Heathrow,2021-06-19,16.4,11.9
Heathrow,2021-06-20,18.4,12.9
Heathrow,2021-06-21,14.9,11.9
Heathrow,2021-06-22,18.0,11.3
Heathrow,2021-06-23,22.3,8.0
Heathrow,2021-06-24,20.3,9.5
Heathrow,2021-06-25,23.0,13.6
Heathrow,2021-06-26,23.6,13.9
Heathrow,2021-06-27,20.5,15.2
Heathrow,2021-06-28,20.2,15.1
Heathrow,2021-06-29,19.5,13.9
Heathrow,2021-06-30,18.7,13.3
Heathrow,2021-07-01,22.4,12.5
Heathrow,2021-07-02,24.5,15.2
Heathrow,2021-07-03,22.4,16.2
Heathrow,2021-07-04,21.7,15.0
Heathrow,2021-07-05,21.7,13.7
Heathrow,2021-07-06,20.8,13.1
Heathrow,2021-07-07,21.3,13.1
Heathrow,2021-07-08,21.7,14.3
Heathrow,2021-07-09,24.7,15.2
Heathrow,2021-07-10,19.5,13.6
Heathrow,2021-07-11,21.5,11.6
Heathrow,2021-07-12,22.0,14.0
Heathrow,2021-07-13,22.5,14.9
Heathrow,2021-07-14,25.2,14.9
Heathrow,2021-07-15,22.1,14.1
Heathrow,2021-07-16,26.8,11.3
Heathrow,2021-07-17,28.4,15.4
Heathrow,2021-07-18,31.6,15.9
Heathrow,2021-07-19,31.4,18.1
Heathrow,2021-07-20,32.2,17.6
Heathrow,2021-07-21,30.4,17.7
Heathrow,2021-07-22,29.8,17.3
Heathrow,2021-07-23,25.5,15.6
Heathrow,2021-07-24,23.4,15.9
Heathrow,2021-07-25,21.5,16.8
Heathrow,2021-07-26,26.1,15.3
Heathrow,2021-07-27,22.1,16.5
Heathrow,2021-07-28,22.1,14.8
Heathrow,2021-07-29,23.3,12.0
Heathrow,2021-07-30,19.4,14.3
Heathrow,2021-07-31,21.7,12.9
Heathrow,2021-08-01,21.9,14.5
Heathrow,2021-08-02,20.8,12.7
Heathrow,2021-08-03,23.8,10.6
Heathrow,2021-08-04,23.9,11.7
Heathrow,2021-08-05,22.0,12.7
Heathrow,2021-08-06,23.8,15.1
Heathrow,2021-08-07,21.3,13.4
Heathrow,2021-08-08,20.7,13.5
Heathrow,2021-08-09,23.0,12.7
Heathrow,2021-08-10,24.1,12.3
Heathrow,2021-08-11,24.5,12.9
Heathrow,2021-08-12,22.5,15.8
Heathrow,2021-08-13,22.9,13.6
Heathrow,2021-08-14,25.3,14.2
Heathrow,2021-08-15,24.3,14.1
Heathrow,2021-08-16,18.8,12.3
Heathrow,2021-08-17,18.6,11.4
Heathrow,2021-08-18,24.1,15.3
Heathrow,2021-08-19,21.7,13.7
Heathrow,2021-08-20,21.6,13.5
Heathrow,2021-08-21,21.1,15.5
Heathrow,2021-08-22,23.1,15.2
Heathrow,2021-08-23,22.0,15.5
Heathrow,2021-08-24,24.0,12.4
Heathrow,2021-08-25,22.3,13.2
Heathrow,2021-08-26,18.7,15.9
Heathrow,2021-08-27,19.7,12.5
Heathrow,2021-08-28,20.9,11.3
Heathrow,2021-08-29,19.9,10.4
Heathrow,2021-08-30,17.1,13.8
Heathrow,2021-08-31,18.9,14.0
Heathrow,2021-09-01,18.7,14.0
Heathrow,2021-09-02,20.2,15.0
Heathrow,2021-09-03,22.4,13.6
Heathrow,2021-09-04,20.1,12.4
Heathrow,2021-09-05,26.4,14.1
Heathrow,2021-09-06,28.3,14.3
Heathrow,2021-09-07,30.2,15.6
Heathrow,2021-09-08,30.3,15.8
Heathrow,2021-09-09,23.9,16.8
Heathrow,2021-09-10,22.6,16.9
Heathrow,2021-09-11,24.0,15.4
Heathrow,2021-09-12,20.8,12.0
Heathrow,2021-09-13,21.8,14.1
Heathrow,2021-09-14,21.0,15.7
Heathrow,2021-09-15,22.3,15.0
Heathrow,2021-09-16,23.7,10.9
Heathrow,2021-09-17,22.1,13.1
Heathrow,2021-09-18,25.2,12.5
Heathrow,2021-09-19,18.4,14.4
Heathrow,2021-09-20,20.5,11.7
Heathrow,2021-09-21,22.2,9.9
Heathrow,2021-09-22,23.0,10.4
Heathrow,2021-09-23,24.3,11.8
Heathrow,2021-09-24,24.6,12.9
Heathrow,2021-09-25,18.4,14.8
Heathrow,2021-09-26,23.4,13.1
Heathrow,2021-09-27,19.1,12.3
Heathrow,2021-09-28,18.9,9.2
Heathrow,2021-09-29,16.7,8.4
Heathrow,2021-09-30,16.5,7.2
Heathrow,2021-10-01,18.6,10.6
Heathrow,2021-10-02,15.2,7.2
Heathrow,2021-10-03,18.0,10.2
Heathrow,2021-10-04,18.1,10.1
Heathrow,2021-10-05,15.4,10.8
Heathrow,2021-10-06,17.6,8.9
Heathrow,2021-10-07,18.1,11.8
Heathrow,2021-10-08,17.7,13.8
Heathrow,2021-10-09,19.1,7.6
Heathrow,2021-10-10,18.9,8.5
Heathrow,2021-10-11,16.1,7.8
Heathrow,2021-10-12,16.8,6.8
Heathrow,2021-10-13,16.2,7.3
Heathrow,2021-10-14,19.3,9.7
Heathrow,2021-10-15,15.0,10.9
Heathrow,2021-10-16,17.7,8.2
Heathrow,2021-10-17,17.9,8.8
Heathrow,2021-10-18,17.0,7.2
Heathrow,2021-10-19,20.9,16.1
Heathrow,2021-10-20,19.1,11.9
Heathrow,2021-10-21,12.4,7.0
Heathrow,2021-10-22,14.7,4.8
Heathrow,2021-10-23,13.9,9.5
Heathrow,2021-10-24,15.7,11.1
Heathrow,2021-10-25,17.7,9.7
Heathrow,2021-10-26,17.1,8.2
Heathrow,2021-10-27,17.6,14.0
Heathrow,2021-10-28,15.4,12.2
Heathrow,2021-10-29,15.6,9.3
Heathrow,2021-10-30,15.6,8.5
Heathrow,2021-10-31,15.8,6.1
Heathrow,2021-11-01,14.9,6.5
Heathrow,2021-11-02,13.1,1.7
Heathrow,2021-11-03,10.5,0.7
Heathrow,2021-11-04,10.1,5.5
Heathrow,2021-11-05,11.1,0.6
Heathrow,2021-11-06,13.2,8.2
Heathrow,2021-11-07,13.0,6.9
Heathrow,2021-11-08,12.1,3.5
Heathrow,2021-11-09,16.5,11.0
Heathrow,2021-11-10,13.6,8.5
Heathrow,2021-11-11,15.5,9.3
Heathrow,2021-11-12,15.2,6.3
Heathrow,2021-11-13,12.8,9.7
Heathrow,2021-11-14,13.1,10.0
Heathrow,2021-11-15,12.0,8.5
Heathrow,2021-11-16,11.4,2.0
Heathrow,2021-11-17,12.7,5.8
Heathrow,2021-11-18,13.8,3.9
Heathrow,2021-11-19,12.0,9.9
Heathrow,2021-11-20,11.2,8.5
Heathrow,2021-11-21,9.0,4.6
Heathrow,2021-11-22,10.0,3.5
Heathrow,2021-11-23,10.2,0.6
Heathrow,2021-11-24,7.4,2.3
Heathrow,2021-11-25,7.4,2.1
Heathrow,2021-11-26,9.4,1.5
Heathrow,2021-11-27,5.1,2.6
Heathrow,2021-11-28,4.3,-0.6
Heathrow,2021-11-29,4.2,-3.3
Heathrow,2021-11-30,12.0,2.8
Heathrow,2021-12-01,11.3,5.0
Heathrow,2021-12-02,5.2,-0.1
Heathrow,2021-12-03,9.5,0.6
Heathrow,2021-12-04,8.4,4.8
Heathrow,2021-12-05,6.7,4.2
Heathrow,2021-12-06,7.9,1.7
Heathrow,2021-12-07,8.2,1.2
Heathrow,2021-12-08,8.3,5.2
Heathrow,2021-12-09,9.1,3.3
Heathrow,2021-12-10,8.4,4.3
Heathrow,2021-12-11,9.9,1.3
Heathrow,2021-12-12,14.2,9.7
Heathrow,2021-12-13,11.9,9.3
Heathrow,2021-12-14,13.2,8.6
Heathrow,2021-12-15,13.1,9.2
Heathrow,2021-12-16,12.0,10.1
Heathrow,2021-12-17,10.8,7.1
Heathrow,2021-12-18,9.1,7.7
Heathrow,2021-12-19,7.8,3.0
Heathrow,2021-12-20,7.1,5.1
Heathrow,2021-12-21,6.3,0.2
Heathrow,2021-12-22,4.8,-1.9
Heathrow,2021-12-23,11.3,3.5
Heathrow,2021-12-24,10.5,5.4
Heathrow,2021-12-25,8.9,5.6
Heathrow,2021-12-26,9.7,5.4
Heathrow,2021-12-27,11.2,5.8
Heathrow,2021-12-28,11.8,8.7
Heathrow,2021-12-29,15.3,7.1
Heathrow,2021-12-30,15.0,12.4
Heathrow,2021-12-31,15.3,12.4
Heathrow,2022-01-01,15.7,12.3
Heathrow,2022-01-02,13.5,9.3
Heathrow,2022-01-03,10.8,8.7
Heathrow,2022-01-04,9.2,1.4
Heathrow,2022-01-05,6.6,1.0
Heathrow,2022-01-06,7.4,-3.5
Heathrow,2022-01-07,7.3,0.8
Heathrow,2022-01-08,10.5,-0.1
Heathrow,2022-01-09,8.9,1.8
Heathrow,2022-01-10,8.7,2.0
Heathrow,2022-01-11,10.4,8.2
Heathrow,2022-01-12,9.1,0.8
Heathrow,2022-01-13,9.6,-0.9
Heathrow,2022-01-14,9.5,-1.5
Heathrow,2022-01-15,5.8,-0.8
Heathrow,2022-01-16,9.5,3.7
Heathrow,2022-01-17,10.3,0.8
Heathrow,2022-01-18,7.5,-3.2
Heathrow,2022-01-19,9.4,4.7
Heathrow,2022-01-20,6.0,0.2
Heathrow,2022-01-21,5.0,-2.6
Heathrow,2022-01-22,6.1,0.8
Heathrow,2022-01-23,6.2,4.8
Heathrow,2022-01-24,5.8,3.6
Heathrow,2022-01-25,3.6,1.8
Heathrow,2022-01-26,8.7,2.3
Heathrow,2022-01-27,13.1,4.4
Heathrow,2022-01-28,10.5,0.1
Heathrow,2022-01-29,14.0,5.9
Heathrow,2022-01-30,8.9,0.8
Heathrow,2022-01-31,8.6,4.6
Heathrow,2022-02-01,14.8,3.9
Heathrow,2022-02-02,12.2,7.1
Heathrow,2022-02-03,10.1,7.1
Heathrow,2022-02-04,10.3,3.2
Heathrow,2022-02-05,11.0,2.0
Heathrow,2022-02-06,11.7,7.4
Heathrow,2022-02-07,10.8,1.5
Heathrow,2022-02-08,12.5,10.2
Heathrow,2022-02-09,14.4,7.6
Heathrow,2022-02-10,9.2,2.9
Heathrow,2022-02-11,9.4,-0.2
Heathrow,2022-02-12,8.8,-0.4
Heathrow,2022-02-13,9.9,6.5
Heathrow,2022-02-14,9.9,5.3
Heathrow,2022-02-15,9.9,2.2
Heathrow,2022-02-16,15.1,8.9
Heathrow,2022-02-17,12.8,7.7
Heathrow,2022-02-18,11.6,3.9
Heathrow,2022-02-19,10.5,2.4
Heathrow,2022-02-20,12.4,6.4
Heathrow,2022-02-21,11.7,4.2
Heathrow,2022-02-22,13.6,4.4
Heathrow,2022-02-23,10.7,1.7
Heathrow,2022-02-24,9.2,3.2
Heathrow,2022-02-25,11.5,2.7
Heathrow,2022-02-26,10.9,-1.1
Heathrow,2022-02-27,11.2,1.2
Heathrow,2022-02-28,12.4,3.0
Heathrow,2022-03-01,9.9,7.3
Heathrow,2022-03-02,7.8,6.2
Heathrow,2022-03-03,12.4,4.4
Heathrow,2022-03-04,9.5,6.7
Heathrow,2022-03-05,7.4,5.1
Heathrow,2022-03-06,8.1,3.6
Heathrow,2022-03-07,7.8,2.6
Heathrow,2022-03-08,12.9,-0.7
Heathrow,2022-03-09,13.2,6.5
Heathrow,2022-03-10,16.0,6.4
Heathrow,2022-03-11,12.5,8.3
Heathrow,2022-03-12,13.0,7.1
Heathrow,2022-03-13,11.6,8.0
Heathrow,2022-03-14,13.3,3.4
Heathrow,2022-03-15,16.0,4.5
Heathrow,2022-03-16,10.8,7.0
Heathrow,2022-03-17,14.2,1.7
Heathrow,2022-03-18,16.1,2.3
Heathrow,2022-03-19,14.1,7.4
Heathrow,2022-03-20,12.1,3.7
Heathrow,2022-03-21,17.3,0.3
Heathrow,2022-03-22,19.9,8.3
Heathrow,2022-03-23,19.8,5.1
Heathrow,2022-03-24,19.0,3.8
Heathrow,2022-03-25,17.7,4.7
Heathrow,2022-03-26,18.3,5.1
Heathrow,2022-03-27,13.2,5.5
Heathrow,2022-03-28,16.8,3.4
Heathrow,2022-03-29,12.2,7.7
Heathrow,2022-03-30,11.2,4.4
Heathrow,2022-03-31,7.9,1.3
Heathrow,2022-04-01,9.2,1.1
Heathrow,2022-04-02,9.9,0.0
Heathrow,2022-04-03,10.9,-1.2
Heathrow,2022-04-04,14.7,5.1
Heathrow,2022-04-05,14.9,10.3
Heathrow,2022-04-06,16.0,9.1
Heathrow,2022-04-07,14.0,6.9
Heathrow,2022-04-08,11.7,2.5
Heathrow,2022-04-09,12.6,0.9
Heathrow,2022-04-10,13.4,1.0
Heathrow,2022-04-11,18.8,4.4
Heathrow,2022-04-12,18.6,9.2
Heathrow,2022-04-13,20.0,10.1
Heathrow,2022-04-14,19.8,6.8
Heathrow,2022-04-15,23.1,7.5
Heathrow,2022-04-16,19.8,8.0
Heathrow,2022-04-17,19.8,7.1
Heathrow,2022-04-18,17.8,7.5
Heathrow,2022-04-19,16.4,6.7
Heathrow,2022-04-20,19.1,6.9
Heathrow,2022-04-21,19.2,6.9
Heathrow,2022-04-22,17.2,8.2
Heathrow,2022-04-23,18.0,9.2
Heathrow,2022-04-24,18.9,7.7
Heathrow,2022-04-25,14.5,6.3
Heathrow,2022-04-26,16.6,4.4
Heathrow,2022-04-27,11.7,5.5
Heathrow,2022-04-28,14.9,6.0
Heathrow,2022-04-29,11.4,5.7
Heathrow,2022-04-30,18.4,3.2
Heathrow,2022-05-01,14.6,10.0
Heathrow,2022-05-02,17.1,9.0
Heathrow,2022-05-03,16.1,10.6
Heathrow,2022-05-04,20.0,10.5
Heathrow,2022-05-05,19.9,7.5
Heathrow,2022-05-06,23.3,9.2
Heathrow,2022-05-07,20.3,12.4
Heathrow,2022-05-08,20.6,9.6
Heathrow,2022-05-09,23.4,6.0
Heathrow,2022-05-10,20.9,13.4
Heathrow,2022-05-11,16.1,11.7
Heathrow,2022-05-12,18.9,7.0
Heathrow,2022-05-13,21.4,10.1
Heathrow,2022-05-14,23.4,7.8
Heathrow,2022-05-15,18.9,12.9
Heathrow,2022-05-16,23.1,12.2
Heathrow,2022-05-17,27.5,10.9
Heathrow,2022-05-18,23.1,11.1
Heathrow,2022-05-19,22.4,13.9
Heathrow,2022-05-20,19.0,12.0
Heathrow,2022-05-21,22.0,9.5
Heathrow,2022-05-22,23.8,9.3
Heathrow,2022-05-23,20.7,11.3
Heathrow,2022-05-24,19.8,9.8
Heathrow,2022-05-25,19.1,9.1
Heathrow,2022-05-26,21.8,10.5
Heathrow,2022-05-27,20.8,13.0
Heathrow,2022-05-28,19.1,8.6
Heathrow,2022-05-29,17.0,7.9
Heathrow,2022-05-30,16.1,5.6
Heathrow,2022-05-31,16.4,8.6
Heathrow,2022-06-01,18.7,8.0
Heathrow,2022-06-02,22.3,8.1
Heathrow,2022-06-03,23.3,11.2
Heathrow,2022-06-04,21.6,12.1
Heathrow,2022-06-05,15.4,11.0
Heathrow,2022-06-06,18.2,11.8
Heathrow,2022-06-07,22.4,9.6
Heathrow,2022-06-08,23.5,14.1
Heathrow,2022-06-09,21.0,11.0
Heathrow,2022-06-10,24.5,15.3
Heathrow,2022-06-11,23.8,11.5
Heathrow,2022-06-12,22.9,10.7
Heathrow,2022-06-13,21.7,9.6
Heathrow,2022-06-14,24.9,9.8
Heathrow,2022-06-15,27.9,11.3
Heathrow,2022-06-16,29.4,13.8
Heathrow,2022-06-17,32.7,15.3
Heathrow,2022-06-18,25.2,12.6
Heathrow,2022-06-19,19.7,9.7
Heathrow,2022-06-20,22.5,11.4
Heathrow,2022-06-21,26.2,10.6
Heathrow,2022-06-22,27.9,12.5
Heathrow,2022-06-23,26.7,13.9
Heathrow,2022-06-24,22.5,14.5
Heathrow,2022-06-25,22.3,12.4
Heathrow,2022-06-26,22.8,11.0
Heathrow,2022-06-27,21.0,11.7
Heathrow,2022-06-28,23.2,11.2
Heathrow,2022-06-29,22.0,14.3
Heathrow,2022-06-30,20.7,13.3
Heathrow,2022-07-01,22.1,12.4
Heathrow,2022-07-02,23.8,11.8
Heathrow,2022-07-03,24.2,10.6
Heathrow,2022-07-04,23.3,11.3
Heathrow,2022-07-05,22.3,10.8
Heathrow,2022-07-06,25.3,12.5
Heathrow,2022-07-07,25.2,16.5
Heathrow,2022-07-08,28.7,13.8
Heathrow,2022-07-09,27.5,15.5
Heathrow,2022-07-10,29.7,14.6
Heathrow,2022-07-11,31.8,16.5
Heathrow,2022-07-12,31.3,19.7
Heathrow,2022-07-13,28.7,20.9
Heathrow,2022-07-14,25.3,15.0
Heathrow,2022-07-15,27.2,13.2
Heathrow,2022-07-16,29.1,14.0
Heathrow,2022-07-17,30.8,15.5
Heathrow,2022-07-18,37.1,17.7
Heathrow,2022-07-19,40.2,21.7
Heathrow,2022-07-20,27.2,19.0
Heathrow,2022-07-21,24.2,15.8
Heathrow,2022-07-22,23.0,17.1
Heathrow,2022-07-23,27.9,15.6
Heathrow,2022-07-24,29.0,17.9
Heathrow,2022-07-25,24.9,17.8
Heathrow,2022-07-26,22.8,15.0
Heathrow,2022-07-27,22.1,13.7
Heathrow,2022-07-28,25.2,15.5
Heathrow,2022-07-29,28.4,14.4
Heathrow,2022-07-30,27.0,15.9
Heathrow,2022-07-31,27.6,19.8
Heathrow,2022-08-01,27.8,18.1
Heathrow,2022-08-02,26.9,18.3
Heathrow,2022-08-03,27.2,17.8
Heathrow,2022-08-04,25.5,15.8
Heathrow,2022-08-05,23.3,14.3
Heathrow,2022-08-06,24.8,10.5
Heathrow,2022-08-07,27.6,12.6
Heathrow,2022-08-08,29.7,15.8
Heathrow,2022-08-09,29.1,15.6
Heathrow,2022-08-10,30.9,15.0
Heathrow,2022-08-11,33.3,15.7
Heathrow,2022-08-12,33.9,17.6
Heathrow,2022-08-13,34.2,18.2
Heathrow,2022-08-14,33.1,18.2
Heathrow,2022-08-15,29.5,18.1
Heathrow,2022-08-16,24.0,18.3
Heathrow,2022-08-17,24.4,16.7
Heathrow,2022-08-18,27.8,17.5
Heathrow,2022-08-19,25.2,18.6
Heathrow,2022-08-20,26.0,13.3
Heathrow,2022-08-21,25.4,14.4
Heathrow,2022-08-22,23.4,14.0
Heathrow,2022-08-23,26.5,17.8
Heathrow,2022-08-24,29.1,20.0
Heathrow,2022-08-25,23.2,17.2
Heathrow,2022-08-26,25.2,11.3
Heathrow,2022-08-27,25.3,15.6
Heathrow,2022-08-28,24.4,13.8
Heathrow,2022-08-29,23.3,15.6
Heathrow,2022-08-30,24.4,13.5
Heathrow,2022-08-31,24.7,13.8
Heathrow,2022-09-01,23.7,15.2
Heathrow,2022-09-02,24.2,16.3
Heathrow,2022-09-03,23.7,15.0
Heathrow,2022-09-04,24.6,15.8
Heathrow,2022-09-05,22.8,14.5
Heathrow,2022-09-06,22.2,14.9
Heathrow,2022-09-07,21.3,14.0
Heathrow,2022-09-08,20.1,13.0
Heathrow,2022-09-09,22.1,14.7
Heathrow,2022-09-10,22.5,12.4
Heathrow,2022-09-11,23.4,12.4
Heathrow,2022-09-12,26.2,14.8
Heathrow,2022-09-13,21.2,15.9
Heathrow,2022-09-14,22.0,14.4
Heathrow,2022-09-15,19.1,12.6
Heathrow,2022-09-16,17.7,10.4
Heathrow,2022-09-17,17.6,6.0
Heathrow,2022-09-18,18.0,7.7
Heathrow,2022-09-19,18.6,11.6
Heathrow,2022-09-20,19.8,8.8
Heathrow,2022-09-21,21.2,13.6
Heathrow,2022-09-22,20.7,9.6
Heathrow,2022-09-23,18.9,14.4
Heathrow,2022-09-24,18.9,9.0
Heathrow,2022-09-25,16.7,8.9
Heathrow,2022-09-26,15.7,11.1
Heathrow,2022-09-27,15.0,8.6
Heathrow,2022-09-28,15.6,5.2
Heathrow,2022-09-29,16.9,5.9
Heathrow,2022-09-30,16.7,7.4
Heathrow,2022-10-01,19.4,11.8
Heathrow,2022-10-02,18.6,12.1
Heathrow,2022-10-03,18.4,7.0
Heathrow,2022-10-04,18.3,13.3
Heathrow,2022-10-05,18.8,11.7
Heathrow,2022-10-06,19.2,7.7
Heathrow,2022-10-07,19.5,12.2
Heathrow,2022-10-08,17.2,6.7
Heathrow,2022-10-09,18.3,5.6
Heathrow,2022-10-10,16.1,9.2
Heathrow,2022-10-11,16.5,4.4
Heathrow,2022-10-12,17.8,5.0
Heathrow,2022-10-13,17.8,11.3
Heathrow,2022-10-14,16.3,9.3
Heathrow,2022-10-15,17.8,7.7
Heathrow,2022-10-16,16.7,10.4
Heathrow,2022-10-17,19.3,12.8
Heathrow,2022-10-18,18.0,6.0
Heathrow,2022-10-19,17.2,11.3
Heathrow,2022-10-20,16.7,11.8
Heathrow,2022-10-21,18.2,9.5
Heathrow,2022-10-22,18.6,12.2
Heathrow,2022-10-23,19.4,12.7
Heathrow,2022-10-24,18.7,11.9
Heathrow,2022-10-25,17.8,10.6
Heathrow,2022-10-26,19.1,14.2
Heathrow,2022-10-27,20.8,11.9
Heathrow,2022-10-28,18.9,11.9
Heathrow,2022-10-29,21.8,10.6
Heathrow,2022-10-30,17.2,12.9
Heathrow,2022-10-31,17.5,9.8
Heathrow,2022-11-01,16.1,10.0
Heathrow,2022-11-02,15.2,8.0
Heathrow,2022-11-03,14.3,7.4
Heathrow,2022-11-04,12.8,6.4
Heathrow,2022-11-05,13.5,5.7
Heathrow,2022-11-06,14.1,10.1
Heathrow,2022-11-07,15.0,9.5
Heathrow,2022-11-08,15.3,10.9
Heathrow,2022-11-09,15.0,10.2
Heathrow,2022-11-10,15.1,9.3
Heathrow,2022-11-11,16.5,12.0
Heathrow,2022-11-12,16.9,8.8
Heathrow,2022-11-13,14.4,9.4
Heathrow,2022-11-14,14.0,7.4
Heathrow,2022-11-15,14.7,8.2
Heathrow,2022-11-16,12.7,7.1
Heathrow,2022-11-17,11.9,8.6
Heathrow,2022-11-18,12.7,7.1
Heathrow,2022-11-19,10.8,6.4
Heathrow,2022-11-20,11.4,4.0
Heathrow,2022-11-21,9.2,3.7
Heathrow,2022-11-22,10.8,5.0
Heathrow,2022-11-23,12.6,2.6
Heathrow,2022-11-24,13.2,5.9
Heathrow,2022-11-25,12.5,7.2
Heathrow,2022-11-26,12.4,7.5
Heathrow,2022-11-27,13.4,10.3
Heathrow,2022-11-28,11.9,4.4
Heathrow,2022-11-29,7.1,4.3
Heathrow,2022-11-30,9.9,4.0
Heathrow,2022-12-01,7.2,3.7
Heathrow,2022-12-02,7.6,3.9
Heathrow,2022-12-03,7.7,5.1
Heathrow,2022-12-04,5.7,3.9
Heathrow,2022-12-05,8.3,3.8
Heathrow,2022-12-06,7.3,2.9
Heathrow,2022-12-07,6.4,0.5
Heathrow,2022-12-08,4.0,-3.2
Heathrow,2022-12-09,3.7,-3.7
Heathrow,2022-12-10,5.0,-4.3
Heathrow,2022-12-11,0.4,-3.8
Heathrow,2022-12-12,1.4,-0.4
Heathrow,2022-12-13,1.7,-1.9
Heathrow,2022-12-14,1.3,-2.1
Heathrow,2022-12-15,2.2,-5.9
Heathrow,2022-12-16,3.2,-4.7
Heathrow,2022-12-17,5.0,-5.4
Heathrow,2022-12-18,8.9,-3.9
Heathrow,2022-12-19,13.3,8.9
Heathrow,2022-12-20,13.3,6.5
Heathrow,2022-12-21,12.2,4.3
Heathrow,2022-12-22,12.0,5.8
Heathrow,2022-12-23,13.9,7.8
Heathrow,2022-12-24,10.8,6.6
Heathrow,2022-12-25,11.8,8.9
Heathrow,2022-12-26,10.4,3.4
Heathrow,2022-12-27,10.9,1.9
Heathrow,2022-12-28,12.0,8.7
Heathrow,2022-12-29,10.5,6.0
Heathrow,2022-12-30,13.7,4.5
Heathrow,2022-12-31,14.1,10.3
Kew Gardens,2016-01-01,8.6,-0.3
Kew Gardens,2016-01-02,10.8,7.9
Kew Gardens,2016-01-03,10.1,3.5
Kew Gardens,2016-01-04,10.9,3.0
Kew Gardens,2016-01-05,10.4,3.0
Kew Gardens,2016-01-06,7.5,3.9
Kew Gardens,2016-01-07,9.9,3.8
Kew Gardens,2016-01-08,9.7,-1.1
Kew Gardens,2016-01-09,11.2,5.2
Kew Gardens,2016-01-10,9.1,3.8
Kew Gardens,2016-01-11,7.3,3.6
Kew Gardens,2016-01-12,7.3,2.8
Kew Gardens,2016-01-13,7.6,2.6
Kew Gardens,2016-01-14,5.8,1.6
Kew Gardens,2016-01-15,6.1,-0.3
Kew Gardens,2016-01-16,5.5,-2.3
Kew Gardens,2016-01-17,4.2,0.5
Kew Gardens,2016-01-18,5.7,-1.5
Kew Gardens,2016-01-19,6.6,-4.3
Kew Gardens,2016-01-20,8.2,-5.6
Kew Gardens,2016-01-21,8.5,-3.3
Kew Gardens,2016-01-22,10.3,3.1
Kew Gardens,2016-01-23,10.9,1.4
Kew Gardens,2016-01-24,15.4,8.2
Kew Gardens,2016-01-25,13.6,9.2
Kew Gardens,2016-01-26,11.4,3.7
Kew Gardens,2016-01-27,13.3,9.2
Kew Gardens,2016-01-28,10.3,0.2
Kew Gardens,2016-01-29,12.0,8.3
Kew Gardens,2016-01-30,11.4,4.7
Kew Gardens,2016-01-31,13.5,3.2
Kew Gardens,2016-02-01,14.0,11.2
Kew Gardens,2016-02-02,11.2,5.7
Kew Gardens,2016-02-03,9.3,2.1
Kew Gardens,2016-02-04,14.2,2.5
Kew Gardens,2016-02-05,11.4,9.0
Kew Gardens,2016-02-06,12.4,9.1
Kew Gardens,2016-02-07,10.5,4.3
Kew Gardens,2016-02-08,9.7,6.9
Kew Gardens,2016-02-09,8.2,3.0
Kew Gardens,2016-02-10,9.4,0.2
Kew Gardens,2016-02-11,9.3,-2.6
Kew Gardens,2016-02-12,5.9,-0.6
Kew Gardens,2016-02-13,5.2,1.7
Kew Gardens,2016-02-14,7.0,2.4
Kew Gardens,2016-02-15,6.9,0.4
Kew Gardens,2016-02-16,8.7,-4.2
Kew Gardens,2016-02-17,7.1,-0.5
Kew Gardens,2016-02-18,9.0,-1.1
Kew Gardens,2016-02-19,10.5,-3.3
Kew Gardens,2016-02-20,12.5,7.9
Kew Gardens,2016-02-21,14.8,11.0
Kew Gardens,2016-02-22,12.5,6.1
Kew Gardens,2016-02-23,9.4,0.9
Kew Gardens,2016-02-24,8.7,-3.2
Kew Gardens,2016-02-25,6.8,-3.5
Kew Gardens,2016-02-26,9.6,-2.8
Kew Gardens,2016-02-27,6.1,3.1
Kew Gardens,2016-02-28,8.0,2.8
Kew Gardens,2016-02-29,10.0,0.9
Kew Gardens,2016-03-01,13.4,4.3
Kew Gardens,2016-03-02,9.7,3.3
Kew Gardens,2016-03-03,10.0,3.2
Kew Gardens,2016-03-04,9.7,0.7
Kew Gardens,2016-03-05,6.8,-2.7
Kew Gardens,2016-03-06,6.6,0.5
Kew Gardens,2016-03-07,8.1,0.0
Kew Gardens,2016-03-08,9.0,-3.5
Kew Gardens,2016-03-09,11.0,6.5
Kew Gardens,2016-03-10,9.0,4.0
Kew Gardens,2016-03-11,11.8,-1.9
Kew Gardens,2016-03-12,12.4,1.3
Kew Gardens,2016-03-13,10.8,0.9
Kew Gardens,2016-03-14,11.6,3.8
Kew Gardens,2016-03-15,8.9,2.0
Kew Gardens,2016-03-16,9.7,6.0
Kew Gardens,2016-03-17,12.0,2.2
Kew Gardens,2016-03-18,7.5,-0.6
Kew Gardens,2016-03-19,9.0,5.8
Kew Gardens,2016-03-20,11.0,4.9
Kew Gardens,2016-03-21,12.5,5.3
Kew Gardens,2016-03-22,14.3,-1.0
Kew Gardens,2016-03-23,10.2,5.9
Kew Gardens,2016-03-24,11.8,4.1
Kew Gardens,2016-03-25,15.3,7.6
Kew Gardens,2016-03-26,13.4,5.5
Kew Gardens,2016-03-27,11.5,5.5
Kew Gardens,2016-03-28,12.7,3.8
Kew Gardens,2016-03-29,12.9,4.1
Kew Gardens,2016-03-30,13.2,2.5
Kew Gardens,2016-03-31,12.8,3.2
Kew Gardens,2016-04-01,12.9,-0.9
Kew Gardens,2016-04-02,15.4,7.7
Kew Gardens,2016-04-03,16.4,6.8
Kew Gardens,2016-04-04,14.3,7.4
Kew Gardens,2016-04-05,15.8,6.0
Kew Gardens,2016-04-06,13.3,4.8
Kew Gardens,2016-04-07,12.4,4.0
Kew Gardens,2016-04-08,13.7,2.5
Kew Gardens,2016-04-09,12.4,3.4
Kew Gardens,2016-04-10,13.7,-0.6
Kew Gardens,2016-04-11,14.6,7.7
Kew Gardens,2016-04-12,17.7,7.0
Kew Gardens,2016-04-13,17.8,1.8
Kew Gardens,2016-04-14,17.2,4.6
Kew Gardens,2016-04-15,13.7,8.6
Kew Gardens,2016-04-16,9.4,4.2
Kew Gardens,2016-04-17,12.5,-1.3
Kew Gardens,2016-04-18,13.0,0.8
Kew Gardens,2016-04-19,15.8,8.2
Kew Gardens,2016-04-20,15.3,2.9
Kew Gardens,2016-04-21,16.8,6.2
Kew Gardens,2016-04-22,11.1,6.5
Kew Gardens,2016-04-23,10.7,3.6
Kew Gardens,2016-04-24,9.6,2.4
Kew Gardens,2016-04-25,12.1,3.7
Kew Gardens,2016-04-26,10.8,0.8
Kew Gardens,2016-04-27,12.5,-0.5
Kew Gardens,2016-04-28,12.5,-0.7
Kew Gardens,2016-04-29,11.9,4.9
Kew Gardens,2016-04-30,13.4,-0.5
Kew Gardens,2016-05-01,17.1,-0.4
Kew Gardens,2016-05-02,17.9,9.9
Kew Gardens,2016-05-03,15.7,2.5
Kew Gardens,2016-05-04,18.0,1.9
Kew Gardens,2016-05-05,21.1,2.9
Kew Gardens,2016-05-06,23.8,5.6
Kew Gardens,2016-05-07,23.8,11.0
Kew Gardens,2016-05-08,26.8,11.2
Kew Gardens,2016-05-09,25.1,13.1
Kew Gardens,2016-05-10,16.9,15.1
Kew Gardens,2016-05-11,20.0,14.7
Kew Gardens,2016-05-12,23.7,11.5
Kew Gardens,2016-05-13,17.4,9.4
Kew Gardens,2016-05-14,13.8,7.6
Kew Gardens,2016-05-15,17.1,2.5
Kew Gardens,2016-05-16,18.4,6.2
Kew Gardens,2016-05-17,17.7,6.0
Kew Gardens,2016-05-18,14.6,11.0
Kew Gardens,2016-05-19,19.0,10.2
Kew Gardens,2016-05-20,19.2,12.9
Kew Gardens,2016-05-21,18.1,12.8
Kew Gardens,2016-05-22,19.3,10.3
Kew Gardens,2016-05-23,20.0,9.2
Kew Gardens,2016-05-24,17.0,7.5
Kew Gardens,2016-05-25,12.3,9.0
Kew Gardens,2016-05-26,21.4,5.4
Kew Gardens,2016-05-27,21.1,10.7
Kew Gardens,2016-05-28,20.1,10.6
Kew Gardens,2016-05-29,18.8,9.1
Kew Gardens,2016-05-30,17.4,11.8
Kew Gardens,2016-05-31,15.1,11.1
Kew Gardens,2016-06-01,13.5,12.2
Kew Gardens,2016-06-02,12.9,10.2
Kew Gardens,2016-06-03,13.7,9.0
Kew Gardens,2016-06-04,18.6,11.9
Kew Gardens,2016-06-05,24.0,11.6
Kew Gardens,2016-06-06,24.1,10.5
Kew Gardens,2016-06-07,24.1,9.9
Kew Gardens,2016-06-08,25.6,14.3
Kew Gardens,2016-06-09,23.0,13.0
Kew Gardens,2016-06-10,24.5,12.1
Kew Gardens,2016-06-11,23.4,14.5
Kew Gardens,2016-06-12,20.6,13.7
Kew Gardens,2016-06-13,19.4,13.7
Kew Gardens,2016-06-14,19.0,13.1
Kew Gardens,2016-06-15,19.7,9.8
Kew Gardens,2016-06-16,19.5,11.6
Kew Gardens,2016-06-17,20.4,11.7
Kew Gardens,2016-06-18,16.7,11.6
Kew Gardens,2016-06-19,20.9,10.7
Kew Gardens,2016-06-20,22.3,15.0
Kew Gardens,2016-06-21,20.8,13.8
Kew Gardens,2016-06-22,22.2,13.8
Kew Gardens,2016-06-23,21.4,18.0
Kew Gardens,2016-06-24,22.2,11.1
Kew Gardens,2016-06-25,20.0,10.8
Kew Gardens,2016-06-26,21.0,11.1
Kew Gardens,2016-06-27,21.9,14.3
Kew Gardens,2016-06-28,21.1,9.0
Kew Gardens,2016-06-29,17.4,10.9
Kew Gardens,2016-06-30,20.6,13.3
Kew Gardens,2016-07-01,19.6,12.3
Kew Gardens,2016-07-02,20.1,9.9
Kew Gardens,2016-07-03,20.9,8.4
Kew Gardens,2016-07-04,21.2,9.2
Kew Gardens,2016-07-05,21.6,14.5
Kew Gardens,2016-07-06,22.5,8.8
Kew Gardens,2016-07-07,23.1,13.0
Kew Gardens,2016-07-08,22.8,14.7
Kew Gardens,2016-07-09,22.7,13.8
Kew Gardens,2016-07-10,22.3,17.1
Kew Gardens,2016-07-11,21.3,15.5
Kew Gardens,2016-07-12,18.7,11.3
Kew Gardens,2016-07-13,19.3,12.6
Kew Gardens,2016-07-14,21.4,12.1
Kew Gardens,2016-07-15,19.5,9.3
Kew Gardens,2016-07-16,25.8,17.2
Kew Gardens,2016-07-17,27.1,18.3
Kew Gardens,2016-07-18,30.0,13.4
Kew Gardens,2016-07-19,32.5,14.1
Kew Gardens,2016-07-20,30.2,20.5
Kew Gardens,2016-07-21,25.0,14.1
Kew Gardens,2016-07-22,24.4,17.2
Kew Gardens,2016-07-23,27.8,13.3
Kew Gardens,2016-07-24,24.4,12.7
Kew Gardens,2016-07-25,23.9,13.9
Kew Gardens,2016-07-26,22.5,12.1
Kew Gardens,2016-07-27,24.3,16.6
Kew Gardens,2016-07-28,21.7,13.5
Kew Gardens,2016-07-29,22.8,16.1
Kew Gardens,2016-07-30,21.8,14.4
Kew Gardens,2016-07-31,21.5,12.6
Kew Gardens,2016-08-01,18.9,11.0
Kew Gardens,2016-08-02,21.1,13.9
Kew Gardens,2016-08-03,23.6,17.0
Kew Gardens,2016-08-04,22.4,14.9
Kew Gardens,2016-08-05,24.4,11.4
Kew Gardens,2016-08-06,25.8,12.1
Kew Gardens,2016-08-07,26.1,16.5
Kew Gardens,2016-08-08,22.0,14.4
Kew Gardens,2016-08-09,20.3,8.7
Kew Gardens,2016-08-10,20.6,9.9
Kew Gardens,2016-08-11,23.1,13.7
Kew Gardens,2016-08-12,27.1,12.8
Kew Gardens,2016-08-13,25.2,14.0
Kew Gardens,2016-08-14,23.5,16.1
Kew Gardens,2016-08-15,24.0,9.8
Kew Gardens,2016-08-16,24.6,11.2
Kew Gardens,2016-08-17,26.3,12.9
Kew Gardens,2016-08-18,26.2,14.9
Kew Gardens,2016-08-19,19.6,16.0
Kew Gardens,2016-08-20,21.4,13.7
Kew Gardens,2016-08-21,22.8,14.8
Kew Gardens,2016-08-22,26.6,16.7
Kew Gardens,2016-08-23,30.2,11.7
Kew Gardens,2016-08-24,33.0,15.5
Kew Gardens,2016-08-25,28.0,19.0
Kew Gardens,2016-08-26,27.5,16.2
Kew Gardens,2016-08-27,26.2,14.0
Kew Gardens,2016-08-28,21.3,16.4
Kew Gardens,2016-08-29,24.7,13.9
Kew Gardens,2016-08-30,20.5,10.3
Kew Gardens,2016-08-31,27.1,11.0
Kew Gardens,2016-09-01,24.5,11.3
Kew Gardens,2016-09-02,20.0,13.0
Kew Gardens,2016-09-03,21.0,10.1
Kew Gardens,2016-09-04,20.3,15.8
Kew Gardens,2016-09-05,22.8,14.2
Kew Gardens,2016-09-06,23.6,20.0
Kew Gardens,2016-09-07,28.7,17.0
Kew Gardens,2016-09-08,24.0,12.9
Kew Gardens,2016-09-09,23.4,14.1
Kew Gardens,2016-09-10,19.7,16.7
Kew Gardens,2016-09-11,22.2,7.2
Kew Gardens,2016-09-12,26.1,9.2
Kew Gardens,2016-09-13,33.5,14.0
Kew Gardens,2016-09-14,27.9,16.3
Kew Gardens,2016-09-15,29.8,13.2
Kew Gardens,2016-09-16,19.2,14.5
Kew Gardens,2016-09-17,15.8,12.9
Kew Gardens,2016-09-18,19.2,14.1
Kew Gardens,2016-09-19,19.8,12.6
Kew Gardens,2016-09-20,18.9,14.0
Kew Gardens,2016-09-21,23.0,13.6
Kew Gardens,2016-09-22,20.0,12.4
Kew Gardens,2016-09-23,20.6,6.2
Kew Gardens,2016-09-24,23.9,7.9
Kew Gardens,2016-09-25,20.2,10.6
Kew Gardens,2016-09-26,19.0,7.4
Kew Gardens,2016-09-27,19.0,8.2
Kew Gardens,2016-09-28,22.6,11.8
Kew Gardens,2016-09-29,20.3,13.1
Kew Gardens,2016-09-30,19.0,8.8
Kew Gardens,2016-10-01,16.6,7.5
Kew Gardens,2016-10-02,17.6,7.2
Kew Gardens,2016-10-03,19.3,3.2
Kew Gardens,2016-10-04,19.0,6.1
Kew Gardens,2016-10-05,17.3,11.6
Kew Gardens,2016-10-06,16.1,8.2
Kew Gardens,2016-10-07,15.3,11.7
Kew Gardens,2016-10-08,17.4,12.2
Kew Gardens,2016-10-09,15.8,8.3
Kew Gardens,2016-10-10,14.2,3.8
Kew Gardens,2016-10-11,16.8,3.3
Kew Gardens,2016-10-12,15.7,6.8
Kew Gardens,2016-10-13,14.2,8.5
Kew Gardens,2016-10-14,14.5,8.0
Kew Gardens,2016-10-15,18.0,8.0
Kew Gardens,2016-10-16,18.6,5.9
Kew Gardens,2016-10-17,17.2,7.6
Kew Gardens,2016-10-18,14.1,7.3
Kew Gardens,2016-10-19,13.5,8.3
Kew Gardens,2016-10-20,14.7,8.5
Kew Gardens,2016-10-21,13.6,8.4
Kew Gardens,2016-10-22,14.2,3.6
Kew Gardens,2016-10-23,13.9,5.5
Kew Gardens,2016-10-24,13.3,9.8
Kew Gardens,2016-10-25,14.6,9.5
Kew Gardens,2016-10-26,16.6,7.4
Kew Gardens,2016-10-27,16.2,6.1
Kew Gardens,2016-10-28,17.5,10.2
Kew Gardens,2016-10-29,15.4,9.2
Kew Gardens,2016-10-30,12.3,6.8
Kew Gardens,2016-10-31,19.7,8.0
Kew Gardens,2016-11-01,12.7,5.2
Kew Gardens,2016-11-02,11.1,0.9
Kew Gardens,2016-11-03,11.9,-0.4
Kew Gardens,2016-11-04,11.3,5.5
Kew Gardens,2016-11-05,9.3,0.7
Kew Gardens,2016-11-06,7.9,1.6
Kew Gardens,2016-11-07,8.4,1.1
Kew Gardens,2016-11-08,5.8,-2.2
Kew Gardens,2016-11-09,9.4,4.0
Kew Gardens,2016-11-10,11.5,1.7
Kew Gardens,2016-11-11,11.9,2.0
Kew Gardens,2016-11-12,10.2,2.8
Kew Gardens,2016-11-13,11.5,2.9
Kew Gardens,2016-11-14,12.6,2.9
Kew Gardens,2016-11-15,16.4,12.1
Kew Gardens,2016-11-16,14.5,9.9
Kew Gardens,2016-11-17,13.7,7.0
Kew Gardens,2016-11-18,8.4,2.1
Kew Gardens,2016-11-19,8.3,-0.8
Kew Gardens,2016-11-20,8.9,5.5
Kew Gardens,2016-11-21,12.4,5.5
Kew Gardens,2016-11-22,12.7,7.8
Kew Gardens,2016-11-23,10.3,4.2
Kew Gardens,2016-11-24,10.8,8.3
Kew Gardens,2016-11-25,11.3,6.3
Kew Gardens,2016-11-26,9.3,2.9
Kew Gardens,2016-11-27,8.7,4.5
Kew Gardens,2016-11-28,9.6,4.2
Kew Gardens,2016-11-29,8.2,-3.2
Kew Gardens,2016-11-30,7.5,-5.8
Kew Gardens,2016-12-01,9.4,-4.3
Kew Gardens,2016-12-02,8.0,0.0
Kew Gardens,2016-12-03,9.3,3.8
Kew Gardens,2016-12-04,8.5,-2.1
Kew Gardens,2016-12-05,8.4,-2.8
Kew Gardens,2016-12-06,9.6,0.3
Kew Gardens,2016-12-07,13.5,5.4
Kew Gardens,2016-12-08,13.1,8.4
Kew Gardens,2016-12-09,14.7,10.3
Kew Gardens,2016-12-10,13.2,10.4
Kew Gardens,2016-12-11,11.2,1.7
Kew Gardens,2016-12-12,10.7,0.3
Kew Gardens,2016-12-13,13.0,5.3
Kew Gardens,2016-12-14,14.9,4.4
Kew Gardens,2016-12-15,11.1,3.5
Kew Gardens,2016-12-16,10.3,8.3
Kew Gardens,2016-12-17,9.3,2.1
Kew Gardens,2016-12-18,7.5,5.6
Kew Gardens,2016-12-19,7.3,5.1
Kew Gardens,2016-12-20,7.9,2.7
Kew Gardens,2016-12-21,12.0,2.1
Kew Gardens,2016-12-22,11.1,1.6
Kew Gardens,2016-12-23,11.2,2.7
Kew Gardens,2016-12-24,10.0,4.6
Kew Gardens,2016-12-25,13.4,9.5
Kew Gardens,2016-12-26,12.7,0.5
Kew Gardens,2016-12-27,7.0,-3.0
Kew Gardens,2016-12-28,8.2,-2.9
Kew Gardens,2016-12-29,10.5,-4.0
Kew Gardens,2016-12-30,3.1,-2.6
Kew Gardens,2016-12-31,7.9,2.6
Kew Gardens,2017-01-01,9.7,4.5
Kew Gardens,2017-01-02,5.6,-1.7
Kew Gardens,2017-01-03,5.6,-3.7
Kew Gardens,2017-01-04,8.5,0.9
Kew Gardens,2017-01-05,7.8,-4.5
Kew Gardens,2017-01-06,6.9,-3.9
Kew Gardens,2017-01-07,10.6,5.0
Kew Gardens,2017-01-08,9.8,6.9
Kew Gardens,2017-01-09,9.7,4.6
Kew Gardens,2017-01-10,9.4,2.8
Kew Gardens,2017-01-11,11.0,5.8
Kew Gardens,2017-01-12,6.8,1.0
Kew Gardens,2017-01-13,6.2,0.8
Kew Gardens,2017-01-14,5.1,-0.7
Kew Gardens,2017-01-15,8.7,-1.3
Kew Gardens,2017-01-16,8.0,3.8
Kew Gardens,2017-01-17,7.4,-2.0
Kew Gardens,2017-01-18,7.4,-4.6
Kew Gardens,2017-01-19,7.3,-3.8
Kew Gardens,2017-01-20,7.9,-3.3
Kew Gardens,2017-01-21,5.6,-3.7
Kew Gardens,2017-01-22,8.1,-5.8
Kew Gardens,2017-01-23,3.8,-4.7
Kew Gardens,2017-01-24,10.8,-2.6
Kew Gardens,2017-01-25,3.1,-3.2
Kew Gardens,2017-01-26,0.5,-1.9
Kew Gardens,2017-01-27,6.5,-1.9
Kew Gardens,2017-01-28,10.2,2.9
Kew Gardens,2017-01-29,8.8,-0.9
Kew Gardens,2017-01-30,10.0,6.2
Kew Gardens,2017-01-31,8.6,5.6
Kew Gardens,2017-02-01,11.6,8.5
Kew Gardens,2017-02-02,11.4,9.3
Kew Gardens,2017-02-03,11.3,5.5
Kew Gardens,2017-02-04,10.1,0.5
Kew Gardens,2017-02-05,5.9,2.1
Kew Gardens,2017-02-06,7.8,-1.5
Kew Gardens,2017-02-07,11.3,2.6
Kew Gardens,2017-02-08,5.5,1.8
Kew Gardens,2017-02-09,3.3,1.6
Kew Gardens,2017-02-10,2.3,1.2
Kew Gardens,2017-02-11,2.8,0.6
Kew Gardens,2017-02-12,5.9,1.6
Kew Gardens,2017-02-13,10.4,4.6
Kew Gardens,2017-02-14,11.5,2.8
Kew Gardens,2017-02-15,12.5,6.6
Kew Gardens,2017-02-16,12.6,4.0
Kew Gardens,2017-02-17,13.4,5.1
Kew Gardens,2017-02-18,13.3,3.2
Kew Gardens,2017-02-19,12.1,1.7
Kew Gardens,2017-02-20,18.3,9.7
Kew Gardens,2017-02-21,13.4,9.9
Kew Gardens,2017-02-22,13.5,10.7
Kew Gardens,2017-02-23,11.4,6.7
Kew Gardens,2017-02-24,9.5,1.9
Kew Gardens,2017-02-25,10.4,1.9
Kew Gardens,2017-02-26,12.8,8.8
Kew Gardens,2017-02-27,10.4,2.8
Kew Gardens,2017-02-28,8.3,0.2
Kew Gardens,2017-03-01,9.4,5.2
Kew Gardens,2017-03-02,11.7,5.3
Kew Gardens,2017-03-03,11.7,3.7
Kew Gardens,2017-03-04,12.4,6.3
Kew Gardens,2017-03-05,11.1,5.5
Kew Gardens,2017-03-06,10.5,1.2
Kew Gardens,2017-03-07,11.4,4.5
Kew Gardens,2017-03-08,14.7,6.6
Kew Gardens,2017-03-09,16.8,6.5
Kew Gardens,2017-03-10,12.2,5.6
Kew Gardens,2017-03-11,17.5,9.9
Kew Gardens,2017-03-12,12.0,8.1
Kew Gardens,2017-03-13,16.0,3.5
Kew Gardens,2017-03-14,14.7,5.8
Kew Gardens,2017-03-15,18.8,5.4
Kew Gardens,2017-03-16,14.0,3.5
Kew Gardens,2017-03-17,11.5,3.5
Kew Gardens,2017-03-18,14.8,9.8
Kew Gardens,2017-03-19,15.0,12.0
Kew Gardens,2017-03-20,12.9,7.8
Kew Gardens,2017-03-21,12.0,4.3
Kew Gardens,2017-03-22,10.9,4.6
Kew Gardens,2017-03-23,11.6,4.4
Kew Gardens,2017-03-24,13.2,6.6
Kew Gardens,2017-03-25,15.0,4.7
Kew Gardens,2017-03-26,16.2,5.9
Kew Gardens,2017-03-27,16.4,6.4
Kew Gardens,2017-03-28,17.5,4.4
Kew Gardens,2017-03-29,15.6,10.9
Kew Gardens,2017-03-30,21.6,9.0
Kew Gardens,2017-03-31,16.6,7.5
Kew Gardens,2017-04-01,15.5,6.8
Kew Gardens,2017-04-02,16.6,2.9
Kew Gardens,2017-04-03,17.3,2.6
Kew Gardens,2017-04-04,15.1,8.7
Kew Gardens,2017-04-05,14.9,5.2
Kew Gardens,2017-04-06,18.0,2.6
Kew Gardens,2017-04-07,17.9,2.9
Kew Gardens,2017-04-08,21.2,2.7
Kew Gardens,2017-04-09,25.0,4.5
Kew Gardens,2017-04-10,13.9,8.3
Kew Gardens,2017-04-11,16.5,3.3
Kew Gardens,2017-04-12,17.0,5.6
Kew Gardens,2017-04-13,14.9,3.1
Kew Gardens,2017-04-14,15.0,6.4
Kew Gardens,2017-04-15,15.4,9.7
Kew Gardens,2017-04-16,14.8,4.8
Kew Gardens,2017-04-17,12.2,7.8
Kew Gardens,2017-04-18,13.1,2.4
Kew Gardens,2017-04-19,14.3,3.2
Kew Gardens,2017-04-20,15.4,4.8
Kew Gardens,2017-04-21,15.7,5.7
Kew Gardens,2017-04-22,16.1,7.0
Kew Gardens,2017-04-23,17.0,7.6
Kew Gardens,2017-04-24,13.5,3.8
Kew Gardens,2017-04-25,11.3,0.8
Kew Gardens,2017-04-26,10.9,2.2
Kew Gardens,2017-04-27,11.3,-1.4
Kew Gardens,2017-04-28,14.6,6.9
Kew Gardens,2017-04-29,16.0,2.6
Kew Gardens,2017-04-30,17.4,9.5
Kew Gardens,2017-05-01,14.7,7.9
Kew Gardens,2017-05-02,17.9,5.5
Kew Gardens,2017-05-03,11.8,6.8
Kew Gardens,2017-05-04,13.6,9.4
Kew Gardens,2017-05-05,15.9,8.4
Kew Gardens,2017-05-06,15.3,9.4
Kew Gardens,2017-05-07,17.9,8.4
Kew Gardens,2017-05-08,12.0,7.6
Kew Gardens,2017-05-09,15.1,6.5
Kew Gardens,2017-05-10,18.2,3.1
Kew Gardens,2017-05-11,22.1,7.2
Kew Gardens,2017-05-12,19.7,12.3
Kew Gardens,2017-05-13,19.1,10.8
Kew Gardens,2017-05-14,20.4,9.2
Kew Gardens,2017-05-15,18.3,7.1
Kew Gardens,2017-05-16,24.3,15.0
Kew Gardens,2017-05-17,18.2,13.6
Kew Gardens,2017-05-18,16.9,9.4
Kew Gardens,2017-05-19,15.9,9.5
Kew Gardens,2017-05-20,16.6,6.0
Kew Gardens,2017-05-21,20.8,6.2
Kew Gardens,2017-05-22,24.4,10.0
Kew Gardens,2017-05-23,21.1,11.4
Kew Gardens,2017-05-24,25.4,10.5
Kew Gardens,2017-05-25,26.1,11.7
Kew Gardens,2017-05-26,27.2,13.3
Kew Gardens,2017-05-27,23.9,14.3
Kew Gardens,2017-05-28,24.0,9.8
Kew Gardens,2017-05-29,21.9,13.3
Kew Gardens,2017-05-30,20.3,14.7
Kew Gardens,2017-05-31,22.7,11.1
Kew Gardens,2017-06-01,25.0,10.2
Kew Gardens,2017-06-02,25.4,11.1
Kew Gardens,2017-06-03,21.0,14.2
Kew Gardens,2017-06-04,19.7,8.2
Kew Gardens,2017-06-05,19.1,11.0
Kew Gardens,2017-06-06,17.3,10.0
Kew Gardens,2017-06-07,19.9,10.9
Kew Gardens,2017-06-08,18.4,12.7
Kew Gardens,2017-06-09,21.2,11.3
Kew Gardens,2017-06-10,23.1,13.2
Kew Gardens,2017-06-11,23.1,15.8
Kew Gardens,2017-06-12,19.9,12.2
Kew Gardens,2017-06-13,24.2,8.5
Kew Gardens,2017-06-14,26.8,10.6
Kew Gardens,2017-06-15,23.7,12.6
Kew Gardens,2017-06-16,24.2,11.5
Kew Gardens,2017-06-17,30.0,13.0
Kew Gardens,2017-06-18,32.0,15.1
Kew Gardens,2017-06-19,31.9,15.8
Kew Gardens,2017-06-20,30.4,16.0
Kew Gardens,2017-06-21,33.8,16.5
Kew Gardens,2017-06-22,25.4,18.6
Kew Gardens,2017-06-23,24.4,12.8
Kew Gardens,2017-06-24,23.2,16.8
Kew Gardens,2017-06-25,22.7,14.7
Kew Gardens,2017-06-26,24.9,11.4
Kew Gardens,2017-06-27,22.0,14.7
Kew Gardens,2017-06-28,17.0,13.7
Kew Gardens,2017-06-29,17.8,12.1
Kew Gardens,2017-06-30,21.8,11.7
Kew Gardens,2017-07-01,22.4,14.6
Kew Gardens,2017-07-02,23.6,14.5
Kew Gardens,2017-07-03,24.8,12.4
Kew Gardens,2017-07-04,24.1,11.8
Kew Gardens,2017-07-05,29.2,12.1
Kew Gardens,2017-07-06,31.6,17.9
Kew Gardens,2017-07-07,29.4,16.3
Kew Gardens,2017-07-08,27.1,18.0
Kew Gardens,2017-07-09,27.3,16.5
Kew Gardens,2017-07-10,26.2,13.9
Kew Gardens,2017-07-11,20.7,14.5
Kew Gardens,2017-07-12,22.1,14.3
Kew Gardens,2017-07-13,23.0,11.3
Kew Gardens,2017-07-14,21.9,13.1
Kew Gardens,2017-07-15,22.0,14.6
Kew Gardens,2017-07-16,25.5,17.3
Kew Gardens,2017-07-17,27.0,15.0
Kew Gardens,2017-07-18,26.4,16.7
Kew Gardens,2017-07-19,23.4,17.6
Kew Gardens,2017-07-20,21.5,15.0
Kew Gardens,2017-07-21,22.6,11.6
Kew Gardens,2017-07-22,19.6,12.2
Kew Gardens,2017-07-23,20.1,9.9
Kew Gardens,2017-07-24,18.5,14.0
Kew Gardens,2017-07-25,22.7,12.9
Kew Gardens,2017-07-26,21.8,12.6
Kew Gardens,2017-07-27,21.6,14.0
Kew Gardens,2017-07-28,21.2,13.0
Kew Gardens,2017-07-29,20.4,15.1
Kew Gardens,2017-07-30,20.9,14.6
Kew Gardens,2017-07-31,22.5,11.8
Kew Gardens,2017-08-01,22.3,10.7
Kew Gardens,2017-08-02,18.9,14.1
Kew Gardens,2017-08-03,20.9,15.2
Kew Gardens,2017-08-04,22.6,14.8
Kew Gardens,2017-08-05,21.1,13.2
Kew Gardens,2017-08-06,21.9,8.5
Kew Gardens,2017-08-07,20.6,12.1
Kew Gardens,2017-08-08,16.4,14.4
Kew Gardens,2017-08-09,15.6,13.2
Kew Gardens,2017-08-10,20.4,12.3
Kew Gardens,2017-08-11,22.2,8.1
Kew Gardens,2017-08-12,22.0,16.7
Kew Gardens,2017-08-13,22.8,10.5
Kew Gardens,2017-08-14,24.1,8.6
Kew Gardens,2017-08-15,24.1,12.9
Kew Gardens,2017-08-16,22.5,9.2
Kew Gardens,2017-08-17,24.6,15.2
Kew Gardens,2017-08-18,20.8,12.5
Kew Gardens,2017-08-19,20.9,12.4
Kew Gardens,2017-08-20,21.0,8.0
Kew Gardens,2017-08-21,19.5,13.6
Kew Gardens,2017-08-22,23.4,17.0
Kew Gardens,2017-08-23,22.0,15.4
Kew Gardens,2017-08-24,21.5,11.5
Kew Gardens,2017-08-25,24.6,10.2
Kew Gardens,2017-08-26,24.9,12.1
Kew Gardens,2017-08-27,27.0,13.6
Kew Gardens,2017-08-28,27.8,13.0
Kew Gardens,2017-08-29,25.5,14.6
Kew Gardens,2017-08-30,19.1,11.4
Kew Gardens,2017-08-31,20.3,7.1
Kew Gardens,2017-09-01,21.7,8.1
Kew Gardens,2017-09-02,21.8,7.9
Kew Gardens,2017-09-03,19.1,9.2
Kew Gardens,2017-09-04,22.2,13.7
Kew Gardens,2017-09-05,20.8,15.8
Kew Gardens,2017-09-06,18.8,11.2
Kew Gardens,2017-09-07,19.6,10.1
Kew Gardens,2017-09-08,19.0,12.3
Kew Gardens,2017-09-09,18.5,9.0
Kew Gardens,2017-09-10,17.1,7.2
Kew Gardens,2017-09-11,19.3,10.8
Kew Gardens,2017-09-12,19.0,9.8
Kew Gardens,2017-09-13,18.8,11.7
Kew Gardens,2017-09-14,18.3,7.8
Kew Gardens,2017-09-15,16.3,5.3
Kew Gardens,2017-09-16,16.8,5.9
Kew Gardens,2017-09-17,17.3,8.3
Kew Gardens,2017-09-18,17.4,8.8
Kew Gardens,2017-09-19,15.6,7.1
Kew Gardens,2017-09-20,17.6,6.5
Kew Gardens,2017-09-21,17.8,12.2
Kew Gardens,2017-09-22,18.9,5.5
Kew Gardens,2017-09-23,19.4,11.1
Kew Gardens,2017-09-24,22.6,8.7
Kew Gardens,2017-09-25,18.5,14.7
Kew Gardens,2017-09-26,20.7,13.4
Kew Gardens,2017-09-27,21.1,11.0
Kew Gardens,2017-09-28,20.4,12.0
Kew Gardens,2017-09-29,18.9,11.5
Kew Gardens,2017-09-30,17.8,9.7
Kew Gardens,2017-10-01,17.7,13.5
Kew Gardens,2017-10-02,17.8,12.8
Kew Gardens,2017-10-03,16.4,7.1
Kew Gardens,2017-10-04,16.0,8.4
Kew Gardens,2017-10-05,17.2,11.0
Kew Gardens,2017-10-06,16.0,6.9
Kew Gardens,2017-10-07,17.2,7.5
Kew Gardens,2017-10-08,17.5,7.7
Kew Gardens,2017-10-09,17.7,7.9
Kew Gardens,2017-10-10,17.0,9.1
Kew Gardens,2017-10-11,17.1,12.5
Kew Gardens,2017-10-12,18.3,8.2
Kew Gardens,2017-10-13,19.0,8.9
Kew Gardens,2017-10-14,19.5,12.3
Kew Gardens,2017-10-15,19.7,8.3
Kew Gardens,2017-10-16,22.8,10.7
Kew Gardens,2017-10-17,14.8,9.0
Kew Gardens,2017-10-18,15.3,9.5
Kew Gardens,2017-10-19,17.6,13.7
Kew Gardens,2017-10-20,15.8,11.4
Kew Gardens,2017-10-21,15.7,11.8
Kew Gardens,2017-10-22,14.1,8.9
Kew Gardens,2017-10-23,16.1,9.7
Kew Gardens,2017-10-24,19.7,13.8
Kew Gardens,2017-10-25,19.2,8.6
Kew Gardens,2017-10-26,15.7,6.4
Kew Gardens,2017-10-27,15.2,5.2
Kew Gardens,2017-10-28,16.0,2.4
Kew Gardens,2017-10-29,14.9,7.9
Kew Gardens,2017-10-30,12.7,0.4
Kew Gardens,2017-10-31,13.1,3.4
Kew Gardens,2017-11-01,16.0,5.8
Kew Gardens,2017-11-02,12.3,1.1
Kew Gardens,2017-11-03,15.2,4.1
Kew Gardens,2017-11-04,13.6,7.6
Kew Gardens,2017-11-05,10.8,2.3
Kew Gardens,2017-11-06,12.5,-1.4
Kew Gardens,2017-11-07,12.0,4.4
Kew Gardens,2017-11-08,9.3,1.6
Kew Gardens,2017-11-09,13.6,-0.6
Kew Gardens,2017-11-10,12.9,7.8
Kew Gardens,2017-11-11,9.7,6.9
Kew Gardens,2017-11-12,8.7,6.2
Kew Gardens,2017-11-13,7.8,2.1
Kew Gardens,2017-11-14,11.7,2.0
Kew Gardens,2017-11-15,11.5,9.3
Kew Gardens,2017-11-16,14.8,7.9
Kew Gardens,2017-11-17,9.0,-1.5
Kew Gardens,2017-11-18,10.0,0.2
Kew Gardens,2017-11-19,9.3,-0.1
Kew Gardens,2017-11-20,12.7,2.0
Kew Gardens,2017-11-21,14.0,11.8
Kew Gardens,2017-11-22,16.0,13.2
Kew Gardens,2017-11-23,15.8,8.6
Kew Gardens,2017-11-24,8.9,-0.4
Kew Gardens,2017-11-25,7.6,-2.3
Kew Gardens,2017-11-26,8.2,1.6
Kew Gardens,2017-11-27,10.3,3.6
Kew Gardens,2017-11-28,7.3,0.2
Kew Gardens,2017-11-29,6.1,1.8
Kew Gardens,2017-11-30,4.9,-2.3
Kew Gardens,2017-12-01,7.1,2.6
Kew Gardens,2017-12-02,6.5,1.5
Kew Gardens,2017-12-03,10.5,5.6
Kew Gardens,2017-12-04,10.0,2.5
Kew Gardens,2017-12-05,8.9,7.2
Kew Gardens,2017-12-06,11.0,8.2
Kew Gardens,2017-12-07,12.0,5.7
Kew Gardens,2017-12-08,5.8,0.2
Kew Gardens,2017-12-09,5.3,-3.0
Kew Gardens,2017-12-10,2.6,-1.9
Kew Gardens,2017-12-11,3.4,0.6
Kew Gardens,2017-12-12,4.0,-4.8
Kew Gardens,2017-12-13,9.6,3.5
Kew Gardens,2017-12-14,7.4,1.1
Kew Gardens,2017-12-15,5.9,-0.6
Kew Gardens,2017-12-16,5.8,-2.8
Kew Gardens,2017-12-17,9.2,-2.6
Kew Gardens,2017-12-18,9.4,-1.3
Kew Gardens,2017-12-19,7.8,-2.2
Kew Gardens,2017-12-20,10.3,6.1
Kew Gardens,2017-12-21,12.0,9.2
Kew Gardens,2017-12-22,11.6,8.9
Kew Gardens,2017-12-23,10.2,8.5
Kew Gardens,2017-12-24,10.5,8.2
Kew Gardens,2017-12-25,11.0,9.1
Kew Gardens,2017-12-26,9.8,2.9
Kew Gardens,2017-12-27,7.9,1.7
Kew Gardens,2017-12-28,6.4,-1.9
Kew Gardens,2017-12-29,9.5,-3.3
Kew Gardens,2017-12-30,14.2,4.4
Kew Gardens,2017-12-31,13.3,7.9
Kew Gardens,2018-01-01,8.7,4.7
Kew Gardens,2018-01-02,10.5,2.9
Kew Gardens,2018-01-03,12.5,7.8
Kew Gardens,2018-01-04,13.0,6.0
Kew Gardens,2018-01-05,9.7,1.3
Kew Gardens,2018-01-06,5.8,0.6
Kew Gardens,2018-01-07,6.1,2.1
Kew Gardens,2018-01-08,5.2,2.1
Kew Gardens,2018-01-09,7.2,4.3
Kew Gardens,2018-01-10,10.0,3.0
Kew Gardens,2018-01-11,7.5,2.3
Kew Gardens,2018-01-12,7.7,5.5
Kew Gardens,2018-01-13,8.6,5.1
Kew Gardens,2018-01-14,6.6,4.3
Kew Gardens,2018-01-15,11.3,4.0
Kew Gardens,2018-01-16,8.3,3.1
Kew Gardens,2018-01-17,8.0,2.6
Kew Gardens,2018-01-18,12.2,4.6
Kew Gardens,2018-01-19,7.6,-2.0
Kew Gardens,2018-01-20,4.8,0.7
Kew Gardens,2018-01-21,6.8,0.5
Kew Gardens,2018-01-22,11.1,6.0
Kew Gardens,2018-01-23,13.4,6.3
Kew Gardens,2018-01-24,13.0,6.3
Kew Gardens,2018-01-25,10.9,5.0
Kew Gardens,2018-01-26,8.7,-0.3
Kew Gardens,2018-01-27,11.0,1.3
Kew Gardens,2018-01-28,13.7,7.5
Kew Gardens,2018-01-29,12.5,3.1
Kew Gardens,2018-01-30,9.7,-2.3
Kew Gardens,2018-01-31,10.2,2.9
Kew Gardens,2018-02-01,7.6,1.9
Kew Gardens,2018-02-02,8.4,3.3
Kew Gardens,2018-02-03,4.9,2.4
Kew Gardens,2018-02-04,5.4,1.7
Kew Gardens,2018-02-05,4.5,1.0
Kew Gardens,2018-02-06,3.9,-2.6
Kew Gardens,2018-02-07,5.6,-2.1
Kew Gardens,2018-02-08,7.7,-4.8
Kew Gardens,2018-02-09,6.4,2.8
Kew Gardens,2018-02-10,8.6,-3.5
Kew Gardens,2018-02-11,10.2,1.9
Kew Gardens,2018-02-12,8.1,-2.9
Kew Gardens,2018-02-13,6.0,1.3
Kew Gardens,2018-02-14,6.5,-3.2
Kew Gardens,2018-02-15,10.4,3.4
Kew Gardens,2018-02-16,11.1,-1.9
Kew Gardens,2018-02-17,11.4,-0.3
Kew Gardens,2018-02-18,11.3,-1.0
Kew Gardens,2018-02-19,11.4,6.3
Kew Gardens,2018-02-20,10.7,6.8
Kew Gardens,2018-02-21,7.2,1.9
Kew Gardens,2018-02-22,6.1,1.8
Kew Gardens,2018-02-23,4.8,-2.9
Kew Gardens,2018-02-24,6.7,-2.0
Kew Gardens,2018-02-25,5.4,-0.2
Kew Gardens,2018-02-26,2.4,-1.5
Kew Gardens,2018-02-27,1.1,-5.3
Kew Gardens,2018-02-28,-0.6,-6.1
Kew Gardens,2018-03-01,0.5,-4.6
Kew Gardens,2018-03-02,0.3,-1.4
Kew Gardens,2018-03-03,3.7,0.1
Kew Gardens,2018-03-04,10.0,1.4
Kew Gardens,2018-03-05,10.8,3.0
Kew Gardens,2018-03-06,10.9,3.7
Kew Gardens,2018-03-07,11.1,2.9
Kew Gardens,2018-03-08,10.7,2.8
Kew Gardens,2018-03-09,9.9,-0.6
Kew Gardens,2018-03-10,15.3,8.0
Kew Gardens,2018-03-11,12.6,4.7
Kew Gardens,2018-03-12,11.0,7.5
Kew Gardens,2018-03-13,11.0,3.9
Kew Gardens,2018-03-14,13.8,0.6
Kew Gardens,2018-03-15,14.0,7.4
Kew Gardens,2018-03-16,14.1,5.4
Kew Gardens,2018-03-17,8.2,-1.2
Kew Gardens,2018-03-18,0.9,-1.3
Kew Gardens,2018-03-19,4.1,-0.7
Kew Gardens,2018-03-20,8.7,1.1
Kew Gardens,2018-03-21,11.2,-2.6
Kew Gardens,2018-03-22,11.5,4.4
Kew Gardens,2018-03-23,13.3,6.3
Kew Gardens,2018-03-24,9.8,6.7
Kew Gardens,2018-03-25,11.9,6.6
Kew Gardens,2018-03-26,13.3,2.7
Kew Gardens,2018-03-27,15.9,5.1
Kew Gardens,2018-03-28,9.3,2.9
Kew Gardens,2018-03-29,10.4,-0.8
Kew Gardens,2018-03-30,8.1,3.0
Kew Gardens,2018-03-31,9.8,4.0
Kew Gardens,2018-04-01,7.9,4.4
Kew Gardens,2018-04-02,10.8,3.7
Kew Gardens,2018-04-03,14.2,8.9
Kew Gardens,2018-04-04,12.2,6.1
Kew Gardens,2018-04-05,13.2,4.5
Kew Gardens,2018-04-06,17.1,3.7
Kew Gardens,2018-04-07,17.8,6.6
Kew Gardens,2018-04-08,11.4,8.3
Kew Gardens,2018-04-09,10.3,8.3
Kew Gardens,2018-04-10,13.9,8.4
Kew Gardens,2018-04-11,12.3,7.3
Kew Gardens,2018-04-12,10.4,6.7
Kew Gardens,2018-04-13,11.8,6.5
Kew Gardens,2018-04-14,19.2,7.0
Kew Gardens,2018-04-15,15.6,8.2
Kew Gardens,2018-04-16,15.6,6.5
Kew Gardens,2018-04-17,19.2,8.8
Kew Gardens,2018-04-18,24.8,8.3
Kew Gardens,2018-04-19,28.4,8.5
Kew Gardens,2018-04-20,25.9,9.2
Kew Gardens,2018-04-21,24.9,10.8
Kew Gardens,2018-04-22,23.5,11.7
Kew Gardens,2018-04-23,16.1,6.4
Kew Gardens,2018-04-24,17.4,11.2
Kew Gardens,2018-04-25,15.5,7.5
Kew Gardens,2018-04-26,15.6,6.0
Kew Gardens,2018-04-27,12.5,6.3
Kew Gardens,2018-04-28,10.5,8.0
Kew Gardens,2018-04-29,8.1,6.6
Kew Gardens,2018-04-30,9.7,4.9
Kew Gardens,2018-05-01,14.6,0.5
Kew Gardens,2018-05-02,15.1,5.4
Kew Gardens,2018-05-03,17.8,1.6
Kew Gardens,2018-05-04,20.5,7.1
Kew Gardens,2018-05-05,22.9,5.6
Kew Gardens,2018-05-06,25.1,6.0
Kew Gardens,2018-05-07,27.7,8.3
Kew Gardens,2018-05-08,26.3,9.1
Kew Gardens,2018-05-09,20.8,6.8
Kew Gardens,2018-05-10,17.5,9.9
Kew Gardens,2018-05-11,17.3,4.3
Kew Gardens,2018-05-12,15.1,7.7
Kew Gardens,2018-05-13,18.1,7.7
Kew Gardens,2018-05-14,20.1,7.3
Kew Gardens,2018-05-15,22.5,6.5
Kew Gardens,2018-05-16,15.9,9.5
Kew Gardens,2018-05-17,17.2,6.7
Kew Gardens,2018-05-18,17.9,4.1
Kew Gardens,2018-05-19,21.6,5.2
Kew Gardens,2018-05-20,21.2,6.0
Kew Gardens,2018-05-21,22.4,7.5
Kew Gardens,2018-05-22,22.3,11.8
Kew Gardens,2018-05-23,19.1,10.6
Kew Gardens,2018-05-24,19.8,10.7
Kew Gardens,2018-05-25,19.5,13.0
Kew Gardens,2018-05-26,26.3,15.4
Kew Gardens,2018-05-27,27.5,15.3
Kew Gardens,2018-05-28,24.9,13.5
Kew Gardens,2018-05-29,19.5,13.9
Kew Gardens,2018-05-30,20.8,13.1
Kew Gardens,2018-05-31,22.7,13.9
Kew Gardens,2018-06-01,23.0,16.2
Kew Gardens,2018-06-02,24.5,13.9
Kew Gardens,2018-06-03,26.6,11.2
Kew Gardens,2018-06-04,19.2,14.0
Kew Gardens,2018-06-05,18.5,12.0
Kew Gardens,2018-06-06,22.7,8.9
Kew Gardens,2018-06-07,21.5,12.9
Kew Gardens,2018-06-08,22.4,14.1
Kew Gardens,2018-06-09,22.0,12.8
Kew Gardens,2018-06-10,23.3,14.6
Kew Gardens,2018-06-11,24.7,12.2
Kew Gardens,2018-06-12,18.0,12.1
Kew Gardens,2018-06-13,21.4,7.6
Kew Gardens,2018-06-14,23.3,14.0
Kew Gardens,2018-06-15,22.6,10.1
Kew Gardens,2018-06-16,20.0,12.5
Kew Gardens,2018-06-17,19.5,12.7
Kew Gardens,2018-06-18,25.4,14.7
Kew Gardens,2018-06-19,24.7,17.4
Kew Gardens,2018-06-20,25.1,13.4
Kew Gardens,2018-06-21,19.9,10.9
Kew Gardens,2018-06-22,22.5,7.1
Kew Gardens,2018-06-23,23.5,8.7
Kew Gardens,2018-06-24,25.8,10.4
Kew Gardens,2018-06-25,30.0,10.9
Kew Gardens,2018-06-26,27.9,11.2
Kew Gardens,2018-06-27,27.0,12.7
Kew Gardens,2018-06-28,27.9,12.9
Kew Gardens,2018-06-29,28.0,13.2
Kew Gardens,2018-06-30,28.5,13.0
Kew Gardens,2018-07-01,30.8,15.4
Kew Gardens,2018-07-02,29.1,18.4
Kew Gardens,2018-07-03,27.1,15.1
Kew Gardens,2018-07-04,26.3,13.8
Kew Gardens,2018-07-05,30.5,14.8
Kew Gardens,2018-07-06,30.2,14.3
Kew Gardens,2018-07-07,30.9,15.6
Kew Gardens,2018-07-08,31.3,14.8
Kew Gardens,2018-07-09,30.7,14.7
Kew Gardens,2018-07-10,22.7,15.1
Kew Gardens,2018-07-11,24.3,13.8
Kew Gardens,2018-07-12,25.5,12.6
Kew Gardens,2018-07-13,28.1,15.9
Kew Gardens,2018-07-14,29.6,13.4
Kew Gardens,2018-07-15,30.4,12.6
Kew Gardens,2018-07-16,30.2,13.3
Kew Gardens,2018-07-17,24.7,14.0
Kew Gardens,2018-07-18,26.8,12.9
Kew Gardens,2018-07-19,28.5,11.8
Kew Gardens,2018-07-20,24.8,16.3
Kew Gardens,2018-07-21,28.6,15.4
Kew Gardens,2018-07-22,28.2,14.1
Kew Gardens,2018-07-23,31.7,15.7
Kew Gardens,2018-07-24,30.7,15.3
Kew Gardens,2018-07-25,31.7,16.8
Kew Gardens,2018-07-26,34.4,17.5
Kew Gardens,2018-07-27,31.8,18.0
Kew Gardens,2018-07-28,23.1,16.7
Kew Gardens,2018-07-29,20.4,15.3
Kew Gardens,2018-07-30,24.3,17.2
Kew Gardens,2018-07-31,25.6,15.6
Kew Gardens,2018-08-01,26.9,11.4
Kew Gardens,2018-08-02,30.3,12.1
Kew Gardens,2018-08-03,33.2,16.1
Kew Gardens,2018-08-04,28.9,19.5
Kew Gardens,2018-08-05,29.9,14.3
Kew Gardens,2018-08-06,32.1,13.6
Kew Gardens,2018-08-07,31.4,15.0
Kew Gardens,2018-08-08,24.6,14.9
Kew Gardens,2018-08-09,18.6,13.5
Kew Gardens,2018-08-10,20.2,8.9
Kew Gardens,2018-08-11,22.2,7.8
Kew Gardens,2018-08-12,22.0,15.7
Kew Gardens,2018-08-13,24.4,15.2
Kew Gardens,2018-08-14,25.3,12.3
Kew Gardens,2018-08-15,25.8,14.5
Kew Gardens,2018-08-16,19.5,14.2
Kew Gardens,2018-08-17,22.4,8.8
Kew Gardens,2018-08-18,22.6,14.3
Kew Gardens,2018-08-19,26.9,17.3
Kew Gardens,2018-08-20,25.2,18.3
Kew Gardens,2018-08-21,27.0,16.6
Kew Gardens,2018-08-22,23.3,14.3
Kew Gardens,2018-08-23,22.4,16.3
Kew Gardens,2018-08-24,19.4,10.6
Kew Gardens,2018-08-25,19.2,7.7
Kew Gardens,2018-08-26,17.8,8.3
Kew Gardens,2018-08-27,18.9,13.3
Kew Gardens,2018-08-28,21.7,13.6
Kew Gardens,2018-08-29,20.8,12.7
Kew Gardens,2018-08-30,20.5,8.9
Kew Gardens,2018-08-31,22.3,9.9
Kew Gardens,2018-09-01,24.3,9.3
Kew Gardens,2018-09-02,24.7,8.9
Kew Gardens,2018-09-03,24.7,9.2
Kew Gardens,2018-09-04,19.9,12.0
Kew Gardens,2018-09-05,21.2,13.8
Kew Gardens,2018-09-06,22.0,9.0
Kew Gardens,2018-09-07,19.7,8.2
Kew Gardens,2018-09-08,20.3,7.0
Kew Gardens,2018-09-09,24.3,12.9
Kew Gardens,2018-09-10,21.7,12.2
Kew Gardens,2018-09-11,23.0,16.2
Kew Gardens,2018-09-12,18.3,9.4
Kew Gardens,2018-09-13,20.7,5.6
Kew Gardens,2018-09-14,18.2,7.7
Kew Gardens,2018-09-15,21.4,8.5
Kew Gardens,2018-09-16,23.9,11.4
Kew Gardens,2018-09-17,25.8,14.8
Kew Gardens,2018-09-18,23.1,13.8
Kew Gardens,2018-09-19,23.0,16.7
Kew Gardens,2018-09-20,20.7,16.5
Kew Gardens,2018-09-21,19.5,10.8
Kew Gardens,2018-09-22,13.2,10.1
Kew Gardens,2018-09-23,14.8,8.3
Kew Gardens,2018-09-24,16.5,2.9
Kew Gardens,2018-09-25,18.5,1.7
Kew Gardens,2018-09-26,23.4,4.1
Kew Gardens,2018-09-27,23.5,5.7
Kew Gardens,2018-09-28,16.9,10.3
Kew Gardens,2018-09-29,18.7,3.3
Kew Gardens,2018-09-30,15.5,3.0
Kew Gardens,2018-10-01,15.7,6.4
Kew Gardens,2018-10-02,20.4,10.4
Kew Gardens,2018-10-03,16.5,9.9
Kew Gardens,2018-10-04,19.0,10.5
Kew Gardens,2018-10-05,22.6,10.5
Kew Gardens,2018-10-06,13.2,8.8
Kew Gardens,2018-10-07,15.5,5.7
Kew Gardens,2018-10-08,17.2,4.0
Kew Gardens,2018-10-09,21.3,6.1
Kew Gardens,2018-10-10,24.0,7.4
Kew Gardens,2018-10-11,21.5,13.5
Kew Gardens,2018-10-12,21.4,13.0
Kew Gardens,2018-10-13,24.1,18.7
Kew Gardens,2018-10-14,20.6,10.1
Kew Gardens,2018-10-15,14.2,10.2
Kew Gardens,2018-10-16,21.3,13.8
Kew Gardens,2018-10-17,15.9,9.6
Kew Gardens,2018-10-18,16.0,9.6
Kew Gardens,2018-10-19,17.1,3.4
Kew Gardens,2018-10-20,18.8,3.7
Kew Gardens,2018-10-21,19.6,6.3
Kew Gardens,2018-10-22,16.0,4.4
Kew Gardens,2018-10-23,16.2,3.4
Kew Gardens,2018-10-24,17.9,6.8
Kew Gardens,2018-10-25,15.0,3.5
Kew Gardens,2018-10-26,12.0,5.3
Kew Gardens,2018-10-27,7.3,2.8
Kew Gardens,2018-10-28,10.1,4.2
Kew Gardens,2018-10-29,9.4,2.3
Kew Gardens,2018-10-30,9.6,4.1
Kew Gardens,2018-10-31,13.9,-1.8
Kew Gardens,2018-11-01,11.6,3.8
Kew Gardens,2018-11-02,12.2,-1.1
Kew Gardens,2018-11-03,14.6,0.7
Kew Gardens,2018-11-04,14.5,5.9
Kew Gardens,2018-11-05,15.8,6.3
Kew Gardens,2018-11-06,15.2,6.8
Kew Gardens,2018-11-07,15.0,9.7
Kew Gardens,2018-11-08,14.9,2.9
Kew Gardens,2018-11-09,14.5,5.7
Kew Gardens,2018-11-10,15.8,6.4
Kew Gardens,2018-11-11,14.2,6.5
Kew Gardens,2018-11-12,15.0,7.2
Kew Gardens,2018-11-13,14.5,7.1
Kew Gardens,2018-11-14,15.3,6.2
Kew Gardens,2018-11-15,14.8,6.4
Kew Gardens,2018-11-16,11.4,9.0
Kew Gardens,2018-11-17,13.0,6.9
Kew Gardens,2018-11-18,11.7,5.1
Kew Gardens,2018-11-19,8.7,4.6
Kew Gardens,2018-11-20,5.6,2.8
Kew Gardens,2018-11-21,8.5,0.3
Kew Gardens,2018-11-22,6.0,-2.9
Kew Gardens,2018-11-23,8.6,2.7
Kew Gardens,2018-11-24,9.6,7.9
Kew Gardens,2018-11-25,8.6,6.1
Kew Gardens,2018-11-26,7.9,4.4
Kew Gardens,2018-11-27,10.1,0.2
Kew Gardens,2018-11-28,13.8,7.3
Kew Gardens,2018-11-29,14.3,10.6
Kew Gardens,2018-11-30,12.3,6.0
Kew Gardens,2018-12-01,13.0,4.9
Kew Gardens,2018-12-02,15.9,10.9
Kew Gardens,2018-12-03,14.0,7.7
Kew Gardens,2018-12-04,9.0,-0.5
Kew Gardens,2018-12-05,12.8,5.4
Kew Gardens,2018-12-06,13.1,8.9
Kew Gardens,2018-12-07,13.4,6.7
Kew Gardens,2018-12-08,12.2,6.6
Kew Gardens,2018-12-09,11.0,6.1
Kew Gardens,2018-12-10,9.1,3.7
Kew Gardens,2018-12-11,10.3,-0.3
Kew Gardens,2018-12-12,8.7,2.3
Kew Gardens,2018-12-13,5.9,0.9
Kew Gardens,2018-12-14,5.1,-2.5
Kew Gardens,2018-12-15,7.1,1.4
Kew Gardens,2018-12-16,8.8,0.2
Kew Gardens,2018-12-17,10.6,0.7
Kew Gardens,2018-12-18,10.7,7.9
Kew Gardens,2018-12-19,10.1,3.2
Kew Gardens,2018-12-20,10.8,5.6
Kew Gardens,2018-12-21,13.1,8.2
Kew Gardens,2018-12-22,12.1,7.0
Kew Gardens,2018-12-23,13.2,5.0
Kew Gardens,2018-12-24,9.5,1.2
Kew Gardens,2018-12-25,7.8,-0.8
Kew Gardens,2018-12-26,9.6,4.5
Kew Gardens,2018-12-27,8.0,1.6
Kew Gardens,2018-12-28,11.7,3.3
Kew Gardens,2018-12-29,12.5,7.0
Kew Gardens,2018-12-30,10.5,4.2
Kew Gardens,2018-12-31,10.5,9.0
Kew Gardens,2019-01-01,10.9,4.3
Kew Gardens,2019-01-02,7.2,4.3
Kew Gardens,2019-01-03,5.5,4.2
Kew Gardens,2019-01-04,5.0,1.0
Kew Gardens,2019-01-05,5.7,3.0
Kew Gardens,2019-01-06,10.0,4.9
Kew Gardens,2019-01-07,11.3,6.3
Kew Gardens,2019-01-08,10.5,4.7
Kew Gardens,2019-01-09,6.1,2.4
Kew Gardens,2019-01-10,5.2,-1.9
Kew Gardens,2019-01-11,8.9,3.0
Kew Gardens,2019-01-12,10.5,6.8
Kew Gardens,2019-01-13,11.9,9.2
Kew Gardens,2019-01-14,10.8,7.1
Kew Gardens,2019-01-15,9.6,-0.1
Kew Gardens,2019-01-16,9.4,3.5
Kew Gardens,2019-01-17,5.1,-1.0
Kew Gardens,2019-01-18,7.9,-2.6
Kew Gardens,2019-01-19,5.7,2.0
Kew Gardens,2019-01-20,5.9,-2.5
Kew Gardens,2019-01-21,6.8,-3.6
Kew Gardens,2019-01-22,7.2,-0.4
Kew Gardens,2019-01-23,3.2,-3.0
Kew Gardens,2019-01-24,3.6,-3.6
Kew Gardens,2019-01-25,11.9,2.4
Kew Gardens,2019-01-26,10.6,5.0
Kew Gardens,2019-01-27,8.2,3.7
Kew Gardens,2019-01-28,6.0,-2.4
Kew Gardens,2019-01-29,6.8,-4.0
Kew Gardens,2019-01-30,6.4,-3.5
Kew Gardens,2019-01-31,5.6,-5.8
Kew Gardens,2019-02-01,2.6,0.6
Kew Gardens,2019-02-02,5.1,0.9
Kew Gardens,2019-02-03,7.1,-4.7
Kew Gardens,2019-02-04,8.8,3.0
Kew Gardens,2019-02-05,8.4,2.6
Kew Gardens,2019-02-06,11.0,5.3
Kew Gardens,2019-02-07,10.1,5.8
Kew Gardens,2019-02-08,11.0,5.9
Kew Gardens,2019-02-09,11.4,6.6
Kew Gardens,2019-02-10,8.6,4.3
Kew Gardens,2019-02-11,9.7,-1.3
Kew Gardens,2019-02-12,12.4,-1.1
Kew Gardens,2019-02-13,12.6,3.8
Kew Gardens,2019-02-14,14.7,-1.6
Kew Gardens,2019-02-15,15.2,-2.1
Kew Gardens,2019-02-16,12.5,0.1
Kew Gardens,2019-02-17,15.3,1.3
Kew Gardens,2019-02-18,10.3,4.7
Kew Gardens,2019-02-19,11.8,0.7
Kew Gardens,2019-02-20,13.5,6.1
Kew Gardens,2019-02-21,15.5,4.3
Kew Gardens,2019-02-22,16.2,5.3
Kew Gardens,2019-02-23,17.8,5.6
Kew Gardens,2019-02-24,16.8,0.6
Kew Gardens,2019-02-25,19.2,-0.4
Kew Gardens,2019-02-26,21.2,-0.3
Kew Gardens,2019-02-27,19.0,0.3
Kew Gardens,2019-02-28,12.7,2.2
Kew Gardens,2019-03-01,11.3,7.1
Kew Gardens,2019-03-02,14.8,5.9
Kew Gardens,2019-03-03,12.4,9.4
Kew Gardens,2019-03-04,10.9,4.3
Kew Gardens,2019-03-05,12.2,2.0
Kew Gardens,2019-03-06,12.7,8.8
Kew Gardens,2019-03-07,11.6,5.5
Kew Gardens,2019-03-08,10.5,1.1
Kew Gardens,2019-03-09,14.0,7.0
Kew Gardens,2019-03-10,11.0,1.6
Kew Gardens,2019-03-11,11.2,2.2
Kew Gardens,2019-03-12,9.6,4.0
Kew Gardens,2019-03-13,11.5,4.7
Kew Gardens,2019-03-14,15.3,7.0
Kew Gardens,2019-03-15,14.8,9.2
Kew Gardens,2019-03-16,12.1,9.4
Kew Gardens,2019-03-17,10.5,3.8
Kew Gardens,2019-03-18,11.9,3.0
Kew Gardens,2019-03-19,13.2,3.4
Kew Gardens,2019-03-20,13.1,8.9
Kew Gardens,2019-03-21,14.2,9.2
Kew Gardens,2019-03-22,11.6,8.5
Kew Gardens,2019-03-23,13.5,6.2
Kew Gardens,2019-03-24,14.9,1.6
Kew Gardens,2019-03-25,12.9,5.6
Kew Gardens,2019-03-26,13.9,-0.3
Kew Gardens,2019-03-27,13.5,3.2
Kew Gardens,2019-03-28,16.3,6.4
Kew Gardens,2019-03-29,18.0,0.9
Kew Gardens,2019-03-30,19.8,3.2
Kew Gardens,2019-03-31,14.1,6.8
Kew Gardens,2019-04-01,14.6,4.2
Kew Gardens,2019-04-02,10.1,1.4
Kew Gardens,2019-04-03,10.6,-1.1
Kew Gardens,2019-04-04,9.7,-0.6
Kew Gardens,2019-04-05,15.2,5.5
Kew Gardens,2019-04-06,11.3,6.5
Kew Gardens,2019-04-07,12.0,6.7
Kew Gardens,2019-04-08,12.7,7.6
Kew Gardens,2019-04-09,11.8,7.9
Kew Gardens,2019-04-10,12.7,5.0
Kew Gardens,2019-04-11,12.0,2.2
Kew Gardens,2019-04-12,10.8,-0.4
Kew Gardens,2019-04-13,9.8,0.7
Kew Gardens,2019-04-14,11.7,-1.0
Kew Gardens,2019-04-15,15.1,3.8
Kew Gardens,2019-04-16,17.5,4.6
Kew Gardens,2019-04-17,19.4,4.5
Kew Gardens,2019-04-18,21.6,7.4
Kew Gardens,2019-04-19,23.7,5.7
Kew Gardens,2019-04-20,24.7,5.8
Kew Gardens,2019-04-21,23.7,4.1
Kew Gardens,2019-04-22,24.5,5.7
Kew Gardens,2019-04-23,21.2,10.2
Kew Gardens,2019-04-24,18.8,9.2
Kew Gardens,2019-04-25,16.9,7.9
Kew Gardens,2019-04-26,16.7,4.0
Kew Gardens,2019-04-27,12.9,7.5
Kew Gardens,2019-04-28,14.1,7.6
Kew Gardens,2019-04-29,15.9,2.9
Kew Gardens,2019-04-30,18.3,3.9
Kew Gardens,2019-05-01,18.1,4.9
Kew Gardens,2019-05-02,16.8,7.8
Kew Gardens,2019-05-03,15.1,5.3
Kew Gardens,2019-05-04,11.6,5.3
Kew Gardens,2019-05-05,13.0,2.7
Kew Gardens,2019-05-06,13.0,5.2
Kew Gardens,2019-05-07,16.1,4.4
Kew Gardens,2019-05-08,15.3,8.5
Kew Gardens,2019-05-09,15.1,4.0
Kew Gardens,2019-05-10,16.7,4.0
Kew Gardens,2019-05-11,15.8,6.5
Kew Gardens,2019-05-12,17.7,2.8
Kew Gardens,2019-05-13,17.8,2.5
Kew Gardens,2019-05-14,18.5,5.1
Kew Gardens,2019-05-15,19.9,6.5
Kew Gardens,2019-05-16,18.8,7.8
Kew Gardens,2019-05-17,14.7,9.0
Kew Gardens,2019-05-18,19.1,7.6
Kew Gardens,2019-05-19,17.8,6.3
Kew Gardens,2019-05-20,19.8,10.8
Kew Gardens,2019-05-21,20.7,6.4
Kew Gardens,2019-05-22,21.6,7.5
Kew Gardens,2019-05-23,24.2,6.5
Kew Gardens,2019-05-24,22.6,7.7
Kew Gardens,2019-05-25,23.6,13.0
Kew Gardens,2019-05-26,20.3,14.1
Kew Gardens,2019-05-27,19.4,6.8
Kew Gardens,2019-05-28,17.5,8.9
Kew Gardens,2019-05-29,15.7,7.4
Kew Gardens,2019-05-30,24.2,14.5
Kew Gardens,2019-05-31,20.6,13.6
Kew Gardens,2019-06-01,26.7,8.7
Kew Gardens,2019-06-02,26.2,13.1
Kew Gardens,2019-06-03,20.9,10.0
Kew Gardens,2019-06-04,17.6,8.4
Kew Gardens,2019-06-05,18.8,11.2
Kew Gardens,2019-06-06,19.9,6.9
Kew Gardens,2019-06-07,19.1,9.1
Kew Gardens,2019-06-08,19.2,10.9
Kew Gardens,2019-06-09,19.5,6.6
Kew Gardens,2019-06-10,14.1,9.6
Kew Gardens,2019-06-11,18.3,11.0
Kew Gardens,2019-06-12,16.1,11.3
Kew Gardens,2019-06-13,14.5,11.3
Kew Gardens,2019-06-14,19.7,12.3
Kew Gardens,2019-06-15,20.1,9.7
Kew Gardens,2019-06-16,20.5,7.7
Kew Gardens,2019-06-17,22.5,10.5
Kew Gardens,2019-06-18,19.4,10.1
Kew Gardens,2019-06-19,19.7,13.8
Kew Gardens,2019-06-20,20.3,12.8
Kew Gardens,2019-06-21,21.5,8.1
Kew Gardens,2019-06-22,22.9,8.4
Kew Gardens,2019-06-23,24.3,11.6
Kew Gardens,2019-06-24,24.8,15.3
Kew Gardens,2019-06-25,23.5,17.3
Kew Gardens,2019-06-26,21.6,15.4
Kew Gardens,2019-06-27,23.5,13.0
Kew Gardens,2019-06-28,23.0,13.7
Kew Gardens,2019-06-29,33.5,13.2
Kew Gardens,2019-06-30,25.3,15.1
Kew Gardens,2019-07-01,24.5,18.5
Kew Gardens,2019-07-02,22.5,17.4
Kew Gardens,2019-07-03,23.2,11.0
Kew Gardens,2019-07-04,26.8,9.7
Kew Gardens,2019-07-05,26.8,13.7
Kew Gardens,2019-07-06,24.1,11.9
Kew Gardens,2019-07-07,22.3,14.2
Kew Gardens,2019-07-08,24.5,12.4
Kew Gardens,2019-07-09,24.5,14.8
Kew Gardens,2019-07-10,26.5,15.4
Kew Gardens,2019-07-11,26.7,15.6
Kew Gardens,2019-07-12,26.1,17.4
Kew Gardens,2019-07-13,24.5,14.8
Kew Gardens,2019-07-14,23.3,12.3
Kew Gardens,2019-07-15,22.5,11.5
Kew Gardens,2019-07-16,27.2,9.5
Kew Gardens,2019-07-17,25.8,11.6
Kew Gardens,2019-07-18,24.0,14.7
Kew Gardens,2019-07-19,18.9,10.4
Kew Gardens,2019-07-20,25.6,15.9
Kew Gardens,2019-07-21,23.7,11.5
Kew Gardens,2019-07-22,27.2,15.9
Kew Gardens,2019-07-23,33.2,14.5
Kew Gardens,2019-07-24,32.6,19.1
Kew Gardens,2019-07-25,37.9,17.3
Kew Gardens,2019-07-26,27.1,18.8
Kew Gardens,2019-07-27,21.0,15.7
Kew Gardens,2019-07-28,23.9,15.7
Kew Gardens,2019-07-29,25.5,11.5
Kew Gardens,2019-07-30,21.6,15.2
Kew Gardens,2019-07-31,23.5,16.3
Kew Gardens,2019-08-01,25.6,14.2
Kew Gardens,2019-08-02,25.2,14.2
Kew Gardens,2019-08-03,24.7,13.8
Kew Gardens,2019-08-04,26.3,13.0
Kew Gardens,2019-08-05,25.5,15.5
Kew Gardens,2019-08-06,23.7,14.4
Kew Gardens,2019-08-07,22.7,13.7
Kew Gardens,2019-08-08,24.0,12.3
Kew Gardens,2019-08-09,25.1,17.6
Kew Gardens,2019-08-10,22.0,16.8
Kew Gardens,2019-08-11,22.6,14.7
Kew Gardens,2019-08-12,19.6,12.1
Kew Gardens,2019-08-13,22.4,8.6
Kew Gardens,2019-08-14,17.2,11.8
Kew Gardens,2019-08-15,22.6,14.6
Kew Gardens,2019-08-16,19.3,10.3
Kew Gardens,2019-08-17,18.2,14.8
Kew Gardens,2019-08-18,23.1,16.9
Kew Gardens,2019-08-19,23.6,
Kew Gardens,2019-08-20,21.7,12.3
Kew Gardens,2019-08-21,22.5,8.4
Kew Gardens,2019-08-22,23.6,10.4
Kew Gardens,2019-08-23,27.1,11.8
Kew Gardens,2019-08-24,29.6,11.6
Kew Gardens,2019-08-25,32.7,13.6
Kew Gardens,2019-08-26,25.9,13.9
Kew Gardens,2019-08-27,32.8,14.5
Kew Gardens,2019-08-28,25.1,17.2
Kew Gardens,2019-08-29,24.0,11.7
Kew Gardens,2019-08-30,24.3,12.1
Kew Gardens,2019-08-31,24.1,10.1
Kew Gardens,2019-09-01,20.9,10.7
Kew Gardens,2019-09-02,22.4,5.7
Kew Gardens,2019-09-03,22.1,14.1
Kew Gardens,2019-09-04,20.6,14.7
Kew Gardens,2019-09-05,18.6,10.0
Kew Gardens,2019-09-06,18.3,7.3
Kew Gardens,2019-09-07,18.4,10.0
Kew Gardens,2019-09-08,19.4,4.5
Kew Gardens,2019-09-09,16.0,9.2
Kew Gardens,2019-09-10,21.7,9.1
Kew Gardens,2019-09-11,21.3,12.8
Kew Gardens,2019-09-12,26.1,11.6
Kew Gardens,2019-09-13,21.8,13.3
Kew Gardens,2019-09-14,24.0,6.7
Kew Gardens,2019-09-15,26.7,7.4
Kew Gardens,2019-09-16,20.3,13.8
Kew Gardens,2019-09-17,19.7,8.9
Kew Gardens,2019-09-18,19.9,5.5
Kew Gardens,2019-09-19,21.8,6.3
Kew Gardens,2019-09-20,22.2,7.1
Kew Gardens,2019-09-21,26.3,10.5
Kew Gardens,2019-09-22,23.6,13.3
Kew Gardens,2019-09-23,20.9,11.6
Kew Gardens,2019-09-24,20.5,14.9
Kew Gardens,2019-09-25,21.4,14.5
Kew Gardens,2019-09-26,20.2,14.4
Kew Gardens,2019-09-27,18.3,12.4
Kew Gardens,2019-09-28,19.1,11.6
Kew Gardens,2019-09-29,19.4,13.7
Kew Gardens,2019-09-30,17.7,8.6
Kew Gardens,2019-10-01,20.8,11.4
Kew Gardens,2019-10-02,14.6,5.9
Kew Gardens,2019-10-03,14.6,2.5
Kew Gardens,2019-10-04,15.7,9.7
Kew Gardens,2019-10-05,15.9,9.9
Kew Gardens,2019-10-06,17.6,12.0
Kew Gardens,2019-10-07,16.1,9.1
Kew Gardens,2019-10-08,18.0,10.7
Kew Gardens,2019-10-09,16.2,9.8
Kew Gardens,2019-10-10,17.2,8.1
Kew Gardens,2019-10-11,17.2,12.9
Kew Gardens,2019-10-12,17.0,10.5
Kew Gardens,2019-10-13,17.2,9.0
Kew Gardens,2019-10-14,15.3,8.9
Kew Gardens,2019-10-15,17.4,10.2
Kew Gardens,2019-10-16,16.4,6.7
Kew Gardens,2019-10-17,15.6,6.6
Kew Gardens,2019-10-18,15.8,9.0
Kew Gardens,2019-10-19,15.5,6.1
Kew Gardens,2019-10-20,12.1,3.0
Kew Gardens,2019-10-21,13.0,10.4
Kew Gardens,2019-10-22,16.3,4.1
Kew Gardens,2019-10-23,15.3,2.6
Kew Gardens,2019-10-24,12.7,9.5
Kew Gardens,2019-10-25,16.9,7.6
Kew Gardens,2019-10-26,16.7,7.4
Kew Gardens,2019-10-27,12.8,2.6
Kew Gardens,2019-10-28,11.3,-0.6
Kew Gardens,2019-10-29,11.6,6.6
Kew Gardens,2019-10-30,13.2,7.6
Kew Gardens,2019-10-31,12.9,5.9
Kew Gardens,2019-11-01,15.8,6.3
Kew Gardens,2019-11-02,15.3,9.9
Kew Gardens,2019-11-03,12.2,3.8
Kew Gardens,2019-11-04,13.3,4.8
Kew Gardens,2019-11-05,13.1,4.6
Kew Gardens,2019-11-06,10.0,1.2
Kew Gardens,2019-11-07,11.4,2.2
Kew Gardens,2019-11-08,8.7,-0.8
Kew Gardens,2019-11-09,8.1,-0.7
Kew Gardens,2019-11-10,10.8,3.0
Kew Gardens,2019-11-11,9.8,3.4
Kew Gardens,2019-11-12,8.9,2.0
Kew Gardens,2019-11-13,10.5,1.5
Kew Gardens,2019-11-14,10.5,3.5
Kew Gardens,2019-11-15,9.1,3.5
Kew Gardens,2019-11-16,9.0,4.5
Kew Gardens,2019-11-17,9.8,0.4
Kew Gardens,2019-11-18,8.8,0.1
Kew Gardens,2019-11-19,6.2,-2.5
Kew Gardens,2019-11-20,8.0,1.2
Kew Gardens,2019-11-21,5.8,2.7
Kew Gardens,2019-11-22,9.7,5.7
Kew Gardens,2019-11-23,11.2,8.1
Kew Gardens,2019-11-24,11.5,4.9
Kew Gardens,2019-11-25,11.5,8.6
Kew Gardens,2019-11-26,13.5,9.4
Kew Gardens,2019-11-27,12.6,8.7
Kew Gardens,2019-11-28,10.2,7.9
Kew Gardens,2019-11-29,8.3,0.2
Kew Gardens,2019-11-30,7.4,-1.8
Kew Gardens,2019-12-01,8.0,2.6
Kew Gardens,2019-12-02,8.2,-2.8
Kew Gardens,2019-12-03,10.7,-0.8
Kew Gardens,2019-12-04,10.2,-1.6
Kew Gardens,2019-12-05,10.0,-2.1
Kew Gardens,2019-12-06,13.3,9.9
Kew Gardens,2019-12-07,11.2,5.7
Kew Gardens,2019-12-08,11.8,6.5
Kew Gardens,2019-12-09,10.0,-0.3
Kew Gardens,2019-12-10,11.7,-1.7
Kew Gardens,2019-12-11,9.5,0.6
Kew Gardens,2019-12-12,9.4,-1.3
Kew Gardens,2019-12-13,9.2,6.4
Kew Gardens,2019-12-14,8.9,3.7
Kew Gardens,2019-12-15,10.6,4.6
Kew Gardens,2019-12-16,8.7,5.3
Kew Gardens,2019-12-17,7.9,5.3
Kew Gardens,2019-12-18,9.8,-0.1
Kew Gardens,2019-12-19,13.5,9.6
Kew Gardens,2019-12-20,12.3,4.7
Kew Gardens,2019-12-21,10.6,2.9
Kew Gardens,2019-12-22,9.5,5.4
Kew Gardens,2019-12-23,11.2,3.6
Kew Gardens,2019-12-24,12.3,6.7
Kew Gardens,2019-12-25,10.0,-0.3
Kew Gardens,2019-12-26,10.1,-0.6
Kew Gardens,2019-12-27,9.7,4.0
Kew Gardens,2019-12-28,9.3,6.3
Kew Gardens,2019-12-29,10.0,2.1
Kew Gardens,2019-12-30,11.5,0.0
Kew Gardens,2019-12-31,9.3,5.1
Kew Gardens,2020-01-01,8.3,0.8
Kew Gardens,2020-01-02,10.5,6.1
Kew Gardens,2020-01-03,10.9,4.1
Kew Gardens,2020-01-04,9.5,2.7
Kew Gardens,2020-01-05,8.9,6.3
Kew Gardens,2020-01-06,8.6,6.3
Kew Gardens,2020-01-07,12.9,2.9
Kew Gardens,2020-01-08,12.9,8.9
Kew Gardens,2020-01-09,14.1,7.0
Kew Gardens,2020-01-10,9.5,2.0
Kew Gardens,2020-01-11,10.9,2.4
Kew Gardens,2020-01-12,12.1,5.4
Kew Gardens,2020-01-13,11.3,2.5
Kew Gardens,2020-01-14,13.1,6.8
Kew Gardens,2020-01-15,12.7,6.2
Kew Gardens,2020-01-16,12.4,4.3
Kew Gardens,2020-01-17,11.5,3.3
Kew Gardens,2020-01-18,8.0,-1.8
Kew Gardens,2020-01-19,7.8,-3.0
Kew Gardens,2020-01-20,9.2,-2.1
Kew Gardens,2020-01-21,8.8,-3.1
Kew Gardens,2020-01-22,7.8,-1.1
Kew Gardens,2020-01-23,8.2,7.1
Kew Gardens,2020-01-24,7.4,5.7
Kew Gardens,2020-01-25,6.6,5.2
Kew Gardens,2020-01-26,10.6,5.1
Kew Gardens,2020-01-27,9.7,3.8
Kew Gardens,2020-01-28,7.9,2.1
Kew Gardens,2020-01-29,10.0,0.9
Kew Gardens,2020-01-30,12.8,6.7
Kew Gardens,2020-01-31,12.4,8.5
Kew Gardens,2020-02-01,12.3,7.5
Kew Gardens,2020-02-02,13.6,6.3
Kew Gardens,2020-02-03,11.6,6.9
Kew Gardens,2020-02-04,9.5,4.5
Kew Gardens,2020-02-05,9.4,-0.1
Kew Gardens,2020-02-06,10.7,-2.0
Kew Gardens,2020-02-07,10.2,-1.0
Kew Gardens,2020-02-08,11.3,7.1
Kew Gardens,2020-02-09,13.2,7.7
Kew Gardens,2020-02-10,10.2,3.3
Kew Gardens,2020-02-11,8.7,3.6
Kew Gardens,2020-02-12,9.1,1.5
Kew Gardens,2020-02-13,10.0,5.1
Kew Gardens,2020-02-14,12.7,-0.3
Kew Gardens,2020-02-15,13.1,10.0
Kew Gardens,2020-02-16,13.2,6.8
Kew Gardens,2020-02-17,11.6,5.6
Kew Gardens,2020-02-18,10.8,4.1
Kew Gardens,2020-02-19,9.5,2.7
Kew Gardens,2020-02-20,10.2,4.2
Kew Gardens,2020-02-21,11.3,3.1
Kew Gardens,2020-02-22,13.9,9.4
Kew Gardens,2020-02-23,14.9,6.3
Kew Gardens,2020-02-24,12.2,5.9
Kew Gardens,2020-02-25,9.6,4.1
Kew Gardens,2020-02-26,8.9,1.5
Kew Gardens,2020-02-27,8.3,1.4
Kew Gardens,2020-02-28,11.7,-2.0
Kew Gardens,2020-02-29,11.4,4.4
Kew Gardens,2020-03-01,11.1,3.7
Kew Gardens,2020-03-02,10.1,2.5
Kew Gardens,2020-03-03,10.2,-0.6
Kew Gardens,2020-03-04,8.4,-1.1
Kew Gardens,2020-03-05,6.2,5.2
Kew Gardens,2020-03-06,10.4,0.7
Kew Gardens,2020-03-07,13.0,-1.2
Kew Gardens,2020-03-08,13.7,6.9
Kew Gardens,2020-03-09,11.5,3.7
Kew Gardens,2020-03-10,16.5,8.3
Kew Gardens,2020-03-11,15.3,8.7
Kew Gardens,2020-03-12,11.2,4.3
Kew Gardens,2020-03-13,12.3,5.9
Kew Gardens,2020-03-14,13.1,6.5
Kew Gardens,2020-03-15,12.7,6.3
Kew Gardens,2020-03-16,13.3,0.7
Kew Gardens,2020-03-17,13.9,2.7
Kew Gardens,2020-03-18,11.9,9.0
Kew Gardens,2020-03-19,14.9,6.0
Kew Gardens,2020-03-20,9.9,6.1
Kew Gardens,2020-03-21,11.0,4.2
Kew Gardens,2020-03-22,11.1,3.8
Kew Gardens,2020-03-23,13.6,1.9
Kew Gardens,2020-03-24,15.7,-1.5
Kew Gardens,2020-03-25,14.1,-1.7
Kew Gardens,2020-03-26,13.3,0.9
Kew Gardens,2020-03-27,13.6,2.2
Kew Gardens,2020-03-28,11.8,5.1
Kew Gardens,2020-03-29,7.8,3.7
Kew Gardens,2020-03-30,10.8,1.9
Kew Gardens,2020-03-31,10.8,3.0
Kew Gardens,2020-04-01,9.4,-2.5
Kew Gardens,2020-04-02,13.8,5.1
Kew Gardens,2020-04-03,13.6,4.9
Kew Gardens,2020-04-04,17.1,0.2
Kew Gardens,2020-04-05,21.5,4.9
Kew Gardens,2020-04-06,17.9,7.6
Kew Gardens,2020-04-07,19.9,1.9
Kew Gardens,2020-04-08,21.6,8.2
Kew Gardens,2020-04-09,22.7,6.7
Kew Gardens,2020-04-10,23.0,6.9
Kew Gardens,2020-04-11,25.1,6.4
Kew Gardens,2020-04-12,25.0,6.7
Kew Gardens,2020-04-13,17.3,6.0
Kew Gardens,2020-04-14,13.1,3.8
Kew Gardens,2020-04-15,18.5,0.1
Kew Gardens,2020-04-16,20.1,2.3
Kew Gardens,2020-04-17,14.6,9.3
Kew Gardens,2020-04-18,15.8,6.7
Kew Gardens,2020-04-19,18.2,5.2
Kew Gardens,2020-04-20,18.7,6.3
Kew Gardens,2020-04-21,18.2,9.1
Kew Gardens,2020-04-22,21.0,7.8
Kew Gardens,2020-04-23,23.8,7.5
Kew Gardens,2020-04-24,22.7,5.4
Kew Gardens,2020-04-25,16.6,6.9
Kew Gardens,2020-04-26,20.7,2.0
Kew Gardens,2020-04-27,18.9,4.2
Kew Gardens,2020-04-28,12.5,7.5
Kew Gardens,2020-04-29,14.5,7.4
Kew Gardens,2020-04-30,13.6,4.6
Kew Gardens,2020-05-01,15.4,6.4
Kew Gardens,2020-05-02,18.0,6.3
Kew Gardens,2020-05-03,15.4,6.0
Kew Gardens,2020-05-04,17.7,8.4
Kew Gardens,2020-05-05,15.3,8.3
Kew Gardens,2020-05-06,18.4,5.6
Kew Gardens,2020-05-07,23.2,4.5
Kew Gardens,2020-05-08,24.5,7.0
Kew Gardens,2020-05-09,24.4,7.1
Kew Gardens,2020-05-10,18.5,8.2
Kew Gardens,2020-05-11,12.4,5.0
Kew Gardens,2020-05-12,15.9,-0.2
Kew Gardens,2020-05-13,13.2,6.1
Kew Gardens,2020-05-14,14.5,3.0
Kew Gardens,2020-05-15,19.1,0.8
Kew Gardens,2020-05-16,17.5,4.4
Kew Gardens,2020-05-17,20.5,4.9
Kew Gardens,2020-05-18,23.3,10.0
Kew Gardens,2020-05-19,25.9,11.4
Kew Gardens,2020-05-20,27.5,10.1
Kew Gardens,2020-05-21,27.4,10.5
Kew Gardens,2020-05-22,22.3,14.6
Kew Gardens,2020-05-23,19.4,10.7
Kew Gardens,2020-05-24,23.0,10.5
Kew Gardens,2020-05-25,26.0,7.7
Kew Gardens,2020-05-26,26.9,8.7
Kew Gardens,2020-05-27,25.2,11.4
Kew Gardens,2020-05-28,21.9,11.2
Kew Gardens,2020-05-29,23.3,10.3
Kew Gardens,2020-05-30,25.1,10.2
Kew Gardens,2020-05-31,24.8,12.6
Kew Gardens,2020-06-01,26.3,11.6
Kew Gardens,2020-06-02,25.6,12.1
Kew Gardens,2020-06-03,19.3,10.6
Kew Gardens,2020-06-04,16.5,10.6
Kew Gardens,2020-06-05,17.3,10.5
Kew Gardens,2020-06-06,14.3,7.5
Kew Gardens,2020-06-07,19.5,6.1
Kew Gardens,2020-06-08,16.8,10.4
Kew Gardens,2020-06-09,20.3,7.8
Kew Gardens,2020-06-10,16.2,11.1
Kew Gardens,2020-06-11,20.6,10.7
Kew Gardens,2020-06-12,21.3,14.0
Kew Gardens,2020-06-13,25.3,11.9
Kew Gardens,2020-06-14,22.9,11.5
Kew Gardens,2020-06-15,25.4,9.9
Kew Gardens,2020-06-16,24.4,11.9
Kew Gardens,2020-06-17,23.8,10.9
Kew Gardens,2020-06-18,19.8,13.9
Kew Gardens,2020-06-19,20.1,12.6
Kew Gardens,2020-06-20,22.9,10.6
Kew Gardens,2020-06-21,23.1,13.1
Kew Gardens,2020-06-22,23.6,8.0
Kew Gardens,2020-06-23,28.6,10.4
Kew Gardens,2020-06-24,31.7,14.4
Kew Gardens,2020-06-25,32.6,17.2
Kew Gardens,2020-06-26,31.2,17.2
Kew Gardens,2020-06-27,21.5,14.8
Kew Gardens,2020-06-28,21.0,11.9
Kew Gardens,2020-06-29,20.6,11.2
Kew Gardens,2020-06-30,18.4,12.5
Kew Gardens,2020-07-01,21.5,13.9
Kew Gardens,2020-07-02,21.9,10.8
Kew Gardens,2020-07-03,21.8,11.7
Kew Gardens,2020-07-04,20.6,14.3
Kew Gardens,2020-07-05,22.0,15.1
Kew Gardens,2020-07-06,20.5,11.0
Kew Gardens,2020-07-07,21.0,8.1
Kew Gardens,2020-07-08,20.0,13.4
Kew Gardens,2020-07-09,20.3,15.7
Kew Gardens,2020-07-10,19.7,12.6
Kew Gardens,2020-07-11,21.7,7.4
Kew Gardens,2020-07-12,25.1,7.5
Kew Gardens,2020-07-13,25.8,9.2
Kew Gardens,2020-07-14,21.6,15.1
Kew Gardens,2020-07-15,19.1,12.4
Kew Gardens,2020-07-16,23.8,16.1
Kew Gardens,2020-07-17,28.0,15.9
Kew Gardens,2020-07-18,26.1,13.9
Kew Gardens,2020-07-19,20.9,14.2
Kew Gardens,2020-07-20,22.6,9.5
Kew Gardens,2020-07-21,22.8,9.7
Kew Gardens,2020-07-22,25.5,12.3
Kew Gardens,2020-07-23,26.3,10.8
Kew Gardens,2020-07-24,25.9,16.2
Kew Gardens,2020-07-25,22.9,15.0
Kew Gardens,2020-07-26,23.2,11.6
Kew Gardens,2020-07-27,21.2,15.5
Kew Gardens,2020-07-28,21.2,12.6
Kew Gardens,2020-07-29,24.2,6.8
Kew Gardens,2020-07-30,29.6,10.9
Kew Gardens,2020-07-31,37.3,14.0
Kew Gardens,2020-08-01,26.6,16.2
Kew Gardens,2020-08-02,24.9,11.4
Kew Gardens,2020-08-03,23.3,13.3
Kew Gardens,2020-08-04,24.2,9.6
Kew Gardens,2020-08-05,26.2,15.0
Kew Gardens,2020-08-06,29.9,18.4
Kew Gardens,2020-08-07,36.4,13.2
Kew Gardens,2020-08-08,32.7,18.0
Kew Gardens,2020-08-09,33.5,17.4
Kew Gardens,2020-08-10,35.4,19.6
Kew Gardens,2020-08-11,35.4,19.2
Kew Gardens,2020-08-12,34.9,19.1
Kew Gardens,2020-08-13,28.5,20.0
Kew Gardens,2020-08-14,20.3,17.4
Kew Gardens,2020-08-15,20.1,17.1
Kew Gardens,2020-08-16,24.8,17.8
Kew Gardens,2020-08-17,23.7,14.5
Kew Gardens,2020-08-18,24.5,15.9
Kew Gardens,2020-08-19,19.8,14.1
Kew Gardens,2020-08-20,25.3,15.3
Kew Gardens,2020-08-21,23.5,14.8
Kew Gardens,2020-08-22,23.5,16.0
Kew Gardens,2020-08-23,22.7,14.9
Kew Gardens,2020-08-24,23.7,12.9
Kew Gardens,2020-08-25,21.8,15.5
Kew Gardens,2020-08-26,22.1,15.6
Kew Gardens,2020-08-27,18.1,11.3
Kew Gardens,2020-08-28,20.2,12.7
Kew Gardens,2020-08-29,15.7,11.6
Kew Gardens,2020-08-30,17.5,12.0
Kew Gardens,2020-08-31,17.8,6.6
Kew Gardens,2020-09-01,21.5,5.1
Kew Gardens,2020-09-02,21.1,7.6
Kew Gardens,2020-09-03,22.1,15.4
Kew Gardens,2020-09-04,20.5,11.5
Kew Gardens,2020-09-05,19.7,9.1
Kew Gardens,2020-09-06,19.9,8.3
Kew Gardens,2020-09-07,21.6,8.5
Kew Gardens,2020-09-08,25.5,16.1
Kew Gardens,2020-09-09,22.2,14.2
Kew Gardens,2020-09-10,20.6,8.2
Kew Gardens,2020-09-11,19.7,6.7
Kew Gardens,2020-09-12,22.4,11.3
Kew Gardens,2020-09-13,25.9,11.4
Kew Gardens,2020-09-14,29.5,8.9
Kew Gardens,2020-09-15,29.6,13.5
Kew Gardens,2020-09-16,26.0,17.5
Kew Gardens,2020-09-17,22.0,12.8
Kew Gardens,2020-09-18,21.6,10.8
Kew Gardens,2020-09-19,25.1,13.4
Kew Gardens,2020-09-20,25.6,14.1
Kew Gardens,2020-09-21,25.0,13.8
Kew Gardens,2020-09-22,25.4,10.3
Kew Gardens,2020-09-23,18.7,11.8
Kew Gardens,2020-09-24,17.4,6.6
Kew Gardens,2020-09-25,15.3,5.6
Kew Gardens,2020-09-26,13.4,6.7
Kew Gardens,2020-09-27,13.9,10.7
Kew Gardens,2020-09-28,18.5,8.5
Kew Gardens,2020-09-29,19.4,12.0
Kew Gardens,2020-09-30,17.4,7.6
Kew Gardens,2020-10-01,16.6,9.1
Kew Gardens,2020-10-02,13.4,9.9
Kew Gardens,2020-10-03,15.2,11.7
Kew Gardens,2020-10-04,11.7,8.9
Kew Gardens,2020-10-05,18.2,8.4
Kew Gardens,2020-10-06,17.1,10.7
Kew Gardens,2020-10-07,16.5,8.4
Kew Gardens,2020-10-08,18.8,9.6
Kew Gardens,2020-10-09,15.0,4.5
Kew Gardens,2020-10-10,14.1,2.7
Kew Gardens,2020-10-11,14.5,5.9
Kew Gardens,2020-10-12,13.5,4.7
Kew Gardens,2020-10-13,11.4,5.1
Kew Gardens,2020-10-14,14.7,8.2
Kew Gardens,2020-10-15,13.7,7.8
Kew Gardens,2020-10-16,14.1,4.8
Kew Gardens,2020-10-17,12.7,8.3
Kew Gardens,2020-10-18,13.1,6.5
Kew Gardens,2020-10-19,16.3,6.8
Kew Gardens,2020-10-20,19.0,11.9
Kew Gardens,2020-10-21,15.9,13.1
Kew Gardens,2020-10-22,14.9,10.8
Kew Gardens,2020-10-23,16.3,9.0
Kew Gardens,2020-10-24,16.2,5.2
Kew Gardens,2020-10-25,13.4,6.3
Kew Gardens,2020-10-26,14.2,5.4
Kew Gardens,2020-10-27,14.1,4.1
Kew Gardens,2020-10-28,14.0,7.4
Kew Gardens,2020-10-29,14.9,7.5
Kew Gardens,2020-10-30,16.3,14.4
Kew Gardens,2020-10-31,16.0,9.5
Kew Gardens,2020-11-01,17.1,10.2
Kew Gardens,2020-11-02,17.4,9.4
Kew Gardens,2020-11-03,11.1,4.6
Kew Gardens,2020-11-04,12.5,-0.5
Kew Gardens,2020-11-05,10.7,0.2
Kew Gardens,2020-11-06,12.3,0.0
Kew Gardens,2020-11-07,15.3,2.9
Kew Gardens,2020-11-08,15.7,8.0
Kew Gardens,2020-11-09,17.0,9.3
Kew Gardens,2020-11-10,16.1,7.9
Kew Gardens,2020-11-11,13.4,5.4
Kew Gardens,2020-11-12,14.0,8.9
Kew Gardens,2020-11-13,13.2,7.5
Kew Gardens,2020-11-14,14.6,8.1
Kew Gardens,2020-11-15,14.0,7.2
Kew Gardens,2020-11-16,12.5,7.0
Kew Gardens,2020-11-17,14.6,11.5
Kew Gardens,2020-11-18,16.4,8.7
Kew Gardens,2020-11-19,10.4,3.7
Kew Gardens,2020-11-20,10.4,-0.5
Kew Gardens,2020-11-21,12.3,10.0
Kew Gardens,2020-11-22,11.9,5.0
Kew Gardens,2020-11-23,10.8,0.8
Kew Gardens,2020-11-24,12.7,4.5
Kew Gardens,2020-11-25,13.7,7.2
Kew Gardens,2020-11-26,9.5,1.7
Kew Gardens,2020-11-27,6.5,-2.8
Kew Gardens,2020-11-28,10.2,5.8
Kew Gardens,2020-11-29,9.9,7.1
Kew Gardens,2020-11-30,10.6,4.6
Kew Gardens,2020-12-01,10.3,1.2
Kew Gardens,2020-12-02,6.8,1.1
Kew Gardens,2020-12-03,7.1,1.7
Kew Gardens,2020-12-04,5.8,2.3
Kew Gardens,2020-12-05,8.6,2.5
Kew Gardens,2020-12-06,6.0,0.8
Kew Gardens,2020-12-07,3.1,-0.1
Kew Gardens,2020-12-08,5.3,-0.3
Kew Gardens,2020-12-09,6.8,2.1
Kew Gardens,2020-12-10,7.6,4.5
Kew Gardens,2020-12-11,11.3,5.4
Kew Gardens,2020-12-12,9.7,3.4
Kew Gardens,2020-12-13,11.8,-0.1
Kew Gardens,2020-12-14,12.7,8.4
Kew Gardens,2020-12-15,11.8,5.3
Kew Gardens,2020-12-16,10.7,5.4
Kew Gardens,2020-12-17,12.1,5.5
Kew Gardens,2020-12-18,12.2,10.2
Kew Gardens,2020-12-19,12.7,7.7
Kew Gardens,2020-12-20,11.2,4.1
Kew Gardens,2020-12-21,13.9,3.5
Kew Gardens,2020-12-22,14.0,9.6
Kew Gardens,2020-12-23,14.0,7.8
Kew Gardens,2020-12-24,8.6,3.0
Kew Gardens,2020-12-25,4.5,-0.3
Kew Gardens,2020-12-26,10.8,-1.2
Kew Gardens,2020-12-27,10.8,-0.2
Kew Gardens,2020-12-28,3.5,-2.1
Kew Gardens,2020-12-29,4.6,1.2
Kew Gardens,2020-12-30,5.3,-2.1
Kew Gardens,2020-12-31,1.5,-3.4
Kew Gardens,2021-01-01,4.0,-0.6
Kew Gardens,2021-01-02,5.6,1.6
Kew Gardens,2021-01-03,6.2,0.9
Kew Gardens,2021-01-13,9.8,-0.2
Kew Gardens,2021-01-14,9.9,2.8
Kew Gardens,2021-01-15,3.9,-2.1
Kew Gardens,2021-01-16,8.8,-2.0
Kew Gardens,2021-01-17,8.0,1.5
Kew Gardens,2021-01-18,8.4,-0.4
Kew Gardens,2021-01-19,12.2,8.3
Kew Gardens,2021-01-20,10.6,9.1
Kew Gardens,2021-01-21,10.1,3.8
Kew Gardens,2021-01-22,8.9,-2.0
Kew Gardens,2021-01-23,5.1,-1.8
Kew Gardens,2021-01-24,1.5,-3.9
Kew Gardens,2021-01-25,5.6,-3.8
Kew Gardens,2021-01-26,5.8,-3.2
Kew Gardens,2021-01-27,9.7,5.8
Kew Gardens,2021-01-28,13.5,8.2
Kew Gardens,2021-01-29,11.4,7.6
Kew Gardens,2021-01-30,8.0,5.2
Kew Gardens,2021-01-31,4.4,1.2
Kew Gardens,2021-02-01,4.6,3.3
Kew Gardens,2021-02-02,13.6,3.6
Kew Gardens,2021-02-03,11.0,4.3
Kew Gardens,2021-02-04,9.3,0.4
Kew Gardens,2021-02-05,11.7,4.5
Kew Gardens,2021-02-06,8.6,4.1
Kew Gardens,2021-02-07,5.9,0.1
Kew Gardens,2021-02-08,0.3,-1.7
Kew Gardens,2021-02-09,0.5,-1.0
Kew Gardens,2021-02-10,2.8,-1.2
Kew Gardens,2021-02-11,1.8,-2.6
Kew Gardens,2021-02-12,2.2,-1.2
Kew Gardens,2021-02-13,2.1,-3.9
Kew Gardens,2021-02-14,4.4,0.8
Kew Gardens,2021-02-15,13.9,3.8
Kew Gardens,2021-02-16,11.0,7.7
Kew Gardens,2021-02-17,12.0,6.0
Kew Gardens,2021-02-18,11.2,5.3
Kew Gardens,2021-02-19,11.3,3.4
Kew Gardens,2021-02-20,15.0,11.0
Kew Gardens,2021-02-21,14.9,8.6
Kew Gardens,2021-02-22,11.2,5.8
Kew Gardens,2021-02-23,14.5,3.7
Kew Gardens,2021-02-24,16.3,10.7
Kew Gardens,2021-02-25,12.8,4.3
Kew Gardens,2021-02-26,13.0,-0.9
Kew Gardens,2021-02-27,14.0,-1.1
Kew Gardens,2021-02-28,9.7,0.4
Kew Gardens,2021-03-01,10.7,4.0
Kew Gardens,2021-03-02,9.0,4.0
Kew Gardens,2021-03-03,8.6,3.2
Kew Gardens,2021-03-04,6.9,4.1
Kew Gardens,2021-03-05,6.8,2.0
Kew Gardens,2021-03-06,6.4,-0.3
Kew Gardens,2021-03-07,7.2,-0.9
Kew Gardens,2021-03-08,10.9,-2.1
Kew Gardens,2021-03-09,14.0,-0.3
Kew Gardens,2021-03-10,10.0,5.8
Kew Gardens,2021-03-11,12.6,6.0
Kew Gardens,2021-03-12,7.9,4.3
Kew Gardens,2021-03-13,,
Kew Gardens,2021-03-14,10.6,7.6
Kew Gardens,2021-03-15,12.2,7.3
Kew Gardens,2021-03-16,14.4,6.8
Kew Gardens,2021-03-17,10.3,3.3
Kew Gardens,2021-03-18,9.5,3.6
Kew Gardens,2021-03-19,11.4,6.2
Kew Gardens,2021-03-20,10.8,2.1
Kew Gardens,2021-03-21,12.2,5.2
Kew Gardens,2021-03-22,14.9,2.2
Kew Gardens,2021-03-23,13.8,1.1
Kew Gardens,2021-03-24,13.7,0.1
Kew Gardens,2021-03-25,13.5,1.4
Kew Gardens,2021-03-26,12.7,4.4
Kew Gardens,2021-03-27,12.7,2.9
Kew Gardens,2021-03-28,12.6,8.5
Kew Gardens,2021-03-29,20.2,8.0
Kew Gardens,2021-03-30,24.5,1.6
Kew Gardens,2021-03-31,20.2,5.2
Kew Gardens,2021-04-01,14.7,7.1
Kew Gardens,2021-04-02,10.8,5.3
Kew Gardens,2021-04-03,10.0,5.4
Kew Gardens,2021-04-04,15.7,1.2
Kew Gardens,2021-04-05,10.3,3.5
Kew Gardens,2021-04-06,8.1,-1.2
Kew Gardens,2021-04-07,6.8,-2.4
Kew Gardens,2021-04-08,13.1,1.7
Kew Gardens,2021-04-09,14.5,4.1
Kew Gardens,2021-04-10,8.3,5.8
Kew Gardens,2021-04-11,9.3,0.9
Kew Gardens,2021-04-12,10.9,-2.2
Kew Gardens,2021-04-13,13.1,-2.7
Kew Gardens,2021-04-14,12.1,0.6
Kew Gardens,2021-04-15,10.4,1.5
Kew Gardens,2021-04-16,11.6,-0.6
Kew Gardens,2021-04-17,13.7,-2.0
Kew Gardens,2021-04-18,15.6,-1.2
Kew Gardens,2021-04-19,17.4,0.8
Kew Gardens,2021-04-20,18.2,2.1
Kew Gardens,2021-04-21,14.0,4.6
Kew Gardens,2021-04-22,14.2,1.7
Kew Gardens,2021-04-23,16.7,1.0
Kew Gardens,2021-04-24,17.0,1.5
Kew Gardens,2021-04-25,13.8,4.9
Kew Gardens,2021-04-26,14.1,4.9
Kew Gardens,2021-04-27,16.6,-0.5
Kew Gardens,2021-04-28,12.8,6.0
Kew Gardens,2021-04-29,11.9,4.0
Kew Gardens,2021-04-30,12.9,1.7
Kew Gardens,2021-05-01,13.1,0.4
Kew Gardens,2021-05-02,15.0,1.4
Kew Gardens,2021-05-03,13.7,3.0
Kew Gardens,2021-05-04,14.6,7.1
Kew Gardens,2021-05-05,14.0,3.3
Kew Gardens,2021-05-06,12.8,0.1
Kew Gardens,2021-05-07,15.0,2.4
Kew Gardens,2021-05-08,16.4,6.6
Kew Gardens,2021-05-09,20.1,12.0
Kew Gardens,2021-05-10,16.9,9.8
Kew Gardens,2021-05-11,17.9,4.7
Kew Gardens,2021-05-12,17.3,8.3
Kew Gardens,2021-05-13,14.4,9.1
Kew Gardens,2021-05-14,12.9,8.0
Kew Gardens,2021-05-15,15.1,8.1
Kew Gardens,2021-05-16,15.0,6.0
Kew Gardens,2021-05-17,15.9,9.6
Kew Gardens,2021-05-18,16.4,4.9
Kew Gardens,2021-05-19,18.2,8.6
Kew Gardens,2021-05-20,14.6,4.4
Kew Gardens,2021-05-21,13.2,10.4
Kew Gardens,2021-05-22,15.9,7.9
Kew Gardens,2021-05-23,13.2,3.2
Kew Gardens,2021-05-24,14.7,5.5
Kew Gardens,2021-05-25,13.8,6.5
Kew Gardens,2021-05-26,17.7,6.0
Kew Gardens,2021-05-27,20.7,8.7
Kew Gardens,2021-05-28,20.0,8.4
Kew Gardens,2021-05-29,21.7,12.0
Kew Gardens,2021-05-30,21.2,7.8
Kew Gardens,2021-05-31,23.9,7.9
Kew Gardens,2021-06-01,25.7,10.8
Kew Gardens,2021-06-02,27.9,11.7
Kew Gardens,2021-06-03,24.5,17.2
Kew Gardens,2021-06-04,18.2,11.1
Kew Gardens,2021-06-05,23.7,11.0
Kew Gardens,2021-06-06,22.9,11.5
Kew Gardens,2021-06-07,23.8,12.4
Kew Gardens,2021-06-08,24.5,11.0
Kew Gardens,2021-06-09,25.9,9.8
Kew Gardens,2021-06-10,24.4,14.5
Kew Gardens,2021-06-11,24.9,16.6
Kew Gardens,2021-06-12,24.8,14.0
Kew Gardens,2021-06-13,27.6,12.9
Kew Gardens,2021-06-14,28.2,12.4
Kew Gardens,2021-06-15,25.8,15.0
Kew Gardens,2021-06-16,28.4,13.0
Kew Gardens,2021-06-17,21.9,17.3
Kew Gardens,2021-06-18,17.3,12.7
Kew Gardens,2021-06-19,16.3,12.1
Kew Gardens,2021-06-20,19.0,12.7
Kew Gardens,2021-06-21,15.0,12.0
Kew Gardens,2021-06-22,17.2,11.7
Kew Gardens,2021-06-23,21.7,6.7
Kew Gardens,2021-06-24,20.8,7.8
Kew Gardens,2021-06-25,22.6,13.4
Kew Gardens,2021-06-26,22.6,13.9
Kew Gardens,2021-06-27,20.6,15.5
Kew Gardens,2021-06-28,20.6,15.4
Kew Gardens,2021-06-29,18.8,14.5
Kew Gardens,2021-06-30,18.0,13.0
Kew Gardens,2021-07-01,21.9,11.8
Kew Gardens,2021-07-02,23.9,14.4
Kew Gardens,2021-07-03,21.8,15.9
Kew Gardens,2021-07-04,22.1,15.1
Kew Gardens,2021-07-05,21.1,13.7
Kew Gardens,2021-07-06,19.8,13.3
Kew Gardens,2021-07-07,21.4,12.4
Kew Gardens,2021-07-08,21.7,12.5
Kew Gardens,2021-07-09,23.6,14.1
Kew Gardens,2021-07-10,18.4,13.4
Kew Gardens,2021-07-11,22.0,10.6
Kew Gardens,2021-07-12,21.7,14.0
Kew Gardens,2021-07-13,22.8,15.0
Kew Gardens,2021-07-14,25.2,12.9
Kew Gardens,2021-07-15,21.3,12.6
Kew Gardens,2021-07-16,25.9,10.1
Kew Gardens,2021-07-17,28.1,14.9
Kew Gardens,2021-07-18,31.2,13.8
Kew Gardens,2021-07-19,30.5,15.9
Kew Gardens,2021-07-20,31.8,16.2
Kew Gardens,2021-07-21,29.7,16.5
Kew Gardens,2021-07-22,28.9,15.8
Kew Gardens,2021-07-23,24.2,15.2
Kew Gardens,2021-07-24,23.1,15.8
Kew Gardens,2021-07-25,21.7,16.4
Kew Gardens,2021-07-26,25.0,16.1
Kew Gardens,2021-07-27,22.6,16.2
Kew Gardens,2021-07-28,21.3,14.6
Kew Gardens,2021-07-29,22.3,11.6
Kew Gardens,2021-07-30,18.9,14.3
Kew Gardens,2021-07-31,20.4,13.0
Kew Gardens,2021-08-01,21.8,13.9
Kew Gardens,2021-08-02,20.5,11.8
Kew Gardens,2021-08-03,23.0,10.1
Kew Gardens,2021-08-04,23.5,10.8
Kew Gardens,2021-08-05,21.4,11.2
Kew Gardens,2021-08-06,22.6,14.8
Kew Gardens,2021-08-07,20.8,12.4
Kew Gardens,2021-08-08,20.2,13.2
Kew Gardens,2021-08-09,21.9,12.3
Kew Gardens,2021-08-10,23.1,11.4
Kew Gardens,2021-08-11,24.0,11.9
Kew Gardens,2021-08-12,22.0,15.9
Kew Gardens,2021-08-13,22.2,13.3
Kew Gardens,2021-08-14,24.9,13.2
Kew Gardens,2021-08-15,23.4,13.1
Kew Gardens,2021-08-16,18.9,12.8
Kew Gardens,2021-08-17,18.5,9.9
Kew Gardens,2021-08-18,23.3,15.3
Kew Gardens,2021-08-19,21.2,13.9
Kew Gardens,2021-08-20,21.6,12.9
Kew Gardens,2021-08-21,21.0,14.9
Kew Gardens,2021-08-22,23.1,15.2
Kew Gardens,2021-08-23,21.4,15.8
Kew Gardens,2021-08-24,23.1,12.1
Kew Gardens,2021-08-25,22.0,13.8
Kew Gardens,2021-08-26,18.2,15.6
Kew Gardens,2021-08-27,19.6,11.7
Kew Gardens,2021-08-28,20.6,9.2
Kew Gardens,2021-08-29,19.1,8.6
Kew Gardens,2021-08-30,17.0,13.7
Kew Gardens,2021-08-31,18.9,13.9
Kew Gardens,2021-09-01,18.3,14.3
Kew Gardens,2021-09-02,19.7,15.1
Kew Gardens,2021-09-03,22.0,13.8
Kew Gardens,2021-09-04,19.3,13.5
Kew Gardens,2021-09-05,25.9,14.2
Kew Gardens,2021-09-06,28.3,12.5
Kew Gardens,2021-09-07,29.8,13.6
Kew Gardens,2021-09-08,29.7,13.6
Kew Gardens,2021-09-09,23.3,15.8
Kew Gardens,2021-09-10,21.4,16.0
Kew Gardens,2021-09-11,22.9,15.8
Kew Gardens,2021-09-12,22.0,10.7
Kew Gardens,2021-09-13,20.9,13.9
Kew Gardens,2021-09-14,20.7,15.8
Kew Gardens,2021-09-15,21.7,13.5
Kew Gardens,2021-09-16,23.7,9.7
Kew Gardens,2021-09-17,21.8,11.4
Kew Gardens,2021-09-18,24.4,11.1
Kew Gardens,2021-09-19,20.4,13.2
Kew Gardens,2021-09-20,20.4,11.5
Kew Gardens,2021-09-21,22.5,9.2
Kew Gardens,2021-09-22,22.4,8.6
Kew Gardens,2021-09-23,21.6,10.1
Kew Gardens,2021-09-24,24.0,11.7
Kew Gardens,2021-09-25,18.5,13.3
Kew Gardens,2021-09-26,23.1,11.4
Kew Gardens,2021-09-27,18.3,11.3
Kew Gardens,2021-09-28,19.2,7.5
Kew Gardens,2021-09-29,16.4,6.9
Kew Gardens,2021-09-30,16.1,4.8
Kew Gardens,2021-10-01,18.0,8.7
Kew Gardens,2021-10-02,16.8,5.1
Kew Gardens,2021-10-03,17.8,9.5
Kew Gardens,2021-10-04,17.6,8.6
Kew Gardens,2021-10-05,15.0,10.3
Kew Gardens,2021-10-06,17.7,9.1
Kew Gardens,2021-10-07,18.3,9.9
Kew Gardens,2021-10-08,17.7,13.2
Kew Gardens,2021-10-09,20.2,7.3
Kew Gardens,2021-10-10,19.2,7.4
Kew Gardens,2021-10-11,16.9,5.4
Kew Gardens,2021-10-12,16.7,5.4
Kew Gardens,2021-10-13,16.5,5.7
Kew Gardens,2021-10-14,18.5,7.9
Kew Gardens,2021-10-15,15.1,10.0
Kew Gardens,2021-10-16,17.0,6.5
Kew Gardens,2021-10-17,17.8,7.9
Kew Gardens,2021-10-18,17.0,6.1
Kew Gardens,2021-10-19,21.0,16.0
Kew Gardens,2021-10-20,18.7,11.4
Kew Gardens,2021-10-21,12.6,4.1
Kew Gardens,2021-10-22,14.4,3.0
Kew Gardens,2021-10-23,13.6,8.3
Kew Gardens,2021-10-24,15.7,10.5
Kew Gardens,2021-10-25,17.3,7.2
Kew Gardens,2021-10-26,17.6,6.2
Kew Gardens,2021-10-27,18.0,13.9
Kew Gardens,2021-10-28,15.7,9.8
Kew Gardens,2021-10-29,16.5,7.4
Kew Gardens,2021-10-30,15.8,6.4
Kew Gardens,2021-10-31,15.9,4.9
Kew Gardens,2021-11-01,14.8,4.0
Kew Gardens,2021-11-02,13.4,0.4
Kew Gardens,2021-11-03,10.1,-0.6
Kew Gardens,2021-11-04,10.4,3.8
Kew Gardens,2021-11-05,11.9,-1.4
Kew Gardens,2021-11-06,12.9,7.3
Kew Gardens,2021-11-07,12.9,4.1
Kew Gardens,2021-11-08,12.3,1.2
Kew Gardens,2021-11-09,16.4,8.5
Kew Gardens,2021-11-10,13.3,6.2
Kew Gardens,2021-11-11,16.1,7.8
Kew Gardens,2021-11-12,15.6,6.6
Kew Gardens,2021-11-13,13.0,10.7
Kew Gardens,2021-11-14,13.4,10.0
Kew Gardens,2021-11-15,11.9,9.4
Kew Gardens,2021-11-16,12.2,2.1
Kew Gardens,2021-11-17,13.1,3.5
Kew Gardens,2021-11-18,14.3,2.4
Kew Gardens,2021-11-19,12.2,9.9
Kew Gardens,2021-11-20,10.9,9.0
Kew Gardens,2021-11-21,9.3,3.9
Kew Gardens,2021-11-22,10.1,3.4
Kew Gardens,2021-11-23,11.2,-0.5
Kew Gardens,2021-11-24,7.3,0.3
Kew Gardens,2021-11-25,7.6,0.2
Kew Gardens,2021-11-26,9.4,0.2
Kew Gardens,2021-11-27,5.5,2.8
Kew Gardens,2021-11-28,4.9,-0.7
Kew Gardens,2021-11-29,3.8,-3.9
Kew Gardens,2021-11-30,12.1,2.6
Kew Gardens,2021-12-01,11.5,5.0
Kew Gardens,2021-12-02,5.7,-1.6
Kew Gardens,2021-12-03,9.7,-1.5
Kew Gardens,2021-12-04,8.2,1.8
Kew Gardens,2021-12-05,6.9,4.3
Kew Gardens,2021-12-06,7.5,1.1
Kew Gardens,2021-12-07,8.1,-0.4
Kew Gardens,2021-12-08,8.7,4.9
Kew Gardens,2021-12-09,9.0,2.6
Kew Gardens,2021-12-10,8.3,3.7
Kew Gardens,2021-12-11,10.3,-0.6
Kew Gardens,2021-12-12,14.7,10.1
Kew Gardens,2021-12-13,11.9,9.0
Kew Gardens,2021-12-14,13.3,8.2
Kew Gardens,2021-12-15,13.3,7.9
Kew Gardens,2021-12-16,11.8,9.4
Kew Gardens,2021-12-17,11.0,7.2
Kew Gardens,2021-12-18,9.1,7.9
Kew Gardens,2021-12-19,8.1,3.2
Kew Gardens,2021-12-20,7.5,5.6
Kew Gardens,2021-12-21,6.5,-0.2
Kew Gardens,2021-12-22,5.4,-3.2
Kew Gardens,2021-12-23,10.9,2.1
Kew Gardens,2021-12-24,10.3,2.9
Kew Gardens,2021-12-25,8.9,5.8
Kew Gardens,2021-12-26,9.3,5.4
Kew Gardens,2021-12-27,11.2,5.7
Kew Gardens,2021-12-28,11.8,8.0
Kew Gardens,2021-12-29,15.5,6.4
Kew Gardens,2021-12-30,14.9,12.6
Kew Gardens,2021-12-31,15.3,12.4
Kew Gardens,2022-01-01,16.1,12.3
Kew Gardens,2022-01-02,13.3,9.6
Kew Gardens,2022-01-03,10.9,8.4
Kew Gardens,2022-01-04,8.7,1.0
Kew Gardens,2022-01-05,6.7,0.2
Kew Gardens,2022-01-06,7.3,-4.5
Kew Gardens,2022-01-07,7.2,0.8
Kew Gardens,2022-01-08,10.0,-0.9
Kew Gardens,2022-01-09,8.6,0.3
Kew Gardens,2022-01-10,8.7,-0.5
Kew Gardens,2022-01-11,10.4,7.3
Kew Gardens,2022-01-12,10.3,-1.0
Kew Gardens,2022-01-13,11.0,-1.8
Kew Gardens,2022-01-14,11.0,-2.6
Kew Gardens,2022-01-15,5.2,-1.2
Kew Gardens,2022-01-16,10.8,2.0
Kew Gardens,2022-01-17,11.8,-1.7
Kew Gardens,2022-01-18,7.3,-3.1
Kew Gardens,2022-01-19,9.4,4.1
Kew Gardens,2022-01-20,6.2,-2.5
Kew Gardens,2022-01-21,4.6,-3.7
Kew Gardens,2022-01-22,6.3,-0.5
Kew Gardens,2022-01-23,6.6,4.5
Kew Gardens,2022-01-24,5.6,3.8
Kew Gardens,2022-01-25,3.8,2.0
Kew Gardens,2022-01-26,9.0,2.2
Kew Gardens,2022-01-27,13.1,1.6
Kew Gardens,2022-01-28,10.4,-1.3
Kew Gardens,2022-01-29,14.4,6.7
Kew Gardens,2022-01-30,9.2,-2.2
Kew Gardens,2022-01-31,8.9,3.5
Kew Gardens,2022-02-01,14.5,5.2
Kew Gardens,2022-02-02,12.6,6.7
Kew Gardens,2022-02-03,10.3,6.9
Kew Gardens,2022-02-04,10.3,3.3
Kew Gardens,2022-02-05,10.8,1.5
Kew Gardens,2022-02-06,12.3,7.5
Kew Gardens,2022-02-07,11.5,-0.9
Kew Gardens,2022-02-08,12.4,10.1
Kew Gardens,2022-02-09,14.6,7.4
Kew Gardens,2022-02-10,10.2,4.2
Kew Gardens,2022-02-11,10.6,-2.1
Kew Gardens,2022-02-12,8.9,-0.7
Kew Gardens,2022-02-13,10.0,6.6
Kew Gardens,2022-02-14,10.0,5.2
Kew Gardens,2022-02-15,9.7,0.7
Kew Gardens,2022-02-16,15.4,8.9
Kew Gardens,2022-02-17,13.3,8.2
Kew Gardens,2022-02-18,11.8,4.2
Kew Gardens,2022-02-19,10.6,2.2
Kew Gardens,2022-02-20,12.8,5.3
Kew Gardens,2022-02-21,11.3,4.8
Kew Gardens,2022-02-22,14.0,3.7
Kew Gardens,2022-02-23,11.0,-0.4
Kew Gardens,2022-02-24,9.3,3.5
Kew Gardens,2022-02-25,11.1,1.0
Kew Gardens,2022-02-26,11.2,-2.0
Kew Gardens,2022-02-27,11.9,1.6
Kew Gardens,2022-02-28,12.4,2.9
Kew Gardens,2022-03-01,9.7,7.5
Kew Gardens,2022-03-02,8.4,6.4
Kew Gardens,2022-03-03,13.8,4.1
Kew Gardens,2022-03-04,10.1,6.8
Kew Gardens,2022-03-05,7.6,5.4
Kew Gardens,2022-03-06,8.5,3.7
Kew Gardens,2022-03-07,8.0,3.0
Kew Gardens,2022-03-08,13.7,0.0
Kew Gardens,2022-03-09,13.1,5.8
Kew Gardens,2022-03-10,16.7,6.6
Kew Gardens,2022-03-11,12.8,8.2
Kew Gardens,2022-03-12,13.1,7.1
Kew Gardens,2022-03-13,12.3,7.3
Kew Gardens,2022-03-14,13.6,1.6
Kew Gardens,2022-03-15,16.0,3.2
Kew Gardens,2022-03-16,11.5,6.4
Kew Gardens,2022-03-17,14.5,0.2
Kew Gardens,2022-03-18,16.5,1.1
Kew Gardens,2022-03-19,14.3,7.9
Kew Gardens,2022-03-20,13.0,3.7
Kew Gardens,2022-03-21,17.1,-1.8
Kew Gardens,2022-03-22,20.4,8.4
Kew Gardens,2022-03-23,20.4,3.0
Kew Gardens,2022-03-24,19.1,0.9
Kew Gardens,2022-03-25,17.9,1.5
Kew Gardens,2022-03-26,18.5,3.9
Kew Gardens,2022-03-27,13.4,6.6
Kew Gardens,2022-03-28,15.9,2.2
Kew Gardens,2022-03-29,11.8,7.6
Kew Gardens,2022-03-30,11.4,4.4
Kew Gardens,2022-03-31,8.0,1.1
Kew Gardens,2022-04-01,8.8,1.2
Kew Gardens,2022-04-02,9.8,-2.3
Kew Gardens,2022-04-03,10.2,-3.5
Kew Gardens,2022-04-04,14.8,3.9
Kew Gardens,2022-04-05,15.0,10.4
Kew Gardens,2022-04-06,15.0,9.1
Kew Gardens,2022-04-07,13.9,6.8
Kew Gardens,2022-04-08,11.5,0.9
Kew Gardens,2022-04-09,12.7,0.2
Kew Gardens,2022-04-10,13.4,-1.0
Kew Gardens,2022-04-11,18.2,5.0
Kew Gardens,2022-04-12,19.2,9.5
Kew Gardens,2022-04-13,19.3,8.8
Kew Gardens,2022-04-14,19.6,5.1
Kew Gardens,2022-04-15,22.8,5.8
Kew Gardens,2022-04-16,19.8,6.9
Kew Gardens,2022-04-17,19.9,5.9
Kew Gardens,2022-04-18,17.2,5.1
Kew Gardens,2022-04-19,17.0,4.9
Kew Gardens,2022-04-20,18.8,7.2
Kew Gardens,2022-04-21,18.9,7.2
Kew Gardens,2022-04-22,16.6,8.4
Kew Gardens,2022-04-23,17.4,9.6
Kew Gardens,2022-04-24,18.9,8.0
Kew Gardens,2022-04-25,14.3,6.4
Kew Gardens,2022-04-26,16.0,4.0
Kew Gardens,2022-04-27,11.4,6.4
Kew Gardens,2022-04-28,14.1,5.8
Kew Gardens,2022-04-29,11.1,6.2
Kew Gardens,2022-04-30,18.1,1.9
Kew Gardens,2022-05-01,14.9,8.8
Kew Gardens,2022-05-02,17.1,7.3
Kew Gardens,2022-05-03,15.2,10.2
Kew Gardens,2022-05-04,19.0,9.7
Kew Gardens,2022-05-05,19.8,5.2
Kew Gardens,2022-05-06,22.9,7.2
Kew Gardens,2022-05-07,19.2,12.1
Kew Gardens,2022-05-08,19.4,9.8
Kew Gardens,2022-05-09,22.0,4.6
Kew Gardens,2022-05-10,20.7,13.6
Kew Gardens,2022-05-11,15.6,10.6
Kew Gardens,2022-05-12,18.3,5.6
Kew Gardens,2022-05-13,20.7,9.9
Kew Gardens,2022-05-14,23.0,5.5
Kew Gardens,2022-05-15,18.2,11.5
Kew Gardens,2022-05-16,21.7,11.2
Kew Gardens,2022-05-17,26.1,9.5
Kew Gardens,2022-05-18,22.9,9.9
Kew Gardens,2022-05-19,22.1,13.0
Kew Gardens,2022-05-20,18.3,11.1
Kew Gardens,2022-05-21,20.7,7.6
Kew Gardens,2022-05-22,23.3,7.7
Kew Gardens,2022-05-23,19.8,9.4
Kew Gardens,2022-05-24,18.7,9.3
Kew Gardens,2022-05-25,19.2,7.1
Kew Gardens,2022-05-26,19.9,9.8
Kew Gardens,2022-05-27,20.4,12.7
Kew Gardens,2022-05-28,18.4,6.8
Kew Gardens,2022-05-29,16.7,7.3
Kew Gardens,2022-05-30,15.4,4.1
Kew Gardens,2022-05-31,16.2,7.6
Kew Gardens,2022-06-01,19.0,6.1
Kew Gardens,2022-06-02,21.9,6.3
Kew Gardens,2022-06-03,23.6,10.5
Kew Gardens,2022-06-04,20.7,12.4
Kew Gardens,2022-06-05,15.6,11.4
Kew Gardens,2022-06-06,18.2,11.9
Kew Gardens,2022-06-07,21.8,8.3
Kew Gardens,2022-06-08,22.6,14.0
Kew Gardens,2022-06-09,20.4,10.4
Kew Gardens,2022-06-10,23.2,15.3
Kew Gardens,2022-06-11,23.2,11.0
Kew Gardens,2022-06-12,22.6,9.8
Kew Gardens,2022-06-13,21.2,8.8
Kew Gardens,2022-06-14,25.0,7.9
Kew Gardens,2022-06-15,28.2,8.4
Kew Gardens,2022-06-16,29.3,11.0
Kew Gardens,2022-06-17,32.4,12.9
Kew Gardens,2022-06-18,24.5,13.5
Kew Gardens,2022-06-19,20.1,10.0
Kew Gardens,2022-06-20,22.5,11.7
Kew Gardens,2022-06-21,26.1,8.3
Kew Gardens,2022-06-22,27.3,9.9
Kew Gardens,2022-06-23,25.6,11.0
Kew Gardens,2022-06-24,22.4,14.1
Kew Gardens,2022-06-25,21.2,11.3
Kew Gardens,2022-06-26,21.8,8.5
Kew Gardens,2022-06-27,20.8,8.8
Kew Gardens,2022-06-28,22.4,8.7
Kew Gardens,2022-06-29,21.8,14.2
Kew Gardens,2022-06-30,20.7,12.4
Kew Gardens,2022-07-01,21.9,9.8
Kew Gardens,2022-07-02,22.7,10.4
Kew Gardens,2022-07-03,23.7,10.2
Kew Gardens,2022-07-04,24.2,10.0
Kew Gardens,2022-07-05,23.8,8.2
Kew Gardens,2022-07-06,25.9,11.2
Kew Gardens,2022-07-07,26.5,17.0
Kew Gardens,2022-07-08,30.9,12.6
Kew Gardens,2022-07-09,29.5,14.6
Kew Gardens,2022-07-10,22.2,12.0
Kew Gardens,2022-07-11,32.7,13.5
Kew Gardens,2022-07-12,32.0,16.6
Kew Gardens,2022-07-13,28.9,20.6
Kew Gardens,2022-07-14,25.5,15.8
Kew Gardens,2022-07-15,27.0,10.9
Kew Gardens,2022-07-16,29.1,13.5
Kew Gardens,2022-07-17,30.8,12.8
Kew Gardens,2022-07-18,37.4,14.3
Kew Gardens,2022-07-19,40.1,17.5
Kew Gardens,2022-07-20,26.9,18.6
Kew Gardens,2022-07-21,23.8,16.3
Kew Gardens,2022-07-22,23.7,17.2
Kew Gardens,2022-07-23,27.5,13.8
Kew Gardens,2022-07-24,28.8,17.5
Kew Gardens,2022-07-25,24.2,17.6
Kew Gardens,2022-07-26,23.1,15.2
Kew Gardens,2022-07-27,21.4,13.6
Kew Gardens,2022-07-28,24.5,15.5
Kew Gardens,2022-07-29,27.7,13.1
Kew Gardens,2022-07-30,27.2,13.8
Kew Gardens,2022-07-31,26.9,19.7
Kew Gardens,2022-08-01,27.8,17.8
Kew Gardens,2022-08-02,27.2,18.2
Kew Gardens,2022-08-03,27.3,17.5
Kew Gardens,2022-08-04,24.7,16.5
Kew Gardens,2022-08-05,23.3,14.5
Kew Gardens,2022-08-06,24.9,9.0
Kew Gardens,2022-08-07,27.7,9.7
Kew Gardens,2022-08-08,29.1,15.1
Kew Gardens,2022-08-09,21.9,13.1
Kew Gardens,2022-08-10,29.0,13.7
Kew Gardens,2022-08-11,33.3,13.5
Kew Gardens,2022-08-12,33.5,15.2
Kew Gardens,2022-08-13,26.1,17.2
Kew Gardens,2022-08-14,34.6,15.0
Kew Gardens,2022-08-15,33.5,16.0
Kew Gardens,2022-08-16,30.0,16.1
Kew Gardens,2022-08-17,26.4,15.6
Kew Gardens,2022-08-18,26.8,17.7
Kew Gardens,2022-08-19,25.3,18.5
Kew Gardens,2022-08-20,25.4,10.9
Kew Gardens,2022-08-21,25.2,13.3
Kew Gardens,2022-08-22,22.9,11.9
Kew Gardens,2022-08-23,26.4,17.9
Kew Gardens,2022-08-24,29.4,19.6
Kew Gardens,2022-08-25,22.9,17.1
Kew Gardens,2022-08-26,25.4,11.2
Kew Gardens,2022-08-27,25.3,12.9
Kew Gardens,2022-08-28,24.5,12.7
Kew Gardens,2022-08-29,22.2,15.6
Kew Gardens,2022-08-30,23.8,13.9
Kew Gardens,2022-08-31,24.3,14.3
Kew Gardens,2022-09-01,24.0,15.9
Kew Gardens,2022-09-02,25.8,16.0
Kew Gardens,2022-09-03,24.2,14.0
Kew Gardens,2022-09-04,25.0,14.1
Kew Gardens,2022-09-05,23.5,14.1
Kew Gardens,2022-09-06,22.4,14.2
Kew Gardens,2022-09-07,21.7,13.6
Kew Gardens,2022-09-08,20.2,13.1
Kew Gardens,2022-09-09,21.1,14.1
Kew Gardens,2022-09-10,22.6,11.8
Kew Gardens,2022-09-11,24.0,11.4
Kew Gardens,2022-09-12,26.6,13.3
Kew Gardens,2022-09-13,19.4,15.6
Kew Gardens,2022-09-14,21.8,14.6
Kew Gardens,2022-09-15,19.7,11.4
Kew Gardens,2022-09-16,17.4,8.5
Kew Gardens,2022-09-17,17.9,3.2
Kew Gardens,2022-09-18,17.9,7.7
Kew Gardens,2022-09-19,18.4,9.1
Kew Gardens,2022-09-20,19.3,7.0
Kew Gardens,2022-09-21,21.9,12.4
Kew Gardens,2022-09-22,20.6,8.5
Kew Gardens,2022-09-23,18.8,13.8
Kew Gardens,2022-09-24,18.5,7.5
Kew Gardens,2022-09-25,16.8,8.5
Kew Gardens,2022-09-26,15.6,10.7
Kew Gardens,2022-09-27,14.9,8.2
Kew Gardens,2022-09-28,15.2,3.7
Kew Gardens,2022-09-29,17.1,3.2
Kew Gardens,2022-09-30,16.8,5.7
Kew Gardens,2022-10-01,19.4,10.4
Kew Gardens,2022-10-02,19.4,8.5
Kew Gardens,2022-10-03,19.4,5.4
Kew Gardens,2022-10-04,18.3,11.0
Kew Gardens,2022-10-05,19.1,11.7
Kew Gardens,2022-10-06,19.3,6.4
Kew Gardens,2022-10-07,19.5,11.4
Kew Gardens,2022-10-08,17.6,5.1
Kew Gardens,2022-10-09,18.8,3.4
Kew Gardens,2022-10-10,16.4,6.4
Kew Gardens,2022-10-11,17.0,2.1
Kew Gardens,2022-10-12,17.7,3.2
Kew Gardens,2022-10-13,18.1,9.8
Kew Gardens,2022-10-14,16.6,8.7
Kew Gardens,2022-10-15,17.4,6.5
Kew Gardens,2022-10-16,17.0,8.2
Kew Gardens,2022-10-17,19.9,9.4
Kew Gardens,2022-10-18,19.0,4.4
Kew Gardens,2022-10-19,17.4,11.5
Kew Gardens,2022-10-20,16.9,9.3
Kew Gardens,2022-10-21,18.9,8.1
Kew Gardens,2022-10-22,19.2,11.0
Kew Gardens,2022-10-23,19.2,12.1
Kew Gardens,2022-10-24,18.6,11.6
Kew Gardens,2022-10-25,18.3,9.6
Kew Gardens,2022-10-26,19.8,13.2
Kew Gardens,2022-10-27,21.3,11.2
Kew Gardens,2022-10-28,19.6,9.7
Kew Gardens,2022-10-29,22.9,9.5
Kew Gardens,2022-10-30,17.5,10.6
Kew Gardens,2022-10-31,17.4,8.6
Kew Gardens,2022-11-01,16.3,9.4
Kew Gardens,2022-11-02,15.4,7.4
Kew Gardens,2022-11-03,14.4,5.3
Kew Gardens,2022-11-04,12.8,5.0
Kew Gardens,2022-11-05,13.6,3.0
Kew Gardens,2022-11-06,14.1,10.0
Kew Gardens,2022-11-07,15.0,9.0
Kew Gardens,2022-11-08,16.3,10.9
Kew Gardens,2022-11-09,15.1,9.7
Kew Gardens,2022-11-10,15.0,8.8
Kew Gardens,2022-11-11,16.7,10.2
Kew Gardens,2022-11-12,18.2,8.6
Kew Gardens,2022-11-13,14.6,8.5
Kew Gardens,2022-11-14,13.6,6.2
Kew Gardens,2022-11-15,14.8,7.6
Kew Gardens,2022-11-16,13.5,6.2
Kew Gardens,2022-11-17,12.2,8.4
Kew Gardens,2022-11-18,12.9,7.1
Kew Gardens,2022-11-19,10.5,4.6
Kew Gardens,2022-11-20,11.8,3.2
Kew Gardens,2022-11-21,9.2,2.4
Kew Gardens,2022-11-22,11.5,2.8
Kew Gardens,2022-11-23,13.0,1.2
Kew Gardens,2022-11-24,13.5,4.1
Kew Gardens,2022-11-25,13.3,5.8
Kew Gardens,2022-11-26,12.9,4.3
Kew Gardens,2022-11-27,13.1,9.9
Kew Gardens,2022-11-28,11.5,2.9
Kew Gardens,2022-11-29,7.2,3.1
Kew Gardens,2022-11-30,10.1,2.6
Kew Gardens,2022-12-01,9.9,2.4
Kew Gardens,2022-12-02,7.8,4.2
Kew Gardens,2022-12-03,7.8,5.2
Kew Gardens,2022-12-04,6.0,4.3
Kew Gardens,2022-12-05,8.6,4.0
Kew Gardens,2022-12-06,7.5,1.4
Kew Gardens,2022-12-07,6.1,-1.5
Kew Gardens,2022-12-08,4.8,-5.1
Kew Gardens,2022-12-09,4.2,-5.0
Kew Gardens,2022-12-10,5.7,-5.7
Kew Gardens,2022-12-11,0.7,-6.2
Kew Gardens,2022-12-12,1.1,-0.8
Kew Gardens,2022-12-13,1.7,-3.6
Kew Gardens,2022-12-14,1.3,-2.0
Kew Gardens,2022-12-15,2.7,-7.6
Kew Gardens,2022-12-16,4.2,-7.0
Kew Gardens,2022-12-17,5.1,-6.5
Kew Gardens,2022-12-18,8.4,-4.4
Northolt,2016-01-01,8.4,-1.1
Northolt,2016-01-02,10.8,7.6
Northolt,2016-01-03,10.0,4.7
Northolt,2016-01-04,10.9,3.6
Northolt,2016-01-05,10.1,3.4
Northolt,2016-01-06,8.1,4.6
Northolt,2016-01-07,10.0,4.4
Northolt,2016-01-08,10.2,-1.8
Northolt,2016-01-09,10.8,2.2
Northolt,2016-01-10,9.5,4.7
Northolt,2016-01-11,7.1,4.4
Northolt,2016-01-12,7.3,2.9
Northolt,2016-01-13,7.5,2.0
Northolt,2016-01-14,5.3,1.6
Northolt,2016-01-15,5.5,0.8
Northolt,2016-01-16,4.6,-2.4
Northolt,2016-01-17,4.1,0.3
Northolt,2016-01-18,5.5,-0.7
Northolt,2016-01-19,5.5,-4.4
Northolt,2016-01-20,7.7,-5.9
Northolt,2016-01-21,8.0,-5.0
Northolt,2016-01-22,11.1,3.4
Northolt,2016-01-23,10.7,1.3
Northolt,2016-01-24,15.7,8.0
Northolt,2016-01-25,13.6,9.4
Northolt,2016-01-26,11.2,4.8
Northolt,2016-01-27,13.3,8.8
Northolt,2016-01-28,10.0,1.0
Northolt,2016-01-29,12.2,8.5
Northolt,2016-01-30,11.3,4.7
Northolt,2016-01-31,13.1,3.5
Northolt,2016-02-01,14.1,11.0
Northolt,2016-02-02,11.0,5.2
Northolt,2016-02-03,9.2,1.9
Northolt,2016-02-04,13.8,3.4
Northolt,2016-02-05,11.9,8.9
Northolt,2016-02-06,12.2,9.0
Northolt,2016-02-07,10.4,4.3
Northolt,2016-02-08,9.5,6.8
Northolt,2016-02-09,7.9,3.3
Northolt,2016-02-10,8.6,1.9
Northolt,2016-02-11,8.7,-3.2
Northolt,2016-02-12,6.8,-1.3
Northolt,2016-02-13,4.8,0.6
Northolt,2016-02-14,6.6,1.5
Northolt,2016-02-15,6.7,-0.9
Northolt,2016-02-16,8.2,-4.7
Northolt,2016-02-17,7.0,1.7
Northolt,2016-02-18,7.7,1.7
Northolt,2016-02-19,10.7,-3.0
Northolt,2016-02-20,12.3,8.1
Northolt,2016-02-21,14.2,11.2
Northolt,2016-02-22,12.2,5.8
Northolt,2016-02-23,8.8,1.1
Northolt,2016-02-24,7.6,-4.0
Northolt,2016-02-25,6.1,-3.2
Northolt,2016-02-26,9.5,-2.3
Northolt,2016-02-27,5.8,2.8
Northolt,2016-02-28,7.7,2.3
Northolt,2016-02-29,9.7,-0.1
Northolt,2016-03-01,13.0,4.1
Northolt,2016-03-02,9.4,3.7
Northolt,2016-03-03,9.4,2.6
Northolt,2016-03-04,9.0,1.3
Northolt,2016-03-05,6.4,-1.8
Northolt,2016-03-06,7.3,-0.6
Northolt,2016-03-07,7.7,-1.0
Northolt,2016-03-08,9.1,-3.6
Northolt,2016-03-09,10.9,6.1
Northolt,2016-03-10,8.9,5.1
Northolt,2016-03-11,11.7,-2.3
Northolt,2016-03-12,11.7,1.1
Northolt,2016-03-13,10.9,0.4
Northolt,2016-03-14,11.4,3.4
Northolt,2016-03-15,8.6,0.0
Northolt,2016-03-16,9.9,5.8
Northolt,2016-03-17,12.0,1.4
Northolt,2016-03-18,7.5,0.4
Northolt,2016-03-19,8.5,5.5
Northolt,2016-03-20,11.0,4.7
Northolt,2016-03-21,11.5,5.9
Northolt,2016-03-22,13.8,-1.2
Northolt,2016-03-23,10.2,5.1
Northolt,2016-03-24,11.7,4.7
Northolt,2016-03-25,15.0,7.0
Northolt,2016-03-26,13.7,6.3
Northolt,2016-03-27,11.1,5.4
Northolt,2016-03-28,12.5,3.8
Northolt,2016-03-29,12.1,4.3
Northolt,2016-03-30,13.0,4.3
Northolt,2016-03-31,12.4,3.6
Northolt,2016-04-01,13.6,-1.1
Northolt,2016-04-02,15.3,7.8
Northolt,2016-04-03,15.9,7.2
Northolt,2016-04-04,14.2,8.8
Northolt,2016-04-05,15.3,7.0
Northolt,2016-04-06,12.9,5.0
Northolt,2016-04-07,12.0,4.3
Northolt,2016-04-08,14.3,2.2
Northolt,2016-04-09,12.2,3.4
Northolt,2016-04-10,13.3,-1.1
Northolt,2016-04-11,15.3,8.4
Northolt,2016-04-12,17.4,7.5
Northolt,2016-04-13,18.0,1.5
Northolt,2016-04-14,17.5,6.6
Northolt,2016-04-15,13.3,8.4
Northolt,2016-04-16,9.1,3.8
Northolt,2016-04-17,12.0,-0.5
Northolt,2016-04-18,12.8,1.8
Northolt,2016-04-19,15.6,8.2
Northolt,2016-04-20,14.8,3.2
Northolt,2016-04-21,16.9,5.6
Northolt,2016-04-22,11.0,6.5
Northolt,2016-04-23,10.6,3.3
Northolt,2016-04-24,9.4,2.8
Northolt,2016-04-25,12.1,3.2
Northolt,2016-04-26,10.4,1.5
Northolt,2016-04-27,12.2,0.7
Northolt,2016-04-28,12.5,-0.3
Northolt,2016-04-29,11.9,4.4
Northolt,2016-04-30,13.4,-0.4
Northolt,2016-05-01,17.1,-0.6
Northolt,2016-05-02,17.6,9.9
Northolt,2016-05-03,15.5,3.1
Northolt,2016-05-04,18.1,2.8
Northolt,2016-05-05,21.5,3.0
Northolt,2016-05-06,23.8,5.4
Northolt,2016-05-07,24.4,10.8
Northolt,2016-05-08,27.1,10.5
Northolt,2016-05-09,24.8,13.1
Northolt,2016-05-10,16.9,14.9
Northolt,2016-05-11,18.8,14.6
Northolt,2016-05-12,24.0,11.6
Northolt,2016-05-13,16.4,9.4
Northolt,2016-05-14,13.5,7.2
Northolt,2016-05-15,16.3,2.7
Northolt,2016-05-16,18.0,6.6
Northolt,2016-05-17,18.5,6.4
Northolt,2016-05-18,13.7,10.9
Northolt,2016-05-19,18.9,9.9
Northolt,2016-05-20,18.8,12.8
Northolt,2016-05-21,18.3,12.6
Northolt,2016-05-22,19.3,10.3
Northolt,2016-05-23,18.8,8.8
Northolt,2016-05-24,17.2,5.3
Northolt,2016-05-25,12.0,8.4
Northolt,2016-05-26,20.8,8.7
Northolt,2016-05-27,21.9,10.2
Northolt,2016-05-28,20.6,10.2
Northolt,2016-05-29,19.1,9.0
Northolt,2016-05-30,18.0,11.6
Northolt,2016-05-31,14.7,11.0
Northolt,2016-06-01,13.9,11.9
Northolt,2016-06-02,13.4,10.1
Northolt,2016-06-03,13.9,8.9
Northolt,2016-06-04,18.5,11.8
Northolt,2016-06-05,23.9,11.4
Northolt,2016-06-06,25.8,11.4
Northolt,2016-06-07,24.5,11.1
Northolt,2016-06-08,24.7,14.5
Northolt,2016-06-09,23.3,12.5
Northolt,2016-06-10,24.2,13.3
Northolt,2016-06-11,22.4,15.2
Northolt,2016-06-12,21.3,13.9
Northolt,2016-06-13,19.2,13.7
Northolt,2016-06-14,18.6,13.1
Northolt,2016-06-15,19.8,11.0
Northolt,2016-06-16,19.7,12.7
Northolt,2016-06-17,19.8,12.1
Northolt,2016-06-18,16.5,11.6
Northolt,2016-06-19,20.2,10.9
Northolt,2016-06-20,21.6,15.0
Northolt,2016-06-21,20.5,13.1
Northolt,2016-06-22,22.2,14.6
Northolt,2016-06-23,21.1,17.6
Northolt,2016-06-24,21.8,11.7
Northolt,2016-06-25,19.9,10.9
Northolt,2016-06-26,20.4,11.0
Northolt,2016-06-27,21.1,14.2
Northolt,2016-06-28,21.3,8.9
Northolt,2016-06-29,16.5,10.4
Northolt,2016-06-30,20.5,13.2
Northolt,2016-07-01,19.6,13.1
Northolt,2016-07-02,20.2,10.2
Northolt,2016-07-03,21.6,9.9
Northolt,2016-07-04,20.6,9.9
Northolt,2016-07-05,20.9,14.8
Northolt,2016-07-06,22.2,8.4
Northolt,2016-07-07,23.4,14.1
Northolt,2016-07-08,22.6,14.6
Northolt,2016-07-09,23.0,14.9
Northolt,2016-07-10,22.8,17.1
Northolt,2016-07-11,22.1,15.4
Northolt,2016-07-12,18.0,11.9
Northolt,2016-07-13,18.7,12.0
Northolt,2016-07-14,21.3,10.8
Northolt,2016-07-15,19.5,9.6
Northolt,2016-07-16,26.9,17.0
Northolt,2016-07-17,27.2,17.8
Northolt,2016-07-18,29.7,13.6
Northolt,2016-07-19,33.0,14.4
Northolt,2016-07-20,30.3,20.1
Northolt,2016-07-21,24.9,13.8
Northolt,2016-07-22,23.9,16.9
Northolt,2016-07-23,28.7,13.7
Northolt,2016-07-24,25.5,14.0
Northolt,2016-07-25,24.0,13.8
Northolt,2016-07-26,22.9,12.2
Northolt,2016-07-27,25.0,16.7
Northolt,2016-07-28,21.9,14.1
Northolt,2016-07-29,22.7,15.7
Northolt,2016-07-30,21.8,15.4
Northolt,2016-07-31,21.7,12.3
Northolt,2016-08-01,18.7,11.2
Northolt,2016-08-02,20.7,13.9
Northolt,2016-08-03,24.1,17.6
Northolt,2016-08-04,23.0,14.8
Northolt,2016-08-05,23.7,12.3
Northolt,2016-08-06,26.8,11.8
Northolt,2016-08-07,25.8,16.7
Northolt,2016-08-08,21.7,14.4
Northolt,2016-08-09,20.0,10.4
Northolt,2016-08-10,20.1,10.1
Northolt,2016-08-11,23.4,14.6
Northolt,2016-08-12,27.0,13.8
Northolt,2016-08-13,25.4,14.3
Northolt,2016-08-14,22.9,15.4
Northolt,2016-08-15,25.0,9.6
Northolt,2016-08-16,24.6,10.0
Northolt,2016-08-17,26.7,12.5
Northolt,2016-08-18,26.1,14.7
Northolt,2016-08-19,19.1,16.3
Northolt,2016-08-20,20.7,14.1
Northolt,2016-08-21,22.4,14.5
Northolt,2016-08-22,24.4,16.7
Northolt,2016-08-23,30.5,11.9
Northolt,2016-08-24,32.8,16.5
Northolt,2016-08-25,26.7,18.5
Northolt,2016-08-26,26.5,16.2
Northolt,2016-08-27,25.8,13.5
Northolt,2016-08-28,21.1,16.2
Northolt,2016-08-29,23.5,14.6
Northolt,2016-08-30,26.7,10.7
Northolt,2016-08-31,24.1,10.7
Northolt,2016-09-01,24.3,11.4
Northolt,2016-09-02,20.5,13.7
Northolt,2016-09-03,20.8,11.0
Northolt,2016-09-04,19.9,15.5
Northolt,2016-09-05,22.4,14.0
Northolt,2016-09-06,23.9,19.7
Northolt,2016-09-07,28.5,17.9
Northolt,2016-09-08,23.7,12.8
Northolt,2016-09-09,23.9,15.1
Northolt,2016-09-10,19.4,16.2
Northolt,2016-09-11,22.0,6.9
Northolt,2016-09-12,26.2,8.9
Northolt,2016-09-13,32.7,13.6
Northolt,2016-09-14,28.4,18.2
Northolt,2016-09-15,28.6,14.6
Northolt,2016-09-16,19.0,14.1
Northolt,2016-09-17,15.5,12.2
Northolt,2016-09-18,18.9,13.8
Northolt,2016-09-19,18.9,12.5
Northolt,2016-09-20,18.1,14.1
Northolt,2016-09-21,22.3,13.7
Northolt,2016-09-22,20.9,12.8
Northolt,2016-09-23,20.3,7.4
Northolt,2016-09-24,22.8,9.4
Northolt,2016-09-25,19.7,12.9
Northolt,2016-09-26,18.4,8.0
Northolt,2016-09-27,19.3,9.0
Northolt,2016-09-28,22.8,12.0
Northolt,2016-09-29,19.1,12.7
Northolt,2016-09-30,18.8,10.4
Northolt,2016-10-01,16.9,5.9
Northolt,2016-10-02,17.0,7.8
Northolt,2016-10-03,19.1,3.3
Northolt,2016-10-04,19.2,6.5
Northolt,2016-10-05,16.7,10.6
Northolt,2016-10-06,15.6,6.2
Northolt,2016-10-07,15.2,11.0
Northolt,2016-10-08,16.2,11.3
Northolt,2016-10-09,15.7,7.7
Northolt,2016-10-10,13.9,5.1
Northolt,2016-10-11,15.9,3.9
Northolt,2016-10-12,15.6,8.0
Northolt,2016-10-13,13.2,8.2
Northolt,2016-10-14,14.3,8.0
Northolt,2016-10-15,17.5,7.6
Northolt,2016-10-16,18.1,7.2
Northolt,2016-10-17,17.7,9.9
Northolt,2016-10-18,13.7,8.5
Northolt,2016-10-19,13.4,8.3
Northolt,2016-10-20,14.6,6.8
Northolt,2016-10-21,13.5,7.4
Northolt,2016-10-22,14.3,5.1
Northolt,2016-10-23,13.4,5.3
Northolt,2016-10-24,13.2,9.1
Northolt,2016-10-25,13.1,9.0
Northolt,2016-10-26,16.0,7.3
Northolt,2016-10-27,15.8,6.7
Northolt,2016-10-28,16.8,10.2
Northolt,2016-10-29,15.4,9.7
Northolt,2016-10-30,11.9,6.3
Northolt,2016-10-31,19.8,7.0
Northolt,2016-11-01,12.5,5.0
Northolt,2016-11-02,10.5,1.2
Northolt,2016-11-03,11.3,-0.8
Northolt,2016-11-04,11.1,4.7
Northolt,2016-11-05,10.6,0.1
Northolt,2016-11-06,7.6,1.7
Northolt,2016-11-07,8.3,1.1
Northolt,2016-11-08,5.5,-2.8
Northolt,2016-11-09,9.4,4.0
Northolt,2016-11-10,11.8,3.1
Northolt,2016-11-11,11.2,2.3
Northolt,2016-11-12,10.5,3.0
Northolt,2016-11-13,10.8,4.1
Northolt,2016-11-14,12.6,3.1
Northolt,2016-11-15,15.7,12.5
Northolt,2016-11-16,14.0,9.9
Northolt,2016-11-17,13.0,6.8
Northolt,2016-11-18,7.7,3.0
Northolt,2016-11-19,8.2,0.8
Northolt,2016-11-20,8.7,5.2
Northolt,2016-11-21,12.2,5.2
Northolt,2016-11-22,12.3,8.2
Northolt,2016-11-23,9.6,2.8
Northolt,2016-11-24,10.2,7.9
Northolt,2016-11-25,10.7,4.8
Northolt,2016-11-26,8.8,2.8
Northolt,2016-11-27,8.4,3.5
Northolt,2016-11-28,9.3,3.2
Northolt,2016-11-29,7.0,-4.0
Northolt,2016-11-30,7.2,-6.3
Northolt,2016-12-01,9.1,-4.5
Northolt,2016-12-02,7.6,0.8
Northolt,2016-12-03,9.0,2.8
Northolt,2016-12-04,8.1,-3.1
Northolt,2016-12-05,8.0,-3.3
Northolt,2016-12-06,10.4,-0.5
Northolt,2016-12-07,13.2,8.2
Northolt,2016-12-08,13.3,8.5
Northolt,2016-12-09,14.9,10.8
Northolt,2016-12-10,13.3,9.5
Northolt,2016-12-11,10.3,2.7
Northolt,2016-12-12,11.0,2.4
Northolt,2016-12-13,13.6,5.3
Northolt,2016-12-14,14.6,4.6
Northolt,2016-12-15,11.0,1.3
Northolt,2016-12-16,10.9,7.5
Northolt,2016-12-17,10.0,1.8
Northolt,2016-12-18,7.6,5.7
Northolt,2016-12-19,6.6,4.3
Northolt,2016-12-20,8.0,4.0
Northolt,2016-12-21,11.7,3.5
Northolt,2016-12-22,10.3,0.9
Northolt,2016-12-23,11.5,1.5
Northolt,2016-12-24,10.0,4.2
Northolt,2016-12-25,13.0,9.4
Northolt,2016-12-26,12.6,2.1
Northolt,2016-12-27,6.7,-3.6
Northolt,2016-12-28,8.4,-4.7
Northolt,2016-12-29,9.5,-6.0
Northolt,2016-12-30,2.2,-3.6
Northolt,2016-12-31,8.2,2.2
Northolt,2017-01-01,9.4,4.2
Northolt,2017-01-02,5.2,-1.6
Northolt,2017-01-03,5.4,-4.3
Northolt,2017-01-04,8.2,-1.0
Northolt,2017-01-05,7.2,-3.4
Northolt,2017-01-06,6.8,-5.1
Northolt,2017-01-07,10.7,4.9
Northolt,2017-01-08,10.1,6.5
Northolt,2017-01-09,9.7,4.4
Northolt,2017-01-10,9.3,2.3
Northolt,2017-01-11,10.9,5.4
Northolt,2017-01-12,6.8,0.6
Northolt,2017-01-13,6.0,0.3
Northolt,2017-01-14,4.9,-0.2
Northolt,2017-01-15,8.8,-1.2
Northolt,2017-01-16,8.1,4.7
Northolt,2017-01-17,7.0,-2.1
Northolt,2017-01-18,6.0,-5.4
Northolt,2017-01-19,6.7,-4.7
Northolt,2017-01-20,7.0,-4.6
Northolt,2017-01-21,5.9,-3.8
Northolt,2017-01-22,7.2,-7.4
Northolt,2017-01-23,4.7,-6.3
Northolt,2017-01-24,9.5,-3.3
Northolt,2017-01-25,3.2,-4.2
Northolt,2017-01-26,1.1,-1.9
Northolt,2017-01-27,6.4,-4.0
Northolt,2017-01-28,11.1,4.1
Northolt,2017-01-29,8.6,-1.9
Northolt,2017-01-30,10.1,6.1
Northolt,2017-01-31,8.7,5.5
Northolt,2017-02-01,11.9,8.7
Northolt,2017-02-02,11.4,9.3
Northolt,2017-02-03,11.0,5.3
Northolt,2017-02-04,10.1,0.0
Northolt,2017-02-05,5.3,2.8
Northolt,2017-02-06,7.6,-2.8
Northolt,2017-02-07,10.5,2.9
Northolt,2017-02-08,4.7,1.5
Northolt,2017-02-09,2.9,1.3
Northolt,2017-02-10,2.2,0.7
Northolt,2017-02-11,2.5,0.4
Northolt,2017-02-12,5.4,1.3
Northolt,2017-02-13,10.3,4.2
Northolt,2017-02-14,11.7,2.3
Northolt,2017-02-15,11.8,5.8
Northolt,2017-02-16,12.1,4.9
Northolt,2017-02-17,13.5,5.3
Northolt,2017-02-18,12.7,5.3
Northolt,2017-02-19,13.2,1.1
Northolt,2017-02-20,18.3,9.5
Northolt,2017-02-21,13.4,9.9
Northolt,2017-02-22,13.6,11.0
Northolt,2017-02-23,11.3,6.1
Northolt,2017-02-24,9.5,2.1
Northolt,2017-02-25,10.5,3.9
Northolt,2017-02-26,12.4,8.7
Northolt,2017-02-27,10.6,2.9
Northolt,2017-02-28,8.0,0.9
Northolt,2017-03-01,9.7,5.0
Northolt,2017-03-02,11.4,5.0
Northolt,2017-03-03,11.6,4.5
Northolt,2017-03-04,13.0,6.5
Northolt,2017-03-05,11.1,5.3
Northolt,2017-03-06,10.4,2.1
Northolt,2017-03-07,11.7,3.7
Northolt,2017-03-08,15.1,7.2
Northolt,2017-03-09,16.1,8.1
Northolt,2017-03-10,12.5,5.9
Northolt,2017-03-11,17.1,10.2
Northolt,2017-03-12,12.5,8.2
Northolt,2017-03-13,15.5,4.1
Northolt,2017-03-14,14.8,6.9
Northolt,2017-03-15,18.2,5.2
Northolt,2017-03-16,12.4,3.6
Northolt,2017-03-17,11.5,3.1
Northolt,2017-03-18,14.3,9.5
Northolt,2017-03-19,15.1,11.1
Northolt,2017-03-20,12.7,7.6
Northolt,2017-03-21,11.8,3.9
Northolt,2017-03-22,11.9,5.2
Northolt,2017-03-23,11.5,5.1
Northolt,2017-03-24,13.3,6.5
Northolt,2017-03-25,14.8,2.9
Northolt,2017-03-26,15.5,5.5
Northolt,2017-03-27,16.3,5.9
Northolt,2017-03-28,17.8,5.7
Northolt,2017-03-29,15.4,10.8
Northolt,2017-03-30,21.6,10.8
Northolt,2017-03-31,17.1,10.1
Northolt,2017-04-01,16.5,8.3
Northolt,2017-04-02,16.9,5.8
Northolt,2017-04-03,17.6,2.2
Northolt,2017-04-04,14.7,8.7
Northolt,2017-04-05,14.3,3.9
Northolt,2017-04-06,17.5,3.6
Northolt,2017-04-07,16.6,2.9
Northolt,2017-04-08,21.1,2.4
Northolt,2017-04-09,25.2,3.9
Northolt,2017-04-10,13.2,7.6
Northolt,2017-04-11,16.1,4.8
Northolt,2017-04-12,16.3,5.4
Northolt,2017-04-13,13.2,4.2
Northolt,2017-04-14,15.1,6.1
Northolt,2017-04-15,14.7,9.0
Northolt,2017-04-16,14.5,5.0
Northolt,2017-04-17,11.7,7.5
Northolt,2017-04-18,12.6,3.3
Northolt,2017-04-19,14.5,0.8
Northolt,2017-04-20,15.2,5.4
Northolt,2017-04-21,15.0,6.8
Northolt,2017-04-22,16.5,7.4
Northolt,2017-04-23,15.9,7.1
Northolt,2017-04-24,14.2,4.2
Northolt,2017-04-25,11.2,-0.1
Northolt,2017-04-26,10.0,1.2
Northolt,2017-04-27,11.3,-0.9
Northolt,2017-04-28,14.7,6.8
Northolt,2017-04-29,16.5,3.0
Northolt,2017-04-30,17.8,9.1
Northolt,2017-05-01,14.2,8.3
Northolt,2017-05-02,17.3,5.3
Northolt,2017-05-03,11.8,7.3
Northolt,2017-05-04,14.3,9.0
Northolt,2017-05-05,16.2,7.6
Northolt,2017-05-06,14.7,9.3
Northolt,2017-05-07,18.2,7.6
Northolt,2017-05-08,11.8,7.1
Northolt,2017-05-09,14.2,6.7
Northolt,2017-05-10,18.8,2.8
Northolt,2017-05-11,22.9,6.1
Northolt,2017-05-12,19.2,12.4
Northolt,2017-05-13,18.4,11.1
Northolt,2017-05-14,20.1,10.4
Northolt,2017-05-15,18.2,8.7
Northolt,2017-05-16,24.0,15.2
Northolt,2017-05-17,17.6,12.3
Northolt,2017-05-18,16.6,9.2
Northolt,2017-05-19,15.4,9.3
Northolt,2017-05-20,16.2,6.2
Northolt,2017-05-21,20.6,7.3
Northolt,2017-05-22,24.6,9.5
Northolt,2017-05-23,21.1,10.8
Northolt,2017-05-24,25.1,10.8
Northolt,2017-05-25,26.8,11.9
Northolt,2017-05-26,27.5,12.7
Northolt,2017-05-27,24.0,14.2
Northolt,2017-05-28,23.0,9.8
Northolt,2017-05-29,21.0,13.6
Northolt,2017-05-30,20.0,13.6
Northolt,2017-05-31,22.1,11.8
Northolt,2017-06-01,25.3,11.2
Northolt,2017-06-02,24.1,11.5
Northolt,2017-06-03,20.5,14.4
Northolt,2017-06-04,19.6,8.7
Northolt,2017-06-05,17.1,11.2
Northolt,2017-06-06,16.8,9.8
Northolt,2017-06-07,19.8,10.4
Northolt,2017-06-08,17.9,12.4
Northolt,2017-06-09,20.8,11.2
Northolt,2017-06-10,23.9,13.3
Northolt,2017-06-11,22.6,15.3
Northolt,2017-06-12,20.0,12.2
Northolt,2017-06-13,23.4,9.1
Northolt,2017-06-14,26.7,11.2
Northolt,2017-06-15,23.5,13.0
Northolt,2017-06-16,23.6,11.0
Northolt,2017-06-17,28.9,13.9
Northolt,2017-06-18,31.3,15.3
Northolt,2017-06-19,32.4,16.8
Northolt,2017-06-20,31.3,17.1
Northolt,2017-06-21,33.8,15.8
Northolt,2017-06-22,25.9,17.6
Northolt,2017-06-23,24.0,12.8
Northolt,2017-06-24,23.4,16.7
Northolt,2017-06-25,23.2,14.4
Northolt,2017-06-26,24.7,10.4
Northolt,2017-06-27,21.0,15.0
Northolt,2017-06-28,16.8,13.3
Northolt,2017-06-29,17.2,11.2
Northolt,2017-06-30,21.3,13.4
Northolt,2017-07-01,22.4,14.1
Northolt,2017-07-02,23.1,14.1
Northolt,2017-07-03,24.6,14.0
Northolt,2017-07-04,24.5,11.6
Northolt,2017-07-05,29.3,13.1
Northolt,2017-07-06,31.8,18.1
Northolt,2017-07-07,28.8,16.5
Northolt,2017-07-08,26.0,17.2
Northolt,2017-07-09,28.0,17.3
Northolt,2017-07-10,25.8,15.5
Northolt,2017-07-11,19.9,14.2
Northolt,2017-07-12,21.8,14.1
Northolt,2017-07-13,22.8,13.1
Northolt,2017-07-14,21.1,13.7
Northolt,2017-07-15,21.5,14.6
Northolt,2017-07-16,25.2,17.1
Northolt,2017-07-17,26.1,13.9
Northolt,2017-07-18,27.6,16.4
Northolt,2017-07-19,22.4,17.8
Northolt,2017-07-20,20.7,14.0
Northolt,2017-07-21,22.2,12.4
Northolt,2017-07-22,18.9,12.9
Northolt,2017-07-23,20.7,9.9
Northolt,2017-07-24,18.8,13.8
Northolt,2017-07-25,22.8,12.5
Northolt,2017-07-26,21.2,14.5
Northolt,2017-07-27,21.4,13.7
Northolt,2017-07-28,21.8,13.5
Northolt,2017-07-29,21.0,14.5
Northolt,2017-07-30,20.7,14.1
Northolt,2017-07-31,22.8,12.1
Northolt,2017-08-01,21.7,12.2
Northolt,2017-08-02,18.7,14.3
Northolt,2017-08-03,21.0,15.2
Northolt,2017-08-04,22.4,14.8
Northolt,2017-08-05,20.4,13.7
Northolt,2017-08-06,22.1,9.3
Northolt,2017-08-07,22.0,12.2
Northolt,2017-08-08,15.7,13.6
Northolt,2017-08-09,15.5,12.8
Northolt,2017-08-10,20.7,11.9
Northolt,2017-08-11,21.9,7.9
Northolt,2017-08-12,21.8,16.4
Northolt,2017-08-13,22.8,10.6
Northolt,2017-08-14,23.3,9.0
Northolt,2017-08-15,23.7,14.4
Northolt,2017-08-16,23.3,9.3
Northolt,2017-08-17,24.1,14.8
Northolt,2017-08-18,20.3,13.7
Northolt,2017-08-19,20.3,12.2
Northolt,2017-08-20,21.2,8.9
Northolt,2017-08-21,19.7,13.6
Northolt,2017-08-22,23.8,17.5
Northolt,2017-08-23,22.1,15.3
Northolt,2017-08-24,21.1,12.1
Northolt,2017-08-25,24.5,9.4
Northolt,2017-08-26,24.5,11.9
Northolt,2017-08-27,26.2,14.6
Northolt,2017-08-28,27.6,13.0
Northolt,2017-08-29,25.7,15.0
Northolt,2017-08-30,18.1,12.6
Northolt,2017-08-31,20.4,7.3
Northolt,2017-09-01,21.1,8.3
Northolt,2017-09-02,22.0,8.5
Northolt,2017-09-03,18.5,10.2
Northolt,2017-09-04,22.9,13.5
Northolt,2017-09-05,21.2,15.4
Northolt,2017-09-06,18.6,11.2
Northolt,2017-09-07,19.6,11.0
Northolt,2017-09-08,19.1,13.3
Northolt,2017-09-09,19.0,9.1
Northolt,2017-09-10,17.0,7.2
Northolt,2017-09-11,19.3,11.1
Northolt,2017-09-12,18.5,9.6
Northolt,2017-09-13,17.6,11.5
Northolt,2017-09-14,18.0,7.3
Northolt,2017-09-15,16.5,5.5
Northolt,2017-09-16,15.9,6.6
Northolt,2017-09-17,16.8,7.0
Northolt,2017-09-18,17.2,9.5
Northolt,2017-09-19,15.7,7.4
Northolt,2017-09-20,18.3,6.2
Northolt,2017-09-21,18.5,12.3
Northolt,2017-09-22,18.8,4.4
Northolt,2017-09-23,19.4,12.5
Northolt,2017-09-24,22.8,7.9
Northolt,2017-09-25,18.1,14.8
Northolt,2017-09-26,21.5,13.2
Northolt,2017-09-27,21.1,12.0
Northolt,2017-09-28,20.3,13.5
Northolt,2017-09-29,19.4,13.3
Northolt,2017-09-30,17.5,10.3
Northolt,2017-10-01,17.8,13.6
Northolt,2017-10-02,17.3,12.6
Northolt,2017-10-03,16.5,8.3
Northolt,2017-10-04,15.5,8.4
Northolt,2017-10-05,16.6,10.1
Northolt,2017-10-06,15.1,5.8
Northolt,2017-10-07,17.1,9.5
Northolt,2017-10-08,16.8,8.4
Northolt,2017-10-09,16.9,9.2
Northolt,2017-10-10,16.8,10.6
Northolt,2017-10-11,17.4,12.2
Northolt,2017-10-12,17.4,9.0
Northolt,2017-10-13,18.9,9.8
Northolt,2017-10-14,20.2,14.5
Northolt,2017-10-15,20.1,7.9
Northolt,2017-10-16,22.1,9.6
Northolt,2017-10-17,14.7,10.2
Northolt,2017-10-18,15.2,10.3
Northolt,2017-10-19,17.3,14.3
Northolt,2017-10-20,15.2,11.8
Northolt,2017-10-21,15.6,11.8
Northolt,2017-10-22,14.1,9.1
Northolt,2017-10-23,16.5,9.4
Northolt,2017-10-24,19.6,14.1
Northolt,2017-10-25,19.1,8.7
Northolt,2017-10-26,15.7,5.4
Northolt,2017-10-27,14.3,5.2
Northolt,2017-10-28,16.2,3.9
Northolt,2017-10-29,14.9,6.8
Northolt,2017-10-30,12.4,1.0
Northolt,2017-10-31,13.2,4.0
Northolt,2017-11-01,15.9,6.2
Northolt,2017-11-02,12.5,0.9
Northolt,2017-11-03,14.2,4.5
Northolt,2017-11-04,13.5,6.5
Northolt,2017-11-05,9.7,2.5
Northolt,2017-11-06,12.0,-2.6
Northolt,2017-11-07,12.1,5.8
Northolt,2017-11-08,9.7,3.0
Northolt,2017-11-09,14.1,-0.4
Northolt,2017-11-10,12.5,7.6
Northolt,2017-11-11,9.5,7.0
Northolt,2017-11-12,8.1,5.6
Northolt,2017-11-13,7.2,1.5
Northolt,2017-11-14,11.4,4.1
Northolt,2017-11-15,12.8,9.6
Northolt,2017-11-16,14.4,7.1
Northolt,2017-11-17,9.5,-2.0
Northolt,2017-11-18,8.8,3.5
Northolt,2017-11-19,8.4,0.7
Northolt,2017-11-20,12.6,3.3
Northolt,2017-11-21,13.8,11.6
Northolt,2017-11-22,15.6,13.2
Northolt,2017-11-23,15.7,8.2
Northolt,2017-11-24,8.6,-1.9
Northolt,2017-11-25,7.2,-3.3
Northolt,2017-11-26,7.8,0.7
Northolt,2017-11-27,10.1,3.4
Northolt,2017-11-28,6.9,1.7
Northolt,2017-11-29,6.0,1.2
Northolt,2017-11-30,4.1,-0.8
Northolt,2017-12-01,6.8,2.3
Northolt,2017-12-02,5.9,2.2
Northolt,2017-12-03,10.1,5.9
Northolt,2017-12-04,9.7,3.0
Northolt,2017-12-05,8.5,7.1
Northolt,2017-12-06,11.0,8.0
Northolt,2017-12-07,12.2,5.4
Northolt,2017-12-08,5.5,0.4
Northolt,2017-12-09,3.9,-1.6
Northolt,2017-12-10,2.3,0.0
Northolt,2017-12-11,3.2,0.1
Northolt,2017-12-12,4.4,-4.6
Northolt,2017-12-13,9.3,3.6
Northolt,2017-12-14,6.6,1.8
Northolt,2017-12-15,5.6,1.1
Northolt,2017-12-16,5.2,-2.9
Northolt,2017-12-17,9.1,-1.7
Northolt,2017-12-18,9.8,-1.7
Northolt,2017-12-19,6.7,-3.2
Northolt,2017-12-20,10.7,6.1
Northolt,2017-12-21,11.9,9.9
Northolt,2017-12-22,12.1,9.0
Northolt,2017-12-23,10.6,8.2
Northolt,2017-12-24,10.4,8.2
Northolt,2017-12-25,10.7,9.1
Northolt,2017-12-26,9.8,3.0
Northolt,2017-12-27,7.6,1.2
Northolt,2017-12-28,5.7,-1.5
Northolt,2017-12-29,8.8,-4.2
Northolt,2017-12-30,14.2,4.8
Northolt,2017-12-31,13.2,7.9
Northolt,2018-01-01,8.4,5.2
Northolt,2018-01-02,10.5,3.1
Northolt,2018-01-03,12.5,5.9
Northolt,2018-01-04,12.6,6.0
Northolt,2018-01-05,9.4,2.0
Northolt,2018-01-06,5.5,-2.0
Northolt,2018-01-07,5.7,2.1
Northolt,2018-01-08,4.8,1.9
Northolt,2018-01-09,6.9,4.3
Northolt,2018-01-10,10.4,3.5
Northolt,2018-01-11,7.3,2.6
Northolt,2018-01-12,7.7,5.5
Northolt,2018-01-13,8.3,5.1
Northolt,2018-01-14,6.3,4.1
Northolt,2018-01-15,11.4,4.1
Northolt,2018-01-16,7.8,2.9
Northolt,2018-01-17,7.8,1.7
Northolt,2018-01-18,11.8,4.2
Northolt,2018-01-19,7.5,-1.5
Northolt,2018-01-20,4.2,1.3
Northolt,2018-01-21,7.9,-0.3
Northolt,2018-01-22,10.6,6.6
Northolt,2018-01-23,13.2,6.4
Northolt,2018-01-24,13.3,6.4
Northolt,2018-01-25,10.6,5.4
Northolt,2018-01-26,8.3,-0.8
Northolt,2018-01-27,11.2,2.6
Northolt,2018-01-28,13.5,8.5
Northolt,2018-01-29,12.6,3.0
Northolt,2018-01-30,9.1,-3.2
Northolt,2018-01-31,10.3,2.9
Northolt,2018-02-01,7.3,2.3
Northolt,2018-02-02,7.5,3.2
Northolt,2018-02-03,5.0,2.6
Northolt,2018-02-04,5.3,1.2
Northolt,2018-02-05,4.7,-0.1
Northolt,2018-02-06,3.8,-0.8
Northolt,2018-02-07,5.4,-1.3
Northolt,2018-02-08,7.8,-5.7
Northolt,2018-02-09,6.5,2.2
Northolt,2018-02-10,8.4,-3.2
Northolt,2018-02-11,10.1,1.2
Northolt,2018-02-12,7.7,-1.9
Northolt,2018-02-13,5.8,1.5
Northolt,2018-02-14,6.2,-2.4
Northolt,2018-02-15,9.9,3.8
Northolt,2018-02-16,10.7,-2.1
Northolt,2018-02-17,11.2,-1.4
Northolt,2018-02-18,10.7,-1.2
Northolt,2018-02-19,11.1,6.3
Northolt,2018-02-20,10.1,6.6
Northolt,2018-02-21,6.7,1.0
Northolt,2018-02-22,6.7,0.6
Northolt,2018-02-23,4.6,-2.6
Northolt,2018-02-24,6.1,-3.2
Northolt,2018-02-25,5.0,-1.1
Northolt,2018-02-26,2.3,-2.2
Northolt,2018-02-27,1.4,-4.6
Northolt,2018-02-28,-1.2,-6.7
Northolt,2018-03-01,0.1,-5.1
Northolt,2018-03-02,-0.1,-1.6
Northolt,2018-03-03,3.5,-0.4
Northolt,2018-03-04,9.6,2.4
Northolt,2018-03-05,11.4,3.3
Northolt,2018-03-06,10.5,5.3
Northolt,2018-03-07,10.8,3.1
Northolt,2018-03-08,10.5,3.7
Northolt,2018-03-09,9.9,-1.2
Northolt,2018-03-10,14.2,8.7
Northolt,2018-03-11,12.9,3.6
Northolt,2018-03-12,10.6,7.0
Northolt,2018-03-13,11.8,3.8
Northolt,2018-03-14,13.6,0.7
Northolt,2018-03-15,13.8,7.6
Northolt,2018-03-16,14.6,6.8
Northolt,2018-03-17,8.5,-1.4
Northolt,2018-03-18,0.4,-1.6
Northolt,2018-03-19,4.2,-1.1
Northolt,2018-03-20,8.9,0.8
Northolt,2018-03-21,10.9,-3.1
Northolt,2018-03-22,11.8,4.6
Northolt,2018-03-23,13.5,6.3
Northolt,2018-03-24,9.8,6.6
Northolt,2018-03-25,11.9,6.1
Northolt,2018-03-26,13.0,3.3
Northolt,2018-03-27,15.3,5.1
Northolt,2018-03-28,9.0,3.1
Northolt,2018-03-29,9.4,0.9
Northolt,2018-03-30,7.7,3.5
Northolt,2018-03-31,8.8,3.6
Northolt,2018-04-01,7.9,3.9
Northolt,2018-04-02,10.5,3.5
Northolt,2018-04-03,13.7,9.2
Northolt,2018-04-04,11.5,6.3
Northolt,2018-04-05,13.3,3.7
Northolt,2018-04-06,17.2,4.0
Northolt,2018-04-07,17.8,6.3
Northolt,2018-04-08,11.1,8.7
Northolt,2018-04-09,9.9,7.9
Northolt,2018-04-10,13.7,8.1
Northolt,2018-04-11,11.6,6.8
Northolt,2018-04-12,9.7,6.5
Northolt,2018-04-13,12.1,6.2
Northolt,2018-04-14,19.5,7.9
Northolt,2018-04-15,15.6,7.7
Northolt,2018-04-16,15.4,7.7
Northolt,2018-04-17,19.0,10.0
Northolt,2018-04-18,25.2,10.7
Northolt,2018-04-19,28.9,8.4
Northolt,2018-04-20,24.8,10.4
Northolt,2018-04-21,24.8,11.2
Northolt,2018-04-22,23.3,11.8
Northolt,2018-04-23,15.9,6.7
Northolt,2018-04-24,17.0,11.2
Northolt,2018-04-25,15.6,7.7
Northolt,2018-04-26,15.9,5.9
Northolt,2018-04-27,11.9,7.1
Northolt,2018-04-28,10.4,7.7
Northolt,2018-04-29,7.8,6.4
Northolt,2018-04-30,9.6,5.3
Northolt,2018-05-01,15.2,2.0
Northolt,2018-05-02,13.8,7.3
Northolt,2018-05-03,17.7,0.9
Northolt,2018-05-04,19.4,8.4
Northolt,2018-05-05,23.4,5.8
Northolt,2018-05-06,26.1,6.4
Northolt,2018-05-07,28.7,9.0
Northolt,2018-05-08,25.9,9.3
Northolt,2018-05-09,20.4,7.1
Northolt,2018-05-10,17.2,9.4
Northolt,2018-05-11,17.8,4.5
Northolt,2018-05-12,15.5,9.4
Northolt,2018-05-13,17.7,7.7
Northolt,2018-05-14,20.8,7.0
Northolt,2018-05-15,22.7,9.0
Northolt,2018-05-16,16.3,9.5
Northolt,2018-05-17,17.2,6.4
Northolt,2018-05-18,17.6,3.2
Northolt,2018-05-19,21.8,5.4
Northolt,2018-05-20,21.9,6.4
Northolt,2018-05-21,22.3,8.5
Northolt,2018-05-22,22.7,11.5
Northolt,2018-05-23,18.8,10.4
Northolt,2018-05-24,20.6,10.4
Northolt,2018-05-25,18.6,12.6
Northolt,2018-05-26,26.0,14.7
Northolt,2018-05-27,27.2,14.9
Northolt,2018-05-28,24.5,15.0
Northolt,2018-05-29,19.4,13.7
Northolt,2018-05-30,19.0,13.0
Northolt,2018-05-31,23.1,13.7
Northolt,2018-06-01,23.2,16.2
Northolt,2018-06-02,24.0,14.5
Northolt,2018-06-03,26.7,11.3
Northolt,2018-06-04,20.4,14.0
Northolt,2018-06-05,18.2,11.8
Northolt,2018-06-06,22.3,8.7
Northolt,2018-06-07,21.0,12.4
Northolt,2018-06-08,22.3,13.6
Northolt,2018-06-09,21.8,12.4
Northolt,2018-06-10,22.6,14.4
Northolt,2018-06-11,25.2,11.7
Northolt,2018-06-12,18.5,11.7
Northolt,2018-06-13,22.2,7.6
Northolt,2018-06-14,22.7,14.1
Northolt,2018-06-15,22.6,10.3
Northolt,2018-06-16,20.1,13.4
Northolt,2018-06-17,18.7,12.3
Northolt,2018-06-18,24.9,14.4
Northolt,2018-06-19,24.9,17.1
Northolt,2018-06-20,24.7,14.3
Northolt,2018-06-21,19.8,9.9
Northolt,2018-06-22,22.3,8.5
Northolt,2018-06-23,23.0,10.3
Northolt,2018-06-24,25.7,11.0
Northolt,2018-06-25,29.4,11.8
Northolt,2018-06-26,29.0,12.5
Northolt,2018-06-27,27.5,12.6
Northolt,2018-06-28,27.9,12.2
Northolt,2018-06-29,28.2,12.8
Northolt,2018-06-30,28.8,13.1
Northolt,2018-07-01,31.5,14.6
Northolt,2018-07-02,29.6,17.5
Northolt,2018-07-03,27.7,14.9
Northolt,2018-07-04,26.5,13.4
Northolt,2018-07-05,29.5,16.0
Northolt,2018-07-06,29.3,14.3
Northolt,2018-07-07,30.1,15.9
Northolt,2018-07-08,30.3,15.5
Northolt,2018-07-09,29.3,15.7
Northolt,2018-07-10,22.0,14.5
Northolt,2018-07-11,23.4,13.7
Northolt,2018-07-12,25.2,12.8
Northolt,2018-07-13,26.9,15.9
Northolt,2018-07-14,28.6,14.1
Northolt,2018-07-15,30.1,13.1
Northolt,2018-07-16,30.0,13.7
Northolt,2018-07-17,24.9,13.2
Northolt,2018-07-18,25.8,14.4
Northolt,2018-07-19,29.1,11.9
Northolt,2018-07-20,25.5,15.9
Northolt,2018-07-21,28.3,16.6
Northolt,2018-07-22,28.2,14.5
Northolt,2018-07-23,31.9,16.3
Northolt,2018-07-24,30.3,16.3
Northolt,2018-07-25,31.0,16.4
Northolt,2018-07-26,34.8,18.4
Northolt,2018-07-27,31.3,18.8
Northolt,2018-07-28,23.3,16.0
Northolt,2018-07-29,19.7,15.3
Northolt,2018-07-30,24.1,17.1
Northolt,2018-07-31,25.7,15.2
Northolt,2018-08-01,26.7,12.0
Northolt,2018-08-02,30.3,13.1
Northolt,2018-08-03,32.6,16.7
Northolt,2018-08-04,28.4,18.9
Northolt,2018-08-05,30.2,14.4
Northolt,2018-08-06,32.0,14.2
Northolt,2018-08-07,31.4,15.5
Northolt,2018-08-08,24.9,14.6
Northolt,2018-08-09,18.0,13.5
Northolt,2018-08-10,20.5,9.1
Northolt,2018-08-11,22.0,6.9
Northolt,2018-08-12,21.8,15.9
Northolt,2018-08-13,24.2,15.1
Northolt,2018-08-14,25.4,12.3
Northolt,2018-08-15,24.8,14.7
Northolt,2018-08-16,20.6,14.4
Northolt,2018-08-17,22.6,9.2
Northolt,2018-08-18,22.2,14.8
Northolt,2018-08-19,27.5,17.4
Northolt,2018-08-20,25.8,18.3
Northolt,2018-08-21,27.6,17.6
Northolt,2018-08-22,24.3,14.8
Northolt,2018-08-23,21.9,16.1
Northolt,2018-08-24,20.2,10.2
Northolt,2018-08-25,19.2,7.1
Northolt,2018-08-26,18.0,8.2
Northolt,2018-08-27,19.3,13.1
Northolt,2018-08-28,21.4,14.6
Northolt,2018-08-29,20.0,12.7
Northolt,2018-08-30,20.0,9.0
Northolt,2018-08-31,21.6,8.6
Northolt,2018-09-01,24.7,8.3
Northolt,2018-09-02,25.0,8.0
Northolt,2018-09-03,24.1,9.2
Northolt,2018-09-04,20.3,11.4
Northolt,2018-09-05,22.0,13.1
Northolt,2018-09-06,22.1,9.1
Northolt,2018-09-07,19.4,7.9
Northolt,2018-09-08,20.7,6.9
Northolt,2018-09-09,24.0,13.8
Northolt,2018-09-10,21.9,13.0
Northolt,2018-09-11,23.1,16.1
Northolt,2018-09-12,17.0,9.5
Northolt,2018-09-13,20.2,5.8
Northolt,2018-09-14,18.5,9.4
Northolt,2018-09-15,21.6,9.2
Northolt,2018-09-16,24.3,11.8
Northolt,2018-09-17,25.7,17.3
Northolt,2018-09-18,23.7,15.5
Northolt,2018-09-19,22.9,16.3
Northolt,2018-09-20,21.4,15.6
Northolt,2018-09-21,18.9,10.3
Northolt,2018-09-22,12.9,10.4
Northolt,2018-09-23,14.2,8.6
Northolt,2018-09-24,15.5,3.0
Northolt,2018-09-25,18.1,1.6
Northolt,2018-09-26,22.6,3.7
Northolt,2018-09-27,22.9,6.1
Northolt,2018-09-28,17.7,10.5
Northolt,2018-09-29,18.4,2.8
Northolt,2018-09-30,14.9,2.6
Northolt,2018-10-01,15.4,5.7
Northolt,2018-10-02,19.8,10.0
Northolt,2018-10-03,19.3,10.4
Northolt,2018-10-04,19.3,9.1
Northolt,2018-10-05,21.3,13.2
Northolt,2018-10-06,15.3,8.8
Northolt,2018-10-07,14.2,4.7
Northolt,2018-10-08,17.1,3.6
Northolt,2018-10-09,21.3,9.3
Northolt,2018-10-10,24.6,6.6
Northolt,2018-10-11,21.0,14.2
Northolt,2018-10-12,21.4,13.4
Northolt,2018-10-13,24.3,18.2
Northolt,2018-10-14,19.9,9.8
Northolt,2018-10-15,13.8,9.7
Northolt,2018-10-16,20.8,13.2
Northolt,2018-10-17,16.0,11.0
Northolt,2018-10-18,16.2,7.9
Northolt,2018-10-19,16.1,2.5
Northolt,2018-10-20,18.6,3.2
Northolt,2018-10-21,19.0,5.4
Northolt,2018-10-22,14.9,5.2
Northolt,2018-10-23,15.3,3.9
Northolt,2018-10-24,17.9,7.6
Northolt,2018-10-25,14.5,3.3
Northolt,2018-10-26,11.3,4.6
Northolt,2018-10-27,6.9,1.6
Northolt,2018-10-28,10.5,3.7
Northolt,2018-10-29,9.3,1.5
Northolt,2018-10-30,9.5,3.6
Northolt,2018-10-31,14.1,-3.1
Northolt,2018-11-01,11.6,3.9
Northolt,2018-11-02,11.6,-0.7
Northolt,2018-11-03,14.6,0.4
Northolt,2018-11-04,13.7,6.9
Northolt,2018-11-05,15.9,4.5
Northolt,2018-11-06,16.2,6.3
Northolt,2018-11-07,14.9,10.2
Northolt,2018-11-08,14.7,4.3
Northolt,2018-11-09,14.1,5.4
Northolt,2018-11-10,15.2,8.2
Northolt,2018-11-11,14.4,7.4
Northolt,2018-11-12,14.7,8.1
Northolt,2018-11-13,13.9,7.6
Northolt,2018-11-14,14.9,8.7
Northolt,2018-11-15,14.7,5.8
Northolt,2018-11-16,11.5,8.9
Northolt,2018-11-17,11.9,7.0
Northolt,2018-11-18,11.4,3.2
Northolt,2018-11-19,8.7,5.3
Northolt,2018-11-20,5.6,3.0
Northolt,2018-11-21,8.7,1.0
Northolt,2018-11-22,5.6,-4.0
Northolt,2018-11-23,8.3,3.2
Northolt,2018-11-24,9.5,7.6
Northolt,2018-11-25,8.8,5.6
Northolt,2018-11-26,8.0,2.7
Northolt,2018-11-27,10.2,1.3
Northolt,2018-11-28,13.7,8.4
Northolt,2018-11-29,13.8,10.3
Northolt,2018-11-30,12.0,6.8
Northolt,2018-12-01,13.2,5.2
Northolt,2018-12-02,15.1,10.8
Northolt,2018-12-03,13.9,6.6
Northolt,2018-12-04,7.6,-0.7
Northolt,2018-12-05,13.0,5.5
Northolt,2018-12-06,13.2,9.8
Northolt,2018-12-07,13.3,6.5
Northolt,2018-12-08,11.8,6.4
Northolt,2018-12-09,10.4,6.7
Northolt,2018-12-10,8.8,5.4
Northolt,2018-12-11,10.0,-0.7
Northolt,2018-12-12,7.7,3.2
Northolt,2018-12-13,5.9,-0.4
Northolt,2018-12-14,5.1,-1.7
Northolt,2018-12-15,6.6,1.4
Northolt,2018-12-16,8.6,-0.3
Northolt,2018-12-17,10.8,2.1
Northolt,2018-12-18,10.6,7.8
Northolt,2018-12-19,10.0,5.1
Northolt,2018-12-20,10.3,5.7
Northolt,2018-12-21,13.0,8.0
Northolt,2018-12-22,11.8,7.7
Northolt,2018-12-23,12.9,5.0
Northolt,2018-12-24,9.4,0.7
Northolt,2018-12-25,8.1,-2.1
Northolt,2018-12-26,9.7,6.9
Northolt,2018-12-27,8.9,1.5
Northolt,2018-12-28,10.9,3.2
Northolt,2018-12-29,12.8,7.3
Northolt,2018-12-30,10.2,3.1
Northolt,2018-12-31,10.0,8.5
Northolt,2019-01-01,10.4,5.9
Northolt,2019-01-02,7.0,2.3
Northolt,2019-01-03,5.1,3.5
Northolt,2019-01-04,3.9,-0.9
Northolt,2019-01-05,5.3,2.4
Northolt,2019-01-06,9.5,5.0
Northolt,2019-01-07,11.2,5.2
Northolt,2019-01-08,10.2,3.0
Northolt,2019-01-09,5.7,0.7
Northolt,2019-01-10,4.9,-0.3
Northolt,2019-01-11,8.2,4.2
Northolt,2019-01-12,10.2,6.9
Northolt,2019-01-13,11.7,8.8
Northolt,2019-01-14,9.9,6.5
Northolt,2019-01-15,9.2,1.4
Northolt,2019-01-16,9.5,4.0
Northolt,2019-01-17,4.6,-0.3
Northolt,2019-01-18,7.0,-3.0
Northolt,2019-01-19,5.7,1.7
Northolt,2019-01-20,5.2,-3.1
Northolt,2019-01-21,5.3,-4.7
Northolt,2019-01-22,6.5,0.0
Northolt,2019-01-23,3.1,-2.8
Northolt,2019-01-24,3.8,-4.6
Northolt,2019-01-25,12.2,2.6
Northolt,2019-01-26,10.9,6.2
Northolt,2019-01-27,8.4,3.4
Northolt,2019-01-28,5.7,-2.1
Northolt,2019-01-29,6.5,-4.4
Northolt,2019-01-30,5.5,-3.2
Northolt,2019-01-31,5.0,-6.4
Northolt,2019-02-01,2.4,0.2
Northolt,2019-02-02,4.7,0.0
Northolt,2019-02-03,6.8,-4.6
Northolt,2019-02-04,9.3,2.5
Northolt,2019-02-05,8.6,3.0
Northolt,2019-02-06,11.3,6.7
Northolt,2019-02-07,10.3,6.0
Northolt,2019-02-08,10.8,6.0
Northolt,2019-02-09,10.9,6.6
Northolt,2019-02-10,8.2,3.9
Northolt,2019-02-11,8.7,-1.1
Northolt,2019-02-12,12.1,-1.8
Northolt,2019-02-13,12.9,5.5
Northolt,2019-02-14,14.8,-2.5
Northolt,2019-02-15,15.0,-3.2
Northolt,2019-02-16,12.2,1.1
Northolt,2019-02-17,15.6,2.9
Northolt,2019-02-18,10.1,4.8
Northolt,2019-02-19,12.1,1.2
Northolt,2019-02-20,13.5,6.6
Northolt,2019-02-21,15.4,4.2
Northolt,2019-02-22,16.0,5.6
Northolt,2019-02-23,17.6,5.1
Northolt,2019-02-24,17.9,-0.2
Northolt,2019-02-25,20.4,-1.3
Northolt,2019-02-26,20.8,-0.9
Northolt,2019-02-27,18.7,-0.8
Northolt,2019-02-28,13.3,1.6
Northolt,2019-03-01,11.2,6.8
Northolt,2019-03-02,14.6,7.0
Northolt,2019-03-03,12.3,8.6
Northolt,2019-03-04,10.8,3.8
Northolt,2019-03-05,12.5,2.4
Northolt,2019-03-06,12.3,8.6
Northolt,2019-03-07,12.3,5.3
Northolt,2019-03-08,10.3,2.6
Northolt,2019-03-09,13.6,6.8
Northolt,2019-03-10,10.6,1.7
Northolt,2019-03-11,11.1,2.4
Northolt,2019-03-12,9.6,3.8
Northolt,2019-03-13,11.4,5.0
Northolt,2019-03-14,14.9,6.8
Northolt,2019-03-15,14.8,9.0
Northolt,2019-03-16,12.4,9.5
Northolt,2019-03-17,10.4,3.7
Northolt,2019-03-18,12.1,3.5
Northolt,2019-03-19,13.1,6.0
Northolt,2019-03-20,13.0,8.4
Northolt,2019-03-21,14.4,9.1
Northolt,2019-03-22,11.4,8.9
Northolt,2019-03-23,13.3,7.6
Northolt,2019-03-24,14.4,1.8
Northolt,2019-03-25,12.8,4.8
Northolt,2019-03-26,13.5,-0.5
Northolt,2019-03-27,13.5,2.3
Northolt,2019-03-28,16.2,6.1
Northolt,2019-03-29,17.9,1.0
Northolt,2019-03-30,19.5,2.8
Northolt,2019-03-31,13.4,6.7
Northolt,2019-04-01,15.2,2.5
Northolt,2019-04-02,9.1,1.1
Northolt,2019-04-03,10.8,0.1
Northolt,2019-04-04,9.6,0.3
Northolt,2019-04-05,14.6,6.4
Northolt,2019-04-06,11.1,6.2
Northolt,2019-04-07,11.1,6.0
Northolt,2019-04-08,12.1,7.3
Northolt,2019-04-09,11.9,7.5
Northolt,2019-04-10,12.3,4.0
Northolt,2019-04-11,12.0,0.7
Northolt,2019-04-12,10.7,0.8
Northolt,2019-04-13,9.4,0.5
Northolt,2019-04-14,11.1,-2.8
Northolt,2019-04-15,15.2,4.1
Northolt,2019-04-16,16.4,4.3
Northolt,2019-04-17,19.3,4.5
Northolt,2019-04-18,21.3,7.5
Northolt,2019-04-19,23.5,7.5
Northolt,2019-04-20,24.7,6.4
Northolt,2019-04-21,24.5,5.0
Northolt,2019-04-22,25.0,5.1
Northolt,2019-04-23,21.2,10.3
Northolt,2019-04-24,18.7,9.8
Northolt,2019-04-25,16.9,8.0
Northolt,2019-04-26,17.4,3.4
Northolt,2019-04-27,12.8,7.1
Northolt,2019-04-28,14.6,7.4
Northolt,2019-04-29,14.6,3.3
Northolt,2019-04-30,18.3,3.2
Northolt,2019-05-01,17.6,5.0
Northolt,2019-05-02,16.0,8.7
Northolt,2019-05-03,15.0,5.4
Northolt,2019-05-04,11.2,4.8
Northolt,2019-05-05,12.5,1.4
Northolt,2019-05-06,12.6,5.0
Northolt,2019-05-07,16.0,4.8
Northolt,2019-05-08,15.2,8.3
Northolt,2019-05-09,15.7,5.3
Northolt,2019-05-10,17.2,3.6
Northolt,2019-05-11,16.4,7.3
Northolt,2019-05-12,18.2,2.9
Northolt,2019-05-13,18.3,2.8
Northolt,2019-05-14,18.8,4.9
Northolt,2019-05-15,20.6,4.5
Northolt,2019-05-16,18.8,7.1
Northolt,2019-05-17,14.5,8.1
Northolt,2019-05-18,16.8,9.7
Northolt,2019-05-19,18.2,5.8
Northolt,2019-05-20,19.9,11.3
Northolt,2019-05-21,20.7,8.7
Northolt,2019-05-22,22.1,8.2
Northolt,2019-05-23,24.2,7.6
Northolt,2019-05-24,21.6,9.9
Northolt,2019-05-25,22.5,12.8
Northolt,2019-05-26,19.9,13.5
Northolt,2019-05-27,18.7,8.0
Northolt,2019-05-28,17.1,8.6
Northolt,2019-05-29,15.0,8.9
Northolt,2019-05-30,23.8,14.3
Northolt,2019-05-31,20.0,13.3
Northolt,2019-06-01,26.8,9.5
Northolt,2019-06-02,26.1,14.9
Northolt,2019-06-03,20.9,10.1
Northolt,2019-06-04,16.9,9.7
Northolt,2019-06-05,19.0,11.4
Northolt,2019-06-06,19.8,7.9
Northolt,2019-06-07,18.9,10.6
Northolt,2019-06-08,19.0,10.7
Northolt,2019-06-09,20.1,6.9
Northolt,2019-06-10,13.6,9.4
Northolt,2019-06-11,17.0,11.1
Northolt,2019-06-12,15.3,10.7
Northolt,2019-06-13,14.0,11.0
Northolt,2019-06-14,19.3,12.0
Northolt,2019-06-15,19.4,11.0
Northolt,2019-06-16,20.8,8.3
Northolt,2019-06-17,21.9,11.6
Northolt,2019-06-18,19.5,9.7
Northolt,2019-06-19,19.4,14.0
Northolt,2019-06-20,19.4,12.7
Northolt,2019-06-21,20.6,8.1
Northolt,2019-06-22,23.8,8.6
Northolt,2019-06-23,24.2,12.1
Northolt,2019-06-24,24.5,15.9
Northolt,2019-06-25,22.9,17.4
Northolt,2019-06-26,20.9,15.1
Northolt,2019-06-27,23.9,12.7
Northolt,2019-06-28,24.5,13.2
Northolt,2019-06-29,34.0,13.9
Northolt,2019-06-30,26.7,14.6
Northolt,2019-07-01,21.5,12.7
Northolt,2019-07-02,22.0,9.2
Northolt,2019-07-03,23.7,11.2
Northolt,2019-07-04,26.2,9.6
Northolt,2019-07-05,26.0,13.5
Northolt,2019-07-06,22.7,11.7
Northolt,2019-07-07,22.0,14.0
Northolt,2019-07-08,23.3,12.0
Northolt,2019-07-09,24.6,15.1
Northolt,2019-07-10,26.3,16.0
Northolt,2019-07-11,25.9,15.9
Northolt,2019-07-12,24.7,16.7
Northolt,2019-07-13,23.2,13.9
Northolt,2019-07-14,21.6,13.2
Northolt,2019-07-15,21.8,10.3
Northolt,2019-07-16,26.8,10.1
Northolt,2019-07-17,26.0,12.8
Northolt,2019-07-18,24.0,15.3
Northolt,2019-07-19,19.2,11.0
Northolt,2019-07-20,24.2,16.1
Northolt,2019-07-21,23.5,12.0
Northolt,2019-07-22,27.8,16.1
Northolt,2019-07-23,33.7,15.0
Northolt,2019-07-24,31.9,19.2
Northolt,2019-07-25,37.6,17.7
Northolt,2019-07-26,27.0,18.5
Northolt,2019-07-27,21.5,15.6
Northolt,2019-07-28,22.6,15.2
Northolt,2019-07-29,25.8,12.5
Northolt,2019-07-30,21.7,16.5
Northolt,2019-07-31,23.9,16.2
Northolt,2019-08-01,25.2,15.2
Northolt,2019-08-02,24.9,13.8
Northolt,2019-08-03,24.7,14.0
Northolt,2019-08-04,26.3,13.3
Northolt,2019-08-05,25.4,15.7
Northolt,2019-08-06,23.8,14.9
Northolt,2019-08-07,23.5,13.7
Northolt,2019-08-08,24.6,12.9
Northolt,2019-08-09,25.0,17.3
Northolt,2019-08-10,22.4,16.4
Northolt,2019-08-11,22.5,14.7
Northolt,2019-08-12,18.1,12.0
Northolt,2019-08-13,22.1,10.0
Northolt,2019-08-14,17.2,13.4
Northolt,2019-08-15,22.6,14.3
Northolt,2019-08-16,18.8,11.5
Northolt,2019-08-17,22.5,14.6
Northolt,2019-08-18,21.7,13.9
Northolt,2019-08-19,21.6,12.1
Northolt,2019-08-20,21.6,10.2
Northolt,2019-08-21,23.3,8.9
Northolt,2019-08-22,23.8,10.6
Northolt,2019-08-23,27.3,12.4
Northolt,2019-08-24,30.5,10.9
Northolt,2019-08-25,33.1,13.4
Northolt,2019-08-26,33.0,14.2
Northolt,2019-08-27,32.9,15.1
Northolt,2019-08-28,25.8,17.3
Northolt,2019-08-29,23.6,11.3
Northolt,2019-08-30,24.4,12.5
Northolt,2019-08-31,23.9,12.0
Northolt,2019-09-01,21.4,9.2
Northolt,2019-09-02,22.3,6.0
Northolt,2019-09-03,21.6,13.9
Northolt,2019-09-04,20.1,14.3
Northolt,2019-09-05,18.2,11.1
Northolt,2019-09-06,18.8,8.3
Northolt,2019-09-07,18.2,9.1
Northolt,2019-09-08,18.4,4.7
Northolt,2019-09-09,16.1,10.8
Northolt,2019-09-10,20.2,9.6
Northolt,2019-09-11,21.4,12.8
Northolt,2019-09-12,24.9,12.6
Northolt,2019-09-13,21.4,11.9
Northolt,2019-09-14,23.9,6.9
Northolt,2019-09-15,25.7,6.6
Northolt,2019-09-16,19.8,14.5
Northolt,2019-09-17,19.6,8.1
Northolt,2019-09-18,19.4,5.5
Northolt,2019-09-19,22.1,6.0
Northolt,2019-09-20,22.0,7.0
Northolt,2019-09-21,25.6,10.6
Northolt,2019-09-22,23.3,14.5
Northolt,2019-09-23,20.3,13.4
Northolt,2019-09-24,20.5,14.9
Northolt,2019-09-25,21.5,14.5
Northolt,2019-09-26,20.7,13.8
Northolt,2019-09-27,18.6,12.6
Northolt,2019-09-28,18.7,11.9
Northolt,2019-09-29,18.9,13.2
Northolt,2019-09-30,18.2,9.7
Northolt,2019-10-01,20.2,11.5
Northolt,2019-10-02,13.7,5.8
Northolt,2019-10-03,14.7,1.9
Northolt,2019-10-04,15.7,9.8
Northolt,2019-10-05,16.2,9.2
Northolt,2019-10-06,17.1,11.5
Northolt,2019-10-07,16.0,9.2
Northolt,2019-10-08,17.5,10.9
Northolt,2019-10-09,16.0,9.8
Northolt,2019-10-10,16.6,8.1
Northolt,2019-10-11,17.0,12.0
Northolt,2019-10-12,12.8,10.3
Northolt,2019-10-13,16.8,10.0
Northolt,2019-10-14,15.5,9.2
Northolt,2019-10-15,17.4,10.4
Northolt,2019-10-16,15.8,6.9
Northolt,2019-10-17,15.7,5.8
Northolt,2019-10-18,15.4,9.0
Northolt,2019-10-19,15.7,6.0
Northolt,2019-10-20,11.9,1.9
Northolt,2019-10-21,13.0,10.0
Northolt,2019-10-22,15.8,4.7
Northolt,2019-10-23,14.6,1.5
Northolt,2019-10-24,12.5,10.0
Northolt,2019-10-25,16.5,8.7
Northolt,2019-10-26,16.9,7.1
Northolt,2019-10-27,11.7,2.4
Northolt,2019-10-28,10.7,-1.0
Northolt,2019-10-29,11.4,5.2
Northolt,2019-10-30,12.8,6.6
Northolt,2019-10-31,12.9,5.6
Northolt,2019-11-01,15.8,7.9
Northolt,2019-11-02,15.3,9.6
Northolt,2019-11-03,11.4,3.7
Northolt,2019-11-04,13.6,4.5
Northolt,2019-11-05,12.4,3.7
Northolt,2019-11-06,9.9,1.9
Northolt,2019-11-07,11.1,4.0
Northolt,2019-11-08,8.6,-2.0
Northolt,2019-11-09,7.7,-1.2
Northolt,2019-11-10,10.6,3.3
Northolt,2019-11-11,9.5,3.8
Northolt,2019-11-12,8.5,3.0
Northolt,2019-11-13,9.9,2.6
Northolt,2019-11-14,9.9,3.7
Northolt,2019-11-15,8.8,2.6
Northolt,2019-11-16,7.6,3.3
Northolt,2019-11-17,8.3,0.1
Northolt,2019-11-18,8.8,0.0
Northolt,2019-11-19,6.8,-3.5
Northolt,2019-11-20,8.2,0.8
Northolt,2019-11-21,5.7,2.8
Northolt,2019-11-22,9.8,5.5
Northolt,2019-11-23,10.6,7.9
Northolt,2019-11-24,11.0,6.5
Northolt,2019-11-25,11.4,8.8
Northolt,2019-11-26,13.3,9.7
Northolt,2019-11-27,12.3,9.0
Northolt,2019-11-28,9.8,7.4
Northolt,2019-11-29,7.7,0.0
Northolt,2019-11-30,7.2,-2.5
Northolt,2019-12-01,7.2,1.6
Northolt,2019-12-02,7.0,-2.5
Northolt,2019-12-03,9.5,-0.3
Northolt,2019-12-04,9.8,-2.3
Northolt,2019-12-05,9.9,-2.8
Northolt,2019-12-06,13.0,9.6
Northolt,2019-12-07,11.2,6.5
Northolt,2019-12-08,11.8,6.5
Northolt,2019-12-09,9.2,1.6
Northolt,2019-12-10,11.6,-1.8
Northolt,2019-12-11,9.3,1.9
Northolt,2019-12-12,9.2,-0.6
Northolt,2019-12-13,8.6,5.9
Northolt,2019-12-14,8.3,3.9
Northolt,2019-12-15,10.3,4.7
Northolt,2019-12-16,8.7,4.2
Northolt,2019-12-17,7.8,5.6
Northolt,2019-12-18,9.9,-0.7
Northolt,2019-12-19,13.4,9.5
Northolt,2019-12-20,12.0,5.2
Northolt,2019-12-21,10.8,4.7
Northolt,2019-12-22,9.0,6.3
Northolt,2019-12-23,10.6,5.3
Northolt,2019-12-24,12.3,7.3
Northolt,2019-12-25,9.6,-0.9
Northolt,2019-12-26,9.7,-1.4
Northolt,2019-12-27,9.4,5.7
Northolt,2019-12-28,9.3,7.0
Northolt,2019-12-29,10.3,5.7
Northolt,2019-12-30,11.8,2.1
Northolt,2019-12-31,9.2,4.7
Northolt,2020-01-01,8.2,2.2
Northolt,2020-01-02,10.6,6.4
Northolt,2020-01-03,11.0,3.9
Northolt,2020-01-04,9.5,2.4
Northolt,2020-01-05,8.9,6.3
Northolt,2020-01-06,8.8,6.7
Northolt,2020-01-07,12.8,3.5
Northolt,2020-01-08,12.7,9.5
Northolt,2020-01-09,13.8,8.1
Northolt,2020-01-10,8.9,4.5
Northolt,2020-01-11,10.7,4.5
Northolt,2020-01-12,11.6,5.7
Northolt,2020-01-13,10.8,4.4
Northolt,2020-01-14,13.0,6.9
Northolt,2020-01-15,12.6,6.3
Northolt,2020-01-16,12.4,5.5
Northolt,2020-01-17,11.1,3.7
Northolt,2020-01-18,7.4,-1.1
Northolt,2020-01-19,7.3,-3.8
Northolt,2020-01-20,8.2,-2.1
Northolt,2020-01-21,8.8,-3.9
Northolt,2020-01-22,7.8,-1.5
Northolt,2020-01-23,8.1,6.1
Northolt,2020-01-24,7.2,5.1
Northolt,2020-01-25,6.7,5.6
Northolt,2020-01-26,10.5,5.7
Northolt,2020-01-27,9.5,4.8
Northolt,2020-01-28,7.6,2.2
Northolt,2020-01-29,10.2,2.3
Northolt,2020-01-30,12.8,6.5
Northolt,2020-01-31,12.6,8.7
Northolt,2020-02-01,11.8,7.4
Northolt,2020-02-02,13.3,6.1
Northolt,2020-02-03,11.4,6.0
Northolt,2020-02-04,9.0,4.5
Northolt,2020-02-05,9.2,-0.8
Northolt,2020-02-06,9.2,-1.7
Northolt,2020-02-07,9.8,-2.6
Northolt,2020-02-08,11.7,7.4
Northolt,2020-02-09,13.2,7.7
Northolt,2020-02-10,10.5,2.1
Northolt,2020-02-11,7.9,3.9
Northolt,2020-02-12,8.8,1.6
Northolt,2020-02-13,9.8,5.4
Northolt,2020-02-14,12.6,-0.3
Northolt,2020-02-15,12.8,9.7
Northolt,2020-02-16,13.0,5.6
Northolt,2020-02-17,11.4,5.3
Northolt,2020-02-18,10.9,4.1
Northolt,2020-02-19,9.1,2.4
Northolt,2020-02-20,10.1,4.1
Northolt,2020-02-21,11.2,3.5
Northolt,2020-02-22,13.6,9.2
Northolt,2020-02-23,14.2,6.3
Northolt,2020-02-24,11.9,5.6
Northolt,2020-02-25,9.1,4.0
Northolt,2020-02-26,8.5,1.7
Northolt,2020-02-27,7.7,1.2
Northolt,2020-02-28,11.8,-0.8
Northolt,2020-02-29,11.1,2.5
Northolt,2020-03-01,10.6,4.2
Northolt,2020-03-02,9.5,3.4
Northolt,2020-03-03,9.4,0.5
Northolt,2020-03-04,8.8,-0.8
Northolt,2020-03-05,6.2,5.0
Northolt,2020-03-06,9.5,1.4
Northolt,2020-03-07,13.2,-0.7
Northolt,2020-03-08,13.4,6.6
Northolt,2020-03-09,11.2,4.4
Northolt,2020-03-10,15.5,8.3
Northolt,2020-03-11,15.1,8.5
Northolt,2020-03-12,11.1,4.3
Northolt,2020-03-13,12.0,5.7
Northolt,2020-03-14,13.9,6.4
Northolt,2020-03-15,12.0,6.7
Northolt,2020-03-16,13.0,0.6
Northolt,2020-03-17,14.2,3.5
Northolt,2020-03-18,14.8,9.4
Northolt,2020-03-19,10.9,5.8
Northolt,2020-03-20,9.8,5.7
Northolt,2020-03-21,10.6,3.8
Northolt,2020-03-22,10.6,3.2
Northolt,2020-03-23,13.5,1.9
Northolt,2020-03-24,16.0,-1.5
Northolt,2020-03-25,14.7,-2.6
Northolt,2020-03-26,13.4,-1.1
Northolt,2020-03-27,13.8,1.7
Northolt,2020-03-28,11.1,4.5
Northolt,2020-03-29,8.3,3.2
Northolt,2020-03-30,10.5,1.9
Northolt,2020-03-31,10.7,2.2
Northolt,2020-04-01,8.8,-2.4
Northolt,2020-04-02,13.2,4.8
Northolt,2020-04-03,14.0,6.1
Northolt,2020-04-04,16.9,0.5
Northolt,2020-04-05,21.7,4.7
Northolt,2020-04-06,18.7,9.9
Northolt,2020-04-07,20.4,2.0
Northolt,2020-04-08,22.9,8.7
Northolt,2020-04-09,23.4,6.9
Northolt,2020-04-10,23.5,7.8
Northolt,2020-04-11,24.6,6.6
Northolt,2020-04-12,23.6,6.3
Northolt,2020-04-13,16.2,5.7
Northolt,2020-04-14,13.6,2.9
Northolt,2020-04-15,18.9,0.2
Northolt,2020-04-16,20.9,2.1
Northolt,2020-04-17,14.3,9.1
Northolt,2020-04-18,15.0,6.5
Northolt,2020-04-19,17.9,5.7
Northolt,2020-04-20,18.0,5.6
Northolt,2020-04-21,18.4,8.5
Northolt,2020-04-22,21.1,6.4
Northolt,2020-04-23,24.2,7.0
Northolt,2020-04-24,21.3,6.6
Northolt,2020-04-25,17.4,7.0
Northolt,2020-04-26,20.5,2.0
Northolt,2020-04-27,18.2,4.9
Northolt,2020-04-28,12.7,7.0
Northolt,2020-04-29,14.1,7.0
Northolt,2020-04-30,13.5,5.6
Northolt,2020-05-01,15.1,6.6
Northolt,2020-05-02,17.1,5.7
Northolt,2020-05-03,15.7,6.0
Northolt,2020-05-04,17.8,9.5
Northolt,2020-05-05,15.2,7.4
Northolt,2020-05-06,18.8,4.2
Northolt,2020-05-07,23.0,4.4
Northolt,2020-05-08,24.1,7.7
Northolt,2020-05-09,24.9,7.9
Northolt,2020-05-10,17.7,7.9
Northolt,2020-05-11,12.6,4.7
Northolt,2020-05-12,14.9,0.4
Northolt,2020-05-13,12.8,5.7
Northolt,2020-05-14,14.2,3.0
Northolt,2020-05-15,17.8,0.5
Northolt,2020-05-16,17.2,4.1
Northolt,2020-05-17,20.2,4.2
Northolt,2020-05-18,23.3,9.7
Northolt,2020-05-19,25.4,11.4
Northolt,2020-05-20,27.5,10.6
Northolt,2020-05-21,27.1,10.9
Northolt,2020-05-22,21.6,15.0
Northolt,2020-05-23,19.0,10.6
Northolt,2020-05-24,22.0,10.0
Northolt,2020-05-25,25.6,7.7
Northolt,2020-05-26,25.8,9.3
Northolt,2020-05-27,24.7,13.8
Northolt,2020-05-28,22.4,11.0
Northolt,2020-05-29,23.6,9.9
Northolt,2020-05-30,24.5,9.3
Northolt,2020-05-31,24.8,12.1
Northolt,2020-06-01,25.9,10.6
Northolt,2020-06-02,24.1,12.1
Northolt,2020-06-03,18.8,11.5
Northolt,2020-06-04,15.7,10.3
Northolt,2020-06-05,16.3,9.5
Northolt,2020-06-06,14.3,6.6
Northolt,2020-06-07,18.4,6.3
Northolt,2020-06-08,16.3,10.4
Northolt,2020-06-09,20.3,9.3
Northolt,2020-06-10,16.1,11.2
Northolt,2020-06-11,21.0,10.9
Northolt,2020-06-12,20.5,13.6
Northolt,2020-06-13,24.6,12.0
Northolt,2020-06-14,22.7,11.2
Northolt,2020-06-15,25.3,10.1
Northolt,2020-06-16,24.2,13.0
Northolt,2020-06-17,23.1,11.5
Northolt,2020-06-18,19.4,13.8
Northolt,2020-06-19,19.9,13.3
Northolt,2020-06-20,22.6,11.5
Northolt,2020-06-21,22.6,14.0
Northolt,2020-06-22,23.3,8.8
Northolt,2020-06-23,28.5,11.6
Northolt,2020-06-24,31.5,15.6
Northolt,2020-06-25,32.6,17.2
Northolt,2020-06-26,30.3,17.4
Northolt,2020-06-27,20.6,15.0
Northolt,2020-06-28,20.5,11.7
Northolt,2020-06-29,20.1,12.0
Northolt,2020-06-30,18.7,12.7
Northolt,2020-07-01,21.2,14.1
Northolt,2020-07-02,21.3,11.3
Northolt,2020-07-03,21.5,11.7
Northolt,2020-07-04,20.7,14.3
Northolt,2020-07-05,21.2,14.6
Northolt,2020-07-06,20.0,11.6
Northolt,2020-07-07,20.2,8.6
Northolt,2020-07-08,19.0,13.3
Northolt,2020-07-09,19.8,15.4
Northolt,2020-07-10,19.0,12.3
Northolt,2020-07-11,20.1,7.9
Northolt,2020-07-12,24.0,8.1
Northolt,2020-07-13,24.4,10.2
Northolt,2020-07-14,21.1,15.1
Northolt,2020-07-15,18.8,12.1
Northolt,2020-07-16,23.6,15.6
Northolt,2020-07-17,27.4,16.8
Northolt,2020-07-18,25.1,14.5
Northolt,2020-07-19,20.7,13.9
Northolt,2020-07-20,21.5,9.6
Northolt,2020-07-21,22.0,8.2
Northolt,2020-07-22,26.2,13.0
Northolt,2020-07-23,26.6,13.2
Northolt,2020-07-24,24.4,16.0
Northolt,2020-07-25,23.8,14.9
Northolt,2020-07-26,22.3,11.3
Northolt,2020-07-27,21.0,15.4
Northolt,2020-07-28,21.4,12.1
Northolt,2020-07-29,23.7,7.0
Northolt,2020-07-30,29.2,12.1
Northolt,2020-07-31,36.8,15.6
Northolt,2020-08-01,26.5,15.7
Northolt,2020-08-02,24.0,11.5
Northolt,2020-08-03,22.6,12.9
Northolt,2020-08-04,23.7,9.3
Northolt,2020-08-05,26.2,15.6
Northolt,2020-08-06,29.7,18.2
Northolt,2020-08-07,36.1,13.8
Northolt,2020-08-08,32.3,19.7
Northolt,2020-08-09,33.5,17.2
Northolt,2020-08-10,35.3,18.3
Northolt,2020-08-11,35.2,19.3
Northolt,2020-08-12,34.5,19.9
Northolt,2020-08-13,27.2,19.7
Northolt,2020-08-14,20.2,17.1
Northolt,2020-08-15,19.5,16.4
Northolt,2020-08-16,24.2,18.8
Northolt,2020-08-17,23.8,14.3
Northolt,2020-08-18,24.2,15.9
Northolt,2020-08-19,19.8,14.7
Northolt,2020-08-20,24.8,15.5
Northolt,2020-08-21,23.2,17.1
Northolt,2020-08-22,23.4,14.9
Northolt,2020-08-23,22.5,14.7
Northolt,2020-08-24,22.7,12.9
Northolt,2020-08-25,22.1,15.3
Northolt,2020-08-26,21.9,15.3
Northolt,2020-08-27,18.4,12.3
Northolt,2020-08-28,20.0,11.7
Northolt,2020-08-29,15.5,11.1
Northolt,2020-08-30,17.1,11.5
Northolt,2020-08-31,18.7,7.1
Northolt,2020-09-01,20.2,5.5
Northolt,2020-09-02,20.9,7.0
Northolt,2020-09-03,22.2,15.2
Northolt,2020-09-04,19.2,12.4
Northolt,2020-09-05,18.8,8.5
Northolt,2020-09-06,19.5,7.6
Northolt,2020-09-07,21.1,8.3
Northolt,2020-09-08,25.0,15.9
Northolt,2020-09-09,22.6,14.2
Northolt,2020-09-10,19.8,7.6
Northolt,2020-09-11,19.6,6.3
Northolt,2020-09-12,21.6,11.8
Northolt,2020-09-13,25.4,11.9
Northolt,2020-09-14,29.4,8.7
Northolt,2020-09-15,29.3,13.2
Northolt,2020-09-16,26.0,17.2
Northolt,2020-09-17,21.8,12.4
Northolt,2020-09-18,21.4,9.8
Northolt,2020-09-19,24.2,12.6
Northolt,2020-09-20,24.4,13.7
Northolt,2020-09-21,24.6,13.3
Northolt,2020-09-22,25.1,11.0
Northolt,2020-09-23,18.1,11.4
Northolt,2020-09-24,17.3,7.1
Northolt,2020-09-25,14.9,5.1
Northolt,2020-09-26,13.0,6.3
Northolt,2020-09-27,14.7,10.3
Northolt,2020-09-28,17.5,7.3
Northolt,2020-09-29,18.6,13.6
Northolt,2020-09-30,17.7,9.8
Northolt,2020-10-01,16.0,10.6
Northolt,2020-10-02,13.3,9.8
Northolt,2020-10-03,16.3,11.4
Northolt,2020-10-04,11.5,8.7
Northolt,2020-10-05,18.1,8.2
Northolt,2020-10-06,16.5,10.2
Northolt,2020-10-07,16.3,8.2
Northolt,2020-10-08,18.0,9.7
Northolt,2020-10-09,14.8,3.8
Northolt,2020-10-10,14.1,4.4
Northolt,2020-10-11,14.3,6.4
Northolt,2020-10-12,13.7,4.3
Northolt,2020-10-13,11.8,5.3
Northolt,2020-10-14,14.3,7.7
Northolt,2020-10-15,12.7,7.5
Northolt,2020-10-16,13.5,6.7
Northolt,2020-10-17,12.3,8.1
Northolt,2020-10-18,13.1,6.5
Northolt,2020-10-19,16.0,8.1
Northolt,2020-10-20,18.7,11.8
Northolt,2020-10-21,15.9,13.3
Northolt,2020-10-22,16.5,11.3
Northolt,2020-10-23,16.4,8.8
Northolt,2020-10-24,16.2,6.6
Northolt,2020-10-25,12.9,7.6
Northolt,2020-10-26,14.0,5.6
Northolt,2020-10-27,14.1,4.3
Northolt,2020-10-28,13.8,7.3
Northolt,2020-10-29,14.8,7.4
Northolt,2020-10-30,16.4,13.7
Northolt,2020-10-31,15.5,10.1
Northolt,2020-11-01,17.4,10.1
Northolt,2020-11-02,17.3,8.9
Northolt,2020-11-03,11.0,5.3
Northolt,2020-11-04,11.7,-1.0
Northolt,2020-11-05,10.5,-0.4
Northolt,2020-11-06,12.0,-0.7
Northolt,2020-11-07,15.9,2.3
Northolt,2020-11-08,14.7,8.4
Northolt,2020-11-09,16.5,8.7
Northolt,2020-11-10,16.2,8.7
Northolt,2020-11-11,13.4,5.1
Northolt,2020-11-12,13.8,9.2
Northolt,2020-11-13,12.8,9.2
Northolt,2020-11-14,13.9,9.2
Northolt,2020-11-15,13.4,7.2
Northolt,2020-11-16,12.3,7.4
Northolt,2020-11-17,14.5,11.7
Northolt,2020-11-18,15.7,8.4
Northolt,2020-11-19,10.3,3.3
Northolt,2020-11-20,10.3,-0.6
Northolt,2020-11-21,12.6,9.9
Northolt,2020-11-22,11.9,3.0
Northolt,2020-11-23,10.7,-0.3
Northolt,2020-11-24,12.7,7.3
Northolt,2020-11-25,13.2,6.2
Northolt,2020-11-26,8.7,1.2
Northolt,2020-11-27,6.0,-2.6
Northolt,2020-11-28,10.5,3.8
Northolt,2020-11-29,9.3,6.3
Northolt,2020-11-30,10.4,4.2
Northolt,2020-12-01,9.4,1.6
Northolt,2020-12-02,6.6,1.1
Northolt,2020-12-03,7.0,3.4
Northolt,2020-12-04,5.5,3.1
Northolt,2020-12-05,8.9,3.0
Northolt,2020-12-06,5.4,0.9
Northolt,2020-12-07,1.9,-0.5
Northolt,2020-12-08,4.1,-1.4
Northolt,2020-12-09,6.7,2.6
Northolt,2020-12-10,7.7,4.9
Northolt,2020-12-11,11.3,5.0
Northolt,2020-12-12,9.5,3.9
Northolt,2020-12-13,11.5,-0.1
Northolt,2020-12-14,13.3,8.7
Northolt,2020-12-15,11.9,7.3
Northolt,2020-12-16,10.7,6.9
Northolt,2020-12-17,12.0,5.5
Northolt,2020-12-18,12.2,10.3
Northolt,2020-12-19,12.1,7.5
Northolt,2020-12-20,10.9,5.6
Northolt,2020-12-21,13.9,5.3
Northolt,2020-12-22,13.9,9.4
Northolt,2020-12-23,13.8,8.3
Northolt,2020-12-24,8.3,2.0
Northolt,2020-12-25,4.0,-0.4
Northolt,2020-12-26,10.7,-1.8
Northolt,2020-12-27,10.8,1.4
Northolt,2020-12-28,3.1,-2.8
Northolt,2020-12-29,4.1,1.0
Northolt,2020-12-30,5.1,-2.4
Northolt,2020-12-31,1.1,-4.2
Northolt,2021-01-01,3.9,-1.2
Northolt,2021-01-02,5.3,0.4
Northolt,2021-01-03,5.8,0.1
Northolt,2021-01-04,5.3,2.1
Northolt,2021-01-05,4.5,1.7
Northolt,2021-01-06,5.9,1.3
Northolt,2021-01-07,3.6,-1.9
Northolt,2021-01-08,2.4,-1.8
Northolt,2021-01-09,3.3,-2.2
Northolt,2021-01-10,3.5,-2.4
Northolt,2021-01-11,9.0,3.5
Northolt,2021-01-12,9.5,1.8
Northolt,2021-01-13,9.9,-0.4
Northolt,2021-01-14,9.6,2.5
Northolt,2021-01-15,5.0,-1.8
Northolt,2021-01-16,8.6,-1.9
Northolt,2021-01-17,7.6,3.0
Northolt,2021-01-18,8.1,0.3
Northolt,2021-01-19,11.9,7.7
Northolt,2021-01-20,10.6,8.9
Northolt,2021-01-21,10.0,3.6
Northolt,2021-01-22,8.0,0.2
Northolt,2021-01-23,4.2,-1.3
Northolt,2021-01-24,1.3,-4.3
Northolt,2021-01-25,4.8,-4.9
Northolt,2021-01-26,5.5,-3.0
Northolt,2021-01-27,9.8,5.5
Northolt,2021-01-28,13.0,8.6
Northolt,2021-01-29,11.2,7.8
Northolt,2021-01-30,8.3,2.8
Northolt,2021-01-31,4.1,0.2
Northolt,2021-02-01,4.1,2.8
Northolt,2021-02-02,13.2,3.4
Northolt,2021-02-03,10.6,5.6
Northolt,2021-02-04,9.1,-1.1
Northolt,2021-02-05,11.1,5.3
Northolt,2021-02-06,8.5,4.1
Northolt,2021-02-07,5.4,-0.3
Northolt,2021-02-08,0.0,-1.9
Northolt,2021-02-09,0.3,-1.6
Northolt,2021-02-10,2.9,-2.2
Northolt,2021-02-11,1.9,-5.2
Northolt,2021-02-12,2.2,-1.2
Northolt,2021-02-13,1.9,-3.9
Northolt,2021-02-14,4.4,0.6
Northolt,2021-02-15,13.4,3.4
Northolt,2021-02-16,11.6,7.6
Northolt,2021-02-17,11.4,6.8
Northolt,2021-02-18,10.9,4.8
Northolt,2021-02-19,11.0,4.1
Northolt,2021-02-20,14.7,10.9
Northolt,2021-02-21,14.1,8.7
Northolt,2021-02-22,10.3,5.8
Northolt,2021-02-23,14.7,5.2
Northolt,2021-02-24,16.4,11.3
Northolt,2021-02-25,12.7,4.1
Northolt,2021-02-26,12.0,-1.5
Northolt,2021-02-27,13.1,-1.5
Northolt,2021-02-28,9.3,0.4
Northolt,2021-03-01,9.9,2.8
Northolt,2021-03-02,8.7,3.4
Northolt,2021-03-03,9.3,2.2
Northolt,2021-03-04,6.8,3.6
Northolt,2021-03-05,5.9,0.9
Northolt,2021-03-06,6.4,-0.5
Northolt,2021-03-07,7.2,-0.3
Northolt,2021-03-08,10.4,-0.9
Northolt,2021-03-09,13.7,0.1
Northolt,2021-03-10,10.2,5.8
Northolt,2021-03-11,12.1,6.0
Northolt,2021-03-12,11.3,4.2
Northolt,2021-03-13,10.9,4.2
Northolt,2021-03-14,10.1,3.9
Northolt,2021-03-15,11.8,7.3
Northolt,2021-03-16,14.2,6.5
Northolt,2021-03-17,10.1,4.1
Northolt,2021-03-18,10.0,2.0
Northolt,2021-03-19,11.4,6.0
Northolt,2021-03-20,10.7,2.7
Northolt,2021-03-21,11.8,5.9
Northolt,2021-03-22,14.3,2.6
Northolt,2021-03-23,13.8,0.7
Northolt,2021-03-24,14.0,1.5
Northolt,2021-03-25,13.8,2.6
Northolt,2021-03-26,12.5,4.5
Northolt,2021-03-27,12.0,2.4
Northolt,2021-03-28,13.0,8.2
Northolt,2021-03-29,20.2,9.8
Northolt,2021-03-30,24.1,1.0
Northolt,2021-03-31,20.8,5.2
Northolt,2021-04-01,14.8,6.9
Northolt,2021-04-02,10.6,5.2
Northolt,2021-04-03,9.3,5.3
Northolt,2021-04-04,15.8,-0.3
Northolt,2021-04-05,10.7,2.9
Northolt,2021-04-06,7.9,-0.4
Northolt,2021-04-07,6.6,-3.4
Northolt,2021-04-08,12.9,2.7
Northolt,2021-04-09,14.5,4.7
Northolt,2021-04-10,8.3,5.5
Northolt,2021-04-11,8.6,-1.1
Northolt,2021-04-12,9.7,-2.7
Northolt,2021-04-13,13.4,-2.3
Northolt,2021-04-14,12.3,0.4
Northolt,2021-04-15,11.1,-0.4
Northolt,2021-04-16,12.4,-1.5
Northolt,2021-04-17,13.4,-1.7
Northolt,2021-04-18,15.3,-1.2
Northolt,2021-04-19,18.3,0.7
Northolt,2021-04-20,17.7,2.1
Northolt,2021-04-21,14.2,4.2
Northolt,2021-04-22,15.0,2.2
Northolt,2021-04-23,17.3,0.5
Northolt,2021-04-24,17.2,0.9
Northolt,2021-04-25,13.8,4.6
Northolt,2021-04-26,13.6,4.0
Northolt,2021-04-27,16.0,-0.2
Northolt,2021-04-28,13.2,6.6
Northolt,2021-04-29,11.6,3.0
Northolt,2021-04-30,12.2,2.0
Northolt,2021-05-01,12.9,1.4
Northolt,2021-05-02,14.3,3.2
Northolt,2021-05-03,13.8,5.3
Northolt,2021-05-04,14.1,5.6
Northolt,2021-05-05,12.6,2.6
Northolt,2021-05-06,12.6,-0.2
Northolt,2021-05-07,14.3,3.0
Northolt,2021-05-08,16.0,6.2
Northolt,2021-05-09,20.9,12.6
Northolt,2021-05-10,16.7,10.0
Northolt,2021-05-11,18.1,5.1
Northolt,2021-05-12,17.0,9.1
Northolt,2021-05-13,14.0,9.0
Northolt,2021-05-14,12.8,8.0
Northolt,2021-05-15,16.0,8.3
Northolt,2021-05-16,15.6,7.2
Northolt,2021-05-17,17.3,9.5
Northolt,2021-05-18,16.7,5.0
Northolt,2021-05-19,17.1,8.4
Northolt,2021-05-20,13.9,4.9
Northolt,2021-05-21,13.0,9.9
Northolt,2021-05-22,15.3,8.6
Northolt,2021-05-23,13.3,3.8
Northolt,2021-05-24,13.9,6.5
Northolt,2021-05-25,15.7,6.4
Northolt,2021-05-26,16.9,5.2
Northolt,2021-05-27,20.6,5.7
Northolt,2021-05-28,19.7,9.4
Northolt,2021-05-29,22.1,12.3
Northolt,2021-05-30,21.2,8.5
Northolt,2021-05-31,24.8,8.2
Northolt,2021-06-01,25.7,10.8
Northolt,2021-06-02,28.3,12.1
Northolt,2021-06-03,23.2,17.0
Northolt,2021-06-04,17.6,12.4
Northolt,2021-06-05,23.3,10.7
Northolt,2021-06-06,23.2,11.5
Northolt,2021-06-07,24.1,14.0
Northolt,2021-06-08,24.5,11.3
Northolt,2021-06-09,25.4,10.5
Northolt,2021-06-10,23.5,15.5
Northolt,2021-06-11,24.7,16.1
Northolt,2021-06-12,23.4,13.4
Northolt,2021-06-13,27.9,12.7
Northolt,2021-06-14,27.4,13.7
Northolt,2021-06-15,25.9,14.4
Northolt,2021-06-16,28.4,14.4
Northolt,2021-06-17,21.0,17.2
Northolt,2021-06-18,17.3,12.3
Northolt,2021-06-19,16.0,11.8
Northolt,2021-06-20,17.4,12.8
Northolt,2021-06-21,14.6,11.7
Northolt,2021-06-22,17.9,11.1
Northolt,2021-06-23,21.2,6.0
Northolt,2021-06-24,19.7,8.2
Northolt,2021-06-25,21.6,13.5
Northolt,2021-06-26,23.3,14.0
Northolt,2021-06-27,20.5,15.3
Northolt,2021-06-28,19.5,15.0
Northolt,2021-06-29,18.3,14.0
Northolt,2021-06-30,17.7,12.6
Northolt,2021-07-01,21.7,10.7
Northolt,2021-07-02,24.1,13.7
Northolt,2021-07-03,22.3,16.0
Northolt,2021-07-04,21.6,15.0
Northolt,2021-07-05,21.7,13.7
Northolt,2021-07-06,20.5,13.1
Northolt,2021-07-07,21.9,13.0
Northolt,2021-07-08,20.8,13.6
Northolt,2021-07-09,23.9,14.9
Northolt,2021-07-10,19.2,13.2
Northolt,2021-07-11,22.0,9.9
Northolt,2021-07-12,21.7,14.0
Northolt,2021-07-13,22.0,14.9
Northolt,2021-07-14,24.8,13.3
Northolt,2021-07-15,21.8,13.7
Northolt,2021-07-16,26.7,9.6
Northolt,2021-07-17,28.2,13.9
Northolt,2021-07-18,30.7,14.7
Northolt,2021-07-19,30.7,16.8
Northolt,2021-07-20,31.8,16.8
Northolt,2021-07-21,30.1,16.3
Northolt,2021-07-22,30.0,16.7
Northolt,2021-07-23,25.1,15.7
Northolt,2021-07-24,23.5,15.3
Northolt,2021-07-25,21.1,16.6
Northolt,2021-07-26,26.0,15.7
Northolt,2021-07-27,22.9,17.2
Northolt,2021-07-28,19.7,14.5
Northolt,2021-07-29,22.4,11.9
Northolt,2021-07-30,19.3,13.8
Northolt,2021-07-31,20.5,13.0
Northolt,2021-08-01,20.5,14.6
Northolt,2021-08-02,20.4,12.3
Northolt,2021-08-03,21.3,9.8
Northolt,2021-08-04,23.2,10.3
Northolt,2021-08-05,21.1,12.8
Northolt,2021-08-06,22.3,14.8
Northolt,2021-08-07,20.6,13.2
Northolt,2021-08-08,20.0,13.3
Northolt,2021-08-09,22.0,12.4
Northolt,2021-08-10,23.7,12.6
Northolt,2021-08-11,24.0,12.3
Northolt,2021-08-12,22.3,15.5
Northolt,2021-08-13,22.0,13.3
Northolt,2021-08-14,24.8,13.8
Northolt,2021-08-15,24.0,13.2
Northolt,2021-08-16,18.4,12.2
Northolt,2021-08-17,18.3,10.2
Northolt,2021-08-18,24.2,15.3
Northolt,2021-08-19,21.6,13.6
Northolt,2021-08-20,21.9,13.6
Northolt,2021-08-21,20.6,15.6
Northolt,2021-08-22,22.7,14.8
Northolt,2021-08-23,21.4,15.5
Northolt,2021-08-24,23.3,12.8
Northolt,2021-08-25,21.6,13.1
Northolt,2021-08-26,18.5,15.4
Northolt,2021-08-27,19.6,11.2
Northolt,2021-08-28,20.6,10.3
Northolt,2021-08-29,18.9,8.7
Northolt,2021-08-30,16.8,13.6
Northolt,2021-08-31,18.7,13.8
Northolt,2021-09-01,18.6,13.8
Northolt,2021-09-02,20.1,14.7
Northolt,2021-09-03,21.5,14.0
Northolt,2021-09-04,19.0,12.7
Northolt,2021-09-05,26.7,11.5
Northolt,2021-09-06,28.4,12.3
Northolt,2021-09-07,30.4,13.4
Northolt,2021-09-08,30.3,15.4
Northolt,2021-09-09,22.9,16.2
Northolt,2021-09-10,22.6,16.8
Northolt,2021-09-11,23.6,15.5
Northolt,2021-09-12,22.5,11.1
Northolt,2021-09-13,21.1,13.2
Northolt,2021-09-14,20.4,15.4
Northolt,2021-09-15,21.4,13.8
Northolt,2021-09-16,23.4,9.1
Northolt,2021-09-17,22.0,12.5
Northolt,2021-09-18,25.3,10.5
Northolt,2021-09-19,18.4,13.1
Northolt,2021-09-20,19.8,11.0
Northolt,2021-09-21,21.8,9.4
Northolt,2021-09-22,22.9,7.7
Northolt,2021-09-23,21.7,11.2
Northolt,2021-09-24,24.5,12.8
Northolt,2021-09-25,18.5,14.1
Northolt,2021-09-26,23.0,10.7
Northolt,2021-09-27,18.6,11.9
Northolt,2021-09-28,19.1,9.7
Northolt,2021-09-29,15.8,8.0
Northolt,2021-09-30,16.0,5.0
Northolt,2021-10-01,17.8,9.8
Northolt,2021-10-02,14.7,5.9
Northolt,2021-10-03,17.4,9.7
Northolt,2021-10-04,17.4,9.7
Northolt,2021-10-05,14.9,10.7
Northolt,2021-10-06,17.0,9.6
Northolt,2021-10-07,17.8,10.7
Northolt,2021-10-08,17.4,14.0
Northolt,2021-10-09,19.5,6.0
Northolt,2021-10-10,18.4,7.3
Northolt,2021-10-11,15.7,6.1
Northolt,2021-10-12,16.3,5.8
Northolt,2021-10-13,15.7,6.7
Northolt,2021-10-14,18.9,7.4
Northolt,2021-10-15,14.7,10.6
Northolt,2021-10-16,17.4,6.1
Northolt,2021-10-17,17.6,7.3
Northolt,2021-10-18,17.0,5.1
Northolt,2021-10-19,20.4,16.0
Northolt,2021-10-20,18.8,11.6
Northolt,2021-10-21,11.9,4.8
Northolt,2021-10-22,14.6,4.1
Northolt,2021-10-23,14.0,9.1
Northolt,2021-10-24,16.0,11.2
Northolt,2021-10-25,17.1,8.6
Northolt,2021-10-26,17.2,5.8
Northolt,2021-10-27,17.5,13.9
Northolt,2021-10-28,16.2,11.9
Northolt,2021-10-29,15.5,9.5
Northolt,2021-10-30,15.5,8.1
Northolt,2021-10-31,15.6,6.3
Northolt,2021-11-01,13.3,5.6
Northolt,2021-11-02,12.8,-0.1
Northolt,2021-11-03,9.4,-1.4
Northolt,2021-11-04,9.9,3.9
Northolt,2021-11-05,10.9,-2.1
Northolt,2021-11-06,12.7,6.6
Northolt,2021-11-07,12.4,5.6
Northolt,2021-11-08,12.1,0.6
Northolt,2021-11-09,15.9,10.6
Northolt,2021-11-10,13.9,9.7
Northolt,2021-11-11,15.0,9.4
Northolt,2021-11-12,15.5,6.0
Northolt,2021-11-13,12.6,9.8
Northolt,2021-11-14,12.8,9.7
Northolt,2021-11-15,11.7,5.2
Northolt,2021-11-16,11.4,0.1
Northolt,2021-11-17,12.2,2.9
Northolt,2021-11-18,14.2,4.0
Northolt,2021-11-19,12.3,10.5
Northolt,2021-11-20,10.9,8.7
Northolt,2021-11-21,8.9,4.2
Northolt,2021-11-22,9.7,3.4
Northolt,2021-11-23,9.8,0.0
Northolt,2021-11-24,7.4,-0.4
Northolt,2021-11-25,7.3,1.7
Northolt,2021-11-26,9.0,1.7
Northolt,2021-11-27,4.9,2.5
Northolt,2021-11-28,3.9,-1.1
Northolt,2021-11-29,3.6,-3.1
Northolt,2021-11-30,12.0,3.0
Northolt,2021-12-01,11.4,4.4
Northolt,2021-12-02,4.9,-0.3
Northolt,2021-12-03,9.4,-0.3
Northolt,2021-12-04,8.2,3.5
Northolt,2021-12-05,6.6,3.9
Northolt,2021-12-06,7.8,1.4
Northolt,2021-12-07,8.1,0.9
Northolt,2021-12-08,8.1,5.0
Northolt,2021-12-09,9.0,3.2
Northolt,2021-12-10,8.3,3.8
Northolt,2021-12-11,9.7,0.2
Northolt,2021-12-12,14.2,9.7
Northolt,2021-12-13,12.0,9.7
Northolt,2021-12-14,12.9,9.2
Northolt,2021-12-15,13.3,9.0
Northolt,2021-12-16,12.0,9.5
Northolt,2021-12-17,10.7,6.8
Northolt,2021-12-18,8.6,7.4
Northolt,2021-12-19,7.4,2.8
Northolt,2021-12-20,6.8,5.1
Northolt,2021-12-21,6.7,0.7
Northolt,2021-12-22,5.1,-4.5
Northolt,2021-12-23,11.1,3.3
Northolt,2021-12-24,10.4,4.1
Northolt,2021-12-25,9.1,5.6
Northolt,2021-12-26,9.4,5.2
Northolt,2021-12-27,11.0,6.7
Northolt,2021-12-28,11.4,8.7
Northolt,2021-12-29,15.2,6.9
Northolt,2021-12-30,15.1,12.6
Northolt,2021-12-31,15.0,12.2
Northolt,2022-01-01,15.0,12.3
Northolt,2022-01-02,13.3,9.3
Northolt,2022-01-03,10.7,8.5
Northolt,2022-01-04,8.6,1.1
Northolt,2022-01-05,6.3,-0.3
Northolt,2022-01-06,7.2,-5.7
Northolt,2022-01-07,7.1,1.0
Northolt,2022-01-08,10.2,-0.1
Northolt,2022-01-09,8.9,0.5
Northolt,2022-01-10,8.7,-1.0
Northolt,2022-01-11,10.3,8.2
Northolt,2022-01-12,9.4,-0.7
Northolt,2022-01-13,9.8,-2.3
Northolt,2022-01-14,9.9,-3.1
Northolt,2022-01-15,5.5,-2.0
Northolt,2022-01-16,9.4,0.8
Northolt,2022-01-17,10.6,-1.3
Northolt,2022-01-18,7.1,-3.8
Northolt,2022-01-19,9.0,3.4
Northolt,2022-01-20,5.9,-0.3
Northolt,2022-01-21,4.8,-3.6
Northolt,2022-01-22,6.0,1.0
Northolt,2022-01-23,6.5,4.6
Northolt,2022-01-24,5.6,3.8
Northolt,2022-01-25,3.8,1.7
Northolt,2022-01-26,9.3,2.3
Northolt,2022-01-27,12.8,3.9
Northolt,2022-01-28,10.2,-1.8
Northolt,2022-01-29,13.5,6.7
Northolt,2022-01-30,9.1,-2.9
Northolt,2022-01-31,8.3,4.3
Northolt,2022-02-01,14.7,4.3
Northolt,2022-02-02,12.3,8.0
Northolt,2022-02-03,10.1,7.2
Northolt,2022-02-04,10.2,2.7
Northolt,2022-02-05,10.6,1.6
Northolt,2022-02-06,11.7,6.8
Northolt,2022-02-07,10.3,1.0
Northolt,2022-02-08,12.5,9.8
Northolt,2022-02-09,13.9,8.0
Northolt,2022-02-10,8.5,3.8
Northolt,2022-02-11,9.7,-1.1
Northolt,2022-02-12,9.1,0.6
Northolt,2022-02-13,9.7,6.5
Northolt,2022-02-14,9.7,5.3
Northolt,2022-02-15,9.6,2.3
Northolt,2022-02-16,15.4,8.7
Northolt,2022-02-17,12.9,7.9
Northolt,2022-02-18,11.5,4.1
Northolt,2022-02-19,10.4,1.8
Northolt,2022-02-20,12.2,5.6
Northolt,2022-02-21,11.0,4.4
Northolt,2022-02-22,13.5,4.4
Northolt,2022-02-23,11.5,0.6
Northolt,2022-02-24,9.3,3.3
Northolt,2022-02-25,11.0,1.9
Northolt,2022-02-26,11.4,-3.0
Northolt,2022-02-27,12.0,1.0
Northolt,2022-02-28,13.0,2.5
Northolt,2022-03-01,9.7,7.2
Northolt,2022-03-02,8.2,6.5
Northolt,2022-03-03,12.7,3.3
Northolt,2022-03-04,9.9,5.7
Northolt,2022-03-05,7.2,4.8
Northolt,2022-03-06,7.5,3.4
Northolt,2022-03-07,8.1,3.0
Northolt,2022-03-08,13.6,0.3
Northolt,2022-03-09,13.9,7.4
Northolt,2022-03-10,16.5,7.8
Northolt,2022-03-11,12.7,8.7
Northolt,2022-03-12,13.2,7.1
Northolt,2022-03-13,12.1,8.0
Northolt,2022-03-14,14.2,0.9
Northolt,2022-03-15,16.4,3.1
Northolt,2022-03-16,10.9,6.8
Northolt,2022-03-17,13.9,1.9
Northolt,2022-03-18,16.4,0.3
Northolt,2022-03-19,14.8,7.3
Northolt,2022-03-20,12.9,2.4
Northolt,2022-03-21,17.4,-2.2
Northolt,2022-03-22,20.5,7.3
Northolt,2022-03-23,20.4,2.3
Northolt,2022-03-24,19.2,1.2
Northolt,2022-03-25,17.7,1.4
Northolt,2022-03-26,18.3,1.6
Northolt,2022-03-27,13.5,4.4
Northolt,2022-03-28,16.7,0.4
Northolt,2022-03-29,11.8,7.5
Northolt,2022-03-30,10.5,4.3
Northolt,2022-03-31,7.9,0.9
Northolt,2022-04-01,8.9,0.6
Northolt,2022-04-02,9.1,-2.1
Northolt,2022-04-03,10.2,-2.8
Northolt,2022-04-04,14.7,4.9
Northolt,2022-04-05,15.4,10.3
Northolt,2022-04-06,15.4,9.0
Northolt,2022-04-07,14.1,5.9
Northolt,2022-04-08,11.5,1.4
Northolt,2022-04-09,12.3,0.5
Northolt,2022-04-10,13.9,-1.2
Northolt,2022-04-11,18.2,4.7
Northolt,2022-04-12,19.4,9.9
Northolt,2022-04-13,19.2,10.1
Northolt,2022-04-14,20.4,4.2
Northolt,2022-04-15,23.3,6.2
Northolt,2022-04-16,20.2,7.1
Northolt,2022-04-17,20.2,4.8
Northolt,2022-04-18,18.2,6.9
Northolt,2022-04-19,15.7,5.3
Northolt,2022-04-20,18.6,7.2
Northolt,2022-04-21,18.5,5.4
Northolt,2022-04-22,15.8,8.1
Northolt,2022-04-23,17.0,9.0
Northolt,2022-04-24,18.7,7.6
Northolt,2022-04-25,14.0,6.4
Northolt,2022-04-26,16.0,3.1
Northolt,2022-04-27,11.4,5.4
Northolt,2022-04-28,14.3,6.3
Northolt,2022-04-29,10.9,4.2
Northolt,2022-04-30,18.1,0.5
Northolt,2022-05-01,13.9,10.0
Northolt,2022-05-02,17.6,8.5
Northolt,2022-05-03,15.5,10.5
Northolt,2022-05-04,18.5,10.5
Northolt,2022-05-05,19.4,6.0
Northolt,2022-05-06,22.7,8.2
Northolt,2022-05-07,19.7,11.7
Northolt,2022-05-08,20.0,9.8
Northolt,2022-05-09,22.6,4.3
Northolt,2022-05-10,20.3,13.4
Northolt,2022-05-11,16.3,11.8
Northolt,2022-05-12,18.5,6.9
Northolt,2022-05-13,20.8,10.0
Northolt,2022-05-14,23.5,5.7
Northolt,2022-05-15,19.0,12.9
Northolt,2022-05-16,22.1,12.0
Northolt,2022-05-17,26.5,9.5
Northolt,2022-05-18,23.2,10.7
Northolt,2022-05-19,21.6,12.8
Northolt,2022-05-20,18.5,11.8
Northolt,2022-05-21,20.6,8.5
Northolt,2022-05-22,23.9,7.2
Northolt,2022-05-23,19.6,9.4
Northolt,2022-05-24,18.0,9.4
Northolt,2022-05-25,18.6,8.6
Northolt,2022-05-26,20.1,10.3
Northolt,2022-05-27,19.7,12.9
Northolt,2022-05-28,18.1,7.1
Northolt,2022-05-29,16.2,6.0
Northolt,2022-05-30,15.8,4.0
Northolt,2022-05-31,16.1,7.4
Northolt,2022-06-01,18.4,6.6
Northolt,2022-06-02,21.1,5.8
Northolt,2022-06-03,23.0,10.7
Northolt,2022-06-04,21.0,12.2
Northolt,2022-06-05,15.1,11.0
Northolt,2022-06-06,17.6,11.6
Northolt,2022-06-07,22.7,9.4
Northolt,2022-06-08,22.6,13.9
Northolt,2022-06-09,20.7,10.7
Northolt,2022-06-10,23.9,15.3
Northolt,2022-06-11,23.1,11.7
Northolt,2022-06-12,22.1,10.3
Northolt,2022-06-13,20.3,8.7
Northolt,2022-06-14,24.9,7.8
Northolt,2022-06-15,27.4,9.0
Northolt,2022-06-16,29.5,11.9
Northolt,2022-06-17,31.8,15.2
Northolt,2022-06-18,25.0,12.5
Northolt,2022-06-19,19.6,9.6
Northolt,2022-06-20,21.9,10.9
Northolt,2022-06-21,26.3,8.4
Northolt,2022-06-22,27.5,9.7
Northolt,2022-06-23,25.3,12.1
Northolt,2022-06-24,21.8,14.3
Northolt,2022-06-25,21.6,11.8
Northolt,2022-06-26,22.3,10.7
Northolt,2022-06-27,20.3,10.5
Northolt,2022-06-28,22.4,10.3
Northolt,2022-06-29,21.9,14.4
Northolt,2022-06-30,19.6,13.4
Northolt,2022-07-01,22.0,12.0
Northolt,2022-07-02,22.6,11.6
Northolt,2022-07-03,23.1,10.1
Northolt,2022-07-04,22.3,9.7
Northolt,2022-07-05,21.7,8.8
Northolt,2022-07-06,24.5,11.0
Northolt,2022-07-07,24.2,16.3
Northolt,2022-07-08,28.0,12.8
Northolt,2022-07-09,26.6,14.6
Northolt,2022-07-10,28.8,12.7
Northolt,2022-07-11,32.0,14.8
Northolt,2022-07-12,31.3,17.9
Northolt,2022-07-13,27.6,20.3
Northolt,2022-07-14,24.7,13.9
Northolt,2022-07-15,26.0,10.8
Northolt,2022-07-16,28.8,11.9
Northolt,2022-07-17,31.3,13.7
Northolt,2022-07-18,37.3,15.2
Northolt,2022-07-19,40.0,18.1
Northolt,2022-07-20,26.7,18.7
Northolt,2022-07-21,23.5,15.2
Northolt,2022-07-22,23.0,17.4
Northolt,2022-07-23,27.1,15.0
Northolt,2022-07-24,28.8,17.8
Northolt,2022-07-25,23.9,17.5
Northolt,2022-07-26,21.9,14.6
Northolt,2022-07-27,23.4,13.0
Northolt,2022-07-28,24.6,15.3
Northolt,2022-07-29,27.3,12.2
Northolt,2022-07-30,26.9,15.7
Northolt,2022-07-31,26.9,19.4
Northolt,2022-08-01,27.8,17.6
Northolt,2022-08-02,26.6,18.1
Northolt,2022-08-03,27.3,17.9
Northolt,2022-08-04,24.6,15.9
Northolt,2022-08-05,23.0,13.6
Northolt,2022-08-06,23.9,10.1
Northolt,2022-08-07,27.0,9.9
Northolt,2022-08-08,29.4,13.7
Northolt,2022-08-09,29.1,12.9
Northolt,2022-08-10,31.1,12.8
Northolt,2022-08-11,33.6,13.9
Northolt,2022-08-12,34.2,15.1
Northolt,2022-08-13,34.4,17.3
Northolt,2022-08-14,33.8,15.2
Northolt,2022-08-15,29.5,16.8
Northolt,2022-08-16,23.9,17.9
Northolt,2022-08-17,24.6,15.8
Northolt,2022-08-18,26.5,17.3
Northolt,2022-08-19,24.6,18.2
Northolt,2022-08-20,25.2,11.9
Northolt,2022-08-21,25.0,13.7
Northolt,2022-08-22,23.4,12.5
Northolt,2022-08-23,26.4,17.7
Northolt,2022-08-24,29.5,19.9
Northolt,2022-08-25,22.4,17.1
Northolt,2022-08-26,24.7,10.7
Northolt,2022-08-27,25.1,14.1
Northolt,2022-08-28,24.2,11.7
Northolt,2022-08-29,21.6,15.4
Northolt,2022-08-30,24.0,13.4
Northolt,2022-08-31,24.0,13.6
Northolt,2022-09-01,23.6,14.9
Northolt,2022-09-02,24.6,15.9
Northolt,2022-09-03,23.6,14.8
Northolt,2022-09-04,24.5,15.2
Northolt,2022-09-05,22.4,14.2
Northolt,2022-09-06,21.1,14.0
Northolt,2022-09-07,21.4,14.2
Northolt,2022-09-08,19.7,13.3
Northolt,2022-09-09,21.0,14.8
Northolt,2022-09-10,21.4,11.4
Northolt,2022-09-11,24.0,11.1
Northolt,2022-09-12,26.5,14.2
Northolt,2022-09-13,20.5,15.4
Northolt,2022-09-14,21.2,14.3
Northolt,2022-09-15,18.8,11.5
Northolt,2022-09-16,17.1,8.6
Northolt,2022-09-17,17.2,4.2
Northolt,2022-09-18,17.3,8.1
Northolt,2022-09-19,18.2,10.1
Northolt,2022-09-20,18.8,6.7
Northolt,2022-09-21,20.8,13.5
Northolt,2022-09-22,20.5,8.3
Northolt,2022-09-23,18.5,13.9
Northolt,2022-09-24,18.5,8.0
Northolt,2022-09-25,16.1,7.3
Northolt,2022-09-26,15.7,10.7
Northolt,2022-09-27,14.1,7.9
Northolt,2022-09-28,14.4,5.1
Northolt,2022-09-29,16.2,2.8
Northolt,2022-09-30,16.4,7.2
Northolt,2022-10-01,19.5,11.5
Northolt,2022-10-02,18.7,9.3
Northolt,2022-10-03,19.0,5.1
Northolt,2022-10-04,17.8,13.1
Northolt,2022-10-05,18.8,11.8
Northolt,2022-10-06,19.8,5.6
Northolt,2022-10-07,19.6,11.6
Northolt,2022-10-08,16.6,6.7
Northolt,2022-10-09,18.7,1.9
Northolt,2022-10-10,15.9,6.8
Northolt,2022-10-11,16.6,1.6
Northolt,2022-10-12,17.3,2.3
Northolt,2022-10-13,18.0,10.2
Northolt,2022-10-14,16.9,8.9
Northolt,2022-10-15,17.4,6.5
Northolt,2022-10-16,17.1,10.0
Northolt,2022-10-17,19.8,11.3
Northolt,2022-10-18,19.5,4.3
Northolt,2022-10-19,17.6,11.2
Northolt,2022-10-20,16.4,8.3
Northolt,2022-10-21,18.4,7.4
Northolt,2022-10-22,19.2,12.0
Northolt,2022-10-23,19.7,12.4
Northolt,2022-10-24,18.7,12.0
Northolt,2022-10-25,18.4,10.3
Northolt,2022-10-26,18.8,13.7
Northolt,2022-10-27,20.7,10.7
Northolt,2022-10-28,19.1,12.1
Northolt,2022-10-29,22.4,10.8
Northolt,2022-10-30,17.1,12.6
Northolt,2022-10-31,18.0,10.7
Northolt,2022-11-01,16.1,9.3
Northolt,2022-11-02,15.1,7.7
Northolt,2022-11-03,14.2,6.4
Northolt,2022-11-04,12.2,5.5
Northolt,2022-11-05,13.3,4.3
Northolt,2022-11-06,13.9,10.2
Northolt,2022-11-07,14.8,9.4
Northolt,2022-11-08,15.4,10.9
Northolt,2022-11-09,14.6,10.0
Northolt,2022-11-10,15.0,8.9
Northolt,2022-11-11,16.5,11.7
Northolt,2022-11-12,18.1,9.3
Northolt,2022-11-13,15.8,9.2
Northolt,2022-11-14,14.4,5.7
Northolt,2022-11-15,14.8,8.3
Northolt,2022-11-16,13.1,7.4
Northolt,2022-11-17,11.8,8.5
Northolt,2022-11-18,12.4,7.2
Northolt,2022-11-19,10.4,4.7
Northolt,2022-11-20,11.3,3.3
Northolt,2022-11-21,9.0,2.6
Northolt,2022-11-22,10.9,4.8
Northolt,2022-11-23,12.6,1.7
Northolt,2022-11-24,13.4,5.2
Northolt,2022-11-25,13.0,7.1
Northolt,2022-11-26,12.9,5.3
Northolt,2022-11-27,13.3,10.4
Northolt,2022-11-28,12.5,1.8
Northolt,2022-11-29,6.9,3.4
Northolt,2022-11-30,9.9,2.9
Northolt,2022-12-01,7.9,3.2
Northolt,2022-12-02,6.9,3.7
Northolt,2022-12-03,7.5,5.1
Northolt,2022-12-04,5.5,3.7
Northolt,2022-12-05,8.1,3.6
Northolt,2022-12-06,7.2,1.7
Northolt,2022-12-07,5.4,-1.2
Northolt,2022-12-08,4.1,-5.3
Northolt,2022-12-09,4.1,-5.6
Northolt,2022-12-10,5.2,-6.0
Northolt,2022-12-11,-0.1,-5.6
Northolt,2022-12-12,1.4,-0.5
Northolt,2022-12-13,2.2,-2.5
Northolt,2022-12-14,1.0,-2.5
Northolt,2022-12-15,2.0,-7.6
Northolt,2022-12-16,3.9,-6.1
Northolt,2022-12-17,4.6,-7.5
Northolt,2022-12-18,8.3,-5.9
Northolt,2022-12-19,13.0,8.2
Northolt,2022-12-20,13.1,3.6
Northolt,2022-12-21,11.7,2.3
Northolt,2022-12-22,11.8,5.2
Northolt,2022-12-23,13.5,8.1
Northolt,2022-12-24,10.4,4.2
Northolt,2022-12-25,11.8,9.0
Northolt,2022-12-26,10.5,2.9
Northolt,2022-12-27,10.6,-0.9
Northolt,2022-12-28,11.8,8.7
Northolt,2022-12-29,10.3,5.3
Northolt,2022-12-30,13.6,4.1
Northolt,2022-12-31,14.2,10.2
