city,latitude,longitude,date,T2M,T2M_MAX,T2M_MIN,PRECTOTCORR,RH2M,WS2M
London,51.5074,-0.1278,2016-01-01,5.17,7.09,2.47,5.18,94.66,3.94
London,51.5074,-0.1278,2016-01-02,8.58,9.52,6.72,3.5,95.32,5.2
London,51.5074,-0.1278,2016-01-03,6.55,8.29,4.25,11.59,96.01,4.5
London,51.5074,-0.1278,2016-01-04,7.05,8.49,5.85,6.88,95.86,3.68
London,51.5074,-0.1278,2016-01-05,7.32,9.28,5.91,3.12,96.07,2.04
London,51.5074,-0.1278,2016-01-06,6.17,7.87,5.02,0.54,94.62,1.28
London,51.5074,-0.1278,2016-01-07,5.51,8.03,1.57,11.14,90.02,5.84
London,51.5074,-0.1278,2016-01-08,4.92,8.7,1.13,2.97,95.71,3.38
London,51.5074,-0.1278,2016-01-09,8.18,9.89,6.56,8.56,94.39,5.6
London,51.5074,-0.1278,2016-01-10,5.29,7.22,3.76,1.07,91.93,4.48
London,51.5074,-0.1278,2016-01-11,5.03,6.54,2.74,6.03,95.47,3.38
London,51.5074,-0.1278,2016-01-12,4.18,5.81,2.41,0.6,92.04,5.74
London,51.5074,-0.1278,2016-01-13,3.25,5.76,0.33,1.47,91.78,3.93
London,51.5074,-0.1278,2016-01-14,2.28,4.76,-0.04,1.58,88.11,5.97
London,51.5074,-0.1278,2016-01-15,0.62,4.09,-0.64,0.08,92.51,4.52
London,51.5074,-0.1278,2016-01-16,0.04,3.81,-2.34,0.41,92.82,2.52
London,51.5074,-0.1278,2016-01-17,1.26,3.82,-0.86,1.88,89.52,2.78
London,51.5074,-0.1278,2016-01-18,0.65,3.79,-3.77,0.14,87.65,3.06
London,51.5074,-0.1278,2016-01-19,-0.66,3.53,-3.62,0.0,79.0,0.69
London,51.5074,-0.1278,2016-01-20,0.03,4.68,-2.33,0.08,91.66,0.84
London,51.5074,-0.1278,2016-01-21,1.35,5.65,-1.56,0.02,92.95,2.95
London,51.5074,-0.1278,2016-01-22,4.97,8.81,1.56,5.67,95.88,4.49
London,51.5074,-0.1278,2016-01-23,6.36,8.89,4.57,1.25,96.48,3.96
London,51.5074,-0.1278,2016-01-24,10.31,12.95,7.15,1.61,96.56,4.15
London,51.5074,-0.1278,2016-01-25,9.04,11.76,5.99,0.12,93.86,5.0
London,51.5074,-0.1278,2016-01-26,8.31,10.26,5.81,2.64,91.9,7.09
London,51.5074,-0.1278,2016-01-27,9.99,12.04,6.08,4.13,91.76,7.43
London,51.5074,-0.1278,2016-01-28,4.55,8.1,-0.19,0.03,87.92,4.31
London,51.5074,-0.1278,2016-01-29,9.69,10.73,8.12,2.76,90.72,8.32
London,51.5074,-0.1278,2016-01-30,6.13,10.14,3.13,5.59,84.84,5.4
London,51.5074,-0.1278,2016-01-31,7.52,12.12,2.35,3.06,94.82,4.93
London,51.5074,-0.1278,2016-02-01,9.98,11.77,7.37,0.32,88.36,7.61
London,51.5074,-0.1278,2016-02-02,6.12,8.74,2.89,0.08,84.51,5.94
London,51.5074,-0.1278,2016-02-03,3.51,7.26,0.96,0.14,90.45,4.44
London,51.5074,-0.1278,2016-02-04,7.85,12.04,2.68,1.59,94.16,4.55
London,51.5074,-0.1278,2016-02-05,8.63,10.49,6.95,0.69,93.2,5.66
London,51.5074,-0.1278,2016-02-06,9.2,10.79,8.03,5.59,88.22,8.03
London,51.5074,-0.1278,2016-02-07,6.82,10.17,4.67,6.09,86.86,6.96
London,51.5074,-0.1278,2016-02-08,7.04,9.72,4.58,3.07,82.89,9.62
London,51.5074,-0.1278,2016-02-09,4.02,6.76,2.03,1.26,87.12,4.59
London,51.5074,-0.1278,2016-02-10,4.01,7.76,-0.36,0.3,89.51,3.74
London,51.5074,-0.1278,2016-02-11,1.72,7.34,-1.33,0.05,89.85,1.45
London,51.5074,-0.1278,2016-02-12,2.8,6.29,0.22,0.37,92.35,2.49
London,51.5074,-0.1278,2016-02-13,2.2,4.08,0.29,2.75,93.71,3.55
London,51.5074,-0.1278,2016-02-14,2.04,5.33,-0.79,0.95,85.67,4.49
London,51.5074,-0.1278,2016-02-15,0.66,5.37,-2.24,0.14,89.88,4.05
London,51.5074,-0.1278,2016-02-16,1.18,6.31,-1.33,0.15,90.06,2.18
London,51.5074,-0.1278,2016-02-17,3.19,6.27,-0.08,4.42,85.64,3.81
London,51.5074,-0.1278,2016-02-18,2.45,7.0,-1.65,2.48,87.93,2.41
London,51.5074,-0.1278,2016-02-19,4.22,8.42,-1.87,2.07,90.27,4.71
London,51.5074,-0.1278,2016-02-20,9.39,10.99,7.6,1.9,92.06,6.56
London,51.5074,-0.1278,2016-02-21,11.24,13.5,10.14,0.72,91.0,7.54
London,51.5074,-0.1278,2016-02-22,6.44,10.12,0.95,3.12,86.79,3.37
London,51.5074,-0.1278,2016-02-23,2.64,7.41,-0.54,0.34,85.06,2.29
London,51.5074,-0.1278,2016-02-24,1.52,6.91,-2.04,0.04,77.28,1.09
London,51.5074,-0.1278,2016-02-25,0.73,4.95,-2.67,0.09,78.16,1.7
London,51.5074,-0.1278,2016-02-26,1.38,5.81,-1.41,0.05,80.41,2.0
London,51.5074,-0.1278,2016-02-27,2.45,6.31,-0.41,0.02,75.95,4.08
London,51.5074,-0.1278,2016-02-28,2.3,6.54,-0.96,0.02,82.92,4.23
London,51.5074,-0.1278,2016-02-29,2.85,8.22,-1.42,0.12,81.51,1.99
London,51.5074,-0.1278,2016-03-01,7.34,11.77,2.91,7.81,92.69,5.79
London,51.5074,-0.1278,2016-03-02,4.3,5.97,2.35,4.06,86.37,6.51
London,51.5074,-0.1278,2016-03-03,4.75,7.96,1.71,4.85,85.04,4.64
London,51.5074,-0.1278,2016-03-04,3.4,6.8,-0.47,2.85,82.0,2.94
London,51.5074,-0.1278,2016-03-05,1.79,5.58,-1.25,0.93,91.78,4.04
London,51.5074,-0.1278,2016-03-06,1.9,6.16,-1.19,0.43,87.87,3.07
London,51.5074,-0.1278,2016-03-07,1.27,5.2,-2.05,0.42,88.4,3.47
London,51.5074,-0.1278,2016-03-08,3.07,7.98,-2.61,1.13,87.43,3.21
London,51.5074,-0.1278,2016-03-09,6.08,8.31,3.23,13.49,91.87,4.81
London,51.5074,-0.1278,2016-03-10,4.52,9.54,-0.11,0.29,87.7,1.55
London,51.5074,-0.1278,2016-03-11,3.62,9.92,-1.13,0.11,87.74,1.54
London,51.5074,-0.1278,2016-03-12,5.43,10.81,1.12,0.07,83.18,0.92
London,51.5074,-0.1278,2016-03-13,4.2,9.3,1.11,0.13,85.18,3.31
London,51.5074,-0.1278,2016-03-14,4.31,8.8,1.72,0.02,82.26,4.74
London,51.5074,-0.1278,2016-03-15,5.9,9.88,2.49,0.18,90.21,3.81
London,51.5074,-0.1278,2016-03-16,5.62,9.28,1.44,0.2,82.19,4.58
London,51.5074,-0.1278,2016-03-17,4.33,10.81,-0.7,0.01,81.38,2.77
London,51.5074,-0.1278,2016-03-18,3.98,8.88,-0.84,0.34,90.67,2.78
London,51.5074,-0.1278,2016-03-19,5.57,10.08,2.82,0.09,82.7,3.61
London,51.5074,-0.1278,2016-03-20,5.7,10.39,2.2,0.13,85.03,2.81
London,51.5074,-0.1278,2016-03-21,5.75,11.47,1.25,0.03,84.63,2.07
London,51.5074,-0.1278,2016-03-22,6.01,12.4,0.21,0.02,82.37,1.28
London,51.5074,-0.1278,2016-03-23,6.7,11.75,2.05,0.09,83.0,1.32
London,51.5074,-0.1278,2016-03-24,6.58,9.57,3.53,5.54,91.45,3.89
London,51.5074,-0.1278,2016-03-25,8.76,13.43,5.64,2.46,79.82,3.2
London,51.5074,-0.1278,2016-03-26,8.35,12.09,5.67,6.08,93.43,6.38
London,51.5074,-0.1278,2016-03-27,7.57,9.61,5.17,7.02,86.06,6.44
London,51.5074,-0.1278,2016-03-28,7.27,9.84,4.87,9.25,86.04,7.71
London,51.5074,-0.1278,2016-03-29,7.01,10.94,4.37,3.94,82.71,5.12
London,51.5074,-0.1278,2016-03-30,6.98,10.81,3.83,0.32,82.41,3.02
London,51.5074,-0.1278,2016-03-31,6.3,11.68,1.38,0.05,79.05,2.58
London,51.5074,-0.1278,2016-04-01,6.33,11.89,1.21,0.05,82.28,3.09
London,51.5074,-0.1278,2016-04-02,8.31,13.34,4.71,2.88,80.9,3.21
London,51.5074,-0.1278,2016-04-03,10.34,15.15,6.06,3.44,85.61,2.6
London,51.5074,-0.1278,2016-04-04,8.94,11.94,5.94,2.55,89.55,3.41
London,51.5074,-0.1278,2016-04-05,8.15,13.29,3.97,0.21,83.89,2.76
London,51.5074,-0.1278,2016-04-06,7.04,11.6,3.04,1.4,82.29,5.54
London,51.5074,-0.1278,2016-04-07,5.94,8.76,2.99,1.68,88.21,4.09
London,51.5074,-0.1278,2016-04-08,7.22,12.3,3.55,0.89,86.88,2.14
London,51.5074,-0.1278,2016-04-09,6.62,10.59,1.25,3.38,86.23,3.35
London,51.5074,-0.1278,2016-04-10,6.38,11.02,-0.06,2.88,78.92,3.94
London,51.5074,-0.1278,2016-04-11,9.75,13.63,6.71,5.65,90.31,2.96
London,51.5074,-0.1278,2016-04-12,9.22,14.56,4.97,1.21,84.3,2.1
London,51.5074,-0.1278,2016-04-13,10.08,16.28,4.01,0.1,75.47,1.05
London,51.5074,-0.1278,2016-04-14,10.11,14.66,6.06,2.78,82.88,1.58
London,51.5074,-0.1278,2016-04-15,9.1,11.88,6.64,9.56,90.58,2.02
London,51.5074,-0.1278,2016-04-16,5.36,7.81,2.29,1.6,83.19,2.99
London,51.5074,-0.1278,2016-04-17,5.25,10.06,-0.27,0.1,74.9,2.02
London,51.5074,-0.1278,2016-04-18,7.19,11.24,1.53,0.17,80.87,3.2
London,51.5074,-0.1278,2016-04-19,8.75,14.58,3.75,0.01,77.06,2.19
London,51.5074,-0.1278,2016-04-20,7.49,13.1,1.95,0.01,76.5,3.78
London,51.5074,-0.1278,2016-04-21,8.79,14.18,4.58,0.16,82.35,4.09
London,51.5074,-0.1278,2016-04-22,7.43,10.92,4.5,2.88,87.31,3.74
London,51.5074,-0.1278,2016-04-23,5.8,9.96,2.12,0.23,74.98,3.33
London,51.5074,-0.1278,2016-04-24,5.69,9.55,2.36,1.17,76.97,2.8
London,51.5074,-0.1278,2016-04-25,6.9,11.79,1.13,2.69,85.47,3.62
London,51.5074,-0.1278,2016-04-26,3.88,7.51,-0.22,0.57,78.36,4.16
London,51.5074,-0.1278,2016-04-27,5.07,9.89,0.63,0.93,74.51,2.68
London,51.5074,-0.1278,2016-04-28,6.32,10.18,1.16,2.42,75.21,4.03
London,51.5074,-0.1278,2016-04-29,6.25,9.88,1.97,0.43,74.73,4.22
London,51.5074,-0.1278,2016-04-30,5.89,11.33,-0.89,0.17,75.67,2.24
London,51.5074,-0.1278,2016-05-01,8.28,14.06,1.02,0.02,75.84,2.82
London,51.5074,-0.1278,2016-05-02,11.13,15.73,5.82,1.29,85.8,4.95
London,51.5074,-0.1278,2016-05-03,8.93,14.42,2.63,0.03,75.52,2.71
London,51.5074,-0.1278,2016-05-04,9.93,16.07,4.35,0.0,73.33,2.15
London,51.5074,-0.1278,2016-05-05,11.37,17.91,4.15,0.0,74.28,2.71
London,51.5074,-0.1278,2016-05-06,13.59,20.16,7.27,0.0,76.09,2.38
London,51.5074,-0.1278,2016-05-07,15.02,20.19,10.15,0.02,81.17,2.09
London,51.5074,-0.1278,2016-05-08,16.14,22.35,9.7,0.0,75.88,3.02
London,51.5074,-0.1278,2016-05-09,15.7,20.12,11.47,1.28,82.54,2.84
London,51.5074,-0.1278,2016-05-10,14.73,17.98,12.39,7.8,91.6,2.79
London,51.5074,-0.1278,2016-05-11,15.12,19.07,12.21,7.96,88.95,2.09
London,51.5074,-0.1278,2016-05-12,15.26,21.08,9.43,0.24,78.35,4.16
London,51.5074,-0.1278,2016-05-13,12.55,18.76,7.21,0.06,76.06,4.82
London,51.5074,-0.1278,2016-05-14,8.77,13.45,4.35,0.01,69.99,2.98
London,51.5074,-0.1278,2016-05-15,10.69,15.98,3.09,0.0,72.28,2.03
London,51.5074,-0.1278,2016-05-16,11.83,17.15,5.59,0.0,75.11,1.4
London,51.5074,-0.1278,2016-05-17,11.84,17.5,4.98,0.15,79.11,3.03
London,51.5074,-0.1278,2016-05-18,11.36,14.05,8.93,5.98,88.24,3.58
London,51.5074,-0.1278,2016-05-19,12.48,16.53,7.84,0.32,81.59,3.64
London,51.5074,-0.1278,2016-05-20,14.0,17.98,10.87,0.35,78.94,4.24
London,51.5074,-0.1278,2016-05-21,13.67,15.76,11.39,1.21,87.16,4.4
London,51.5074,-0.1278,2016-05-22,13.11,16.36,10.0,2.94,82.67,1.89
London,51.5074,-0.1278,2016-05-23,12.61,17.23,8.02,1.17,78.64,2.93
London,51.5074,-0.1278,2016-05-24,11.11,16.7,5.08,0.01,74.56,3.28
London,51.5074,-0.1278,2016-05-25,10.69,14.7,6.9,0.13,77.95,2.16
London,51.5074,-0.1278,2016-05-26,12.95,19.27,6.73,0.03,77.42,1.18
London,51.5074,-0.1278,2016-05-27,13.93,19.64,7.97,0.39,78.05,2.81
London,51.5074,-0.1278,2016-05-28,13.99,19.3,8.58,1.67,79.71,2.93
London,51.5074,-0.1278,2016-05-29,13.82,19.54,7.03,0.2,80.35,4.2
London,51.5074,-0.1278,2016-05-30,12.9,16.35,8.81,0.16,79.83,5.86
London,51.5074,-0.1278,2016-05-31,11.58,13.63,9.93,15.84,89.22,6.49
London,51.5074,-0.1278,2016-06-01,13.22,17.17,10.09,2.22,89.53,5.35
London,51.5074,-0.1278,2016-06-02,11.43,15.39,8.63,0.48,84.26,5.35
London,51.5074,-0.1278,2016-06-03,11.41,14.7,7.93,0.28,85.51,3.03
London,51.5074,-0.1278,2016-06-04,15.38,21.72,8.93,1.0,86.9,2.1
London,51.5074,-0.1278,2016-06-05,15.97,22.29,9.77,0.11,80.95,2.7
London,51.5074,-0.1278,2016-06-06,15.28,22.37,8.54,0.0,73.22,2.49
London,51.5074,-0.1278,2016-06-07,17.42,23.58,9.98,4.49,82.3,0.89
London,51.5074,-0.1278,2016-06-08,18.47,23.82,12.27,1.27,79.6,1.53
London,51.5074,-0.1278,2016-06-09,15.77,21.78,9.65,0.03,80.56,1.62
London,51.5074,-0.1278,2016-06-10,15.53,19.87,10.97,0.12,75.53,1.33
London,51.5074,-0.1278,2016-06-11,16.19,20.19,12.33,3.59,82.83,1.11
London,51.5074,-0.1278,2016-06-12,15.53,19.43,12.49,4.33,88.53,2.85
London,51.5074,-0.1278,2016-06-13,14.96,17.47,11.96,4.5,88.13,2.83
London,51.5074,-0.1278,2016-06-14,14.54,17.72,11.23,3.65,85.72,3.4
London,51.5074,-0.1278,2016-06-15,14.09,18.06,9.53,1.37,80.91,3.08
London,51.5074,-0.1278,2016-06-16,14.08,17.23,10.1,3.08,84.36,2.43
London,51.5074,-0.1278,2016-06-17,14.21,17.0,10.48,4.91,86.32,1.53
London,51.5074,-0.1278,2016-06-18,13.89,16.61,10.35,1.13,82.73,2.41
London,51.5074,-0.1278,2016-06-19,15.56,19.87,11.76,1.93,82.44,3.41
London,51.5074,-0.1278,2016-06-20,16.79,21.32,14.06,14.47,87.46,4.27
London,51.5074,-0.1278,2016-06-21,16.45,20.45,12.53,0.1,80.03,2.71
London,51.5074,-0.1278,2016-06-22,17.98,22.83,12.46,1.53,87.41,2.81
London,51.5074,-0.1278,2016-06-23,19.52,24.42,15.23,49.06,86.62,1.77
London,51.5074,-0.1278,2016-06-24,16.11,20.31,11.66,0.58,79.51,3.52
London,51.5074,-0.1278,2016-06-25,14.08,17.7,9.09,6.76,83.42,2.15
London,51.5074,-0.1278,2016-06-26,14.97,18.89,10.5,2.58,82.36,3.47
London,51.5074,-0.1278,2016-06-27,16.34,20.57,12.51,0.51,79.53,2.85
London,51.5074,-0.1278,2016-06-28,14.64,19.39,9.62,3.05,78.57,3.05
London,51.5074,-0.1278,2016-06-29,13.84,16.87,10.01,2.25,86.63,5.38
London,51.5074,-0.1278,2016-06-30,16.07,19.99,12.08,1.98,82.7,3.95
London,51.5074,-0.1278,2016-07-01,15.35,18.48,10.18,1.5,80.06,5.06
London,51.5074,-0.1278,2016-07-02,13.64,17.56,9.1,1.4,75.82,4.39
London,51.5074,-0.1278,2016-07-03,14.87,19.44,9.19,0.74,79.33,2.59
London,51.5074,-0.1278,2016-07-04,15.84,20.46,9.37,0.24,81.24,3.14
London,51.5074,-0.1278,2016-07-05,16.51,20.59,11.47,0.24,76.18,3.67
London,51.5074,-0.1278,2016-07-06,15.19,20.56,8.47,0.0,72.64,1.6
London,51.5074,-0.1278,2016-07-07,16.58,21.6,10.66,0.11,79.19,2.4
London,51.5074,-0.1278,2016-07-08,17.83,22.93,13.72,0.61,80.73,4.08
London,51.5074,-0.1278,2016-07-09,17.86,21.79,13.8,0.19,82.83,4.54
London,51.5074,-0.1278,2016-07-10,17.56,21.31,14.36,0.85,82.9,5.28
London,51.5074,-0.1278,2016-07-11,17.11,21.22,12.81,1.6,78.36,5.5
London,51.5074,-0.1278,2016-07-12,14.63,18.09,11.23,5.44,82.89,2.75
London,51.5074,-0.1278,2016-07-13,13.95,18.39,9.74,1.39,77.36,2.97
London,51.5074,-0.1278,2016-07-14,15.01,20.06,9.01,0.02,74.02,2.51
London,51.5074,-0.1278,2016-07-15,15.87,19.5,10.06,0.15,79.39,3.06
London,51.5074,-0.1278,2016-07-16,19.42,24.35,13.34,0.13,81.19,3.52
London,51.5074,-0.1278,2016-07-17,20.28,25.37,14.15,0.51,81.07,2.9
London,51.5074,-0.1278,2016-07-18,20.65,27.04,13.86,0.04,73.07,1.09
London,51.5074,-0.1278,2016-07-19,22.09,29.03,13.87,0.01,75.68,2.93
London,51.5074,-0.1278,2016-07-20,22.12,28.04,15.91,0.54,76.3,4.01
London,51.5074,-0.1278,2016-07-21,19.01,23.34,13.69,0.09,75.54,1.65
London,51.5074,-0.1278,2016-07-22,19.71,23.47,15.91,1.1,77.06,0.77
London,51.5074,-0.1278,2016-07-23,20.38,25.53,15.46,0.04,74.06,1.36
London,51.5074,-0.1278,2016-07-24,18.92,23.63,14.28,0.18,79.53,3.18
London,51.5074,-0.1278,2016-07-25,17.92,22.64,13.02,0.11,75.48,2.67
London,51.5074,-0.1278,2016-07-26,17.01,21.34,12.01,0.22,78.92,2.42
London,51.5074,-0.1278,2016-07-27,18.61,22.47,14.71,3.07,83.16,3.2
London,51.5074,-0.1278,2016-07-28,17.65,21.48,13.64,1.66,80.13,3.0
London,51.5074,-0.1278,2016-07-29,18.03,22.25,14.51,1.04,80.77,3.22
London,51.5074,-0.1278,2016-07-30,16.7,20.18,13.32,1.67,81.32,1.76
London,51.5074,-0.1278,2016-07-31,16.55,20.83,11.98,0.25,73.79,2.22
London,51.5074,-0.1278,2016-08-01,14.93,18.18,10.73,7.95,79.71,2.79
London,51.5074,-0.1278,2016-08-02,18.39,22.93,14.38,6.29,89.3,4.21
London,51.5074,-0.1278,2016-08-03,18.59,22.5,14.39,0.38,77.35,5.5
London,51.5074,-0.1278,2016-08-04,16.56,20.79,13.17,0.19,77.68,4.34
London,51.5074,-0.1278,2016-08-05,17.08,22.4,11.06,0.09,76.56,2.63
London,51.5074,-0.1278,2016-08-06,17.93,24.19,10.89,0.02,74.24,2.92
London,51.5074,-0.1278,2016-08-07,19.53,25.17,14.24,0.17,74.4,5.0
London,51.5074,-0.1278,2016-08-08,16.05,20.18,11.28,0.11,69.95,3.83
London,51.5074,-0.1278,2016-08-09,14.25,19.93,8.74,0.07,68.65,3.33
London,51.5074,-0.1278,2016-08-10,14.04,18.51,8.52,0.29,74.25,2.66
London,51.5074,-0.1278,2016-08-11,16.84,21.85,12.8,0.53,79.23,3.77
London,51.5074,-0.1278,2016-08-12,18.62,24.86,12.78,0.03,73.49,3.63
London,51.5074,-0.1278,2016-08-13,18.36,24.44,12.82,0.05,75.45,3.32
London,51.5074,-0.1278,2016-08-14,17.41,22.31,11.66,0.0,72.56,1.9
London,51.5074,-0.1278,2016-08-15,16.59,22.64,10.91,0.01,76.72,2.52
London,51.5074,-0.1278,2016-08-16,16.55,22.71,10.82,0.01,78.18,2.71
London,51.5074,-0.1278,2016-08-17,17.69,24.13,11.47,0.02,76.91,2.36
London,51.5074,-0.1278,2016-08-18,18.66,24.56,13.68,0.13,78.82,2.03
London,51.5074,-0.1278,2016-08-19,16.44,19.05,13.94,5.74,90.17,3.58
London,51.5074,-0.1278,2016-08-20,16.31,19.71,13.41,1.45,79.01,6.5
London,51.5074,-0.1278,2016-08-21,17.19,21.63,13.64,2.99,76.93,5.27
London,51.5074,-0.1278,2016-08-22,19.06,24.41,14.34,0.27,79.9,4.31
London,51.5074,-0.1278,2016-08-23,20.18,27.43,12.21,0.02,75.66,2.68
London,51.5074,-0.1278,2016-08-24,22.73,29.8,16.17,0.13,77.18,1.49
London,51.5074,-0.1278,2016-08-25,21.87,28.36,16.55,0.57,78.38,1.86
London,51.5074,-0.1278,2016-08-26,19.87,25.2,14.82,0.04,67.43,1.79
London,51.5074,-0.1278,2016-08-27,19.79,24.57,14.26,0.76,83.29,3.0
London,51.5074,-0.1278,2016-08-28,18.29,22.57,15.17,2.56,83.55,3.65
London,51.5074,-0.1278,2016-08-29,17.77,22.38,12.68,0.13,73.32,1.85
London,51.5074,-0.1278,2016-08-30,18.26,24.53,13.29,0.0,69.62,1.5
London,51.5074,-0.1278,2016-08-31,17.5,23.77,11.15,0.04,77.66,2.61
London,51.5074,-0.1278,2016-09-01,17.09,23.29,10.85,0.04,75.15,2.15
London,51.5074,-0.1278,2016-09-02,16.5,19.98,13.31,1.44,87.62,3.57
London,51.5074,-0.1278,2016-09-03,16.93,21.92,11.2,2.13,83.42,4.3
London,51.5074,-0.1278,2016-09-04,16.91,19.2,14.29,0.86,82.08,4.58
London,51.5074,-0.1278,2016-09-05,18.41,24.07,13.41,3.17,89.25,1.84
London,51.5074,-0.1278,2016-09-06,20.54,25.39,16.74,0.3,85.46,1.79
London,51.5074,-0.1278,2016-09-07,19.69,25.61,15.08,0.17,81.94,2.1
London,51.5074,-0.1278,2016-09-08,17.83,22.7,13.95,0.07,75.52,3.82
London,51.5074,-0.1278,2016-09-09,18.04,22.45,13.76,0.41,82.91,4.75
London,51.5074,-0.1278,2016-09-10,17.33,20.91,11.14,3.87,88.07,4.33
London,51.5074,-0.1278,2016-09-11,14.03,20.61,7.6,0.02,76.27,1.84
London,51.5074,-0.1278,2016-09-12,18.32,24.22,11.52,0.08,81.88,3.0
London,51.5074,-0.1278,2016-09-13,21.87,27.94,16.35,0.02,78.43,2.66
London,51.5074,-0.1278,2016-09-14,20.53,26.04,15.66,0.11,78.75,2.37
London,51.5074,-0.1278,2016-09-15,19.86,26.95,14.47,0.54,78.81,2.7
London,51.5074,-0.1278,2016-09-16,15.78,17.59,11.43,13.72,84.71,4.22
London,51.5074,-0.1278,2016-09-17,14.27,18.52,11.09,1.73,87.01,4.72
London,51.5074,-0.1278,2016-09-18,15.57,20.73,10.6,0.17,83.12,2.07
London,51.5074,-0.1278,2016-09-19,15.29,19.3,12.43,0.85,86.71,1.36
London,51.5074,-0.1278,2016-09-20,15.06,19.02,11.56,1.41,87.19,1.29
London,51.5074,-0.1278,2016-09-21,15.69,21.15,11.52,0.13,83.77,1.93
London,51.5074,-0.1278,2016-09-22,15.36,20.16,12.11,0.12,83.16,2.47
London,51.5074,-0.1278,2016-09-23,12.85,18.93,6.36,0.01,68.9,2.12
London,51.5074,-0.1278,2016-09-24,16.52,21.49,10.48,0.1,79.85,4.44
London,51.5074,-0.1278,2016-09-25,15.07,18.99,9.48,0.74,76.71,4.1
London,51.5074,-0.1278,2016-09-26,13.24,18.03,9.54,0.21,80.5,2.44
London,51.5074,-0.1278,2016-09-27,15.37,18.8,10.46,0.38,88.7,3.83
London,51.5074,-0.1278,2016-09-28,16.06,22.56,10.95,0.23,83.05,4.6
London,51.5074,-0.1278,2016-09-29,15.89,19.62,11.46,0.89,76.51,5.1
London,51.5074,-0.1278,2016-09-30,12.93,17.68,9.2,0.41,79.31,3.26
London,51.5074,-0.1278,2016-10-01,11.45,15.15,8.65,4.99,85.61,2.5
London,51.5074,-0.1278,2016-10-02,10.51,16.17,7.24,0.27,81.59,2.95
London,51.5074,-0.1278,2016-10-03,10.79,17.22,5.06,0.03,80.91,1.53
London,51.5074,-0.1278,2016-10-04,13.38,17.74,9.34,0.05,83.19,4.05
London,51.5074,-0.1278,2016-10-05,11.61,15.88,7.79,0.0,72.1,4.58
London,51.5074,-0.1278,2016-10-06,10.2,14.17,6.44,0.06,73.78,3.65
London,51.5074,-0.1278,2016-10-07,11.85,15.07,9.69,0.47,85.02,2.33
London,51.5074,-0.1278,2016-10-08,11.57,15.7,8.45,1.3,90.21,2.36
London,51.5074,-0.1278,2016-10-09,9.88,14.96,6.19,0.21,82.99,2.77
London,51.5074,-0.1278,2016-10-10,8.61,13.06,5.76,0.31,85.16,2.98
London,51.5074,-0.1278,2016-10-11,9.4,14.49,4.63,0.5,86.44,1.93
London,51.5074,-0.1278,2016-10-12,10.75,14.5,8.66,1.32,84.31,3.38
London,51.5074,-0.1278,2016-10-13,9.74,12.99,7.23,0.97,80.89,3.56
London,51.5074,-0.1278,2016-10-14,10.04,14.78,5.62,0.2,83.55,2.27
London,51.5074,-0.1278,2016-10-15,11.45,16.44,8.41,1.98,87.95,2.5
London,51.5074,-0.1278,2016-10-16,12.53,17.18,9.06,10.16,89.72,3.93
London,51.5074,-0.1278,2016-10-17,11.73,16.38,8.3,0.92,87.18,3.31
London,51.5074,-0.1278,2016-10-18,9.97,13.22,6.74,0.85,79.95,4.58
London,51.5074,-0.1278,2016-10-19,9.1,13.5,6.43,0.4,85.8,4.19
London,51.5074,-0.1278,2016-10-20,9.49,13.87,7.05,0.51,87.73,3.96
London,51.5074,-0.1278,2016-10-21,8.41,12.2,5.89,0.26,90.18,3.1
London,51.5074,-0.1278,2016-10-22,8.44,13.33,5.81,0.17,87.48,2.51
London,51.5074,-0.1278,2016-10-23,8.79,12.84,5.99,0.1,83.68,3.21
London,51.5074,-0.1278,2016-10-24,9.16,12.35,6.72,0.37,87.99,2.31
London,51.5074,-0.1278,2016-10-25,9.82,15.15,5.93,0.1,89.26,0.91
London,51.5074,-0.1278,2016-10-26,10.6,15.97,7.43,0.33,91.21,2.12
London,51.5074,-0.1278,2016-10-27,10.29,14.82,6.77,0.28,89.43,3.21
London,51.5074,-0.1278,2016-10-28,11.86,16.41,8.83,0.18,91.46,2.41
London,51.5074,-0.1278,2016-10-29,12.3,15.55,10.01,0.18,92.17,0.85
London,51.5074,-0.1278,2016-10-30,11.12,15.17,8.79,0.26,94.0,1.27
London,51.5074,-0.1278,2016-10-31,10.92,17.83,6.97,0.04,90.96,1.31
London,51.5074,-0.1278,2016-11-01,8.48,12.91,2.9,0.24,94.31,2.18
London,51.5074,-0.1278,2016-11-02,4.03,9.99,0.93,0.01,87.08,2.23
London,51.5074,-0.1278,2016-11-03,5.54,10.48,1.08,0.51,85.5,2.02
London,51.5074,-0.1278,2016-11-04,5.91,9.55,1.95,5.05,96.79,1.81
London,51.5074,-0.1278,2016-11-05,3.71,8.19,0.92,0.38,90.61,3.84
London,51.5074,-0.1278,2016-11-06,3.08,6.12,0.48,1.47,92.55,4.67
London,51.5074,-0.1278,2016-11-07,4.75,8.4,1.92,0.47,85.79,5.12
London,51.5074,-0.1278,2016-11-08,2.73,6.4,0.3,2.41,86.21,2.36
London,51.5074,-0.1278,2016-11-09,5.34,6.78,3.63,14.56,93.99,3.48
London,51.5074,-0.1278,2016-11-10,5.99,10.44,4.1,0.49,91.11,3.48
London,51.5074,-0.1278,2016-11-11,5.11,9.64,2.18,0.07,86.84,2.12
London,51.5074,-0.1278,2016-11-12,7.54,8.73,6.28,8.88,94.27,3.46
London,51.5074,-0.1278,2016-11-13,5.73,8.92,3.6,0.28,95.14,2.68
London,51.5074,-0.1278,2016-11-14,7.97,11.04,3.46,2.19,97.56,2.57
London,51.5074,-0.1278,2016-11-15,11.88,15.3,9.36,0.76,95.9,2.89
London,51.5074,-0.1278,2016-11-16,10.78,12.85,7.02,2.35,90.48,4.47
London,51.5074,-0.1278,2016-11-17,7.31,11.82,4.71,2.11,89.7,4.84
London,51.5074,-0.1278,2016-11-18,4.23,6.54,2.57,0.75,90.29,3.76
London,51.5074,-0.1278,2016-11-19,4.24,7.4,1.36,5.61,92.43,3.35
London,51.5074,-0.1278,2016-11-20,5.74,8.85,3.45,17.22,93.92,4.36
London,51.5074,-0.1278,2016-11-21,8.96,11.9,4.47,12.31,94.45,4.35
London,51.5074,-0.1278,2016-11-22,8.94,10.5,5.49,1.83,85.38,5.92
London,51.5074,-0.1278,2016-11-23,6.49,9.52,3.95,0.08,95.83,2.86
London,51.5074,-0.1278,2016-11-24,7.49,10.54,5.0,0.01,89.7,5.53
London,51.5074,-0.1278,2016-11-25,5.44,10.09,2.69,0.0,83.66,4.49
London,51.5074,-0.1278,2016-11-26,4.41,8.95,1.42,0.08,94.3,2.33
London,51.5074,-0.1278,2016-11-27,5.52,8.11,3.86,0.16,89.14,3.22
London,51.5074,-0.1278,2016-11-28,3.29,7.41,-1.19,0.01,79.04,3.0
London,51.5074,-0.1278,2016-11-29,0.28,5.47,-2.91,0.0,79.42,1.34
London,51.5074,-0.1278,2016-11-30,-0.67,4.28,-3.51,0.02,91.08,1.4
London,51.5074,-0.1278,2016-12-01,1.03,3.83,-1.15,0.18,98.48,2.44
London,51.5074,-0.1278,2016-12-02,3.97,7.56,1.88,0.24,97.91,1.5
London,51.5074,-0.1278,2016-12-03,3.02,7.0,0.39,0.06,92.4,2.45
London,51.5074,-0.1278,2016-12-04,1.12,6.14,-1.18,0.0,89.16,2.73
London,51.5074,-0.1278,2016-12-05,2.27,7.13,-0.54,0.08,97.07,1.56
London,51.5074,-0.1278,2016-12-06,6.4,9.73,3.49,0.4,99.1,1.68
London,51.5074,-0.1278,2016-12-07,8.98,11.38,7.51,0.13,96.95,3.79
London,51.5074,-0.1278,2016-12-08,9.89,12.07,8.73,0.5,96.24,3.65
London,51.5074,-0.1278,2016-12-09,10.03,12.64,8.54,0.33,96.65,3.66
London,51.5074,-0.1278,2016-12-10,10.3,12.03,7.21,7.4,96.74,3.66
London,51.5074,-0.1278,2016-12-11,6.0,8.31,4.52,0.27,96.85,2.86
London,51.5074,-0.1278,2016-12-12,6.61,8.79,3.59,1.37,98.21,2.52
London,51.5074,-0.1278,2016-12-13,8.83,11.96,5.32,0.92,98.15,2.51
London,51.5074,-0.1278,2016-12-14,7.65,11.27,5.02,0.06,97.23,2.43
London,51.5074,-0.1278,2016-12-15,7.33,10.11,4.92,0.17,97.3,2.76
London,51.5074,-0.1278,2016-12-16,8.3,9.64,7.34,0.28,96.05,1.26
London,51.5074,-0.1278,2016-12-17,7.0,8.53,5.57,0.24,97.05,0.83
London,51.5074,-0.1278,2016-12-18,6.15,8.09,4.46,0.09,97.27,1.0
London,51.5074,-0.1278,2016-12-19,4.87,6.21,3.58,0.35,97.54,1.01
London,51.5074,-0.1278,2016-12-20,2.9,5.71,0.32,0.11,92.8,2.19
London,51.5074,-0.1278,2016-12-21,7.49,9.67,4.9,1.93,96.57,3.86
London,51.5074,-0.1278,2016-12-22,5.11,7.78,3.65,0.32,95.79,2.44
London,51.5074,-0.1278,2016-12-23,7.7,10.71,4.87,1.83,94.75,5.56
London,51.5074,-0.1278,2016-12-24,5.99,8.08,3.23,0.81,92.57,4.82
London,51.5074,-0.1278,2016-12-25,10.26,12.35,8.08,0.59,93.5,6.18
London,51.5074,-0.1278,2016-12-26,5.28,10.53,0.59,0.69,89.84,3.8
London,51.5074,-0.1278,2016-12-27,1.49,5.58,-0.76,0.01,94.33,1.2
London,51.5074,-0.1278,2016-12-28,1.59,6.5,-0.42,0.19,97.06,1.82
London,51.5074,-0.1278,2016-12-29,2.16,6.77,0.2,0.15,97.46,1.97
London,51.5074,-0.1278,2016-12-30,2.74,4.24,1.24,0.4,97.97,1.5
London,51.5074,-0.1278,2016-12-31,5.4,7.2,4.35,0.23,97.56,2.61
London,51.5074,-0.1278,2017-01-01,5.05,7.77,2.53,9.54,96.86,3.49
London,51.5074,-0.1278,2017-01-02,0.94,4.39,-2.17,0.14,95.31,2.95
London,51.5074,-0.1278,2017-01-03,1.05,4.61,-1.96,0.13,94.4,3.89
London,51.5074,-0.1278,2017-01-04,2.86,6.5,-1.67,0.14,91.47,3.76
London,51.5074,-0.1278,2017-01-05,0.46,4.35,-1.82,0.06,95.8,1.8
London,51.5074,-0.1278,2017-01-06,2.61,6.13,-0.38,2.65,93.31,2.49
London,51.5074,-0.1278,2017-01-07,6.41,9.51,4.86,3.08,98.47,2.2
London,51.5074,-0.1278,2017-01-08,6.39,9.46,5.19,0.57,97.6,0.93
London,51.5074,-0.1278,2017-01-09,6.24,9.11,2.34,4.02,96.44,3.98
London,51.5074,-0.1278,2017-01-10,4.34,7.63,2.58,0.23,95.44,3.69
London,51.5074,-0.1278,2017-01-11,6.36,9.15,3.56,0.07,82.48,5.04
London,51.5074,-0.1278,2017-01-12,3.01,5.55,-0.39,17.68,94.79,4.2
London,51.5074,-0.1278,2017-01-13,0.77,4.09,-1.57,0.43,90.12,5.78
London,51.5074,-0.1278,2017-01-14,0.48,4.37,-2.46,0.25,95.54,3.66
London,51.5074,-0.1278,2017-01-15,3.64,6.69,0.93,7.51,98.06,2.63
London,51.5074,-0.1278,2017-01-16,2.57,4.61,-0.15,2.34,96.13,0.94
London,51.5074,-0.1278,2017-01-17,-0.18,3.56,-3.18,0.01,91.17,1.27
London,51.5074,-0.1278,2017-01-18,-0.9,3.54,-3.27,0.01,80.54,1.09
London,51.5074,-0.1278,2017-01-19,0.08,5.38,-1.82,0.0,91.38,1.67
London,51.5074,-0.1278,2017-01-20,0.01,5.38,-2.15,0.05,89.57,2.08
London,51.5074,-0.1278,2017-01-21,-0.97,3.35,-2.96,0.03,89.85,1.84
London,51.5074,-0.1278,2017-01-22,0.48,4.36,-1.91,0.02,93.19,0.92
London,51.5074,-0.1278,2017-01-23,0.46,4.23,-1.33,0.17,97.42,1.2
London,51.5074,-0.1278,2017-01-24,0.73,4.17,-0.62,0.27,97.71,1.39
London,51.5074,-0.1278,2017-01-25,0.61,2.7,-0.98,0.49,97.67,1.9
London,51.5074,-0.1278,2017-01-26,-1.29,1.14,-2.31,0.1,90.25,3.24
London,51.5074,-0.1278,2017-01-27,1.78,5.36,-1.8,0.23,96.56,3.31
London,51.5074,-0.1278,2017-01-28,4.77,7.78,2.39,0.33,96.09,3.63
London,51.5074,-0.1278,2017-01-29,5.54,8.62,2.42,11.81,96.01,4.04
London,51.5074,-0.1278,2017-01-30,6.13,8.68,4.35,1.24,94.58,2.26
London,51.5074,-0.1278,2017-01-31,5.34,8.23,3.8,6.94,96.4,3.76
London,51.5074,-0.1278,2017-02-01,8.33,9.68,6.99,5.72,96.93,3.82
London,51.5074,-0.1278,2017-02-02,8.77,9.93,7.53,1.89,94.08,5.94
London,51.5074,-0.1278,2017-02-03,7.26,9.17,4.43,2.08,91.32,5.24
London,51.5074,-0.1278,2017-02-04,3.65,7.33,1.0,1.99,95.16,1.77
London,51.5074,-0.1278,2017-02-05,4.03,5.61,2.54,1.0,97.03,2.79
London,51.5074,-0.1278,2017-02-06,3.49,6.79,0.83,2.78,91.79,2.57
London,51.5074,-0.1278,2017-02-07,5.06,9.01,2.15,3.54,93.92,2.05
London,51.5074,-0.1278,2017-02-08,2.41,5.52,-1.37,0.19,89.63,2.31
London,51.5074,-0.1278,2017-02-09,0.39,3.29,-1.55,0.54,90.76,2.94
London,51.5074,-0.1278,2017-02-10,0.26,2.88,-2.09,0.66,91.53,3.19
London,51.5074,-0.1278,2017-02-11,0.2,3.03,-1.31,1.15,92.12,3.52
London,51.5074,-0.1278,2017-02-12,2.21,4.15,0.1,1.44,92.8,4.25
London,51.5074,-0.1278,2017-02-13,4.01,7.85,2.14,0.01,88.56,5.51
London,51.5074,-0.1278,2017-02-14,5.1,8.67,0.58,0.18,93.08,3.63
London,51.5074,-0.1278,2017-02-15,7.51,11.81,5.56,1.54,95.91,3.32
London,51.5074,-0.1278,2017-02-16,6.68,10.38,4.69,0.32,91.96,3.11
London,51.5074,-0.1278,2017-02-17,6.58,11.72,3.35,0.11,90.84,2.15
London,51.5074,-0.1278,2017-02-18,6.22,11.51,3.56,0.08,91.15,2.54
London,51.5074,-0.1278,2017-02-19,7.67,11.64,4.42,0.18,89.54,3.24
London,51.5074,-0.1278,2017-02-20,10.9,16.17,7.95,0.15,90.25,4.27
London,51.5074,-0.1278,2017-02-21,10.19,12.87,8.07,0.57,92.31,4.61
London,51.5074,-0.1278,2017-02-22,10.51,12.4,9.4,2.88,91.1,6.76
London,51.5074,-0.1278,2017-02-23,8.03,9.98,2.8,2.58,80.67,8.87
London,51.5074,-0.1278,2017-02-24,3.95,8.39,1.16,0.02,81.63,3.32
London,51.5074,-0.1278,2017-02-25,7.24,9.16,3.95,1.74,91.69,5.91
London,51.5074,-0.1278,2017-02-26,9.53,12.1,8.02,1.44,86.61,6.65
London,51.5074,-0.1278,2017-02-27,6.69,8.95,2.77,10.28,89.48,5.84
London,51.5074,-0.1278,2017-02-28,4.35,6.98,2.19,1.91,86.78,4.87
London,51.5074,-0.1278,2017-03-01,5.73,8.66,2.46,1.97,89.76,4.0
London,51.5074,-0.1278,2017-03-02,6.14,10.27,3.55,0.03,76.57,6.04
London,51.5074,-0.1278,2017-03-03,6.54,9.87,3.94,4.74,95.08,3.74
London,51.5074,-0.1278,2017-03-04,7.07,10.08,4.61,1.77,89.24,3.45
London,51.5074,-0.1278,2017-03-05,5.91,9.56,4.63,6.55,87.92,5.64
London,51.5074,-0.1278,2017-03-06,5.58,9.97,2.99,0.31,83.99,3.84
London,51.5074,-0.1278,2017-03-07,5.66,9.57,2.64,0.28,84.59,2.93
London,51.5074,-0.1278,2017-03-08,9.75,13.84,6.7,4.29,91.33,3.83
London,51.5074,-0.1278,2017-03-09,9.74,14.78,4.52,0.17,82.06,3.39
London,51.5074,-0.1278,2017-03-10,7.34,10.19,4.12,0.27,93.64,2.78
London,51.5074,-0.1278,2017-03-11,10.22,15.52,7.0,0.11,87.91,2.32
London,51.5074,-0.1278,2017-03-12,9.0,11.74,6.37,1.6,92.6,1.68
London,51.5074,-0.1278,2017-03-13,9.03,13.78,4.87,0.02,82.15,2.73
London,51.5074,-0.1278,2017-03-14,10.22,15.44,6.11,0.12,88.76,3.14
London,51.5074,-0.1278,2017-03-15,10.59,16.41,5.98,0.07,84.81,1.37
London,51.5074,-0.1278,2017-03-16,8.13,13.02,4.46,0.14,90.91,3.02
London,51.5074,-0.1278,2017-03-17,7.3,10.97,3.02,0.63,81.47,5.32
London,51.5074,-0.1278,2017-03-18,11.53,14.84,9.23,1.05,87.71,5.92
London,51.5074,-0.1278,2017-03-19,11.24,14.82,9.64,0.75,86.71,6.18
London,51.5074,-0.1278,2017-03-20,9.83,11.88,5.67,3.59,91.29,5.72
London,51.5074,-0.1278,2017-03-21,6.02,9.61,2.5,0.03,76.19,4.69
London,51.5074,-0.1278,2017-03-22,5.59,8.32,3.44,5.1,89.14,4.0
London,51.5074,-0.1278,2017-03-23,6.92,10.87,4.5,3.99,84.65,4.88
London,51.5074,-0.1278,2017-03-24,7.49,12.79,3.73,0.01,81.8,5.08
London,51.5074,-0.1278,2017-03-25,7.43,13.4,3.5,0.01,69.42,5.11
London,51.5074,-0.1278,2017-03-26,8.09,13.88,3.89,0.0,80.01,4.55
London,51.5074,-0.1278,2017-03-27,8.46,15.26,3.68,0.03,83.08,2.8
London,51.5074,-0.1278,2017-03-28,10.3,16.52,4.42,0.34,84.56,3.32
London,51.5074,-0.1278,2017-03-29,11.47,14.68,9.23,0.45,87.02,4.7
London,51.5074,-0.1278,2017-03-30,13.38,19.38,8.95,0.0,77.31,3.88
London,51.5074,-0.1278,2017-03-31,11.38,15.52,7.63,0.19,82.75,4.09
London,51.5074,-0.1278,2017-04-01,10.04,14.49,6.77,1.21,84.71,3.21
London,51.5074,-0.1278,2017-04-02,9.99,15.08,5.4,0.04,78.06,1.64
London,51.5074,-0.1278,2017-04-03,9.56,15.58,3.16,0.03,81.32,2.71
London,51.5074,-0.1278,2017-04-04,10.15,15.2,5.49,1.7,88.74,2.56
London,51.5074,-0.1278,2017-04-05,9.05,14.53,3.36,0.01,76.54,3.14
London,51.5074,-0.1278,2017-04-06,10.14,16.31,4.63,0.01,79.79,1.22
London,51.5074,-0.1278,2017-04-07,10.07,16.3,4.4,0.01,78.58,1.36
London,51.5074,-0.1278,2017-04-08,10.8,18.02,3.82,0.03,80.5,1.93
London,51.5074,-0.1278,2017-04-09,13.06,21.16,5.69,0.0,78.39,3.48
London,51.5074,-0.1278,2017-04-10,9.82,14.1,6.94,0.01,74.81,2.99
London,51.5074,-0.1278,2017-04-11,9.59,15.06,3.57,0.0,76.82,2.74
London,51.5074,-0.1278,2017-04-12,9.7,15.05,5.35,0.07,81.66,4.01
London,51.5074,-0.1278,2017-04-13,8.91,13.63,5.04,0.03,76.77,2.41
London,51.5074,-0.1278,2017-04-14,9.96,14.66,4.2,0.85,81.04,3.08
London,51.5074,-0.1278,2017-04-15,9.75,13.67,5.46,0.11,72.23,3.65
London,51.5074,-0.1278,2017-04-16,9.03,13.76,3.63,0.68,79.65,3.44
London,51.5074,-0.1278,2017-04-17,8.52,12.73,4.01,0.43,76.67,2.52
London,51.5074,-0.1278,2017-04-18,6.51,11.3,2.46,0.1,70.89,3.19
London,51.5074,-0.1278,2017-04-19,6.7,11.6,1.81,0.0,69.35,1.8
London,51.5074,-0.1278,2017-04-20,8.77,13.66,2.5,0.12,77.23,2.1
London,51.5074,-0.1278,2017-04-21,10.58,15.4,5.88,0.19,82.59,2.3
London,51.5074,-0.1278,2017-04-22,9.27,14.33,4.49,0.18,80.02,2.31
London,51.5074,-0.1278,2017-04-23,9.04,14.5,3.36,0.27,79.97,1.94
London,51.5074,-0.1278,2017-04-24,9.01,13.6,2.57,1.14,79.09,3.49
London,51.5074,-0.1278,2017-04-25,4.47,9.37,-0.98,0.18,69.16,3.53
London,51.5074,-0.1278,2017-04-26,4.58,8.23,0.85,1.99,82.99,3.68
London,51.5074,-0.1278,2017-04-27,5.37,9.22,-1.38,1.48,80.44,2.65
London,51.5074,-0.1278,2017-04-28,9.13,13.61,4.8,0.35,77.48,1.95
London,51.5074,-0.1278,2017-04-29,10.15,14.91,4.68,0.16,74.88,2.96
London,51.5074,-0.1278,2017-04-30,11.39,15.5,7.37,3.93,72.03,4.9
London,51.5074,-0.1278,2017-05-01,10.05,13.23,7.07,1.65,82.43,3.1
London,51.5074,-0.1278,2017-05-02,10.79,16.12,5.74,0.54,79.51,2.75
London,51.5074,-0.1278,2017-05-03,9.05,12.3,6.12,1.73,84.85,4.28
London,51.5074,-0.1278,2017-05-04,10.45,14.94,7.46,0.3,80.94,4.45
London,51.5074,-0.1278,2017-05-05,10.27,14.57,6.26,0.11,76.08,5.02
London,51.5074,-0.1278,2017-05-06,10.9,14.94,6.6,0.15,81.22,3.72
London,51.5074,-0.1278,2017-05-07,10.83,16.26,6.35,0.07,76.91,2.95
London,51.5074,-0.1278,2017-05-08,8.86,12.23,5.45,0.09,76.93,4.0
London,51.5074,-0.1278,2017-05-09,9.53,14.85,4.6,0.14,76.38,2.26
London,51.5074,-0.1278,2017-05-10,9.58,16.23,2.95,0.0,74.2,2.13
London,51.5074,-0.1278,2017-05-11,13.02,18.92,5.62,0.93,78.07,2.82
London,51.5074,-0.1278,2017-05-12,13.73,17.49,9.88,3.27,84.32,3.81
London,51.5074,-0.1278,2017-05-13,12.86,17.14,8.88,0.45,76.29,3.9
London,51.5074,-0.1278,2017-05-14,13.38,17.68,8.14,1.56,73.51,3.96
London,51.5074,-0.1278,2017-05-15,13.17,17.4,7.61,2.02,87.58,4.32
London,51.5074,-0.1278,2017-05-16,16.41,20.6,12.78,1.01,83.79,3.79
London,51.5074,-0.1278,2017-05-17,15.24,19.8,10.79,21.26,91.57,1.98
London,51.5074,-0.1278,2017-05-18,12.84,17.74,8.74,13.96,78.87,1.63
London,51.5074,-0.1278,2017-05-19,10.8,13.2,7.45,4.66,85.24,2.58
London,51.5074,-0.1278,2017-05-20,11.2,14.69,7.07,1.34,81.17,3.82
London,51.5074,-0.1278,2017-05-21,13.23,18.62,7.49,0.06,77.72,2.78
London,51.5074,-0.1278,2017-05-22,15.35,21.33,9.68,0.02,77.69,2.63
London,51.5074,-0.1278,2017-05-23,16.17,21.06,9.81,0.09,81.96,2.74
London,51.5074,-0.1278,2017-05-24,18.06,23.66,11.32,0.04,78.62,1.44
London,51.5074,-0.1278,2017-05-25,17.45,23.62,11.38,0.0,75.3,2.12
London,51.5074,-0.1278,2017-05-26,17.61,23.62,10.71,0.02,75.21,3.67
London,51.5074,-0.1278,2017-05-27,17.35,21.62,11.86,1.91,79.88,4.21
London,51.5074,-0.1278,2017-05-28,16.32,22.82,9.69,4.77,79.07,1.62
London,51.5074,-0.1278,2017-05-29,17.04,21.86,12.75,2.68,88.02,2.44
London,51.5074,-0.1278,2017-05-30,16.64,20.48,12.99,0.28,77.99,3.55
London,51.5074,-0.1278,2017-05-31,16.51,21.01,10.74,0.44,80.1,1.28
London,51.5074,-0.1278,2017-06-01,17.28,23.06,10.43,0.03,74.33,1.67
London,51.5074,-0.1278,2017-06-02,17.67,23.48,11.19,4.92,78.87,1.06
London,51.5074,-0.1278,2017-06-03,16.22,20.33,11.66,0.19,73.64,3.18
London,51.5074,-0.1278,2017-06-04,13.88,18.56,8.05,0.35,74.79,3.79
London,51.5074,-0.1278,2017-06-05,13.48,17.5,9.14,8.69,81.84,5.63
London,51.5074,-0.1278,2017-06-06,12.36,14.54,10.34,9.38,78.83,7.33
London,51.5074,-0.1278,2017-06-07,14.15,19.14,9.52,2.44,71.23,6.04
London,51.5074,-0.1278,2017-06-08,15.24,19.3,12.38,1.43,81.94,5.45
London,51.5074,-0.1278,2017-06-09,15.42,19.7,10.38,1.78,76.29,3.91
London,51.5074,-0.1278,2017-06-10,16.66,21.41,11.73,0.07,74.0,4.34
London,51.5074,-0.1278,2017-06-11,16.31,19.51,11.39,0.24,75.19,4.66
London,51.5074,-0.1278,2017-06-12,14.88,18.8,10.61,0.1,73.79,4.15
London,51.5074,-0.1278,2017-06-13,16.45,21.76,8.7,0.02,73.53,1.23
London,51.5074,-0.1278,2017-06-14,18.07,23.9,11.09,0.01,72.0,2.31
London,51.5074,-0.1278,2017-06-15,17.65,23.16,12.08,0.01,69.72,3.94
London,51.5074,-0.1278,2017-06-16,17.15,21.97,10.42,0.04,74.43,3.26
London,51.5074,-0.1278,2017-06-17,21.54,27.78,12.98,0.01,73.01,1.4
London,51.5074,-0.1278,2017-06-18,23.04,28.96,17.03,0.0,70.64,1.23
London,51.5074,-0.1278,2017-06-19,22.37,28.63,14.73,0.0,69.93,1.46
London,51.5074,-0.1278,2017-06-20,21.19,27.76,15.17,0.01,70.25,2.42
London,51.5074,-0.1278,2017-06-21,22.09,28.85,14.8,0.05,73.03,2.58
London,51.5074,-0.1278,2017-06-22,20.33,24.77,16.48,0.2,73.97,3.85
London,51.5074,-0.1278,2017-06-23,18.67,24.25,12.3,0.03,68.22,4.79
London,51.5074,-0.1278,2017-06-24,18.35,22.45,14.64,1.46,79.38,4.64
London,51.5074,-0.1278,2017-06-25,17.44,21.8,13.41,0.58,75.36,4.16
London,51.5074,-0.1278,2017-06-26,17.28,22.92,11.16,0.01,62.58,1.95
London,51.5074,-0.1278,2017-06-27,15.74,18.04,13.28,16.01,82.62,2.79
London,51.5074,-0.1278,2017-06-28,14.9,17.79,10.69,13.25,87.68,2.57
London,51.5074,-0.1278,2017-06-29,14.4,18.37,9.77,0.39,79.52,2.26
London,51.5074,-0.1278,2017-06-30,16.27,20.66,10.8,0.75,79.57,1.57
London,51.5074,-0.1278,2017-07-01,17.24,22.05,12.26,0.13,71.07,3.36
London,51.5074,-0.1278,2017-07-02,17.74,22.37,13.67,0.32,66.38,2.7
London,51.5074,-0.1278,2017-07-03,17.88,22.76,11.25,0.15,73.25,3.07
London,51.5074,-0.1278,2017-07-04,18.79,23.47,13.17,0.07,74.89,1.72
London,51.5074,-0.1278,2017-07-05,20.04,26.47,13.21,0.0,69.51,1.77
London,51.5074,-0.1278,2017-07-06,21.5,27.44,14.39,0.35,72.71,2.8
London,51.5074,-0.1278,2017-07-07,21.7,27.28,15.97,0.04,67.23,2.86
London,51.5074,-0.1278,2017-07-08,20.25,24.73,16.37,0.15,69.78,1.84
London,51.5074,-0.1278,2017-07-09,20.53,25.67,14.5,0.05,69.12,2.41
London,51.5074,-0.1278,2017-07-10,19.38,25.34,13.87,0.78,69.39,2.48
London,51.5074,-0.1278,2017-07-11,16.37,20.37,12.16,15.54,80.01,3.58
London,51.5074,-0.1278,2017-07-12,16.61,20.94,11.36,11.1,73.53,3.55
London,51.5074,-0.1278,2017-07-13,16.52,20.89,9.85,0.01,67.43,1.39
London,51.5074,-0.1278,2017-07-14,16.81,21.24,12.71,0.27,71.58,3.11
London,51.5074,-0.1278,2017-07-15,17.64,22.44,12.15,0.25,78.56,3.13
London,51.5074,-0.1278,2017-07-16,20.34,24.65,15.13,1.8,80.68,3.04
London,51.5074,-0.1278,2017-07-17,18.12,23.14,12.67,0.05,70.69,2.3
London,51.5074,-0.1278,2017-07-18,19.64,24.93,14.08,4.29,70.72,4.06
London,51.5074,-0.1278,2017-07-19,20.18,24.41,16.31,1.93,81.1,4.41
London,51.5074,-0.1278,2017-07-20,17.49,20.87,13.0,2.2,72.19,3.94
London,51.5074,-0.1278,2017-07-21,17.03,21.08,11.79,2.55,70.78,4.73
London,51.5074,-0.1278,2017-07-22,14.97,18.08,12.16,9.85,81.15,3.37
London,51.5074,-0.1278,2017-07-23,14.75,19.0,10.87,2.25,82.4,2.67
London,51.5074,-0.1278,2017-07-24,15.83,19.78,12.29,3.05,83.31,4.16
London,51.5074,-0.1278,2017-07-25,17.15,22.51,11.01,0.18,76.54,2.49
London,51.5074,-0.1278,2017-07-26,17.06,21.78,13.49,2.34,85.52,4.25
London,51.5074,-0.1278,2017-07-27,16.21,20.49,11.79,0.94,74.21,4.26
London,51.5074,-0.1278,2017-07-28,16.5,20.95,12.16,1.58,80.03,5.78
London,51.5074,-0.1278,2017-07-29,17.0,19.97,14.35,8.85,81.31,3.45
London,51.5074,-0.1278,2017-07-30,17.06,20.89,13.08,2.89,74.77,4.53
London,51.5074,-0.1278,2017-07-31,16.51,21.54,12.13,0.18,73.44,3.65
London,51.5074,-0.1278,2017-08-01,16.68,22.07,10.29,0.12,71.41,3.39
London,51.5074,-0.1278,2017-08-02,16.44,18.64,12.95,10.05,87.91,5.28
London,51.5074,-0.1278,2017-08-03,17.84,21.65,14.17,1.66,77.17,6.48
London,51.5074,-0.1278,2017-08-04,17.31,22.04,12.98,0.58,75.24,3.99
London,51.5074,-0.1278,2017-08-05,15.38,19.26,10.93,2.63,75.41,2.19
London,51.5074,-0.1278,2017-08-06,15.49,21.1,8.47,0.03,72.33,3.07
London,51.5074,-0.1278,2017-08-07,16.09,20.16,11.73,0.94,81.79,2.49
London,51.5074,-0.1278,2017-08-08,15.11,19.44,11.23,4.52,84.46,1.95
London,51.5074,-0.1278,2017-08-09,13.91,17.44,10.62,22.86,87.41,3.65
London,51.5074,-0.1278,2017-08-10,15.19,19.93,10.17,0.93,78.39,3.25
London,51.5074,-0.1278,2017-08-11,15.9,21.23,8.98,0.46,76.78,3.22
London,51.5074,-0.1278,2017-08-12,17.54,21.92,13.1,0.46,77.36,3.47
London,51.5074,-0.1278,2017-08-13,15.78,21.46,8.87,0.0,69.57,1.62
London,51.5074,-0.1278,2017-08-14,16.43,21.86,10.08,0.15,77.56,1.83
London,51.5074,-0.1278,2017-08-15,17.27,22.44,12.34,0.98,74.36,2.1
London,51.5074,-0.1278,2017-08-16,16.37,22.11,10.12,0.88,74.42,2.99
London,51.5074,-0.1278,2017-08-17,18.89,23.84,14.97,6.01,78.76,4.71
London,51.5074,-0.1278,2017-08-18,16.16,19.99,12.57,1.52,73.34,4.89
London,51.5074,-0.1278,2017-08-19,15.27,20.04,11.24,0.79,71.18,4.89
London,51.5074,-0.1278,2017-08-20,15.35,21.09,9.61,4.94,76.42,3.08
London,51.5074,-0.1278,2017-08-21,17.51,21.36,13.75,5.23,87.65,1.71
London,51.5074,-0.1278,2017-08-22,18.9,24.06,15.11,0.5,84.78,2.09
London,51.5074,-0.1278,2017-08-23,18.49,24.2,14.2,0.31,81.3,3.25
London,51.5074,-0.1278,2017-08-24,16.51,21.99,11.03,0.07,77.85,2.57
London,51.5074,-0.1278,2017-08-25,17.29,23.3,10.74,0.0,75.02,0.97
London,51.5074,-0.1278,2017-08-26,18.63,23.24,14.74,0.01,74.5,1.16
London,51.5074,-0.1278,2017-08-27,19.1,24.99,13.04,0.02,76.36,1.49
London,51.5074,-0.1278,2017-08-28,19.77,26.02,14.26,0.0,75.91,1.63
London,51.5074,-0.1278,2017-08-29,19.57,26.4,13.82,2.79,78.65,2.18
London,51.5074,-0.1278,2017-08-30,13.35,16.69,9.42,3.31,80.62,3.18
London,51.5074,-0.1278,2017-08-31,13.64,19.15,7.51,0.96,76.22,1.66
London,51.5074,-0.1278,2017-09-01,14.57,19.89,8.4,0.5,74.93,1.76
London,51.5074,-0.1278,2017-09-02,14.82,20.21,8.96,0.14,74.7,1.31
London,51.5074,-0.1278,2017-09-03,14.47,19.16,10.09,1.99,79.36,3.72
London,51.5074,-0.1278,2017-09-04,17.78,22.75,13.73,2.37,86.6,3.39
London,51.5074,-0.1278,2017-09-05,17.64,21.45,13.76,1.63,84.84,4.32
London,51.5074,-0.1278,2017-09-06,14.55,18.98,10.44,0.22,74.74,3.36
London,51.5074,-0.1278,2017-09-07,14.67,19.42,9.09,2.09,81.36,3.45
London,51.5074,-0.1278,2017-09-08,14.79,17.99,10.6,6.46,87.47,4.07
London,51.5074,-0.1278,2017-09-09,12.6,17.49,9.24,1.78,83.61,3.02
London,51.5074,-0.1278,2017-09-10,12.64,17.16,7.32,1.55,86.33,4.85
London,51.5074,-0.1278,2017-09-11,13.64,18.45,10.18,2.48,80.58,5.91
London,51.5074,-0.1278,2017-09-12,13.67,18.21,9.1,5.08,76.91,5.36
London,51.5074,-0.1278,2017-09-13,13.67,17.93,9.45,0.61,69.6,6.88
London,51.5074,-0.1278,2017-09-14,11.38,16.6,7.5,1.0,81.7,4.07
London,51.5074,-0.1278,2017-09-15,10.63,16.01,7.37,2.31,84.68,2.35
London,51.5074,-0.1278,2017-09-16,10.64,15.46,6.88,2.25,86.7,1.83
London,51.5074,-0.1278,2017-09-17,11.4,16.47,7.41,0.53,84.46,1.65
London,51.5074,-0.1278,2017-09-18,11.54,16.42,7.97,2.97,84.39,2.78
London,51.5074,-0.1278,2017-09-19,11.21,16.64,7.19,0.48,80.64,1.91
London,51.5074,-0.1278,2017-09-20,13.15,18.62,8.14,0.5,85.7,3.19
London,51.5074,-0.1278,2017-09-21,14.2,18.2,8.43,1.08,86.58,3.83
London,51.5074,-0.1278,2017-09-22,11.85,18.21,5.08,0.07,80.15,2.04
London,51.5074,-0.1278,2017-09-23,14.63,19.79,11.37,0.34,79.58,2.68
London,51.5074,-0.1278,2017-09-24,15.28,20.76,9.82,1.62,79.93,2.88
London,51.5074,-0.1278,2017-09-25,15.54,20.51,11.95,2.02,84.61,1.99
London,51.5074,-0.1278,2017-09-26,14.64,20.34,9.84,0.17,85.03,1.43
London,51.5074,-0.1278,2017-09-27,15.25,20.26,11.12,8.28,85.86,2.8
London,51.5074,-0.1278,2017-09-28,15.28,19.96,11.32,2.0,85.44,2.85
London,51.5074,-0.1278,2017-09-29,15.42,19.54,10.89,2.21,87.36,3.37
London,51.5074,-0.1278,2017-09-30,13.06,16.86,9.65,0.73,84.11,2.98
London,51.5074,-0.1278,2017-10-01,15.3,16.87,12.66,2.84,91.94,5.2
London,51.5074,-0.1278,2017-10-02,13.8,17.39,9.53,0.96,78.08,5.31
London,51.5074,-0.1278,2017-10-03,10.98,16.14,7.25,0.04,79.23,3.24
London,51.5074,-0.1278,2017-10-04,11.21,16.36,6.7,0.11,78.28,4.38
London,51.5074,-0.1278,2017-10-05,12.51,16.37,7.93,0.24,76.45,5.3
London,51.5074,-0.1278,2017-10-06,10.18,15.14,6.73,0.01,77.3,3.12
London,51.5074,-0.1278,2017-10-07,12.29,17.1,8.5,1.39,89.42,4.47
London,51.5074,-0.1278,2017-10-08,11.74,16.52,7.61,0.33,85.81,2.04
London,51.5074,-0.1278,2017-10-09,12.2,16.58,8.32,0.45,91.27,2.05
London,51.5074,-0.1278,2017-10-10,13.6,17.87,9.49,0.44,89.16,4.32
London,51.5074,-0.1278,2017-10-11,14.26,16.94,10.85,1.33,87.81,6.06
London,51.5074,-0.1278,2017-10-12,11.91,17.19,8.26,0.12,84.37,3.51
London,51.5074,-0.1278,2017-10-13,15.05,19.36,11.18,0.29,91.44,4.6
London,51.5074,-0.1278,2017-10-14,15.08,20.59,11.16,0.18,89.57,2.97
London,51.5074,-0.1278,2017-10-15,14.91,19.72,11.35,0.25,90.0,3.52
London,51.5074,-0.1278,2017-10-16,16.03,21.25,11.91,0.04,82.05,5.37
London,51.5074,-0.1278,2017-10-17,11.65,14.59,8.85,0.26,81.21,2.7
London,51.5074,-0.1278,2017-10-18,12.72,16.08,10.34,4.48,95.5,2.06
London,51.5074,-0.1278,2017-10-19,14.17,18.15,11.11,2.63,93.22,3.7
London,51.5074,-0.1278,2017-10-20,12.41,14.4,10.75,3.04,83.65,5.67
London,51.5074,-0.1278,2017-10-21,12.91,15.13,10.83,5.44,81.19,7.45
London,51.5074,-0.1278,2017-10-22,10.01,13.09,7.98,0.16,78.77,5.65
London,51.5074,-0.1278,2017-10-23,12.28,16.54,7.68,0.8,94.45,3.23
London,51.5074,-0.1278,2017-10-24,15.35,19.36,13.2,0.43,91.39,4.96
London,51.5074,-0.1278,2017-10-25,13.22,17.47,9.17,0.15,82.74,2.99
London,51.5074,-0.1278,2017-10-26,11.34,14.63,8.73,0.62,94.12,1.21
London,51.5074,-0.1278,2017-10-27,8.59,13.65,4.32,0.03,86.69,2.2
London,51.5074,-0.1278,2017-10-28,9.93,15.14,4.08,0.17,91.38,4.59
London,51.5074,-0.1278,2017-10-29,9.9,12.98,3.61,0.23,79.1,4.17
London,51.5074,-0.1278,2017-10-30,5.91,10.44,2.77,0.01,84.34,1.63
London,51.5074,-0.1278,2017-10-31,8.37,12.6,4.14,0.46,87.24,3.05
London,51.5074,-0.1278,2017-11-01,9.33,13.86,5.2,0.04,90.93,2.04
London,51.5074,-0.1278,2017-11-02,7.91,12.22,5.14,0.44,94.6,1.44
London,51.5074,-0.1278,2017-11-03,9.45,14.14,6.2,0.53,92.94,1.39
London,51.5074,-0.1278,2017-11-04,10.04,12.6,4.62,7.77,93.75,2.99
London,51.5074,-0.1278,2017-11-05,5.26,9.36,2.26,0.11,89.15,3.34
London,51.5074,-0.1278,2017-11-06,4.44,10.36,1.49,0.05,89.09,1.95
London,51.5074,-0.1278,2017-11-07,8.02,10.77,4.93,4.75,92.49,3.37
London,51.5074,-0.1278,2017-11-08,5.3,9.16,0.89,2.11,89.72,3.71
London,51.5074,-0.1278,2017-11-09,6.12,11.49,0.31,0.67,98.09,2.07
London,51.5074,-0.1278,2017-11-10,7.99,11.24,5.71,0.38,84.9,4.03
London,51.5074,-0.1278,2017-11-11,6.92,9.69,4.29,7.24,95.97,1.74
London,51.5074,-0.1278,2017-11-12,4.88,7.52,2.63,2.52,86.15,4.75
London,51.5074,-0.1278,2017-11-13,2.47,7.68,0.33,0.03,86.95,3.11
London,51.5074,-0.1278,2017-11-14,6.43,9.57,0.63,1.17,97.41,2.88
London,51.5074,-0.1278,2017-11-15,8.89,11.93,6.98,0.42,97.45,1.22
London,51.5074,-0.1278,2017-11-16,8.25,12.38,2.22,0.65,94.66,2.42
London,51.5074,-0.1278,2017-11-17,2.68,8.72,-0.53,0.01,90.53,1.47
London,51.5074,-0.1278,2017-11-18,4.07,7.62,0.07,1.7,97.67,2.93
London,51.5074,-0.1278,2017-11-19,2.86,6.89,0.45,0.02,90.24,2.16
London,51.5074,-0.1278,2017-11-20,9.14,10.93,3.66,3.54,95.49,4.48
London,51.5074,-0.1278,2017-11-21,11.05,11.92,10.16,0.24,92.69,4.98
London,51.5074,-0.1278,2017-11-22,12.84,14.32,11.56,0.31,80.92,7.76
London,51.5074,-0.1278,2017-11-23,9.56,13.57,5.35,3.95,79.24,5.98
London,51.5074,-0.1278,2017-11-24,4.29,8.0,-1.44,0.48,87.41,1.26
London,51.5074,-0.1278,2017-11-25,1.56,5.44,-2.46,0.15,93.59,3.39
London,51.5074,-0.1278,2017-11-26,3.1,7.06,0.7,0.08,91.65,4.05
London,51.5074,-0.1278,2017-11-27,6.87,9.19,3.28,5.3,93.04,5.19
London,51.5074,-0.1278,2017-11-28,3.18,6.01,1.79,0.13,90.01,3.34
London,51.5074,-0.1278,2017-11-29,2.62,4.53,-0.05,0.24,94.4,4.79
London,51.5074,-0.1278,2017-11-30,0.14,3.05,-2.42,0.77,89.21,4.99
London,51.5074,-0.1278,2017-12-01,2.51,5.34,0.76,0.55,93.81,4.86
London,51.5074,-0.1278,2017-12-02,2.7,4.96,0.62,0.58,93.39,1.84
London,51.5074,-0.1278,2017-12-03,5.67,8.99,4.1,0.49,98.17,2.28
London,51.5074,-0.1278,2017-12-04,4.53,8.26,2.42,0.17,97.65,2.26
London,51.5074,-0.1278,2017-12-05,4.95,7.37,3.32,0.21,96.32,2.77
London,51.5074,-0.1278,2017-12-06,7.13,9.81,4.66,0.14,90.24,4.54
London,51.5074,-0.1278,2017-12-07,7.56,11.82,2.83,5.34,92.0,5.94
London,51.5074,-0.1278,2017-12-08,1.65,3.48,-0.81,0.07,87.0,5.22
London,51.5074,-0.1278,2017-12-09,-0.81,2.87,-2.6,0.05,94.48,2.96
London,51.5074,-0.1278,2017-12-10,0.39,2.38,-1.66,17.98,98.13,2.9
London,51.5074,-0.1278,2017-12-11,0.31,1.58,-3.97,7.33,96.36,4.88
London,51.5074,-0.1278,2017-12-12,-0.67,4.07,-4.21,1.19,97.02,2.93
London,51.5074,-0.1278,2017-12-13,4.92,7.25,2.04,7.95,96.92,4.91
London,51.5074,-0.1278,2017-12-14,2.81,4.74,1.47,0.23,94.08,5.05
London,51.5074,-0.1278,2017-12-15,2.64,3.88,0.3,2.11,95.65,4.81
London,51.5074,-0.1278,2017-12-16,0.77,3.84,-1.39,0.32,96.09,3.23
London,51.5074,-0.1278,2017-12-17,3.75,8.39,0.2,4.4,97.41,3.19
London,51.5074,-0.1278,2017-12-18,2.28,6.02,-0.45,0.07,96.9,2.35
London,51.5074,-0.1278,2017-12-19,3.38,5.54,0.79,0.21,97.45,2.23
London,51.5074,-0.1278,2017-12-20,7.34,9.1,4.81,0.59,98.71,1.91
London,51.5074,-0.1278,2017-12-21,8.53,10.22,7.51,1.7,97.46,2.36
London,51.5074,-0.1278,2017-12-22,7.91,9.51,6.07,0.35,95.99,1.48
London,51.5074,-0.1278,2017-12-23,8.28,9.25,7.57,0.41,96.56,3.2
London,51.5074,-0.1278,2017-12-24,8.05,9.06,7.34,0.39,96.1,4.44
London,51.5074,-0.1278,2017-12-25,8.63,10.07,6.33,4.52,93.63,7.05
London,51.5074,-0.1278,2017-12-26,4.87,6.82,2.98,10.18,92.95,4.9
London,51.5074,-0.1278,2017-12-27,2.05,6.97,-1.22,5.05,93.76,5.33
London,51.5074,-0.1278,2017-12-28,-0.06,4.05,-1.49,0.15,95.87,3.25
London,51.5074,-0.1278,2017-12-29,3.96,7.75,-1.39,8.81,93.12,5.06
London,51.5074,-0.1278,2017-12-30,9.19,11.83,3.99,9.17,91.34,5.83
London,51.5074,-0.1278,2017-12-31,9.73,11.74,6.39,7.73,92.02,6.92
London,51.5074,-0.1278,2018-01-01,5.74,7.6,4.7,0.89,91.39,5.24
London,51.5074,-0.1278,2018-01-02,6.25,11.58,2.99,4.94,96.3,5.04
London,51.5074,-0.1278,2018-01-03,7.41,11.17,5.48,1.15,79.76,8.59
London,51.5074,-0.1278,2018-01-04,6.96,11.52,3.65,6.06,92.09,5.33
London,51.5074,-0.1278,2018-01-05,5.03,7.44,3.02,1.82,94.36,3.56
London,51.5074,-0.1278,2018-01-06,2.75,4.7,1.16,0.98,94.46,3.69
London,51.5074,-0.1278,2018-01-07,1.42,4.84,-0.26,0.02,86.62,5.18
London,51.5074,-0.1278,2018-01-08,2.6,4.9,-0.29,0.18,93.7,3.28
London,51.5074,-0.1278,2018-01-09,4.51,6.55,2.69,0.57,96.91,2.29
London,51.5074,-0.1278,2018-01-10,6.18,8.48,4.37,1.69,95.7,2.23
London,51.5074,-0.1278,2018-01-11,4.82,6.38,2.8,1.07,97.74,1.97
London,51.5074,-0.1278,2018-01-12,5.28,7.29,4.27,0.57,96.37,1.63
London,51.5074,-0.1278,2018-01-13,4.62,6.39,2.9,0.22,90.71,3.39
London,51.5074,-0.1278,2018-01-14,3.11,6.35,0.59,0.05,88.78,1.75
London,51.5074,-0.1278,2018-01-15,6.92,10.59,4.38,7.13,92.01,6.37
London,51.5074,-0.1278,2018-01-16,4.04,5.95,1.8,0.44,88.23,6.14
London,51.5074,-0.1278,2018-01-17,3.44,6.07,1.42,2.72,85.55,6.55
London,51.5074,-0.1278,2018-01-18,5.85,9.98,1.59,1.85,87.31,6.74
London,51.5074,-0.1278,2018-01-19,2.36,5.57,0.65,0.2,92.38,4.19
London,51.5074,-0.1278,2018-01-20,2.02,4.48,0.15,8.16,97.29,2.61
London,51.5074,-0.1278,2018-01-21,2.67,8.65,-0.53,11.19,96.87,2.77
London,51.5074,-0.1278,2018-01-22,6.0,9.24,3.82,0.09,94.94,3.13
London,51.5074,-0.1278,2018-01-23,8.51,10.89,4.35,1.42,96.28,5.21
London,51.5074,-0.1278,2018-01-24,9.12,11.64,5.28,6.56,93.36,7.17
London,51.5074,-0.1278,2018-01-25,6.13,8.47,4.4,0.39,92.61,3.97
London,51.5074,-0.1278,2018-01-26,4.2,6.33,2.04,0.3,95.36,1.78
London,51.5074,-0.1278,2018-01-27,5.72,9.32,1.25,1.95,96.16,4.43
London,51.5074,-0.1278,2018-01-28,10.16,12.61,7.95,0.36,93.26,5.2
London,51.5074,-0.1278,2018-01-29,7.17,10.71,0.29,0.68,92.58,5.13
London,51.5074,-0.1278,2018-01-30,3.68,8.9,-1.0,0.42,92.74,2.54
London,51.5074,-0.1278,2018-01-31,5.47,8.89,1.26,4.42,89.21,5.81
London,51.5074,-0.1278,2018-02-01,3.32,6.54,1.17,1.05,88.59,4.76
London,51.5074,-0.1278,2018-02-02,2.72,6.73,0.57,0.51,91.43,3.96
London,51.5074,-0.1278,2018-02-03,1.7,3.73,0.11,2.97,96.6,1.34
London,51.5074,-0.1278,2018-02-04,1.34,5.03,-1.47,0.36,89.9,4.31
London,51.5074,-0.1278,2018-02-05,0.12,4.08,-1.75,0.5,91.0,3.41
London,51.5074,-0.1278,2018-02-06,-0.46,3.61,-3.65,0.1,86.04,2.66
London,51.5074,-0.1278,2018-02-07,-0.39,4.4,-3.56,0.23,87.48,2.65
London,51.5074,-0.1278,2018-02-08,1.61,6.42,-3.65,0.24,90.0,3.32
London,51.5074,-0.1278,2018-02-09,2.94,5.31,-1.4,8.2,88.69,5.09
London,51.5074,-0.1278,2018-02-10,3.47,9.01,-2.19,3.96,94.31,5.3
London,51.5074,-0.1278,2018-02-11,3.84,9.11,-0.13,0.36,82.33,6.25
London,51.5074,-0.1278,2018-02-12,1.38,6.12,-2.34,0.07,87.19,3.74
London,51.5074,-0.1278,2018-02-13,2.61,4.42,0.36,2.01,90.99,4.89
London,51.5074,-0.1278,2018-02-14,2.58,5.93,-1.3,7.52,91.97,4.88
London,51.5074,-0.1278,2018-02-15,5.79,8.94,0.85,0.18,85.82,4.11
London,51.5074,-0.1278,2018-02-16,3.03,8.84,-0.4,0.03,87.65,2.28
London,51.5074,-0.1278,2018-02-17,3.62,9.32,-0.22,0.03,87.06,1.44
London,51.5074,-0.1278,2018-02-18,5.21,9.19,1.61,0.25,91.55,2.37
London,51.5074,-0.1278,2018-02-19,7.23,9.89,4.78,3.98,97.13,2.33
London,51.5074,-0.1278,2018-02-20,6.39,9.33,3.48,2.2,89.02,4.33
London,51.5074,-0.1278,2018-02-21,2.97,7.04,0.21,0.22,88.06,2.54
London,51.5074,-0.1278,2018-02-22,1.34,5.73,-1.76,0.05,81.44,3.13
London,51.5074,-0.1278,2018-02-23,-0.06,4.73,-3.06,0.0,82.0,3.62
London,51.5074,-0.1278,2018-02-24,0.2,4.5,-3.29,0.0,76.81,4.16
London,51.5074,-0.1278,2018-02-25,-0.55,3.53,-2.94,0.0,70.45,4.24
London,51.5074,-0.1278,2018-02-26,-1.37,0.99,-2.77,0.26,74.18,4.37
London,51.5074,-0.1278,2018-02-27,-2.12,0.33,-3.56,1.28,82.34,2.97
London,51.5074,-0.1278,2018-02-28,-3.29,-1.93,-4.25,0.77,71.59,5.1
London,51.5074,-0.1278,2018-03-01,-2.43,-0.43,-4.44,1.41,73.27,7.57
London,51.5074,-0.1278,2018-03-02,-1.11,0.06,-1.77,2.22,83.3,6.76
London,51.5074,-0.1278,2018-03-03,1.71,4.08,0.21,1.45,94.76,4.06
London,51.5074,-0.1278,2018-03-04,3.13,7.56,0.0,7.82,97.83,2.41
London,51.5074,-0.1278,2018-03-05,5.3,9.55,2.4,0.73,92.17,3.7
London,51.5074,-0.1278,2018-03-06,5.26,9.37,2.12,0.74,90.99,2.3
London,51.5074,-0.1278,2018-03-07,4.23,8.66,2.06,6.22,90.74,2.5
London,51.5074,-0.1278,2018-03-08,5.3,8.35,1.85,5.24,85.93,5.46
London,51.5074,-0.1278,2018-03-09,6.02,10.48,1.38,6.55,89.89,2.97
London,51.5074,-0.1278,2018-03-10,8.87,12.22,5.7,5.21,95.84,3.71
London,51.5074,-0.1278,2018-03-11,8.28,13.08,5.34,3.35,92.72,2.64
London,51.5074,-0.1278,2018-03-12,7.57,10.62,4.25,4.73,93.54,3.14
London,51.5074,-0.1278,2018-03-13,5.83,10.88,2.47,0.56,89.05,2.81
London,51.5074,-0.1278,2018-03-14,7.36,12.01,2.54,0.47,80.24,5.25
London,51.5074,-0.1278,2018-03-15,7.88,11.19,5.78,6.28,90.28,3.54
London,51.5074,-0.1278,2018-03-16,7.83,12.29,4.24,0.42,86.04,2.63
London,51.5074,-0.1278,2018-03-17,0.54,4.2,-1.32,2.17,79.89,6.54
London,51.5074,-0.1278,2018-03-18,-0.31,1.2,-1.44,1.54,79.11,5.53
London,51.5074,-0.1278,2018-03-19,-0.23,2.91,-2.91,0.06,73.86,5.38
London,51.5074,-0.1278,2018-03-20,2.32,8.0,-2.08,0.22,83.18,3.65
London,51.5074,-0.1278,2018-03-21,3.57,9.5,-2.36,0.03,80.57,2.82
London,51.5074,-0.1278,2018-03-22,6.17,11.17,2.75,0.15,82.9,3.93
London,51.5074,-0.1278,2018-03-23,7.11,11.35,4.69,0.76,85.22,4.24
London,51.5074,-0.1278,2018-03-24,6.63,9.26,4.78,1.3,91.78,1.56
London,51.5074,-0.1278,2018-03-25,7.52,12.12,3.4,0.12,81.32,1.56
London,51.5074,-0.1278,2018-03-26,6.25,11.61,0.34,0.02,79.71,1.86
London,51.5074,-0.1278,2018-03-27,7.36,12.63,4.62,4.57,91.66,3.67
London,51.5074,-0.1278,2018-03-28,4.14,6.63,1.06,11.1,92.17,2.36
London,51.5074,-0.1278,2018-03-29,4.64,7.84,1.33,6.5,89.49,3.7
London,51.5074,-0.1278,2018-03-30,5.95,9.17,4.34,9.74,92.25,3.16
London,51.5074,-0.1278,2018-03-31,5.39,8.19,3.71,1.72,88.42,3.23
London,51.5074,-0.1278,2018-04-01,5.31,8.58,2.97,3.29,84.22,2.22
London,51.5074,-0.1278,2018-04-02,7.52,9.86,3.51,12.16,93.34,4.29
London,51.5074,-0.1278,2018-04-03,9.07,12.13,6.55,1.29,91.86,4.56
London,51.5074,-0.1278,2018-04-04,8.67,11.64,5.16,2.15,88.39,5.84
London,51.5074,-0.1278,2018-04-05,5.96,11.65,1.16,0.05,71.23,3.25
London,51.5074,-0.1278,2018-04-06,8.29,14.49,3.34,0.0,82.45,4.03
London,51.5074,-0.1278,2018-04-07,10.26,15.25,5.76,2.13,90.09,3.2
London,51.5074,-0.1278,2018-04-08,8.97,12.09,6.45,4.31,92.88,1.35
London,51.5074,-0.1278,2018-04-09,8.1,10.53,6.51,6.18,95.19,2.72
London,51.5074,-0.1278,2018-04-10,9.98,14.91,5.98,5.54,90.91,2.55
London,51.5074,-0.1278,2018-04-11,9.48,12.86,6.91,3.2,90.76,2.05
London,51.5074,-0.1278,2018-04-12,8.87,12.3,6.29,1.5,92.22,2.85
London,51.5074,-0.1278,2018-04-13,8.33,11.98,5.37,1.43,90.25,1.95
London,51.5074,-0.1278,2018-04-14,11.2,16.96,7.12,0.15,83.26,1.58
London,51.5074,-0.1278,2018-04-15,10.29,14.5,7.18,0.91,88.92,3.08
London,51.5074,-0.1278,2018-04-16,10.17,14.69,7.29,0.08,79.54,4.05
London,51.5074,-0.1278,2018-04-17,12.22,17.11,7.24,0.01,78.54,5.04
London,51.5074,-0.1278,2018-04-18,14.61,21.54,8.52,0.01,78.51,3.04
London,51.5074,-0.1278,2018-04-19,16.68,25.19,8.43,0.0,73.6,1.55
London,51.5074,-0.1278,2018-04-20,16.33,23.46,9.73,0.01,79.52,1.58
London,51.5074,-0.1278,2018-04-21,14.91,22.02,8.09,0.09,79.38,2.58
London,51.5074,-0.1278,2018-04-22,15.12,20.8,8.78,1.53,78.66,3.71
London,51.5074,-0.1278,2018-04-23,10.86,15.01,6.87,0.3,80.71,4.15
London,51.5074,-0.1278,2018-04-24,11.23,13.17,9.17,1.91,87.97,4.74
London,51.5074,-0.1278,2018-04-25,9.71,13.43,6.34,1.05,79.72,4.83
London,51.5074,-0.1278,2018-04-26,9.08,13.0,5.11,0.32,78.37,4.25
London,51.5074,-0.1278,2018-04-27,8.82,11.92,6.68,9.25,91.19,2.27
London,51.5074,-0.1278,2018-04-28,8.1,10.04,6.35,2.67,92.41,2.23
London,51.5074,-0.1278,2018-04-29,6.67,8.36,5.11,2.41,89.85,4.77
London,51.5074,-0.1278,2018-04-30,5.21,6.67,3.72,17.36,86.57,6.0
London,51.5074,-0.1278,2018-05-01,7.75,13.38,1.4,0.02,74.35,3.95
London,51.5074,-0.1278,2018-05-02,8.73,13.27,3.82,5.34,86.16,4.65
London,51.5074,-0.1278,2018-05-03,9.65,15.9,2.87,0.01,79.47,1.69
London,51.5074,-0.1278,2018-05-04,12.5,19.29,5.21,0.0,77.52,0.95
London,51.5074,-0.1278,2018-05-05,12.8,20.1,6.19,0.0,69.3,1.63
London,51.5074,-0.1278,2018-05-06,14.43,22.51,5.63,0.0,70.66,1.61
London,51.5074,-0.1278,2018-05-07,16.25,24.35,8.72,0.0,64.97,1.39
London,51.5074,-0.1278,2018-05-08,16.05,23.54,9.06,0.01,77.71,2.38
London,51.5074,-0.1278,2018-05-09,13.54,18.95,7.65,0.04,76.56,2.44
London,51.5074,-0.1278,2018-05-10,11.91,15.73,8.19,1.05,72.53,2.83
London,51.5074,-0.1278,2018-05-11,11.86,17.02,5.17,0.33,74.26,3.4
London,51.5074,-0.1278,2018-05-12,10.88,15.46,7.03,13.53,86.44,2.03
London,51.5074,-0.1278,2018-05-13,11.4,16.98,7.03,0.1,78.41,1.83
London,51.5074,-0.1278,2018-05-14,12.56,18.72,6.3,0.0,70.43,4.17
London,51.5074,-0.1278,2018-05-15,14.18,21.15,7.36,0.0,75.16,3.57
London,51.5074,-0.1278,2018-05-16,11.75,16.75,7.21,0.01,75.67,5.05
London,51.5074,-0.1278,2018-05-17,10.65,16.17,6.13,0.0,68.61,3.41
London,51.5074,-0.1278,2018-05-18,10.53,16.77,4.19,0.02,76.44,1.44
London,51.5074,-0.1278,2018-05-19,12.58,18.92,6.86,0.01,74.33,1.48
London,51.5074,-0.1278,2018-05-20,12.6,19.46,6.18,0.02,80.11,1.75
London,51.5074,-0.1278,2018-05-21,14.26,20.27,6.31,0.46,79.14,2.0
London,51.5074,-0.1278,2018-05-22,14.26,21.16,8.25,0.8,76.1,3.83
London,51.5074,-0.1278,2018-05-23,13.35,19.7,7.39,0.62,76.47,4.29
London,51.5074,-0.1278,2018-05-24,14.18,19.67,9.81,5.42,85.18,2.59
London,51.5074,-0.1278,2018-05-25,15.93,20.95,10.93,1.89,83.85,1.32
London,51.5074,-0.1278,2018-05-26,16.1,22.8,10.97,1.42,84.85,3.68
London,51.5074,-0.1278,2018-05-27,18.61,24.14,12.74,2.24,80.54,1.68
London,51.5074,-0.1278,2018-05-28,18.46,24.06,12.2,2.27,83.66,2.26
London,51.5074,-0.1278,2018-05-29,15.75,21.08,11.26,7.63,88.17,4.03
London,51.5074,-0.1278,2018-05-30,16.33,21.19,12.51,4.11,86.8,1.69
London,51.5074,-0.1278,2018-05-31,17.18,22.16,11.25,1.09,85.98,1.65
London,51.5074,-0.1278,2018-06-01,17.32,21.45,12.21,0.86,85.31,1.85
London,51.5074,-0.1278,2018-06-02,17.83,22.54,13.35,0.52,80.3,2.64
London,51.5074,-0.1278,2018-06-03,18.23,24.17,11.13,0.01,76.15,1.09
London,51.5074,-0.1278,2018-06-04,16.29,20.68,11.85,0.58,85.16,2.9
London,51.5074,-0.1278,2018-06-05,14.14,19.04,9.05,0.33,80.86,3.28
London,51.5074,-0.1278,2018-06-06,14.25,20.79,7.45,0.02,73.5,2.78
London,51.5074,-0.1278,2018-06-07,15.91,21.26,10.05,0.23,80.54,2.12
London,51.5074,-0.1278,2018-06-08,16.03,21.2,10.44,0.07,80.63,1.99
London,51.5074,-0.1278,2018-06-09,15.4,20.67,10.03,0.17,81.44,1.9
London,51.5074,-0.1278,2018-06-10,16.49,21.64,11.07,0.09,80.71,2.26
London,51.5074,-0.1278,2018-06-11,16.19,21.97,10.37,0.01,73.44,2.8
London,51.5074,-0.1278,2018-06-12,14.04,17.91,8.9,0.16,80.16,2.75
London,51.5074,-0.1278,2018-06-13,14.81,20.49,8.09,0.04,74.63,2.23
London,51.5074,-0.1278,2018-06-14,16.17,21.03,11.65,0.4,77.25,4.37
London,51.5074,-0.1278,2018-06-15,15.88,21.61,8.72,0.01,72.22,1.95
London,51.5074,-0.1278,2018-06-16,15.12,18.94,11.15,0.75,77.49,3.7
London,51.5074,-0.1278,2018-06-17,14.79,18.94,11.17,0.3,79.29,4.12
London,51.5074,-0.1278,2018-06-18,17.9,22.95,12.37,0.16,77.9,4.4
London,51.5074,-0.1278,2018-06-19,19.35,23.72,14.43,0.26,80.19,3.39
London,51.5074,-0.1278,2018-06-20,18.97,24.58,13.18,0.26,79.15,3.87
London,51.5074,-0.1278,2018-06-21,14.3,18.93,9.87,0.0,63.36,3.8
London,51.5074,-0.1278,2018-06-22,14.41,20.65,7.28,0.0,67.83,2.51
London,51.5074,-0.1278,2018-06-23,15.45,21.44,8.4,0.03,72.77,2.1
London,51.5074,-0.1278,2018-06-24,17.23,23.19,10.5,0.0,70.66,1.5
London,51.5074,-0.1278,2018-06-25,19.71,26.57,11.35,0.0,68.28,1.12
London,51.5074,-0.1278,2018-06-26,18.53,25.33,10.97,0.0,69.99,1.96
London,51.5074,-0.1278,2018-06-27,16.8,23.48,9.65,0.04,71.91,3.18
London,51.5074,-0.1278,2018-06-28,18.14,25.06,11.0,0.1,73.74,3.71
London,51.5074,-0.1278,2018-06-29,17.88,24.5,11.05,0.03,68.42,3.56
London,51.5074,-0.1278,2018-06-30,18.16,25.17,10.95,0.08,72.81,3.44
London,51.5074,-0.1278,2018-07-01,20.27,26.81,12.98,0.03,68.39,3.37
London,51.5074,-0.1278,2018-07-02,19.61,25.55,13.52,0.03,61.95,4.1
London,51.5074,-0.1278,2018-07-03,18.02,23.76,12.25,0.0,64.23,3.98
London,51.5074,-0.1278,2018-07-04,18.71,24.93,11.67,0.37,71.58,1.53
London,51.5074,-0.1278,2018-07-05,21.19,26.75,14.27,0.85,69.3,1.22
London,51.5074,-0.1278,2018-07-06,21.49,27.69,14.44,0.06,68.28,1.43
London,51.5074,-0.1278,2018-07-07,22.38,28.94,15.1,0.02,68.02,1.45
London,51.5074,-0.1278,2018-07-08,21.9,28.6,14.21,0.0,68.5,1.87
London,51.5074,-0.1278,2018-07-09,21.24,26.84,15.63,0.12,66.68,1.84
London,51.5074,-0.1278,2018-07-10,17.03,21.35,12.58,0.05,71.37,3.06
London,51.5074,-0.1278,2018-07-11,17.55,22.97,11.21,0.09,73.45,2.46
London,51.5074,-0.1278,2018-07-12,18.25,23.54,11.68,0.37,74.13,1.41
London,51.5074,-0.1278,2018-07-13,19.07,24.81,12.83,0.41,72.26,1.19
London,51.5074,-0.1278,2018-07-14,20.13,26.31,12.84,0.06,68.76,1.48
London,51.5074,-0.1278,2018-07-15,21.51,28.45,14.14,0.0,60.43,1.37
London,51.5074,-0.1278,2018-07-16,21.88,28.56,14.57,0.0,59.41,2.19
London,51.5074,-0.1278,2018-07-17,19.27,24.6,13.34,0.03,63.52,3.25
London,51.5074,-0.1278,2018-07-18,19.99,25.63,14.08,0.01,62.19,1.35
London,51.5074,-0.1278,2018-07-19,20.11,25.82,14.85,0.0,64.38,1.73
London,51.5074,-0.1278,2018-07-20,19.33,24.19,14.56,0.79,72.12,2.0
London,51.5074,-0.1278,2018-07-21,21.71,27.55,15.16,0.11,63.74,0.61
London,51.5074,-0.1278,2018-07-22,22.47,28.29,15.71,0.01,65.37,1.62
London,51.5074,-0.1278,2018-07-23,24.12,30.97,17.63,0.0,60.66,2.54
London,51.5074,-0.1278,2018-07-24,22.83,29.34,15.67,0.08,65.32,2.37
London,51.5074,-0.1278,2018-07-25,23.38,30.31,16.29,0.03,64.54,1.57
London,51.5074,-0.1278,2018-07-26,25.05,32.49,16.96,0.07,63.1,2.34
London,51.5074,-0.1278,2018-07-27,24.13,31.3,17.57,8.1,65.19,2.45
London,51.5074,-0.1278,2018-07-28,18.5,21.36,15.61,0.89,68.23,5.76
London,51.5074,-0.1278,2018-07-29,17.73,21.11,14.74,10.64,87.13,6.27
London,51.5074,-0.1278,2018-07-30,19.36,24.19,15.67,2.24,79.16,4.21
London,51.5074,-0.1278,2018-07-31,18.68,24.47,13.81,3.04,70.16,2.95
London,51.5074,-0.1278,2018-08-01,18.81,25.39,12.86,0.01,66.67,2.27
London,51.5074,-0.1278,2018-08-02,21.28,29.14,11.9,0.0,69.32,1.56
London,51.5074,-0.1278,2018-08-03,24.52,31.33,16.58,0.01,67.98,1.1
London,51.5074,-0.1278,2018-08-04,22.06,27.33,16.41,0.03,69.79,2.8
London,51.5074,-0.1278,2018-08-05,20.85,27.68,14.66,0.02,68.62,1.77
London,51.5074,-0.1278,2018-08-06,22.63,30.63,14.62,0.01,61.54,1.33
London,51.5074,-0.1278,2018-08-07,22.78,31.05,16.28,2.66,63.13,2.38
London,51.5074,-0.1278,2018-08-08,18.74,23.93,13.31,0.11,64.1,3.87
London,51.5074,-0.1278,2018-08-09,15.04,17.06,11.74,12.49,83.0,1.82
London,51.5074,-0.1278,2018-08-10,14.31,18.82,9.97,15.79,79.59,3.81
London,51.5074,-0.1278,2018-08-11,15.54,21.84,7.3,1.11,73.76,2.76
London,51.5074,-0.1278,2018-08-12,16.96,18.24,15.81,7.71,86.45,3.36
London,51.5074,-0.1278,2018-08-13,18.17,22.7,14.17,3.74,81.53,2.89
London,51.5074,-0.1278,2018-08-14,18.7,24.84,12.01,0.03,74.72,3.01
London,51.5074,-0.1278,2018-08-15,19.32,25.41,14.3,0.23,77.13,3.99
London,51.5074,-0.1278,2018-08-16,16.48,18.95,11.86,7.25,83.43,3.67
London,51.5074,-0.1278,2018-08-17,16.01,22.17,9.04,0.04,73.43,2.67
London,51.5074,-0.1278,2018-08-18,18.53,23.96,12.99,0.05,76.89,3.59
London,51.5074,-0.1278,2018-08-19,20.32,26.48,15.47,0.2,78.08,4.28
London,51.5074,-0.1278,2018-08-20,20.66,25.88,15.71,0.94,79.21,2.01
London,51.5074,-0.1278,2018-08-21,20.55,26.15,15.95,0.5,76.8,2.08
London,51.5074,-0.1278,2018-08-22,19.88,26.16,13.56,0.13,78.08,2.39
London,51.5074,-0.1278,2018-08-23,18.49,22.82,13.48,1.42,75.57,3.62
London,51.5074,-0.1278,2018-08-24,13.6,18.23,9.94,2.1,73.67,4.3
London,51.5074,-0.1278,2018-08-25,13.32,18.54,7.76,0.46,71.03,3.07
London,51.5074,-0.1278,2018-08-26,14.26,17.94,8.96,12.09,85.33,4.39
London,51.5074,-0.1278,2018-08-27,16.51,20.65,12.46,0.19,75.28,3.76
London,51.5074,-0.1278,2018-08-28,16.12,21.07,11.56,0.01,75.85,1.56
London,51.5074,-0.1278,2018-08-29,14.99,19.13,12.2,3.99,80.69,2.52
London,51.5074,-0.1278,2018-08-30,14.56,19.45,9.12,0.03,74.37,1.43
London,51.5074,-0.1278,2018-08-31,15.01,20.69,9.3,0.02,75.56,1.57
London,51.5074,-0.1278,2018-09-01,16.02,23.08,9.19,0.01,71.63,2.12
London,51.5074,-0.1278,2018-09-02,15.99,22.99,9.59,0.01,71.76,1.62
London,51.5074,-0.1278,2018-09-03,16.6,23.25,10.1,0.0,72.25,1.13
London,51.5074,-0.1278,2018-09-04,15.34,21.26,9.67,0.4,73.01,2.96
London,51.5074,-0.1278,2018-09-05,16.23,22.11,12.13,0.83,78.18,3.07
London,51.5074,-0.1278,2018-09-06,14.91,21.7,9.17,1.39,78.38,2.61
London,51.5074,-0.1278,2018-09-07,12.71,19.25,7.32,0.03,70.63,3.34
London,51.5074,-0.1278,2018-09-08,13.67,19.12,7.97,0.05,79.91,3.08
London,51.5074,-0.1278,2018-09-09,17.2,23.23,12.86,0.18,76.05,3.82
London,51.5074,-0.1278,2018-09-10,16.4,21.27,11.54,0.07,74.92,3.82
London,51.5074,-0.1278,2018-09-11,18.86,23.93,15.0,1.88,84.43,4.96
London,51.5074,-0.1278,2018-09-12,13.72,16.4,9.35,1.77,78.59,2.01
London,51.5074,-0.1278,2018-09-13,13.09,20.15,6.21,0.01,71.09,1.65
London,51.5074,-0.1278,2018-09-14,13.09,17.88,7.46,0.09,77.84,3.34
London,51.5074,-0.1278,2018-09-15,15.03,20.95,9.02,0.07,75.32,2.74
London,51.5074,-0.1278,2018-09-16,16.9,22.58,12.53,0.06,76.5,3.93
London,51.5074,-0.1278,2018-09-17,18.18,24.21,14.3,0.1,73.27,3.84
London,51.5074,-0.1278,2018-09-18,17.8,21.51,15.32,0.21,80.27,5.92
London,51.5074,-0.1278,2018-09-19,18.15,22.63,14.94,0.45,80.5,6.22
London,51.5074,-0.1278,2018-09-20,17.99,21.18,15.95,2.53,82.89,6.95
London,51.5074,-0.1278,2018-09-21,13.23,17.42,9.22,2.24,68.35,6.91
London,51.5074,-0.1278,2018-09-22,11.34,14.07,9.48,8.02,84.15,3.14
London,51.5074,-0.1278,2018-09-23,9.63,13.34,5.26,17.28,82.37,4.02
London,51.5074,-0.1278,2018-09-24,9.48,15.41,4.2,0.03,68.67,2.18
London,51.5074,-0.1278,2018-09-25,10.71,17.03,5.75,0.0,65.71,1.64
London,51.5074,-0.1278,2018-09-26,13.02,21.17,6.39,0.0,73.99,2.05
London,51.5074,-0.1278,2018-09-27,13.59,21.83,7.07,0.01,73.99,2.13
London,51.5074,-0.1278,2018-09-28,11.62,16.53,7.63,0.11,75.17,3.55
London,51.5074,-0.1278,2018-09-29,11.13,17.33,5.83,0.0,73.17,1.1
London,51.5074,-0.1278,2018-09-30,9.61,14.97,4.54,0.03,80.49,2.81
London,51.5074,-0.1278,2018-10-01,9.49,14.34,5.34,0.11,73.19,3.46
London,51.5074,-0.1278,2018-10-02,14.04,19.95,8.69,0.77,81.92,4.45
London,51.5074,-0.1278,2018-10-03,13.47,19.27,8.55,0.05,85.0,2.19
London,51.5074,-0.1278,2018-10-04,13.11,20.08,8.77,0.22,87.72,2.24
London,51.5074,-0.1278,2018-10-05,14.15,21.26,8.98,0.16,84.66,1.6
London,51.5074,-0.1278,2018-10-06,9.52,11.58,6.06,9.47,93.17,4.16
London,51.5074,-0.1278,2018-10-07,8.26,14.44,3.97,0.01,75.52,2.49
London,51.5074,-0.1278,2018-10-08,10.78,17.35,5.66,0.05,84.4,2.93
London,51.5074,-0.1278,2018-10-09,12.51,19.8,8.19,0.1,84.7,2.44
London,51.5074,-0.1278,2018-10-10,14.58,21.77,9.16,0.12,86.81,3.16
London,51.5074,-0.1278,2018-10-11,16.05,21.29,12.05,1.79,87.43,4.7
London,51.5074,-0.1278,2018-10-12,16.73,20.08,12.62,0.16,77.68,6.53
London,51.5074,-0.1278,2018-10-13,18.91,22.92,16.0,0.16,75.63,5.93
London,51.5074,-0.1278,2018-10-14,13.4,16.49,9.8,13.03,94.04,3.08
London,51.5074,-0.1278,2018-10-15,13.04,17.18,10.22,7.24,93.19,2.11
London,51.5074,-0.1278,2018-10-16,14.51,19.92,10.77,0.38,89.21,2.96
London,51.5074,-0.1278,2018-10-17,12.86,16.41,10.31,0.44,90.47,1.92
London,51.5074,-0.1278,2018-10-18,10.79,15.66,6.89,0.11,86.33,2.84
London,51.5074,-0.1278,2018-10-19,10.35,15.66,7.01,0.09,80.41,1.34
London,51.5074,-0.1278,2018-10-20,11.01,17.16,7.07,0.01,82.45,1.22
London,51.5074,-0.1278,2018-10-21,12.06,18.27,7.16,0.31,84.82,2.51
London,51.5074,-0.1278,2018-10-22,7.97,13.26,4.17,0.07,76.65,3.14
London,51.5074,-0.1278,2018-10-23,9.85,15.98,4.52,0.02,82.74,4.15
London,51.5074,-0.1278,2018-10-24,10.08,16.16,5.12,0.03,85.91,2.56
London,51.5074,-0.1278,2018-10-25,9.01,14.01,5.39,0.15,87.59,2.2
London,51.5074,-0.1278,2018-10-26,7.34,10.75,3.14,0.71,83.95,3.92
London,51.5074,-0.1278,2018-10-27,3.84,6.79,1.22,1.32,89.96,4.63
London,51.5074,-0.1278,2018-10-28,5.62,9.77,2.78,2.14,85.46,4.55
London,51.5074,-0.1278,2018-10-29,4.39,9.13,1.33,0.26,85.02,3.73
London,51.5074,-0.1278,2018-10-30,4.58,7.54,0.86,0.78,93.79,4.29
London,51.5074,-0.1278,2018-10-31,6.39,12.61,-0.13,2.29,87.77,2.47
London,51.5074,-0.1278,2018-11-01,8.02,12.03,1.75,8.08,94.86,2.15
London,51.5074,-0.1278,2018-11-02,4.23,10.8,0.72,0.03,84.17,2.05
London,51.5074,-0.1278,2018-11-03,7.35,12.78,2.24,0.0,83.56,3.97
London,51.5074,-0.1278,2018-11-04,8.51,12.74,6.1,0.03,86.27,3.18
London,51.5074,-0.1278,2018-11-05,9.85,15.09,6.8,0.18,95.4,2.23
London,51.5074,-0.1278,2018-11-06,11.95,15.37,9.08,0.42,94.74,3.76
London,51.5074,-0.1278,2018-11-07,10.91,13.84,7.62,7.81,90.3,6.09
London,51.5074,-0.1278,2018-11-08,8.3,13.58,5.04,0.03,85.36,3.76
London,51.5074,-0.1278,2018-11-09,9.64,13.3,6.1,11.4,87.64,5.34
London,51.5074,-0.1278,2018-11-10,11.09,13.93,8.73,8.08,90.89,4.25
London,51.5074,-0.1278,2018-11-11,10.39,13.1,8.02,6.31,90.23,4.16
London,51.5074,-0.1278,2018-11-12,10.56,13.34,9.38,2.9,90.85,4.07
London,51.5074,-0.1278,2018-11-13,9.66,13.29,7.5,0.78,89.33,4.01
London,51.5074,-0.1278,2018-11-14,9.96,13.92,7.93,0.14,91.56,3.45
London,51.5074,-0.1278,2018-11-15,11.18,15.22,8.24,0.37,96.27,2.32
London,51.5074,-0.1278,2018-11-16,9.05,10.72,7.6,0.84,96.08,1.99
London,51.5074,-0.1278,2018-11-17,6.53,10.4,3.86,0.06,89.62,3.13
London,51.5074,-0.1278,2018-11-18,5.77,10.8,3.05,0.01,83.28,3.67
London,51.5074,-0.1278,2018-11-19,5.59,8.42,3.55,1.42,85.0,4.83
London,51.5074,-0.1278,2018-11-20,3.3,4.26,1.74,5.44,90.01,3.77
London,51.5074,-0.1278,2018-11-21,2.35,6.63,-1.07,0.75,91.27,2.4
London,51.5074,-0.1278,2018-11-22,2.27,6.9,-2.4,0.25,95.22,1.54
London,51.5074,-0.1278,2018-11-23,5.85,8.9,2.74,0.24,96.91,2.0
London,51.5074,-0.1278,2018-11-24,6.96,8.85,5.72,1.91,92.29,3.25
London,51.5074,-0.1278,2018-11-25,5.87,7.65,4.39,0.7,91.9,3.42
London,51.5074,-0.1278,2018-11-26,4.47,7.33,3.28,0.49,95.87,2.5
London,51.5074,-0.1278,2018-11-27,5.91,9.58,3.08,7.81,95.34,3.25
London,51.5074,-0.1278,2018-11-28,10.87,12.59,6.42,4.23,95.3,5.83
London,51.5074,-0.1278,2018-11-29,10.6,11.87,9.31,5.95,89.29,6.91
London,51.5074,-0.1278,2018-11-30,7.71,10.37,5.87,0.99,93.59,3.98
London,51.5074,-0.1278,2018-12-01,9.38,12.19,5.8,6.98,95.54,4.52
London,51.5074,-0.1278,2018-12-02,11.88,13.06,10.39,4.38,93.79,5.36
London,51.5074,-0.1278,2018-12-03,9.58,12.71,4.63,1.4,93.55,4.64
London,51.5074,-0.1278,2018-12-04,4.55,6.75,3.26,1.09,92.44,1.58
London,51.5074,-0.1278,2018-12-05,9.52,11.48,4.83,6.94,96.48,3.92
London,51.5074,-0.1278,2018-12-06,10.75,11.67,9.48,3.43,95.94,4.27
London,51.5074,-0.1278,2018-12-07,9.25,11.83,5.82,7.68,88.38,6.52
London,51.5074,-0.1278,2018-12-08,8.7,10.76,6.72,1.08,84.84,7.6
London,51.5074,-0.1278,2018-12-09,7.73,9.7,5.18,1.29,88.31,5.81
London,51.5074,-0.1278,2018-12-10,5.24,8.41,3.01,0.08,95.09,2.75
London,51.5074,-0.1278,2018-12-11,3.52,6.38,2.3,0.1,96.78,1.22
London,51.5074,-0.1278,2018-12-12,3.53,6.49,0.45,0.08,88.31,3.05
London,51.5074,-0.1278,2018-12-13,0.73,4.84,-2.44,0.0,90.54,3.38
London,51.5074,-0.1278,2018-12-14,-0.79,3.73,-2.84,0.05,91.36,1.45
London,51.5074,-0.1278,2018-12-15,1.07,6.27,-2.15,11.85,91.77,5.42
London,51.5074,-0.1278,2018-12-16,4.88,6.72,2.64,3.52,98.09,2.9
London,51.5074,-0.1278,2018-12-17,5.43,7.66,3.2,0.38,97.73,3.53
London,51.5074,-0.1278,2018-12-18,7.85,8.47,7.14,6.52,92.36,5.86
London,51.5074,-0.1278,2018-12-19,7.13,8.67,5.94,2.88,95.63,3.92
London,51.5074,-0.1278,2018-12-20,7.22,8.93,5.88,2.04,95.25,4.42
London,51.5074,-0.1278,2018-12-21,9.79,11.76,7.74,9.38,89.65,6.01
London,51.5074,-0.1278,2018-12-22,7.87,10.43,6.54,0.16,95.32,4.24
London,51.5074,-0.1278,2018-12-23,8.23,11.79,5.54,7.93,96.74,3.2
London,51.5074,-0.1278,2018-12-24,4.19,7.14,1.05,0.4,95.75,1.65
London,51.5074,-0.1278,2018-12-25,4.33,7.74,0.34,0.2,96.81,1.6
London,51.5074,-0.1278,2018-12-26,5.93,8.91,3.19,0.08,96.42,1.39
London,51.5074,-0.1278,2018-12-27,3.84,5.08,2.58,0.04,92.25,0.64
London,51.5074,-0.1278,2018-12-28,5.65,7.69,3.91,0.32,98.19,1.46
London,51.5074,-0.1278,2018-12-29,8.11,10.75,4.13,0.17,96.9,3.32
London,51.5074,-0.1278,2018-12-30,6.8,10.52,4.25,0.16,97.22,2.23
London,51.5074,-0.1278,2018-12-31,6.77,9.19,5.4,0.18,94.83,2.16
London,51.5074,-0.1278,2019-01-01,5.79,9.78,1.62,0.09,93.72,3.16
London,51.5074,-0.1278,2019-01-02,1.58,5.61,-1.19,0.05,90.83,2.11
London,51.5074,-0.1278,2019-01-03,0.59,4.54,-1.49,0.07,93.39,1.41
London,51.5074,-0.1278,2019-01-04,-1.17,2.44,-3.08,0.02,94.28,1.6
London,51.5074,-0.1278,2019-01-05,0.9,3.59,-0.86,0.21,96.35,2.43
London,51.5074,-0.1278,2019-01-06,4.27,7.12,1.58,0.16,95.92,2.34
London,51.5074,-0.1278,2019-01-07,6.51,8.81,4.0,0.1,96.28,3.83
London,51.5074,-0.1278,2019-01-08,4.37,8.07,1.88,0.02,90.9,4.39
London,51.5074,-0.1278,2019-01-09,2.03,5.04,0.52,0.12,91.99,4.32
London,51.5074,-0.1278,2019-01-10,1.79,4.24,-0.3,0.56,93.97,2.32
London,51.5074,-0.1278,2019-01-11,4.13,6.34,3.02,0.28,97.73,2.45
London,51.5074,-0.1278,2019-01-12,6.12,8.62,3.3,0.17,95.52,4.39
London,51.5074,-0.1278,2019-01-13,8.47,10.47,5.45,0.15,86.95,6.1
London,51.5074,-0.1278,2019-01-14,5.36,7.85,1.85,0.15,89.02,3.68
London,51.5074,-0.1278,2019-01-15,5.27,7.78,2.13,0.32,96.79,3.92
London,51.5074,-0.1278,2019-01-16,6.41,8.71,2.93,2.56,95.91,4.58
London,51.5074,-0.1278,2019-01-17,1.77,4.01,-1.7,1.32,86.38,3.87
London,51.5074,-0.1278,2019-01-18,1.01,4.14,-1.7,0.04,86.47,2.4
London,51.5074,-0.1278,2019-01-19,1.92,3.85,-0.26,1.1,90.72,3.6
London,51.5074,-0.1278,2019-01-20,-1.05,4.23,-3.39,0.0,93.23,1.53
London,51.5074,-0.1278,2019-01-21,0.24,4.22,-3.13,0.21,93.7,2.02
London,51.5074,-0.1278,2019-01-22,2.14,4.91,-0.73,7.31,94.19,3.14
London,51.5074,-0.1278,2019-01-23,-0.98,2.65,-4.04,0.28,94.82,3.05
London,51.5074,-0.1278,2019-01-24,-0.16,3.5,-2.64,0.48,97.49,1.61
London,51.5074,-0.1278,2019-01-25,4.9,9.42,-0.61,1.13,97.19,2.92
London,51.5074,-0.1278,2019-01-26,7.21,8.77,5.68,1.7,95.14,5.29
London,51.5074,-0.1278,2019-01-27,4.3,6.36,1.73,3.26,84.14,6.85
London,51.5074,-0.1278,2019-01-28,0.06,4.75,-3.72,0.01,84.24,4.06
London,51.5074,-0.1278,2019-01-29,0.88,3.85,-3.48,5.2,95.95,2.24
London,51.5074,-0.1278,2019-01-30,-0.57,3.53,-3.2,0.62,93.73,2.36
London,51.5074,-0.1278,2019-01-31,-0.47,3.51,-2.95,1.66,91.45,2.98
London,51.5074,-0.1278,2019-02-01,0.52,2.2,-0.19,7.69,95.36,4.6
London,51.5074,-0.1278,2019-02-02,0.26,2.68,-1.92,0.4,94.05,4.57
London,51.5074,-0.1278,2019-02-03,-0.5,3.97,-5.65,0.01,91.72,2.96
London,51.5074,-0.1278,2019-02-04,4.87,7.44,3.23,6.94,97.13,4.29
London,51.5074,-0.1278,2019-02-05,5.19,6.66,2.81,1.89,97.37,3.46
London,51.5074,-0.1278,2019-02-06,8.11,10.53,6.35,9.19,95.56,2.92
London,51.5074,-0.1278,2019-02-07,6.77,9.04,4.95,0.45,87.06,6.65
London,51.5074,-0.1278,2019-02-08,8.16,9.98,6.16,6.75,93.17,7.85
London,51.5074,-0.1278,2019-02-09,7.0,9.57,5.31,1.77,84.96,7.12
London,51.5074,-0.1278,2019-02-10,4.78,6.89,2.08,3.63,91.73,4.05
London,51.5074,-0.1278,2019-02-11,4.27,8.87,0.3,0.08,87.71,2.53
London,51.5074,-0.1278,2019-02-12,4.46,9.64,0.0,0.05,93.44,2.87
London,51.5074,-0.1278,2019-02-13,6.48,10.87,3.14,0.03,91.24,3.43
London,51.5074,-0.1278,2019-02-14,4.94,12.14,1.95,0.06,90.83,2.09
London,51.5074,-0.1278,2019-02-15,5.43,12.64,1.77,0.1,91.4,2.42
London,51.5074,-0.1278,2019-02-16,7.79,12.31,3.98,0.22,95.41,3.4
London,51.5074,-0.1278,2019-02-17,8.27,12.55,5.63,0.14,90.96,4.16
London,51.5074,-0.1278,2019-02-18,7.17,9.87,4.04,1.59,95.03,3.5
London,51.5074,-0.1278,2019-02-19,5.74,9.81,3.24,0.12,88.97,3.82
London,51.5074,-0.1278,2019-02-20,7.44,11.62,4.87,0.05,89.54,4.44
London,51.5074,-0.1278,2019-02-21,8.68,14.26,6.35,0.13,91.86,3.4
London,51.5074,-0.1278,2019-02-22,7.48,12.91,4.8,0.17,91.7,2.14
London,51.5074,-0.1278,2019-02-23,8.36,14.81,4.31,0.13,88.78,2.58
London,51.5074,-0.1278,2019-02-24,6.71,14.6,2.34,0.04,85.33,1.51
London,51.5074,-0.1278,2019-02-25,7.12,16.29,1.51,0.0,81.39,1.6
London,51.5074,-0.1278,2019-02-26,8.16,16.88,3.04,0.01,82.91,1.79
London,51.5074,-0.1278,2019-02-27,7.51,16.15,2.83,0.03,89.03,1.55
London,51.5074,-0.1278,2019-02-28,7.78,11.33,3.77,2.17,94.75,3.31
London,51.5074,-0.1278,2019-03-01,7.59,9.8,5.76,0.54,92.63,2.43
London,51.5074,-0.1278,2019-03-02,9.54,13.73,6.3,0.87,86.67,5.13
London,51.5074,-0.1278,2019-03-03,10.05,11.92,7.01,8.39,91.21,7.35
London,51.5074,-0.1278,2019-03-04,5.82,9.59,2.89,4.1,83.31,5.62
London,51.5074,-0.1278,2019-03-05,6.83,10.88,2.94,2.32,86.85,4.57
London,51.5074,-0.1278,2019-03-06,9.74,13.07,7.29,5.29,89.75,6.62
London,51.5074,-0.1278,2019-03-07,6.84,10.66,3.71,1.54,85.15,6.52
London,51.5074,-0.1278,2019-03-08,6.38,9.23,3.22,2.66,89.32,4.67
London,51.5074,-0.1278,2019-03-09,7.78,11.98,4.27,1.34,84.68,5.3
London,51.5074,-0.1278,2019-03-10,6.66,9.59,3.16,9.18,79.38,6.85
London,51.5074,-0.1278,2019-03-11,5.62,9.95,2.29,0.21,74.86,5.81
London,51.5074,-0.1278,2019-03-12,6.17,8.39,3.84,8.33,89.07,7.58
London,51.5074,-0.1278,2019-03-13,7.11,10.75,4.18,0.33,77.61,7.38
London,51.5074,-0.1278,2019-03-14,8.78,13.28,5.69,5.57,82.68,6.59
London,51.5074,-0.1278,2019-03-15,10.79,14.12,8.13,2.81,86.04,6.89
London,51.5074,-0.1278,2019-03-16,9.91,12.32,8.03,3.9,86.39,8.43
London,51.5074,-0.1278,2019-03-17,5.54,8.41,3.1,0.76,81.2,5.04
London,51.5074,-0.1278,2019-03-18,5.42,9.5,2.54,0.32,87.33,2.7
London,51.5074,-0.1278,2019-03-19,7.61,12.68,2.86,0.32,90.43,2.16
London,51.5074,-0.1278,2019-03-20,9.3,12.3,6.72,0.17,92.31,2.55
London,51.5074,-0.1278,2019-03-21,10.32,14.27,7.17,0.26,91.12,1.54
London,51.5074,-0.1278,2019-03-22,8.78,11.57,6.61,0.18,91.25,2.7
London,51.5074,-0.1278,2019-03-23,7.9,12.5,2.11,0.14,81.23,2.18
London,51.5074,-0.1278,2019-03-24,6.8,13.26,1.69,0.01,76.09,2.34
London,51.5074,-0.1278,2019-03-25,6.47,12.16,2.45,0.02,76.86,3.54
London,51.5074,-0.1278,2019-03-26,6.34,13.01,-0.46,0.0,81.84,2.0
London,51.5074,-0.1278,2019-03-27,7.48,13.95,0.94,0.0,79.99,1.79
London,51.5074,-0.1278,2019-03-28,7.83,14.41,1.46,0.0,81.15,1.11
London,51.5074,-0.1278,2019-03-29,8.96,16.24,3.73,0.01,80.79,1.41
London,51.5074,-0.1278,2019-03-30,11.23,17.74,4.91,0.05,78.2,1.15
London,51.5074,-0.1278,2019-03-31,7.78,11.32,3.12,0.15,81.38,4.34
London,51.5074,-0.1278,2019-04-01,7.01,13.37,2.34,0.0,79.04,2.84
London,51.5074,-0.1278,2019-04-02,4.82,7.69,2.0,2.39,91.07,2.31
London,51.5074,-0.1278,2019-04-03,3.58,6.81,-0.08,1.12,84.44,1.11
London,51.5074,-0.1278,2019-04-04,5.37,9.26,-0.31,1.85,83.28,4.59
London,51.5074,-0.1278,2019-04-05,8.11,13.03,4.15,0.01,74.95,4.16
London,51.5074,-0.1278,2019-04-06,8.12,12.56,5.02,0.15,85.05,3.64
London,51.5074,-0.1278,2019-04-07,8.88,12.73,5.79,1.41,90.65,2.41
London,51.5074,-0.1278,2019-04-08,9.54,14.62,5.71,2.42,88.2,0.97
London,51.5074,-0.1278,2019-04-09,8.42,12.33,4.64,2.43,83.04,3.71
London,51.5074,-0.1278,2019-04-10,6.37,11.84,0.74,0.0,73.05,4.48
London,51.5074,-0.1278,2019-04-11,4.96,11.51,-1.15,0.0,75.51,2.76
London,51.5074,-0.1278,2019-04-12,4.99,10.8,-1.02,0.07,75.64,2.6
London,51.5074,-0.1278,2019-04-13,4.1,8.61,-0.2,0.28,74.69,2.78
London,51.5074,-0.1278,2019-04-14,4.22,8.98,-1.13,0.06,75.11,3.07
London,51.5074,-0.1278,2019-04-15,7.87,12.86,3.1,0.0,74.97,4.1
London,51.5074,-0.1278,2019-04-16,9.9,14.95,6.4,0.52,84.94,1.54
London,51.5074,-0.1278,2019-04-17,10.41,17.75,3.74,0.02,80.75,1.68
London,51.5074,-0.1278,2019-04-18,12.17,18.84,7.41,0.04,77.56,3.43
London,51.5074,-0.1278,2019-04-19,12.65,20.75,6.15,0.0,75.6,2.68
London,51.5074,-0.1278,2019-04-20,12.61,21.82,5.13,0.0,73.82,2.36
London,51.5074,-0.1278,2019-04-21,12.45,21.35,4.7,0.01,73.18,1.88
London,51.5074,-0.1278,2019-04-22,13.5,21.14,5.8,0.0,73.62,2.25
London,51.5074,-0.1278,2019-04-23,13.03,19.52,7.79,0.0,75.79,2.5
London,51.5074,-0.1278,2019-04-24,11.42,17.03,7.42,0.52,84.39,3.54
London,51.5074,-0.1278,2019-04-25,10.71,14.49,7.69,0.72,81.74,4.39
London,51.5074,-0.1278,2019-04-26,10.67,14.35,6.85,1.15,80.03,4.47
London,51.5074,-0.1278,2019-04-27,8.84,11.11,6.75,0.94,70.21,7.4
London,51.5074,-0.1278,2019-04-28,9.39,14.35,5.2,1.03,78.32,3.98
London,51.5074,-0.1278,2019-04-29,10.02,15.9,4.52,0.05,79.4,1.6
London,51.5074,-0.1278,2019-04-30,10.65,16.83,5.3,0.01,78.05,1.32
London,51.5074,-0.1278,2019-05-01,11.28,17.13,5.98,0.22,80.93,1.5
London,51.5074,-0.1278,2019-05-02,10.97,15.16,6.9,1.62,81.73,2.66
London,51.5074,-0.1278,2019-05-03,9.21,14.16,4.21,3.13,84.01,2.27
London,51.5074,-0.1278,2019-05-04,6.41,9.68,3.07,0.74,74.08,4.64
London,51.5074,-0.1278,2019-05-05,7.51,12.13,1.82,0.19,71.02,2.7
London,51.5074,-0.1278,2019-05-06,8.43,12.97,2.43,0.08,71.0,2.23
London,51.5074,-0.1278,2019-05-07,9.98,14.22,5.73,0.2,71.24,2.23
London,51.5074,-0.1278,2019-05-08,10.71,14.67,7.82,13.75,83.19,4.57
London,51.5074,-0.1278,2019-05-09,10.83,14.98,7.08,4.68,85.96,2.17
London,51.5074,-0.1278,2019-05-10,10.25,14.62,6.1,0.8,77.08,1.12
London,51.5074,-0.1278,2019-05-11,9.84,12.98,6.33,2.09,80.46,1.9
London,51.5074,-0.1278,2019-05-12,10.24,15.96,4.48,0.03,71.77,1.52
London,51.5074,-0.1278,2019-05-13,9.94,16.0,3.59,0.0,69.13,2.47
London,51.5074,-0.1278,2019-05-14,10.74,16.59,4.76,0.0,70.92,3.18
London,51.5074,-0.1278,2019-05-15,11.77,18.39,5.15,0.0,71.86,2.35
London,51.5074,-0.1278,2019-05-16,11.2,16.89,5.57,0.02,71.81,3.51
London,51.5074,-0.1278,2019-05-17,10.97,15.08,7.07,0.86,85.32,3.02
London,51.5074,-0.1278,2019-05-18,12.58,17.1,6.49,0.53,78.12,0.65
London,51.5074,-0.1278,2019-05-19,13.15,17.45,8.17,0.26,80.8,1.42
London,51.5074,-0.1278,2019-05-20,13.94,18.45,8.55,0.48,77.27,1.72
London,51.5074,-0.1278,2019-05-21,13.75,19.41,7.22,0.01,71.11,2.39
London,51.5074,-0.1278,2019-05-22,13.6,18.95,7.75,0.0,67.07,2.0
London,51.5074,-0.1278,2019-05-23,14.66,21.56,8.01,0.01,72.92,2.21
London,51.5074,-0.1278,2019-05-24,15.22,20.8,8.96,0.07,74.41,2.45
London,51.5074,-0.1278,2019-05-25,15.92,20.97,9.82,0.21,74.5,2.25
London,51.5074,-0.1278,2019-05-26,15.36,20.68,9.89,1.06,83.3,3.87
London,51.5074,-0.1278,2019-05-27,13.21,18.34,8.23,1.04,73.43,3.47
London,51.5074,-0.1278,2019-05-28,12.35,16.22,8.36,1.55,77.45,2.78
London,51.5074,-0.1278,2019-05-29,12.57,16.74,7.33,1.59,81.95,3.73
London,51.5074,-0.1278,2019-05-30,17.03,22.33,12.04,0.33,79.38,4.3
London,51.5074,-0.1278,2019-05-31,15.88,20.91,11.04,0.09,78.91,3.39
London,51.5074,-0.1278,2019-06-01,17.08,23.6,9.46,0.02,73.52,2.25
London,51.5074,-0.1278,2019-06-02,17.82,22.81,12.68,0.03,74.14,4.18
London,51.5074,-0.1278,2019-06-03,14.17,19.25,8.88,0.05,73.32,3.37
London,51.5074,-0.1278,2019-06-04,14.2,18.26,9.28,6.4,81.87,3.02
London,51.5074,-0.1278,2019-06-05,13.65,17.89,10.38,0.85,76.74,2.8
London,51.5074,-0.1278,2019-06-06,13.21,17.47,8.32,0.14,70.87,3.16
London,51.5074,-0.1278,2019-06-07,12.88,16.17,10.1,12.74,87.77,3.7
London,51.5074,-0.1278,2019-06-08,12.92,16.99,8.94,3.54,77.58,5.59
London,51.5074,-0.1278,2019-06-09,13.66,18.31,8.07,0.81,71.49,1.87
London,51.5074,-0.1278,2019-06-10,11.15,12.79,8.66,25.48,89.96,3.22
London,51.5074,-0.1278,2019-06-11,12.87,17.37,8.85,2.5,84.8,1.94
London,51.5074,-0.1278,2019-06-12,11.8,13.97,8.91,8.0,89.51,1.19
London,51.5074,-0.1278,2019-06-13,12.47,15.1,10.02,4.63,87.23,4.78
London,51.5074,-0.1278,2019-06-14,14.3,18.07,10.84,0.95,79.81,4.2
London,51.5074,-0.1278,2019-06-15,14.22,18.37,9.6,1.32,81.01,3.76
London,51.5074,-0.1278,2019-06-16,14.54,19.18,8.53,1.58,81.53,4.54
London,51.5074,-0.1278,2019-06-17,15.33,20.38,9.94,0.03,74.56,3.43
London,51.5074,-0.1278,2019-06-18,15.72,21.81,9.78,8.19,81.31,1.23
London,51.5074,-0.1278,2019-06-19,15.59,20.9,11.9,6.76,86.64,2.16
London,51.5074,-0.1278,2019-06-20,14.76,18.73,10.16,1.27,76.91,3.36
London,51.5074,-0.1278,2019-06-21,15.06,20.5,7.52,0.02,69.36,2.06
London,51.5074,-0.1278,2019-06-22,15.76,21.34,9.63,0.01,71.05,2.33
London,51.5074,-0.1278,2019-06-23,17.21,23.6,10.45,0.56,80.93,3.14
London,51.5074,-0.1278,2019-06-24,19.79,23.71,16.2,2.56,82.14,2.15
London,51.5074,-0.1278,2019-06-25,19.81,24.51,16.06,14.95,85.07,2.17
London,51.5074,-0.1278,2019-06-26,17.91,23.4,12.48,0.29,81.21,4.27
London,51.5074,-0.1278,2019-06-27,15.99,21.45,11.35,0.03,71.91,4.99
London,51.5074,-0.1278,2019-06-28,16.46,21.84,11.01,0.07,78.0,4.08
London,51.5074,-0.1278,2019-06-29,21.23,28.62,12.79,0.06,75.62,2.76
London,51.5074,-0.1278,2019-06-30,18.68,23.68,13.43,0.0,71.42,3.88
London,51.5074,-0.1278,2019-07-01,17.14,22.36,11.41,0.02,70.25,3.48
London,51.5074,-0.1278,2019-07-02,16.36,21.97,9.13,0.0,70.08,2.06
London,51.5074,-0.1278,2019-07-03,16.64,22.2,10.82,0.0,68.85,2.12
London,51.5074,-0.1278,2019-07-04,18.4,24.58,9.9,0.0,64.75,0.85
London,51.5074,-0.1278,2019-07-05,19.65,25.58,13.5,0.0,66.03,1.9
London,51.5074,-0.1278,2019-07-06,18.47,23.66,12.81,2.17,79.01,2.07
London,51.5074,-0.1278,2019-07-07,16.06,19.38,12.85,1.52,77.05,1.83
London,51.5074,-0.1278,2019-07-08,16.59,21.71,10.83,0.03,68.27,1.28
London,51.5074,-0.1278,2019-07-09,17.83,22.49,12.24,0.89,71.97,1.72
London,51.5074,-0.1278,2019-07-10,19.25,24.63,15.06,2.21,76.28,2.64
London,51.5074,-0.1278,2019-07-11,20.07,25.31,14.28,0.18,71.74,2.3
London,51.5074,-0.1278,2019-07-12,19.2,23.53,15.01,0.64,73.59,3.44
London,51.5074,-0.1278,2019-07-13,18.03,23.0,12.95,0.26,76.29,2.26
London,51.5074,-0.1278,2019-07-14,16.28,21.39,11.27,0.48,76.15,2.63
London,51.5074,-0.1278,2019-07-15,16.26,22.52,9.77,0.03,73.29,1.88
London,51.5074,-0.1278,2019-07-16,18.4,25.35,10.52,0.28,67.88,1.48
London,51.5074,-0.1278,2019-07-17,18.49,24.18,12.38,0.01,69.03,2.42
London,51.5074,-0.1278,2019-07-18,18.51,23.06,14.29,2.03,73.6,3.11
London,51.5074,-0.1278,2019-07-19,17.34,21.2,12.14,6.19,83.08,3.99
London,51.5074,-0.1278,2019-07-20,19.35,23.65,13.87,18.8,76.61,4.47
London,51.5074,-0.1278,2019-07-21,17.8,23.35,11.1,0.02,73.74,3.22
London,51.5074,-0.1278,2019-07-22,20.76,26.96,15.02,0.04,77.38,3.67
London,51.5074,-0.1278,2019-07-23,22.76,29.9,15.85,0.13,70.26,2.56
London,51.5074,-0.1278,2019-07-24,23.73,30.19,18.1,0.67,64.76,2.89
London,51.5074,-0.1278,2019-07-25,25.62,33.96,17.64,0.2,63.0,2.49
London,51.5074,-0.1278,2019-07-26,21.6,26.18,18.23,8.08,72.54,2.72
London,51.5074,-0.1278,2019-07-27,17.32,19.31,14.14,19.98,87.75,3.74
London,51.5074,-0.1278,2019-07-28,17.26,21.75,13.34,1.34,77.66,3.78
London,51.5074,-0.1278,2019-07-29,18.86,24.05,12.11,0.0,69.07,2.83
London,51.5074,-0.1278,2019-07-30,18.28,21.18,15.15,3.07,80.06,6.04
London,51.5074,-0.1278,2019-07-31,18.29,22.63,14.42,1.0,73.25,4.72
London,51.5074,-0.1278,2019-08-01,18.64,23.86,12.54,0.3,76.43,1.97
London,51.5074,-0.1278,2019-08-02,18.69,24.04,12.95,0.2,75.75,2.29
London,51.5074,-0.1278,2019-08-03,17.86,22.17,13.18,0.04,77.75,1.32
London,51.5074,-0.1278,2019-08-04,18.49,23.64,13.54,0.09,79.05,2.91
London,51.5074,-0.1278,2019-08-05,18.89,24.49,14.29,1.23,73.82,4.06
London,51.5074,-0.1278,2019-08-06,17.95,22.79,13.5,0.4,76.4,4.59
London,51.5074,-0.1278,2019-08-07,17.96,22.68,13.7,1.17,74.16,4.29
London,51.5074,-0.1278,2019-08-08,18.51,23.87,12.28,2.62,74.56,2.68
London,51.5074,-0.1278,2019-08-09,19.75,23.93,17.05,7.6,80.85,5.82
London,51.5074,-0.1278,2019-08-10,18.32,21.68,14.82,2.33,73.5,8.35
London,51.5074,-0.1278,2019-08-11,17.58,22.37,13.74,1.18,72.96,5.15
London,51.5074,-0.1278,2019-08-12,14.36,17.21,10.51,5.86,80.34,1.47
London,51.5074,-0.1278,2019-08-13,15.15,20.71,9.12,0.19,69.82,2.79
London,51.5074,-0.1278,2019-08-14,15.39,17.66,11.38,8.8,88.65,4.47
London,51.5074,-0.1278,2019-08-15,17.42,22.44,12.58,0.24,73.33,4.26
London,51.5074,-0.1278,2019-08-16,16.11,18.26,12.26,5.65,84.28,5.25
London,51.5074,-0.1278,2019-08-17,18.1,22.16,14.63,1.11,75.86,4.51
London,51.5074,-0.1278,2019-08-18,16.53,21.36,12.65,1.9,74.75,3.95
London,51.5074,-0.1278,2019-08-19,15.61,20.3,11.62,1.43,75.06,4.28
London,51.5074,-0.1278,2019-08-20,15.16,20.99,9.57,0.07,71.02,2.9
London,51.5074,-0.1278,2019-08-21,15.82,22.4,9.56,0.01,73.54,2.48
London,51.5074,-0.1278,2019-08-22,17.37,23.94,10.92,0.02,74.23,2.92
London,51.5074,-0.1278,2019-08-23,18.73,25.85,13.11,0.02,75.97,1.59
London,51.5074,-0.1278,2019-08-24,19.52,27.37,12.14,0.02,70.9,1.73
London,51.5074,-0.1278,2019-08-25,22.37,30.32,14.94,0.0,65.61,1.82
London,51.5074,-0.1278,2019-08-26,23.01,30.52,17.29,0.0,59.66,1.4
London,51.5074,-0.1278,2019-08-27,23.43,30.94,17.14,0.06,64.97,1.42
London,51.5074,-0.1278,2019-08-28,19.37,25.14,15.42,0.66,73.26,3.06
London,51.5074,-0.1278,2019-08-29,16.94,23.01,11.45,0.14,70.72,2.92
London,51.5074,-0.1278,2019-08-30,17.51,23.91,12.36,0.06,74.69,3.54
London,51.5074,-0.1278,2019-08-31,16.9,23.34,11.9,0.19,74.87,3.55
London,51.5074,-0.1278,2019-09-01,14.76,20.38,9.79,0.02,65.75,2.83
London,51.5074,-0.1278,2019-09-02,14.93,21.62,7.43,0.02,72.2,3.12
London,51.5074,-0.1278,2019-09-03,17.16,22.93,12.31,0.05,73.46,3.68
London,51.5074,-0.1278,2019-09-04,16.45,20.74,11.8,3.89,70.53,5.17
London,51.5074,-0.1278,2019-09-05,13.45,18.69,9.47,0.01,66.17,3.53
London,51.5074,-0.1278,2019-09-06,12.67,16.69,8.95,0.93,84.37,3.53
London,51.5074,-0.1278,2019-09-07,12.65,18.26,8.4,0.24,73.12,3.35
London,51.5074,-0.1278,2019-09-08,12.34,18.13,7.16,0.01,67.76,2.24
London,51.5074,-0.1278,2019-09-09,12.12,14.99,9.49,4.77,86.33,2.51
London,51.5074,-0.1278,2019-09-10,14.33,19.9,7.76,0.12,78.49,1.61
London,51.5074,-0.1278,2019-09-11,16.58,22.57,11.0,1.78,81.58,4.47
London,51.5074,-0.1278,2019-09-12,17.69,24.36,11.6,0.16,80.81,4.01
London,51.5074,-0.1278,2019-09-13,15.35,21.06,9.72,0.19,69.8,2.61
London,51.5074,-0.1278,2019-09-14,14.73,22.72,7.31,0.0,71.03,1.36
London,51.5074,-0.1278,2019-09-15,17.08,25.48,8.49,0.03,77.1,1.9
London,51.5074,-0.1278,2019-09-16,16.01,20.9,11.79,0.42,85.92,1.84
London,51.5074,-0.1278,2019-09-17,12.69,19.15,7.83,0.02,71.08,2.8
London,51.5074,-0.1278,2019-09-18,12.14,19.06,5.66,0.0,69.94,1.92
London,51.5074,-0.1278,2019-09-19,13.71,20.65,8.17,0.0,75.62,1.54
London,51.5074,-0.1278,2019-09-20,14.02,20.28,8.51,0.01,72.5,3.47
London,51.5074,-0.1278,2019-09-21,16.37,22.74,9.83,0.01,72.93,3.75
London,51.5074,-0.1278,2019-09-22,16.85,21.61,12.83,2.5,85.83,3.36
London,51.5074,-0.1278,2019-09-23,15.47,19.51,12.04,4.29,82.71,4.51
London,51.5074,-0.1278,2019-09-24,16.09,19.28,13.58,15.23,88.3,4.5
London,51.5074,-0.1278,2019-09-25,16.2,20.36,13.36,6.12,86.52,4.37
London,51.5074,-0.1278,2019-09-26,16.41,20.27,12.79,3.63,82.91,5.21
London,51.5074,-0.1278,2019-09-27,14.34,18.47,11.35,2.92,84.8,5.54
London,51.5074,-0.1278,2019-09-28,14.75,19.01,10.88,6.59,82.33,5.38
London,51.5074,-0.1278,2019-09-29,15.98,20.36,10.8,10.07,85.88,6.61
London,51.5074,-0.1278,2019-09-30,13.88,18.31,8.88,11.87,87.97,3.55
London,51.5074,-0.1278,2019-10-01,14.94,19.42,8.88,5.32,86.91,4.0
London,51.5074,-0.1278,2019-10-02,8.59,13.82,4.65,0.01,74.5,3.3
London,51.5074,-0.1278,2019-10-03,9.1,14.82,3.9,2.7,75.58,2.8
London,51.5074,-0.1278,2019-10-04,12.29,16.06,8.42,1.3,87.86,3.68
London,51.5074,-0.1278,2019-10-05,11.48,16.17,6.94,0.92,85.42,1.92
London,51.5074,-0.1278,2019-10-06,13.1,16.05,9.41,11.37,85.01,4.66
London,51.5074,-0.1278,2019-10-07,12.01,15.29,8.25,3.62,89.42,3.12
London,51.5074,-0.1278,2019-10-08,12.72,16.9,9.12,0.51,84.88,4.47
London,51.5074,-0.1278,2019-10-09,10.94,14.13,9.24,1.5,85.65,4.37
London,51.5074,-0.1278,2019-10-10,12.2,15.94,7.62,0.32,84.05,5.45
London,51.5074,-0.1278,2019-10-11,15.08,17.21,12.47,11.7,91.15,6.14
London,51.5074,-0.1278,2019-10-12,10.73,13.19,9.12,7.43,89.79,1.55
London,51.5074,-0.1278,2019-10-13,12.94,16.54,9.16,4.34,92.63,3.75
London,51.5074,-0.1278,2019-10-14,12.24,15.85,8.88,10.89,97.31,2.82
London,51.5074,-0.1278,2019-10-15,11.71,15.96,8.35,0.54,91.49,2.36
London,51.5074,-0.1278,2019-10-16,10.99,15.62,5.74,3.65,90.73,3.06
London,51.5074,-0.1278,2019-10-17,9.75,14.55,4.98,2.49,91.55,3.0
London,51.5074,-0.1278,2019-10-18,11.59,14.64,8.59,6.85,85.04,5.54
London,51.5074,-0.1278,2019-10-19,10.39,14.56,6.18,1.68,88.01,3.14
London,51.5074,-0.1278,2019-10-20,8.56,12.16,5.96,0.43,90.32,3.07
London,51.5074,-0.1278,2019-10-21,10.5,13.81,7.19,4.05,89.74,3.78
London,51.5074,-0.1278,2019-10-22,8.47,14.28,5.45,0.02,86.79,1.37
London,51.5074,-0.1278,2019-10-23,9.99,14.98,5.3,1.05,92.02,1.74
London,51.5074,-0.1278,2019-10-24,10.8,12.33,8.9,8.21,96.88,1.98
London,51.5074,-0.1278,2019-10-25,12.95,16.02,9.19,1.09,89.97,5.97
London,51.5074,-0.1278,2019-10-26,13.03,17.1,5.9,5.87,87.65,6.69
London,51.5074,-0.1278,2019-10-27,6.51,12.16,2.54,0.0,83.6,2.17
London,51.5074,-0.1278,2019-10-28,5.68,10.09,1.72,0.12,88.03,2.32
London,51.5074,-0.1278,2019-10-29,7.59,11.63,5.08,0.24,85.48,3.39
London,51.5074,-0.1278,2019-10-30,7.98,11.83,6.05,0.0,78.55,3.62
London,51.5074,-0.1278,2019-10-31,7.32,10.72,5.51,0.08,86.98,2.87
London,51.5074,-0.1278,2019-11-01,12.82,16.1,8.7,9.94,95.71,4.18
London,51.5074,-0.1278,2019-11-02,10.58,13.34,8.17,6.92,88.34,7.1
London,51.5074,-0.1278,2019-11-03,8.27,12.9,5.4,0.85,92.9,2.33
London,51.5074,-0.1278,2019-11-04,8.41,11.39,6.89,4.92,96.17,1.51
London,51.5074,-0.1278,2019-11-05,8.88,12.5,6.98,1.84,94.19,2.97
London,51.5074,-0.1278,2019-11-06,5.96,7.97,3.73,1.34,91.66,2.22
London,51.5074,-0.1278,2019-11-07,6.56,9.39,3.08,6.68,91.67,2.83
London,51.5074,-0.1278,2019-11-08,4.62,7.87,2.81,1.15,95.29,2.53
London,51.5074,-0.1278,2019-11-09,4.53,7.88,1.69,8.45,93.62,2.61
London,51.5074,-0.1278,2019-11-10,6.44,10.48,3.05,0.57,87.12,2.52
London,51.5074,-0.1278,2019-11-11,5.88,7.84,3.45,6.33,90.89,4.42
London,51.5074,-0.1278,2019-11-12,5.1,7.13,3.07,2.66,92.04,5.1
London,51.5074,-0.1278,2019-11-13,5.23,8.26,3.77,2.86,92.11,3.07
London,51.5074,-0.1278,2019-11-14,4.86,6.75,3.14,7.78,93.94,1.4
London,51.5074,-0.1278,2019-11-15,5.22,7.94,3.14,3.93,94.13,4.07
London,51.5074,-0.1278,2019-11-16,4.63,7.6,2.45,0.38,89.08,1.44
London,51.5074,-0.1278,2019-11-17,3.63,7.51,1.55,0.13,95.11,0.93
London,51.5074,-0.1278,2019-11-18,3.61,7.49,-1.31,0.43,94.4,3.44
London,51.5074,-0.1278,2019-11-19,2.51,6.9,-0.82,0.11,94.52,1.37
London,51.5074,-0.1278,2019-11-20,3.74,6.8,1.52,0.01,87.3,3.22
London,51.5074,-0.1278,2019-11-21,4.51,6.32,1.63,1.99,95.56,3.36
London,51.5074,-0.1278,2019-11-22,7.4,9.31,6.27,4.0,95.22,3.9
London,51.5074,-0.1278,2019-11-23,7.92,9.18,6.17,4.88,96.11,3.44
London,51.5074,-0.1278,2019-11-24,8.64,11.07,5.99,1.02,97.69,2.1
London,51.5074,-0.1278,2019-11-25,9.39,10.61,7.82,3.0,96.89,3.41
London,51.5074,-0.1278,2019-11-26,10.43,13.09,9.39,4.61,96.56,3.98
London,51.5074,-0.1278,2019-11-27,9.09,10.96,7.49,8.48,96.21,2.75
London,51.5074,-0.1278,2019-11-28,7.13,9.31,5.39,2.52,96.38,3.29
London,51.5074,-0.1278,2019-11-29,2.76,6.07,-0.5,0.37,95.87,2.05
London,51.5074,-0.1278,2019-11-30,2.94,7.66,0.73,0.19,91.2,2.51
London,51.5074,-0.1278,2019-12-01,3.05,7.04,0.54,0.13,94.03,3.64
London,51.5074,-0.1278,2019-12-02,1.23,5.2,-1.73,0.09,95.37,2.1
London,51.5074,-0.1278,2019-12-03,3.25,7.66,1.02,0.05,96.39,1.58
London,51.5074,-0.1278,2019-12-04,2.47,7.41,-0.05,0.07,95.91,1.27
London,51.5074,-0.1278,2019-12-05,4.49,8.24,1.09,1.56,96.87,3.82
London,51.5074,-0.1278,2019-12-06,9.88,12.36,7.04,4.33,93.39,6.28
London,51.5074,-0.1278,2019-12-07,7.75,9.92,5.32,0.11,92.17,4.38
London,51.5074,-0.1278,2019-12-08,8.16,11.38,5.54,4.04,87.59,7.24
London,51.5074,-0.1278,2019-12-09,5.02,7.9,0.36,0.71,87.62,5.02
London,51.5074,-0.1278,2019-12-10,6.58,10.68,1.0,4.58,93.85,6.19
London,51.5074,-0.1278,2019-12-11,4.61,7.62,1.92,0.99,95.02,3.39
London,51.5074,-0.1278,2019-12-12,5.11,8.26,1.33,9.65,96.69,4.48
London,51.5074,-0.1278,2019-12-13,5.17,7.21,2.99,4.11,89.6,5.6
London,51.5074,-0.1278,2019-12-14,5.11,8.26,3.1,5.74,89.65,5.63
London,51.5074,-0.1278,2019-12-15,6.31,8.36,3.86,1.3,87.78,5.8
London,51.5074,-0.1278,2019-12-16,6.16,7.33,5.21,7.17,97.55,2.16
London,51.5074,-0.1278,2019-12-17,4.53,5.28,3.52,13.74,97.37,2.54
London,51.5074,-0.1278,2019-12-18,6.07,9.72,3.03,2.28,97.13,3.81
London,51.5074,-0.1278,2019-12-19,10.27,11.1,9.33,7.92,95.3,5.47
London,51.5074,-0.1278,2019-12-20,8.05,10.15,5.41,17.19,95.89,4.0
London,51.5074,-0.1278,2019-12-21,7.85,9.59,6.3,7.9,95.07,4.46
London,51.5074,-0.1278,2019-12-22,6.86,7.92,6.13,2.7,96.32,3.83
London,51.5074,-0.1278,2019-12-23,6.86,9.15,5.38,0.77,94.51,4.25
London,51.5074,-0.1278,2019-12-24,8.16,10.45,6.13,1.48,94.13,4.94
London,51.5074,-0.1278,2019-12-25,3.92,5.95,2.71,0.06,96.42,2.22
London,51.5074,-0.1278,2019-12-26,6.17,9.31,2.74,4.5,96.23,3.96
London,51.5074,-0.1278,2019-12-27,6.18,8.25,4.73,0.24,96.16,1.66
London,51.5074,-0.1278,2019-12-28,6.88,8.87,5.18,0.12,94.95,2.18
London,51.5074,-0.1278,2019-12-29,4.97,7.98,3.28,0.0,95.31,2.6
London,51.5074,-0.1278,2019-12-30,5.3,8.69,3.42,0.23,97.18,3.1
London,51.5074,-0.1278,2019-12-31,6.53,9.17,3.07,0.34,97.1,2.63
London,51.5074,-0.1278,2020-01-01,3.38,5.49,1.28,0.19,97.91,1.21
London,51.5074,-0.1278,2020-01-02,7.04,8.95,3.99,0.3,96.15,4.15
London,51.5074,-0.1278,2020-01-03,6.24,9.78,1.74,2.97,93.01,4.16
London,51.5074,-0.1278,2020-01-04,3.96,7.74,1.97,0.04,96.34,3.09
London,51.5074,-0.1278,2020-01-05,5.33,7.52,3.93,0.31,96.6,2.94
London,51.5074,-0.1278,2020-01-06,6.36,8.16,5.18,0.55,91.05,4.67
London,51.5074,-0.1278,2020-01-07,8.48,11.23,5.21,0.88,95.93,4.9
London,51.5074,-0.1278,2020-01-08,9.52,11.14,7.93,2.35,95.56,2.91
London,51.5074,-0.1278,2020-01-09,10.09,11.61,6.48,4.79,93.48,5.25
London,51.5074,-0.1278,2020-01-10,4.22,6.95,2.06,0.61,93.47,3.22
London,51.5074,-0.1278,2020-01-11,7.64,9.31,3.89,0.09,88.61,6.45
London,51.5074,-0.1278,2020-01-12,8.24,10.07,5.48,2.34,91.86,5.5
London,51.5074,-0.1278,2020-01-13,7.81,10.61,5.23,5.23,93.67,6.22
London,51.5074,-0.1278,2020-01-14,9.35,12.51,5.46,4.52,93.33,7.56
London,51.5074,-0.1278,2020-01-15,7.65,11.27,4.83,9.55,91.94,5.05
London,51.5074,-0.1278,2020-01-16,7.87,9.88,5.05,5.49,93.68,5.69
London,51.5074,-0.1278,2020-01-17,6.39,9.27,2.87,1.53,94.61,4.15
London,51.5074,-0.1278,2020-01-18,2.62,6.67,0.55,0.05,92.56,2.91
London,51.5074,-0.1278,2020-01-19,1.15,6.1,-1.27,0.04,94.16,2.27
London,51.5074,-0.1278,2020-01-20,0.54,5.66,-1.93,0.05,95.39,1.29
London,51.5074,-0.1278,2020-01-21,1.95,5.55,-0.41,0.2,96.13,1.07
London,51.5074,-0.1278,2020-01-22,4.54,6.3,2.91,0.4,98.78,1.07
London,51.5074,-0.1278,2020-01-23,5.21,7.54,3.34,0.33,95.92,0.92
London,51.5074,-0.1278,2020-01-24,4.62,6.71,3.31,0.59,97.39,0.68
London,51.5074,-0.1278,2020-01-25,4.38,6.28,1.95,0.4,97.28,2.28
London,51.5074,-0.1278,2020-01-26,7.58,8.57,6.25,3.7,95.49,4.59
London,51.5074,-0.1278,2020-01-27,6.44,8.58,4.74,8.53,95.87,3.56
London,51.5074,-0.1278,2020-01-28,3.55,5.91,1.63,2.21,90.93,5.45
London,51.5074,-0.1278,2020-01-29,4.4,8.25,1.4,0.03,92.25,4.69
London,51.5074,-0.1278,2020-01-30,8.44,11.16,5.67,0.81,96.55,4.6
London,51.5074,-0.1278,2020-01-31,9.61,11.03,7.99,1.19,95.1,5.56
London,51.5074,-0.1278,2020-02-01,8.59,10.89,5.29,0.23,86.98,5.98
London,51.5074,-0.1278,2020-02-02,8.99,11.51,5.29,7.07,93.58,5.18
London,51.5074,-0.1278,2020-02-03,7.65,10.25,3.23,0.94,89.76,4.97
London,51.5074,-0.1278,2020-02-04,5.03,8.62,2.48,0.1,88.46,5.43
London,51.5074,-0.1278,2020-02-05,3.41,6.83,1.16,0.02,94.09,1.37
London,51.5074,-0.1278,2020-02-06,2.58,8.21,-0.3,0.1,93.41,1.16
London,51.5074,-0.1278,2020-02-07,4.56,8.45,-0.34,0.38,91.49,3.95
London,51.5074,-0.1278,2020-02-08,7.39,9.75,5.12,1.27,89.87,4.24
London,51.5074,-0.1278,2020-02-09,9.63,12.42,6.92,10.88,88.31,11.18
London,51.5074,-0.1278,2020-02-10,6.05,7.99,3.72,3.92,84.27,8.67
London,51.5074,-0.1278,2020-02-11,3.82,5.57,2.31,0.55,80.98,7.81
London,51.5074,-0.1278,2020-02-12,3.93,7.38,1.19,1.04,88.56,4.7
London,51.5074,-0.1278,2020-02-13,6.3,9.19,3.57,12.43,91.65,5.49
London,51.5074,-0.1278,2020-02-14,6.74,10.43,2.6,1.25,92.84,4.42
London,51.5074,-0.1278,2020-02-15,10.67,11.55,9.48,4.43,92.09,8.99
London,51.5074,-0.1278,2020-02-16,9.4,12.08,5.4,18.25,90.22,8.79
London,51.5074,-0.1278,2020-02-17,6.48,9.19,3.73,1.12,85.26,6.79
London,51.5074,-0.1278,2020-02-18,5.76,9.12,3.31,3.35,90.06,6.1
London,51.5074,-0.1278,2020-02-19,5.01,7.78,1.08,1.63,93.24,4.97
London,51.5074,-0.1278,2020-02-20,6.86,9.82,2.12,4.86,90.09,6.93
London,51.5074,-0.1278,2020-02-21,6.4,9.39,2.2,0.02,85.31,6.53
London,51.5074,-0.1278,2020-02-22,9.15,11.69,7.5,0.78,87.64,7.57
London,51.5074,-0.1278,2020-02-23,9.25,12.97,4.67,4.2,86.07,6.24
London,51.5074,-0.1278,2020-02-24,8.31,10.53,4.83,6.36,92.24,6.24
London,51.5074,-0.1278,2020-02-25,4.55,8.15,2.4,2.25,89.86,5.05
London,51.5074,-0.1278,2020-02-26,3.19,7.0,0.39,0.62,87.01,4.87
London,51.5074,-0.1278,2020-02-27,2.74,6.44,-0.28,6.53,89.45,3.79
London,51.5074,-0.1278,2020-02-28,5.23,10.24,-1.27,7.91,95.23,5.45
London,51.5074,-0.1278,2020-02-29,6.73,9.57,3.84,5.44,84.23,8.15
London,51.5074,-0.1278,2020-03-01,4.96,8.0,2.93,1.44,85.54,5.69
London,51.5074,-0.1278,2020-03-02,4.88,8.44,1.0,3.59,87.84,3.57
London,51.5074,-0.1278,2020-03-03,3.78,7.96,0.82,0.4,90.21,3.67
London,51.5074,-0.1278,2020-03-04,3.61,6.94,-0.23,3.92,94.35,2.39
London,51.5074,-0.1278,2020-03-05,4.6,5.74,3.49,14.97,95.76,5.19
London,51.5074,-0.1278,2020-03-06,3.93,8.57,0.5,0.08,80.61,2.74
London,51.5074,-0.1278,2020-03-07,6.26,11.97,0.13,0.11,92.66,4.32
London,51.5074,-0.1278,2020-03-08,8.52,11.46,4.9,2.2,88.12,6.33
London,51.5074,-0.1278,2020-03-09,6.66,9.31,4.23,7.0,88.88,5.27
London,51.5074,-0.1278,2020-03-10,11.2,14.36,9.06,2.33,91.91,6.77
London,51.5074,-0.1278,2020-03-11,10.0,13.22,7.62,1.14,87.74,5.9
London,51.5074,-0.1278,2020-03-12,6.11,8.47,3.15,0.54,80.44,7.04
London,51.5074,-0.1278,2020-03-13,6.49,10.36,4.17,0.39,85.74,4.19
London,51.5074,-0.1278,2020-03-14,8.28,12.37,4.84,3.39,89.55,4.31
London,51.5074,-0.1278,2020-03-15,8.1,10.74,4.18,1.6,90.45,4.99
London,51.5074,-0.1278,2020-03-16,5.65,11.55,2.32,0.03,85.53,2.22
London,51.5074,-0.1278,2020-03-17,7.51,12.71,2.19,0.04,89.79,4.52
London,51.5074,-0.1278,2020-03-18,10.03,14.07,6.67,0.54,92.11,3.9
London,51.5074,-0.1278,2020-03-19,6.93,8.39,5.19,1.26,92.84,3.22
London,51.5074,-0.1278,2020-03-20,6.15,10.01,3.73,0.03,80.08,5.34
London,51.5074,-0.1278,2020-03-21,4.89,8.79,1.81,0.0,75.85,5.09
London,51.5074,-0.1278,2020-03-22,4.64,9.2,0.48,0.0,76.09,4.37
London,51.5074,-0.1278,2020-03-23,4.43,9.93,-0.13,0.0,75.05,3.44
London,51.5074,-0.1278,2020-03-24,5.2,12.28,-0.24,0.0,76.29,2.83
London,51.5074,-0.1278,2020-03-25,4.25,11.65,-1.72,0.0,76.25,2.26
London,51.5074,-0.1278,2020-03-26,4.71,11.32,-0.29,0.0,76.47,3.26
London,51.5074,-0.1278,2020-03-27,5.87,12.18,0.22,0.01,77.89,4.59
London,51.5074,-0.1278,2020-03-28,5.77,10.72,2.46,0.11,79.29,6.35
London,51.5074,-0.1278,2020-03-29,3.68,6.91,1.24,0.21,68.79,6.61
London,51.5074,-0.1278,2020-03-30,4.12,8.99,-1.11,0.65,84.44,3.74
London,51.5074,-0.1278,2020-03-31,4.93,10.06,-0.51,0.14,78.73,3.49
London,51.5074,-0.1278,2020-04-01,4.43,10.25,-1.54,0.05,81.01,1.51
London,51.5074,-0.1278,2020-04-02,7.03,12.84,0.93,0.26,86.01,3.22
London,51.5074,-0.1278,2020-04-03,7.51,11.8,3.39,0.31,82.28,1.97
London,51.5074,-0.1278,2020-04-04,7.97,14.27,3.43,0.07,82.75,2.49
London,51.5074,-0.1278,2020-04-05,11.17,17.24,4.57,0.0,75.58,4.17
London,51.5074,-0.1278,2020-04-06,11.14,15.82,5.55,0.19,82.52,3.14
London,51.5074,-0.1278,2020-04-07,10.36,17.1,3.26,0.0,79.88,1.88
London,51.5074,-0.1278,2020-04-08,13.01,20.63,6.54,0.03,78.53,1.48
London,51.5074,-0.1278,2020-04-09,12.23,20.02,6.5,0.0,76.5,2.69
London,51.5074,-0.1278,2020-04-10,12.52,20.04,6.8,0.02,79.89,2.97
London,51.5074,-0.1278,2020-04-11,14.19,22.18,6.23,0.0,75.09,1.48
London,51.5074,-0.1278,2020-04-12,14.73,21.23,8.71,0.21,73.68,2.0
London,51.5074,-0.1278,2020-04-13,6.93,10.55,1.69,0.18,70.55,5.69
London,51.5074,-0.1278,2020-04-14,5.82,11.86,1.19,0.0,73.4,2.13
London,51.5074,-0.1278,2020-04-15,8.09,15.8,1.7,0.0,75.37,1.91
London,51.5074,-0.1278,2020-04-16,10.71,18.03,3.32,0.02,79.06,2.02
London,51.5074,-0.1278,2020-04-17,9.31,13.72,6.3,1.87,83.13,4.73
London,51.5074,-0.1278,2020-04-18,9.48,13.85,6.45,6.44,87.33,2.76
London,51.5074,-0.1278,2020-04-19,9.29,15.73,4.27,0.0,75.64,3.93
London,51.5074,-0.1278,2020-04-20,9.99,15.14,5.07,0.0,71.66,5.52
London,51.5074,-0.1278,2020-04-21,10.84,15.53,6.53,0.0,71.52,4.93
London,51.5074,-0.1278,2020-04-22,11.52,18.12,6.15,0.01,75.66,3.65
London,51.5074,-0.1278,2020-04-23,12.75,20.61,6.72,0.02,76.21,2.42
London,51.5074,-0.1278,2020-04-24,11.87,19.65,4.52,0.0,77.29,1.62
London,51.5074,-0.1278,2020-04-25,9.42,15.53,4.08,0.01,80.16,2.18
London,51.5074,-0.1278,2020-04-26,10.71,18.16,3.09,0.0,74.25,1.17
London,51.5074,-0.1278,2020-04-27,11.41,16.14,5.06,0.57,81.52,1.78
London,51.5074,-0.1278,2020-04-28,7.62,8.77,6.17,14.75,92.82,3.58
London,51.5074,-0.1278,2020-04-29,8.96,12.43,5.22,4.61,87.97,3.29
London,51.5074,-0.1278,2020-04-30,8.72,12.05,5.64,6.86,85.63,5.08
London,51.5074,-0.1278,2020-05-01,9.13,13.23,5.72,2.0,82.01,4.06
London,51.5074,-0.1278,2020-05-02,10.32,15.29,5.33,0.2,77.5,2.58
London,51.5074,-0.1278,2020-05-03,10.76,14.44,6.06,0.35,80.45,1.63
London,51.5074,-0.1278,2020-05-04,11.18,16.07,6.41,0.11,78.24,3.26
London,51.5074,-0.1278,2020-05-05,8.92,13.45,4.06,0.0,71.96,4.72
London,51.5074,-0.1278,2020-05-06,9.85,16.5,3.09,0.0,74.17,2.62
London,51.5074,-0.1278,2020-05-07,12.49,19.98,3.83,0.0,75.22,1.73
London,51.5074,-0.1278,2020-05-08,14.95,21.4,8.31,0.0,65.69,1.19
London,51.5074,-0.1278,2020-05-09,14.87,21.52,8.15,0.0,71.07,2.26
London,51.5074,-0.1278,2020-05-10,11.13,17.7,4.81,0.12,76.53,5.52
London,51.5074,-0.1278,2020-05-11,6.85,10.88,2.08,0.01,63.19,6.25
London,51.5074,-0.1278,2020-05-12,7.91,14.06,0.02,0.01,71.13,1.62
London,51.5074,-0.1278,2020-05-13,7.17,11.79,2.51,0.04,71.56,4.0
London,51.5074,-0.1278,2020-05-14,7.46,13.39,1.21,0.0,70.29,3.13
London,51.5074,-0.1278,2020-05-15,10.28,17.06,0.86,0.0,72.36,1.33
London,51.5074,-0.1278,2020-05-16,10.7,16.13,4.21,0.01,74.9,2.06
London,51.5074,-0.1278,2020-05-17,12.58,17.13,6.38,0.01,73.79,2.33
London,51.5074,-0.1278,2020-05-18,14.35,19.99,8.45,0.01,72.78,3.18
London,51.5074,-0.1278,2020-05-19,16.43,22.72,9.79,0.0,75.93,2.17
London,51.5074,-0.1278,2020-05-20,17.52,23.72,11.63,0.0,74.53,1.82
London,51.5074,-0.1278,2020-05-21,17.63,24.35,10.15,0.06,75.01,1.66
London,51.5074,-0.1278,2020-05-22,15.4,18.78,11.45,0.11,71.0,5.34
London,51.5074,-0.1278,2020-05-23,13.05,16.18,9.65,0.38,70.18,5.84
London,51.5074,-0.1278,2020-05-24,14.74,19.73,9.59,0.08,76.01,3.82
London,51.5074,-0.1278,2020-05-25,16.51,23.04,8.86,0.0,72.03,1.26
London,51.5074,-0.1278,2020-05-26,16.98,22.76,9.61,0.0,71.19,1.6
London,51.5074,-0.1278,2020-05-27,16.75,22.83,10.34,0.01,74.02,1.61
London,51.5074,-0.1278,2020-05-28,14.07,19.1,9.09,0.01,71.04,3.05
London,51.5074,-0.1278,2020-05-29,14.24,20.14,8.72,0.0,68.17,3.05
London,51.5074,-0.1278,2020-05-30,15.32,21.55,8.39,0.06,71.51,3.24
London,51.5074,-0.1278,2020-05-31,15.69,21.46,9.91,0.05,70.12,3.84
London,51.5074,-0.1278,2020-06-01,16.19,22.51,9.34,0.04,72.49,3.0
London,51.5074,-0.1278,2020-06-02,16.3,21.91,9.01,0.0,70.11,2.15
London,51.5074,-0.1278,2020-06-03,14.65,18.49,10.75,0.71,76.28,2.65
London,51.5074,-0.1278,2020-06-04,11.93,15.77,9.04,1.72,78.07,3.61
London,51.5074,-0.1278,2020-06-05,11.38,14.33,8.34,1.62,71.75,4.5
London,51.5074,-0.1278,2020-06-06,9.83,12.86,5.77,4.08,81.48,5.01
London,51.5074,-0.1278,2020-06-07,11.53,16.07,7.01,2.37,84.98,2.52
London,51.5074,-0.1278,2020-06-08,12.06,16.53,8.03,0.16,76.17,2.94
London,51.5074,-0.1278,2020-06-09,13.24,17.66,7.33,0.16,71.64,1.38
London,51.5074,-0.1278,2020-06-10,12.7,15.2,9.44,4.91,85.17,2.35
London,51.5074,-0.1278,2020-06-11,13.82,18.69,8.39,1.84,84.9,4.08
London,51.5074,-0.1278,2020-06-12,15.1,18.3,11.26,3.12,88.36,4.06
London,51.5074,-0.1278,2020-06-13,16.9,21.47,12.63,1.33,78.34,3.28
London,51.5074,-0.1278,2020-06-14,16.28,20.41,11.17,0.5,78.97,2.13
London,51.5074,-0.1278,2020-06-15,16.65,22.01,9.84,1.07,76.14,1.35
London,51.5074,-0.1278,2020-06-16,16.71,21.05,10.89,1.94,76.82,1.42
London,51.5074,-0.1278,2020-06-17,17.3,20.74,13.35,5.58,74.85,0.78
London,51.5074,-0.1278,2020-06-18,14.85,18.17,11.31,19.77,85.23,2.25
London,51.5074,-0.1278,2020-06-19,14.71,19.0,10.96,0.81,80.39,4.04
London,51.5074,-0.1278,2020-06-20,15.94,19.99,10.39,0.38,78.02,3.23
London,51.5074,-0.1278,2020-06-21,16.46,21.03,11.22,1.61,75.61,4.17
London,51.5074,-0.1278,2020-06-22,15.46,21.39,8.25,0.02,71.76,2.99
London,51.5074,-0.1278,2020-06-23,18.29,24.82,10.27,0.0,72.86,2.29
London,51.5074,-0.1278,2020-06-24,20.83,27.34,13.86,0.0,71.76,2.94
London,51.5074,-0.1278,2020-06-25,21.41,27.91,14.53,0.0,71.24,2.64
London,51.5074,-0.1278,2020-06-26,20.75,27.26,14.19,6.87,74.83,2.62
London,51.5074,-0.1278,2020-06-27,16.57,20.28,12.88,4.08,79.44,5.68
London,51.5074,-0.1278,2020-06-28,15.02,18.78,10.96,0.93,71.48,5.82
London,51.5074,-0.1278,2020-06-29,14.61,18.38,10.1,0.11,68.32,5.98
London,51.5074,-0.1278,2020-06-30,15.53,18.95,11.01,2.24,84.66,4.25
London,51.5074,-0.1278,2020-07-01,16.44,20.33,12.62,1.79,80.91,4.1
London,51.5074,-0.1278,2020-07-02,15.74,19.73,10.8,2.67,80.51,3.14
London,51.5074,-0.1278,2020-07-03,15.74,20.64,10.54,0.52,75.95,5.32
London,51.5074,-0.1278,2020-07-04,17.75,22.05,13.99,1.61,84.51,6.29
London,51.5074,-0.1278,2020-07-05,17.07,20.92,11.67,0.25,67.57,6.9
London,51.5074,-0.1278,2020-07-06,15.14,19.66,10.5,0.12,70.16,4.12
London,51.5074,-0.1278,2020-07-07,15.43,20.59,8.72,4.1,73.73,2.75
London,51.5074,-0.1278,2020-07-08,17.04,20.86,13.82,7.1,86.47,3.5
London,51.5074,-0.1278,2020-07-09,17.23,20.22,13.68,5.89,87.09,4.12
London,51.5074,-0.1278,2020-07-10,14.68,18.71,10.51,0.76,73.19,3.51
London,51.5074,-0.1278,2020-07-11,14.75,19.87,8.36,0.02,70.43,2.56
London,51.5074,-0.1278,2020-07-12,16.8,22.15,11.12,0.0,67.54,1.08
London,51.5074,-0.1278,2020-07-13,16.94,23.05,10.21,2.44,67.46,2.39
London,51.5074,-0.1278,2020-07-14,16.63,19.79,12.63,1.31,78.97,2.29
London,51.5074,-0.1278,2020-07-15,15.69,19.56,9.99,0.42,78.55,2.19
London,51.5074,-0.1278,2020-07-16,17.8,22.28,12.88,0.21,78.8,2.67
London,51.5074,-0.1278,2020-07-17,20.18,26.1,14.44,0.02,73.53,1.93
London,51.5074,-0.1278,2020-07-18,18.69,24.52,12.47,0.66,73.65,2.5
London,51.5074,-0.1278,2020-07-19,16.57,19.69,12.07,2.4,80.22,1.94
London,51.5074,-0.1278,2020-07-20,15.45,21.26,9.12,0.01,68.62,2.27
London,51.5074,-0.1278,2020-07-21,15.43,21.28,8.37,0.0,67.31,1.85
London,51.5074,-0.1278,2020-07-22,17.46,23.65,10.56,0.0,65.83,2.35
London,51.5074,-0.1278,2020-07-23,17.55,23.37,11.3,0.02,67.91,3.23
London,51.5074,-0.1278,2020-07-24,18.99,24.43,13.85,0.4,76.04,3.12
London,51.5074,-0.1278,2020-07-25,17.88,22.52,14.6,9.77,86.72,4.64
London,51.5074,-0.1278,2020-07-26,17.2,22.11,12.46,0.24,74.63,4.04
London,51.5074,-0.1278,2020-07-27,17.86,21.63,13.86,3.42,82.18,5.43
London,51.5074,-0.1278,2020-07-28,16.18,21.54,11.19,0.06,68.81,3.96
London,51.5074,-0.1278,2020-07-29,16.8,23.24,8.98,0.0,67.75,2.09
London,51.5074,-0.1278,2020-07-30,19.4,26.27,13.29,0.0,64.36,2.12
London,51.5074,-0.1278,2020-07-31,22.28,31.13,15.23,0.4,67.24,3.81
London,51.5074,-0.1278,2020-08-01,19.76,24.45,14.98,0.2,72.11,3.33
London,51.5074,-0.1278,2020-08-02,17.71,23.33,11.38,0.06,68.46,2.84
London,51.5074,-0.1278,2020-08-03,16.88,21.4,12.67,0.2,67.07,2.55
London,51.5074,-0.1278,2020-08-04,17.0,21.96,10.59,0.0,66.63,3.42
London,51.5074,-0.1278,2020-08-05,19.05,24.02,13.63,0.05,68.55,4.87
London,51.5074,-0.1278,2020-08-06,21.48,27.63,16.46,0.2,71.22,2.57
London,51.5074,-0.1278,2020-08-07,24.19,32.76,15.43,0.04,60.83,1.47
London,51.5074,-0.1278,2020-08-08,23.36,29.6,18.04,0.0,66.48,2.56
London,51.5074,-0.1278,2020-08-09,22.92,30.42,16.54,0.06,70.98,3.18
London,51.5074,-0.1278,2020-08-10,23.39,29.79,18.12,1.56,75.26,2.55
London,51.5074,-0.1278,2020-08-11,25.2,32.79,18.9,0.22,65.73,1.27
London,51.5074,-0.1278,2020-08-12,24.43,32.42,18.55,0.65,68.66,1.67
London,51.5074,-0.1278,2020-08-13,22.73,28.9,18.41,4.12,76.4,1.9
London,51.5074,-0.1278,2020-08-14,20.1,23.57,16.97,5.92,85.47,1.6
London,51.5074,-0.1278,2020-08-15,20.41,24.82,16.85,6.85,84.76,1.47
London,51.5074,-0.1278,2020-08-16,19.61,22.96,16.36,2.88,82.71,1.01
London,51.5074,-0.1278,2020-08-17,18.26,22.26,14.35,3.08,80.07,2.31
London,51.5074,-0.1278,2020-08-18,18.72,23.34,14.28,1.06,77.64,3.38
London,51.5074,-0.1278,2020-08-19,18.2,20.64,14.11,9.83,91.76,3.99
London,51.5074,-0.1278,2020-08-20,20.27,25.0,16.6,0.31,74.09,4.14
London,51.5074,-0.1278,2020-08-21,19.29,22.99,15.97,0.13,73.61,7.51
London,51.5074,-0.1278,2020-08-22,17.85,22.06,14.08,0.32,70.73,6.0
London,51.5074,-0.1278,2020-08-23,17.37,22.36,13.25,0.45,71.64,4.36
London,51.5074,-0.1278,2020-08-24,16.7,21.99,11.41,2.59,78.21,3.26
London,51.5074,-0.1278,2020-08-25,17.83,22.33,15.52,8.5,78.78,8.1
London,51.5074,-0.1278,2020-08-26,17.67,22.84,13.88,0.12,68.61,5.45
London,51.5074,-0.1278,2020-08-27,15.93,20.35,12.57,10.43,82.33,2.81
London,51.5074,-0.1278,2020-08-28,14.65,19.41,11.13,6.17,81.05,3.51
London,51.5074,-0.1278,2020-08-29,13.27,17.35,10.98,5.7,79.61,6.1
London,51.5074,-0.1278,2020-08-30,13.77,18.61,9.74,0.31,73.18,4.27
London,51.5074,-0.1278,2020-08-31,13.8,18.72,8.17,0.0,66.37,1.06
London,51.5074,-0.1278,2020-09-01,14.61,20.26,10.02,0.0,66.22,0.73
London,51.5074,-0.1278,2020-09-02,14.99,21.01,9.11,2.05,76.67,2.77
London,51.5074,-0.1278,2020-09-03,17.92,22.07,13.4,2.49,85.57,5.07
London,51.5074,-0.1278,2020-09-04,15.44,20.68,11.47,0.29,77.19,3.14
London,51.5074,-0.1278,2020-09-05,13.67,18.95,9.26,0.08,75.04,2.92
London,51.5074,-0.1278,2020-09-06,14.08,19.76,7.77,0.15,76.03,1.75
London,51.5074,-0.1278,2020-09-07,14.68,19.32,10.27,0.36,82.76,2.77
London,51.5074,-0.1278,2020-09-08,19.06,25.34,13.47,0.18,83.08,2.83
London,51.5074,-0.1278,2020-09-09,16.88,22.72,11.03,0.31,80.02,3.15
London,51.5074,-0.1278,2020-09-10,13.72,19.8,7.44,0.0,69.71,1.51
London,51.5074,-0.1278,2020-09-11,14.01,19.35,8.26,0.0,70.48,2.52
London,51.5074,-0.1278,2020-09-12,15.45,21.73,10.2,0.02,76.77,3.1
London,51.5074,-0.1278,2020-09-13,16.76,24.18,11.86,0.07,78.94,2.85
London,51.5074,-0.1278,2020-09-14,17.76,26.71,10.14,0.06,75.95,1.67
London,51.5074,-0.1278,2020-09-15,19.97,26.71,13.31,0.02,80.61,1.3
London,51.5074,-0.1278,2020-09-16,18.88,24.81,13.65,0.06,73.84,3.68
London,51.5074,-0.1278,2020-09-17,14.81,20.59,11.06,0.01,73.53,4.18
London,51.5074,-0.1278,2020-09-18,15.02,20.22,11.26,0.0,72.36,4.64
London,51.5074,-0.1278,2020-09-19,16.58,22.19,12.14,0.07,74.06,4.97
London,51.5074,-0.1278,2020-09-20,16.89,23.54,12.2,0.09,74.18,3.86
London,51.5074,-0.1278,2020-09-21,16.84,24.02,9.86,0.09,72.69,1.23
London,51.5074,-0.1278,2020-09-22,17.54,23.64,12.32,0.19,75.94,2.99
London,51.5074,-0.1278,2020-09-23,15.06,19.28,9.42,3.29,83.79,4.01
London,51.5074,-0.1278,2020-09-24,10.91,15.05,7.4,11.68,79.83,4.06
London,51.5074,-0.1278,2020-09-25,9.95,13.44,7.1,3.68,76.71,6.92
London,51.5074,-0.1278,2020-09-26,9.15,13.28,5.08,0.37,75.28,6.48
London,51.5074,-0.1278,2020-09-27,10.92,14.56,8.71,0.27,78.41,6.18
London,51.5074,-0.1278,2020-09-28,12.1,17.54,6.95,0.54,76.54,2.73
London,51.5074,-0.1278,2020-09-29,13.64,18.15,9.68,1.85,86.57,1.61
London,51.5074,-0.1278,2020-09-30,13.57,17.91,8.94,15.36,90.51,4.35
London,51.5074,-0.1278,2020-10-01,11.69,15.19,8.77,3.06,81.4,2.79
London,51.5074,-0.1278,2020-10-02,11.95,12.99,10.25,31.06,91.95,5.21
London,51.5074,-0.1278,2020-10-03,12.85,15.73,9.4,17.77,90.44,3.08
London,51.5074,-0.1278,2020-10-04,8.97,10.47,7.33,16.91,90.91,5.05
London,51.5074,-0.1278,2020-10-05,11.45,16.36,8.13,2.45,89.73,4.32
London,51.5074,-0.1278,2020-10-06,12.34,15.82,9.68,5.49,87.46,5.04
London,51.5074,-0.1278,2020-10-07,11.32,15.41,7.68,4.56,84.4,4.04
London,51.5074,-0.1278,2020-10-08,13.92,17.82,8.67,3.89,88.67,4.83
London,51.5074,-0.1278,2020-10-09,9.36,14.4,5.31,1.44,87.01,2.94
London,51.5074,-0.1278,2020-10-10,8.26,13.0,3.91,1.64,88.72,4.15
London,51.5074,-0.1278,2020-10-11,8.56,13.52,5.09,0.3,87.8,2.9
London,51.5074,-0.1278,2020-10-12,8.63,12.48,4.74,4.7,91.61,2.17
London,51.5074,-0.1278,2020-10-13,8.61,11.45,6.2,3.98,90.4,3.63
London,51.5074,-0.1278,2020-10-14,9.91,13.48,7.4,1.37,85.44,4.18
London,51.5074,-0.1278,2020-10-15,9.1,13.01,6.89,0.4,84.2,3.95
London,51.5074,-0.1278,2020-10-16,8.69,13.44,4.94,0.16,85.77,2.26
London,51.5074,-0.1278,2020-10-17,9.3,12.63,7.14,0.52,89.13,1.61
London,51.5074,-0.1278,2020-10-18,8.79,13.54,5.4,0.23,84.9,1.05
London,51.5074,-0.1278,2020-10-19,9.95,14.59,5.32,0.0,81.22,3.58
London,51.5074,-0.1278,2020-10-20,13.98,16.91,10.19,1.98,91.32,4.76
London,51.5074,-0.1278,2020-10-21,13.71,16.6,12.4,20.58,95.05,4.31
London,51.5074,-0.1278,2020-10-22,11.81,15.88,7.46,0.1,88.84,3.81
London,51.5074,-0.1278,2020-10-23,11.09,15.8,6.83,0.99,91.55,3.36
London,51.5074,-0.1278,2020-10-24,12.15,15.22,6.52,11.73,92.77,6.16
London,51.5074,-0.1278,2020-10-25,9.93,12.45,8.57,2.64,89.51,3.95
London,51.5074,-0.1278,2020-10-26,8.82,13.11,6.49,0.9,90.3,3.86
London,51.5074,-0.1278,2020-10-27,8.99,13.35,6.6,3.89,93.87,4.5
London,51.5074,-0.1278,2020-10-28,9.01,11.74,6.68,2.75,90.94,5.01
London,51.5074,-0.1278,2020-10-29,10.78,13.86,6.69,4.52,94.71,5.25
London,51.5074,-0.1278,2020-10-30,13.95,16.21,12.78,2.17,93.08,5.61
London,51.5074,-0.1278,2020-10-31,11.77,14.63,8.56,4.98,89.38,5.53
London,51.5074,-0.1278,2020-11-01,13.73,15.98,8.87,3.28,90.44,7.02
London,51.5074,-0.1278,2020-11-02,12.67,15.84,6.12,1.1,82.15,7.55
London,51.5074,-0.1278,2020-11-03,7.18,10.59,3.13,2.89,87.31,4.1
London,51.5074,-0.1278,2020-11-04,5.41,11.22,1.99,0.03,88.4,1.41
London,51.5074,-0.1278,2020-11-05,5.47,10.6,2.67,0.11,89.53,0.93
London,51.5074,-0.1278,2020-11-06,5.52,10.52,2.12,0.09,89.94,2.45
London,51.5074,-0.1278,2020-11-07,8.34,14.12,3.3,0.21,96.5,1.85
London,51.5074,-0.1278,2020-11-08,10.89,14.93,7.83,1.32,97.29,1.62
London,51.5074,-0.1278,2020-11-09,11.42,14.56,9.25,3.29,98.23,1.88
London,51.5074,-0.1278,2020-11-10,10.27,14.44,7.02,0.75,95.94,1.67
London,51.5074,-0.1278,2020-11-11,9.94,12.22,6.77,5.02,96.12,4.03
London,51.5074,-0.1278,2020-11-12,9.69,12.49,6.85,1.59,86.43,4.35
London,51.5074,-0.1278,2020-11-13,10.0,12.48,6.61,1.98,88.57,3.59
London,51.5074,-0.1278,2020-11-14,12.05,13.95,6.39,6.16,93.19,5.74
London,51.5074,-0.1278,2020-11-15,10.76,13.63,7.16,13.21,88.28,6.44
London,51.5074,-0.1278,2020-11-16,9.23,11.15,7.0,0.98,91.8,5.04
London,51.5074,-0.1278,2020-11-17,11.7,13.76,10.81,0.44,93.82,4.94
London,51.5074,-0.1278,2020-11-18,10.84,13.34,6.65,0.68,90.91,5.34
London,51.5074,-0.1278,2020-11-19,6.12,8.78,1.22,0.79,87.36,4.35
London,51.5074,-0.1278,2020-11-20,5.43,9.1,1.1,1.53,94.83,3.15
London,51.5074,-0.1278,2020-11-21,9.9,11.27,9.08,0.28,92.61,4.76
London,51.5074,-0.1278,2020-11-22,6.91,10.29,1.99,0.22,94.32,1.79
London,51.5074,-0.1278,2020-11-23,5.77,9.63,1.72,0.13,95.2,2.16
London,51.5074,-0.1278,2020-11-24,9.24,11.55,7.98,0.16,91.72,3.85
London,51.5074,-0.1278,2020-11-25,9.25,12.5,5.76,0.69,96.01,2.88
London,51.5074,-0.1278,2020-11-26,4.99,8.58,3.16,0.28,94.2,1.69
London,51.5074,-0.1278,2020-11-27,4.48,6.58,1.84,0.63,97.01,2.37
London,51.5074,-0.1278,2020-11-28,7.13,10.63,5.08,0.09,97.39,2.22
London,51.5074,-0.1278,2020-11-29,6.16,8.12,4.78,0.29,97.09,1.26
London,51.5074,-0.1278,2020-11-30,5.92,8.2,4.23,1.31,96.56,3.61
London,51.5074,-0.1278,2020-12-01,3.38,6.34,1.91,0.08,94.51,3.81
London,51.5074,-0.1278,2020-12-02,3.3,5.28,1.63,0.53,95.27,2.08
London,51.5074,-0.1278,2020-12-03,4.47,6.28,2.14,13.34,97.27,2.83
London,51.5074,-0.1278,2020-12-04,2.75,4.39,1.01,10.6,94.66,3.9
London,51.5074,-0.1278,2020-12-05,2.95,5.7,1.05,0.92,91.15,2.91
London,51.5074,-0.1278,2020-12-06,2.03,5.29,0.71,1.29,96.34,2.19
London,51.5074,-0.1278,2020-12-07,0.2,1.78,-1.39,1.22,96.99,1.14
London,51.5074,-0.1278,2020-12-08,0.93,2.55,-0.96,1.81,97.5,1.28
London,51.5074,-0.1278,2020-12-09,3.53,5.58,2.45,4.28,96.31,2.6
London,51.5074,-0.1278,2020-12-10,5.03,7.0,2.56,1.36,94.02,3.51
London,51.5074,-0.1278,2020-12-11,7.47,9.71,5.85,7.74,98.04,1.96
London,51.5074,-0.1278,2020-12-12,5.96,8.02,2.68,0.49,96.77,3.15
London,51.5074,-0.1278,2020-12-13,6.83,11.19,2.91,4.67,96.54,4.47
London,51.5074,-0.1278,2020-12-14,9.86,11.7,7.27,6.48,93.91,4.77
London,51.5074,-0.1278,2020-12-15,7.37,9.84,5.6,0.24,96.51,3.23
London,51.5074,-0.1278,2020-12-16,7.81,9.39,6.57,3.69,95.09,4.52
London,51.5074,-0.1278,2020-12-17,7.68,10.06,5.58,0.14,96.24,3.82
London,51.5074,-0.1278,2020-12-18,9.84,10.39,9.09,1.44,92.46,6.42
London,51.5074,-0.1278,2020-12-19,9.33,11.28,7.45,5.28,93.09,5.42
London,51.5074,-0.1278,2020-12-20,6.96,9.26,5.15,1.29,95.63,3.72
London,51.5074,-0.1278,2020-12-21,10.24,12.86,6.03,13.11,95.67,5.77
London,51.5074,-0.1278,2020-12-22,10.16,12.19,9.37,2.93,97.1,2.61
London,51.5074,-0.1278,2020-12-23,9.67,12.51,5.57,13.05,96.36,2.87
London,51.5074,-0.1278,2020-12-24,3.25,5.54,0.45,0.78,90.93,5.84
London,51.5074,-0.1278,2020-12-25,-0.4,2.95,-2.17,0.12,94.46,3.38
London,51.5074,-0.1278,2020-12-26,5.38,8.69,0.54,1.53,95.82,5.96
London,51.5074,-0.1278,2020-12-27,5.6,8.81,2.27,13.77,91.9,5.47
London,51.5074,-0.1278,2020-12-28,1.99,3.47,1.16,0.93,96.38,2.25
London,51.5074,-0.1278,2020-12-29,0.84,2.51,-0.69,0.21,96.78,2.16
London,51.5074,-0.1278,2020-12-30,1.6,4.09,0.35,0.19,96.66,2.07
London,51.5074,-0.1278,2020-12-31,-0.18,1.96,-2.2,0.48,96.6,1.97
London,51.5074,-0.1278,2021-01-01,0.68,2.84,-1.77,1.49,97.35,1.88
London,51.5074,-0.1278,2021-01-02,1.18,3.5,-0.44,0.24,95.99,2.52
London,51.5074,-0.1278,2021-01-03,1.93,4.41,-0.22,0.69,95.67,3.15
London,51.5074,-0.1278,2021-01-04,2.32,4.58,0.25,1.99,95.22,4.86
London,51.5074,-0.1278,2021-01-05,1.69,3.9,-0.2,2.47,96.13,4.54
London,51.5074,-0.1278,2021-01-06,2.05,4.8,-0.44,2.5,96.12,3.02
London,51.5074,-0.1278,2021-01-07,-1.19,1.76,-3.09,0.11,96.42,2.52
London,51.5074,-0.1278,2021-01-08,-0.95,2.27,-2.96,0.16,96.67,1.17
London,51.5074,-0.1278,2021-01-09,-0.38,2.61,-2.7,0.22,97.62,1.42
London,51.5074,-0.1278,2021-01-10,-0.32,2.69,-2.44,0.2,98.07,2.25
London,51.5074,-0.1278,2021-01-11,4.79,7.65,1.5,1.64,96.17,5.0
London,51.5074,-0.1278,2021-01-12,4.22,8.59,-2.42,4.18,92.12,3.58
London,51.5074,-0.1278,2021-01-13,3.36,6.71,-1.97,6.04,98.7,1.74
London,51.5074,-0.1278,2021-01-14,3.34,6.04,-0.56,18.41,97.93,2.76
London,51.5074,-0.1278,2021-01-15,0.23,3.86,-1.82,0.05,89.5,1.66
London,51.5074,-0.1278,2021-01-16,2.56,5.77,0.55,10.21,94.91,4.06
London,51.5074,-0.1278,2021-01-17,3.31,5.92,2.01,0.05,94.67,3.38
London,51.5074,-0.1278,2021-01-18,4.2,7.36,1.74,1.4,96.37,4.15
London,51.5074,-0.1278,2021-01-19,9.48,10.26,7.68,8.23,93.68,7.49
London,51.5074,-0.1278,2021-01-20,9.09,9.73,8.49,5.15,93.48,8.3
London,51.5074,-0.1278,2021-01-21,4.38,7.32,1.31,0.92,90.88,5.54
London,51.5074,-0.1278,2021-01-22,2.41,6.46,0.1,0.63,93.33,2.8
London,51.5074,-0.1278,2021-01-23,0.58,3.81,-2.44,0.26,94.63,2.27
London,51.5074,-0.1278,2021-01-24,-0.39,1.67,-2.37,3.51,97.24,2.3
London,51.5074,-0.1278,2021-01-25,-0.66,3.97,-3.59,0.06,95.39,3.62
London,51.5074,-0.1278,2021-01-26,1.43,4.78,-3.03,2.75,96.01,3.18
London,51.5074,-0.1278,2021-01-27,5.95,8.21,4.46,8.68,98.12,1.86
London,51.5074,-0.1278,2021-01-28,9.44,12.0,6.44,15.1,95.46,4.27
London,51.5074,-0.1278,2021-01-29,7.64,10.09,5.94,1.5,93.79,4.54
London,51.5074,-0.1278,2021-01-30,3.42,5.89,0.81,10.66,92.98,5.13
London,51.5074,-0.1278,2021-01-31,1.35,2.99,-1.38,1.12,88.46,3.65
London,51.5074,-0.1278,2021-02-01,2.96,5.27,1.47,0.78,91.82,2.0
London,51.5074,-0.1278,2021-02-02,8.42,11.82,3.45,6.42,94.85,4.65
London,51.5074,-0.1278,2021-02-03,6.66,8.89,3.88,4.73,95.22,3.15
London,51.5074,-0.1278,2021-02-04,6.34,9.14,3.41,4.28,97.07,2.78
London,51.5074,-0.1278,2021-02-05,6.05,9.51,3.37,0.96,94.75,1.98
London,51.5074,-0.1278,2021-02-06,4.88,7.09,2.05,8.78,95.07,2.3
London,51.5074,-0.1278,2021-02-07,-0.43,1.14,-2.4,3.2,84.15,6.96
London,51.5074,-0.1278,2021-02-08,-1.91,-0.49,-2.66,0.6,85.59,5.43
London,51.5074,-0.1278,2021-02-09,-1.41,0.46,-2.82,0.41,84.41,4.7
London,51.5074,-0.1278,2021-02-10,-1.55,1.24,-3.89,0.3,84.72,3.61
London,51.5074,-0.1278,2021-02-11,-2.06,0.16,-3.44,0.08,83.83,3.63
London,51.5074,-0.1278,2021-02-12,-2.37,0.11,-3.83,0.0,78.0,5.03
London,51.5074,-0.1278,2021-02-13,-2.63,-0.83,-4.99,0.0,73.13,5.11
London,51.5074,-0.1278,2021-02-14,0.9,2.68,-1.09,1.65,77.09,6.0
London,51.5074,-0.1278,2021-02-15,5.98,10.28,3.11,5.37,97.28,3.89
London,51.5074,-0.1278,2021-02-16,7.02,8.27,6.18,3.5,96.88,4.47
London,51.5074,-0.1278,2021-02-17,8.66,10.05,6.54,2.22,93.19,6.34
London,51.5074,-0.1278,2021-02-18,6.33,9.18,2.58,1.43,91.25,5.29
London,51.5074,-0.1278,2021-02-19,7.09,9.79,2.56,0.2,93.57,5.57
London,51.5074,-0.1278,2021-02-20,9.93,12.51,7.54,0.1,87.65,5.82
London,51.5074,-0.1278,2021-02-21,10.01,13.65,7.55,0.43,91.36,2.52
London,51.5074,-0.1278,2021-02-22,8.25,11.39,4.11,0.46,95.48,2.05
London,51.5074,-0.1278,2021-02-23,8.7,11.67,3.91,0.05,86.81,5.77
London,51.5074,-0.1278,2021-02-24,10.27,12.71,8.73,0.03,86.05,5.31
London,51.5074,-0.1278,2021-02-25,8.3,11.37,3.07,0.48,88.5,2.63
London,51.5074,-0.1278,2021-02-26,4.74,10.65,-0.16,0.0,83.83,1.62
London,51.5074,-0.1278,2021-02-27,4.5,11.14,-0.36,0.01,89.52,1.66
London,51.5074,-0.1278,2021-02-28,5.12,10.3,1.98,0.13,91.31,3.06
London,51.5074,-0.1278,2021-03-01,4.92,8.8,2.46,0.23,92.16,3.52
London,51.5074,-0.1278,2021-03-02,4.64,9.86,2.45,0.19,93.46,2.12
London,51.5074,-0.1278,2021-03-03,5.18,9.83,1.98,3.82,96.29,1.36
London,51.5074,-0.1278,2021-03-04,4.15,6.72,0.62,3.1,91.18,2.91
London,51.5074,-0.1278,2021-03-05,2.56,6.8,-1.21,0.06,80.78,3.5
London,51.5074,-0.1278,2021-03-06,1.62,6.91,-1.98,0.02,83.21,1.94
London,51.5074,-0.1278,2021-03-07,1.65,6.22,-1.97,0.01,77.94,1.3
London,51.5074,-0.1278,2021-03-08,2.63,7.3,-1.61,0.11,88.1,1.32
London,51.5074,-0.1278,2021-03-09,4.9,11.34,-0.59,0.0,86.27,2.97
London,51.5074,-0.1278,2021-03-10,6.57,10.62,4.27,11.25,94.09,7.3
London,51.5074,-0.1278,2021-03-11,7.96,10.53,3.58,2.16,83.24,8.37
London,51.5074,-0.1278,2021-03-12,6.07,9.07,3.21,2.93,88.07,6.25
London,51.5074,-0.1278,2021-03-13,5.72,8.94,2.65,2.68,83.03,7.34
London,51.5074,-0.1278,2021-03-14,6.46,9.38,3.11,2.05,87.72,5.64
London,51.5074,-0.1278,2021-03-15,7.63,10.89,4.1,0.96,86.06,3.68
London,51.5074,-0.1278,2021-03-16,7.75,12.56,3.41,1.13,91.73,3.75
London,51.5074,-0.1278,2021-03-17,5.65,9.38,3.09,0.58,87.95,3.38
London,51.5074,-0.1278,2021-03-18,6.06,8.24,3.31,3.03,90.93,3.65
London,51.5074,-0.1278,2021-03-19,5.94,10.33,1.14,0.22,83.06,3.37
London,51.5074,-0.1278,2021-03-20,6.18,10.89,0.86,0.13,88.1,2.04
London,51.5074,-0.1278,2021-03-21,7.71,11.72,4.31,0.15,82.72,2.73
London,51.5074,-0.1278,2021-03-22,6.12,12.15,0.8,0.01,86.22,1.62
London,51.5074,-0.1278,2021-03-23,5.98,12.0,1.52,0.04,88.22,2.84
London,51.5074,-0.1278,2021-03-24,7.21,11.24,3.48,0.35,90.73,2.97
London,51.5074,-0.1278,2021-03-25,7.32,12.64,1.1,0.85,89.19,4.08
London,51.5074,-0.1278,2021-03-26,7.72,10.79,4.04,4.19,89.82,5.75
London,51.5074,-0.1278,2021-03-27,6.49,10.3,2.58,0.42,81.36,4.98
London,51.5074,-0.1278,2021-03-28,8.55,11.21,6.56,0.06,89.58,6.06
London,51.5074,-0.1278,2021-03-29,9.98,16.7,4.24,0.02,86.68,4.14
London,51.5074,-0.1278,2021-03-30,11.5,20.14,3.94,0.0,70.77,1.57
London,51.5074,-0.1278,2021-03-31,13.03,20.44,6.46,0.0,77.59,1.71
London,51.5074,-0.1278,2021-04-01,8.71,12.83,3.42,0.02,84.59,4.16
London,51.5074,-0.1278,2021-04-02,5.81,10.75,2.24,0.06,78.78,4.15
London,51.5074,-0.1278,2021-04-03,5.76,10.72,0.59,0.02,78.05,3.72
London,51.5074,-0.1278,2021-04-04,6.24,13.36,-0.77,0.01,83.56,2.26
London,51.5074,-0.1278,2021-04-05,4.33,6.23,-0.58,0.05,69.35,4.8
London,51.5074,-0.1278,2021-04-06,1.42,5.8,-2.1,0.09,75.54,3.91
London,51.5074,-0.1278,2021-04-07,1.9,6.85,-3.27,0.02,75.74,3.19
London,51.5074,-0.1278,2021-04-08,5.43,11.04,-1.59,0.11,80.81,3.59
London,51.5074,-0.1278,2021-04-09,7.47,12.27,3.98,0.69,84.39,2.85
London,51.5074,-0.1278,2021-04-10,4.39,6.61,1.82,2.66,88.37,4.01
London,51.5074,-0.1278,2021-04-11,3.28,7.6,-0.61,0.4,78.54,2.8
London,51.5074,-0.1278,2021-04-12,3.59,8.04,-2.52,0.35,70.98,1.36
London,51.5074,-0.1278,2021-04-13,5.23,10.08,-0.91,0.18,74.15,1.26
London,51.5074,-0.1278,2021-04-14,4.91,9.86,-0.25,0.05,74.2,2.26
London,51.5074,-0.1278,2021-04-15,3.81,9.35,-1.95,0.58,82.44,2.71
London,51.5074,-0.1278,2021-04-16,4.73,11.09,-1.12,0.04,78.98,2.06
London,51.5074,-0.1278,2021-04-17,5.66,12.0,-1.5,0.0,75.24,2.05
London,51.5074,-0.1278,2021-04-18,7.25,13.35,1.28,0.0,69.39,1.09
London,51.5074,-0.1278,2021-04-19,8.55,15.4,2.24,0.01,78.84,1.22
London,51.5074,-0.1278,2021-04-20,9.0,15.12,3.07,0.03,81.31,1.28
London,51.5074,-0.1278,2021-04-21,8.02,13.14,1.76,0.03,80.45,3.25
London,51.5074,-0.1278,2021-04-22,6.04,12.81,-0.36,0.0,74.98,2.84
London,51.5074,-0.1278,2021-04-23,6.96,13.98,0.06,0.0,74.74,3.07
London,51.5074,-0.1278,2021-04-24,8.17,13.95,2.68,0.0,77.56,3.76
London,51.5074,-0.1278,2021-04-25,6.92,12.07,1.91,0.02,77.78,4.36
London,51.5074,-0.1278,2021-04-26,5.71,11.9,0.27,0.0,75.1,3.05
London,51.5074,-0.1278,2021-04-27,8.02,15.32,0.29,0.07,74.08,1.18
London,51.5074,-0.1278,2021-04-28,7.07,11.45,3.54,2.56,82.01,3.67
London,51.5074,-0.1278,2021-04-29,6.35,10.61,1.57,0.33,75.75,2.58
London,51.5074,-0.1278,2021-04-30,6.58,10.44,1.55,0.31,74.75,1.43
London,51.5074,-0.1278,2021-05-01,6.37,10.08,1.07,0.66,80.0,1.52
London,51.5074,-0.1278,2021-05-02,7.68,12.21,2.37,0.97,78.35,1.61
London,51.5074,-0.1278,2021-05-03,8.39,11.29,4.23,6.48,81.45,6.22
London,51.5074,-0.1278,2021-05-04,8.61,12.05,4.54,1.27,74.31,6.9
London,51.5074,-0.1278,2021-05-05,6.44,10.57,3.16,1.78,81.24,2.97
London,51.5074,-0.1278,2021-05-06,6.17,9.96,2.62,0.5,77.65,2.2
London,51.5074,-0.1278,2021-05-07,7.49,13.0,2.98,0.07,76.18,2.75
London,51.5074,-0.1278,2021-05-08,11.44,17.44,4.3,11.35,85.61,5.73
London,51.5074,-0.1278,2021-05-09,13.94,18.15,9.33,2.82,85.31,3.74
London,51.5074,-0.1278,2021-05-10,11.63,15.02,7.3,2.63,80.8,4.62
London,51.5074,-0.1278,2021-05-11,10.8,14.91,5.42,0.76,80.67,3.16
London,51.5074,-0.1278,2021-05-12,11.13,14.83,7.29,0.48,77.83,2.93
London,51.5074,-0.1278,2021-05-13,10.37,13.45,7.2,4.02,87.52,3.26
London,51.5074,-0.1278,2021-05-14,9.97,13.03,7.11,2.2,84.87,2.0
London,51.5074,-0.1278,2021-05-15,10.49,13.36,7.67,4.22,86.74,2.54
London,51.5074,-0.1278,2021-05-16,10.5,13.65,7.15,6.64,87.72,2.86
London,51.5074,-0.1278,2021-05-17,11.24,14.47,8.57,5.64,86.11,2.65
London,51.5074,-0.1278,2021-05-18,10.65,14.93,5.76,3.32,84.24,2.65
London,51.5074,-0.1278,2021-05-19,11.03,15.52,6.86,2.14,81.52,2.48
London,51.5074,-0.1278,2021-05-20,10.21,13.16,5.95,1.23,85.1,5.63
London,51.5074,-0.1278,2021-05-21,10.76,13.12,9.12,3.64,79.37,8.6
London,51.5074,-0.1278,2021-05-22,10.34,13.39,6.75,4.33,83.72,3.18
London,51.5074,-0.1278,2021-05-23,9.24,12.43,4.12,6.66,83.34,5.19
London,51.5074,-0.1278,2021-05-24,9.69,12.05,6.72,3.32,83.79,3.78
London,51.5074,-0.1278,2021-05-25,10.32,15.35,5.58,1.96,81.77,4.07
London,51.5074,-0.1278,2021-05-26,10.47,15.44,5.02,0.44,81.79,2.9
London,51.5074,-0.1278,2021-05-27,13.15,18.76,5.99,0.05,78.14,1.25
London,51.5074,-0.1278,2021-05-28,13.19,18.51,8.4,0.05,78.97,1.78
London,51.5074,-0.1278,2021-05-29,13.47,19.56,7.54,0.01,76.53,2.55
London,51.5074,-0.1278,2021-05-30,11.96,18.19,6.55,0.04,77.87,2.74
London,51.5074,-0.1278,2021-05-31,14.57,21.59,7.37,0.05,77.7,2.84
London,51.5074,-0.1278,2021-06-01,15.82,22.44,8.65,0.02,74.03,3.0
London,51.5074,-0.1278,2021-06-02,17.41,22.9,9.7,0.05,78.85,2.47
London,51.5074,-0.1278,2021-06-03,17.69,22.17,13.8,0.33,80.41,2.55
London,51.5074,-0.1278,2021-06-04,13.98,16.03,11.89,15.6,92.66,2.48
London,51.5074,-0.1278,2021-06-05,15.94,21.61,9.27,0.13,76.9,1.73
London,51.5074,-0.1278,2021-06-06,16.68,21.04,11.15,0.07,79.62,1.34
London,51.5074,-0.1278,2021-06-07,16.71,21.74,10.49,0.11,80.87,1.9
London,51.5074,-0.1278,2021-06-08,16.79,21.81,11.03,0.0,74.41,1.7
London,51.5074,-0.1278,2021-06-09,16.96,22.46,9.61,0.03,74.71,2.63
London,51.5074,-0.1278,2021-06-10,18.14,23.06,12.52,0.34,83.85,2.83
London,51.5074,-0.1278,2021-06-11,18.5,22.89,13.41,0.1,82.76,3.24
London,51.5074,-0.1278,2021-06-12,17.45,22.24,11.94,0.03,77.72,2.05
London,51.5074,-0.1278,2021-06-13,18.74,24.76,11.97,0.0,77.12,1.38
London,51.5074,-0.1278,2021-06-14,19.48,25.8,12.3,0.12,75.46,2.43
London,51.5074,-0.1278,2021-06-15,17.95,23.2,13.13,0.02,75.01,2.07
London,51.5074,-0.1278,2021-06-16,18.85,25.38,11.3,14.26,82.73,1.75
London,51.5074,-0.1278,2021-06-17,18.77,22.5,15.66,7.28,87.27,1.09
London,51.5074,-0.1278,2021-06-18,15.5,17.63,11.66,32.09,93.62,3.79
London,51.5074,-0.1278,2021-06-19,13.73,17.23,9.6,3.88,86.41,2.69
London,51.5074,-0.1278,2021-06-20,15.21,18.9,11.62,3.08,85.26,2.4
London,51.5074,-0.1278,2021-06-21,12.75,14.73,11.12,5.1,84.21,5.02
London,51.5074,-0.1278,2021-06-22,12.98,17.45,8.28,0.43,76.24,4.09
London,51.5074,-0.1278,2021-06-23,14.0,19.82,7.5,0.0,72.32,1.87
London,51.5074,-0.1278,2021-06-24,15.74,20.99,8.11,0.41,79.78,1.55
London,51.5074,-0.1278,2021-06-25,16.45,19.99,12.45,1.82,83.01,2.26
London,51.5074,-0.1278,2021-06-26,16.28,21.08,9.86,0.28,79.19,2.15
London,51.5074,-0.1278,2021-06-27,17.15,21.09,13.73,6.19,88.68,3.85
London,51.5074,-0.1278,2021-06-28,17.41,22.38,13.59,5.61,86.36,1.61
London,51.5074,-0.1278,2021-06-29,15.49,19.63,11.28,1.53,85.42,2.75
London,51.5074,-0.1278,2021-06-30,13.73,16.2,10.51,0.52,85.7,2.03
London,51.5074,-0.1278,2021-07-01,16.2,19.43,11.31,0.05,73.25,1.44
London,51.5074,-0.1278,2021-07-02,18.19,22.83,13.98,0.23,74.87,1.18
London,51.5074,-0.1278,2021-07-03,17.99,22.28,14.01,4.72,83.95,2.86
London,51.5074,-0.1278,2021-07-04,16.16,19.74,13.52,4.1,87.04,3.39
London,51.5074,-0.1278,2021-07-05,15.9,19.84,12.59,10.13,80.8,3.45
London,51.5074,-0.1278,2021-07-06,15.63,18.99,11.86,3.54,81.33,5.61
London,51.5074,-0.1278,2021-07-07,16.05,20.35,11.76,1.69,83.28,4.33
London,51.5074,-0.1278,2021-07-08,16.74,21.08,11.89,1.15,82.05,2.22
London,51.5074,-0.1278,2021-07-09,17.39,21.76,12.15,0.51,80.2,1.79
London,51.5074,-0.1278,2021-07-10,15.74,18.88,12.27,1.94,81.25,0.86
London,51.5074,-0.1278,2021-07-11,16.17,20.43,10.73,1.81,82.47,1.71
London,51.5074,-0.1278,2021-07-12,16.92,21.28,13.1,5.11,86.72,1.68
London,51.5074,-0.1278,2021-07-13,17.88,22.54,12.66,0.36,81.76,2.58
London,51.5074,-0.1278,2021-07-14,18.8,23.2,13.92,0.13,80.11,3.65
London,51.5074,-0.1278,2021-07-15,18.14,23.03,12.45,0.2,81.13,3.66
London,51.5074,-0.1278,2021-07-16,17.37,23.98,10.05,0.04,74.83,2.77
London,51.5074,-0.1278,2021-07-17,19.15,25.33,11.88,0.0,74.34,2.16
London,51.5074,-0.1278,2021-07-18,22.18,28.81,14.82,0.0,70.81,1.26
London,51.5074,-0.1278,2021-07-19,21.91,28.82,15.52,0.22,74.16,1.49
London,51.5074,-0.1278,2021-07-20,21.86,28.63,14.8,1.25,76.48,1.52
London,51.5074,-0.1278,2021-07-21,21.45,27.47,15.64,0.36,78.25,1.68
London,51.5074,-0.1278,2021-07-22,20.38,26.46,14.46,0.0,74.66,1.94
London,51.5074,-0.1278,2021-07-23,17.75,22.74,13.54,0.11,78.11,3.91
London,51.5074,-0.1278,2021-07-24,18.7,22.58,14.72,1.69,82.76,3.02
London,51.5074,-0.1278,2021-07-25,17.75,20.09,15.3,9.66,90.55,1.74
London,51.5074,-0.1278,2021-07-26,19.09,23.9,13.59,0.77,80.26,1.7
London,51.5074,-0.1278,2021-07-27,17.9,20.91,14.88,3.75,83.32,3.09
London,51.5074,-0.1278,2021-07-28,16.85,20.84,12.67,4.14,79.78,4.93
London,51.5074,-0.1278,2021-07-29,16.31,21.3,11.25,0.43,72.67,4.3
London,51.5074,-0.1278,2021-07-30,16.16,19.73,13.49,5.61,82.37,5.61
London,51.5074,-0.1278,2021-07-31,16.1,20.45,12.43,2.49,83.82,2.94
London,51.5074,-0.1278,2021-08-01,16.51,20.75,12.58,3.19,82.72,1.98
London,51.5074,-0.1278,2021-08-02,15.23,19.9,10.35,0.92,79.55,1.7
London,51.5074,-0.1278,2021-08-03,16.18,20.96,11.84,0.28,76.0,1.68
London,51.5074,-0.1278,2021-08-04,16.41,21.5,10.96,0.11,76.84,1.48
London,51.5074,-0.1278,2021-08-05,16.53,20.5,12.01,3.47,82.85,3.91
London,51.5074,-0.1278,2021-08-06,17.36,21.74,13.35,2.6,79.66,5.28
London,51.5074,-0.1278,2021-08-07,15.79,19.74,13.11,9.9,85.04,4.56
London,51.5074,-0.1278,2021-08-08,15.96,19.81,12.88,2.64,81.12,5.38
London,51.5074,-0.1278,2021-08-09,16.18,20.69,13.25,6.18,83.26,3.99
London,51.5074,-0.1278,2021-08-10,17.38,22.86,11.82,0.23,78.85,2.51
London,51.5074,-0.1278,2021-08-11,17.46,23.07,12.22,0.02,78.29,2.8
London,51.5074,-0.1278,2021-08-12,17.95,22.59,13.4,0.44,83.92,3.35
London,51.5074,-0.1278,2021-08-13,17.53,22.63,12.8,0.09,80.3,3.83
London,51.5074,-0.1278,2021-08-14,18.1,23.5,12.79,0.09,79.64,2.97
London,51.5074,-0.1278,2021-08-15,17.97,23.26,12.61,0.46,79.91,3.72
London,51.5074,-0.1278,2021-08-16,15.07,18.53,11.51,1.03,80.27,3.66
London,51.5074,-0.1278,2021-08-17,15.51,20.09,10.3,0.95,84.85,3.5
London,51.5074,-0.1278,2021-08-18,17.8,23.03,13.78,0.31,80.66,3.19
London,51.5074,-0.1278,2021-08-19,16.73,21.16,12.98,0.87,83.86,2.67
London,51.5074,-0.1278,2021-08-20,17.84,23.1,12.1,0.2,81.39,1.89
London,51.5074,-0.1278,2021-08-21,16.67,19.75,12.88,2.61,89.38,1.74
London,51.5074,-0.1278,2021-08-22,17.72,21.99,14.33,6.42,85.52,2.87
London,51.5074,-0.1278,2021-08-23,16.64,21.94,12.37,0.09,79.89,3.07
London,51.5074,-0.1278,2021-08-24,16.45,22.1,11.79,0.06,78.52,3.69
London,51.5074,-0.1278,2021-08-25,16.12,21.73,10.98,0.12,80.74,2.92
London,51.5074,-0.1278,2021-08-26,15.63,19.29,13.0,0.14,77.87,3.98
London,51.5074,-0.1278,2021-08-27,15.42,20.14,11.0,0.1,76.84,3.18
London,51.5074,-0.1278,2021-08-28,15.19,20.87,10.52,0.39,81.6,3.5
London,51.5074,-0.1278,2021-08-29,14.67,20.31,9.2,0.08,79.02,3.04
London,51.5074,-0.1278,2021-08-30,15.85,21.23,12.15,0.18,80.13,4.24
London,51.5074,-0.1278,2021-08-31,15.84,20.68,12.59,0.22,80.4,3.98
London,51.5074,-0.1278,2021-09-01,15.89,19.92,12.97,0.15,78.87,3.63
London,51.5074,-0.1278,2021-09-02,15.95,20.17,12.11,0.15,79.49,3.7
London,51.5074,-0.1278,2021-09-03,15.83,22.06,10.34,0.05,82.67,2.75
London,51.5074,-0.1278,2021-09-04,16.27,21.78,11.62,0.27,85.6,3.09
London,51.5074,-0.1278,2021-09-05,17.41,23.9,13.19,1.54,86.49,2.33
London,51.5074,-0.1278,2021-09-06,19.82,26.72,13.39,0.04,77.82,0.9
London,51.5074,-0.1278,2021-09-07,20.02,27.17,14.64,0.0,77.42,2.02
London,51.5074,-0.1278,2021-09-08,20.16,26.44,14.6,1.21,78.13,2.67
London,51.5074,-0.1278,2021-09-09,18.83,23.25,15.18,2.36,86.55,3.16
London,51.5074,-0.1278,2021-09-10,18.52,22.96,14.73,1.22,84.44,3.2
London,51.5074,-0.1278,2021-09-11,17.58,22.5,13.06,0.22,80.26,2.82
London,51.5074,-0.1278,2021-09-12,16.14,21.46,10.81,0.03,80.57,1.48
London,51.5074,-0.1278,2021-09-13,16.09,20.64,12.46,0.14,84.18,2.77
London,51.5074,-0.1278,2021-09-14,16.74,20.72,13.34,9.64,93.91,1.91
London,51.5074,-0.1278,2021-09-15,15.98,21.08,11.59,0.07,81.0,2.23
London,51.5074,-0.1278,2021-09-16,16.58,22.72,11.04,0.03,81.19,1.77
London,51.5074,-0.1278,2021-09-17,16.11,21.48,10.99,0.11,83.53,2.07
London,51.5074,-0.1278,2021-09-18,17.35,23.4,12.27,0.07,80.54,1.88
London,51.5074,-0.1278,2021-09-19,16.17,19.68,13.6,6.08,86.67,1.73
London,51.5074,-0.1278,2021-09-20,15.25,20.26,10.76,1.25,85.16,3.25
London,51.5074,-0.1278,2021-09-21,15.01,20.81,8.65,0.05,77.42,1.12
London,51.5074,-0.1278,2021-09-22,15.03,21.63,9.87,0.03,81.39,1.86
London,51.5074,-0.1278,2021-09-23,15.39,21.89,9.58,0.23,86.29,2.84
London,51.5074,-0.1278,2021-09-24,15.97,22.88,9.86,0.08,83.68,2.53
London,51.5074,-0.1278,2021-09-25,16.79,22.39,12.82,0.26,87.85,1.41
London,51.5074,-0.1278,2021-09-26,16.45,20.8,13.23,0.23,88.82,2.93
London,51.5074,-0.1278,2021-09-27,15.01,17.38,10.53,5.38,79.03,5.33
London,51.5074,-0.1278,2021-09-28,13.02,15.97,9.26,13.34,89.01,4.29
London,51.5074,-0.1278,2021-09-29,10.57,15.01,6.41,0.47,78.27,4.13
London,51.5074,-0.1278,2021-09-30,12.23,16.05,5.85,1.32,85.79,5.36
London,51.5074,-0.1278,2021-10-01,13.78,17.69,6.81,4.71,83.02,4.43
London,51.5074,-0.1278,2021-10-02,12.26,16.31,6.24,19.05,92.12,4.55
London,51.5074,-0.1278,2021-10-03,12.17,16.24,8.76,2.25,83.97,4.09
London,51.5074,-0.1278,2021-10-04,13.01,16.54,10.61,3.53,86.16,4.02
London,51.5074,-0.1278,2021-10-05,12.45,14.91,9.57,17.08,82.54,5.99
London,51.5074,-0.1278,2021-10-06,11.37,16.62,8.17,0.16,80.05,4.16
London,51.5074,-0.1278,2021-10-07,14.59,20.31,8.51,0.44,92.38,1.79
London,51.5074,-0.1278,2021-10-08,14.73,19.94,9.04,0.41,90.32,1.11
London,51.5074,-0.1278,2021-10-09,12.5,18.38,7.81,0.1,87.15,1.17
London,51.5074,-0.1278,2021-10-10,11.77,17.84,7.33,0.24,89.29,2.11
London,51.5074,-0.1278,2021-10-11,9.86,15.62,7.08,0.16,86.24,2.33
London,51.5074,-0.1278,2021-10-12,10.57,16.19,6.79,0.51,90.47,2.72
London,51.5074,-0.1278,2021-10-13,10.27,16.34,5.13,0.11,90.91,1.39
London,51.5074,-0.1278,2021-10-14,11.87,16.96,6.52,0.06,86.81,2.73
London,51.5074,-0.1278,2021-10-15,10.89,14.71,6.88,0.15,82.98,2.29
London,51.5074,-0.1278,2021-10-16,10.86,15.44,6.76,0.59,90.94,1.85
London,51.5074,-0.1278,2021-10-17,12.31,17.39,8.45,0.06,89.89,2.93
London,51.5074,-0.1278,2021-10-18,13.38,15.71,8.48,2.59,96.09,3.44
London,51.5074,-0.1278,2021-10-19,16.83,19.36,15.22,4.22,90.18,5.56
London,51.5074,-0.1278,2021-10-20,14.96,17.9,11.01,36.69,87.72,5.01
London,51.5074,-0.1278,2021-10-21,7.92,11.8,4.31,1.0,78.9,4.66
London,51.5074,-0.1278,2021-10-22,7.88,13.23,3.88,0.09,86.97,3.51
London,51.5074,-0.1278,2021-10-23,9.29,14.2,4.96,0.04,85.24,2.27
London,51.5074,-0.1278,2021-10-24,11.98,14.73,9.65,0.48,82.89,3.97
London,51.5074,-0.1278,2021-10-25,11.05,15.52,7.22,0.9,92.7,2.57
London,51.5074,-0.1278,2021-10-26,11.96,16.9,7.04,0.31,93.0,3.57
London,51.5074,-0.1278,2021-10-27,13.94,17.19,12.46,0.15,89.71,5.29
London,51.5074,-0.1278,2021-10-28,12.86,15.79,10.94,0.07,88.19,4.86
London,51.5074,-0.1278,2021-10-29,12.34,15.38,9.09,3.08,87.54,5.13
London,51.5074,-0.1278,2021-10-30,10.87,14.37,8.12,3.59,89.93,3.67
London,51.5074,-0.1278,2021-10-31,11.49,14.25,8.55,10.77,85.14,6.42
London,51.5074,-0.1278,2021-11-01,9.0,12.82,4.7,0.57,86.04,4.16
London,51.5074,-0.1278,2021-11-02,6.43,11.07,2.89,0.11,88.38,1.39
London,51.5074,-0.1278,2021-11-03,5.24,9.28,1.09,0.89,94.43,2.88
London,51.5074,-0.1278,2021-11-04,5.63,9.19,1.86,0.44,92.3,4.43
London,51.5074,-0.1278,2021-11-05,4.34,9.05,0.46,0.02,90.71,2.25
London,51.5074,-0.1278,2021-11-06,9.2,12.0,6.05,0.58,92.37,4.76
London,51.5074,-0.1278,2021-11-07,7.87,12.09,4.91,0.02,87.81,3.7
London,51.5074,-0.1278,2021-11-08,7.13,12.14,3.88,0.08,91.43,2.08
London,51.5074,-0.1278,2021-11-09,10.15,14.7,7.41,0.38,95.15,2.28
London,51.5074,-0.1278,2021-11-10,9.47,12.74,6.39,0.64,97.09,1.1
London,51.5074,-0.1278,2021-11-11,10.36,14.08,8.08,0.44,95.79,1.53
London,51.5074,-0.1278,2021-11-12,10.95,14.45,8.22,1.26,93.49,4.52
London,51.5074,-0.1278,2021-11-13,9.64,12.76,7.17,0.2,91.72,3.55
London,51.5074,-0.1278,2021-11-14,9.06,12.88,6.93,0.67,96.14,2.6
London,51.5074,-0.1278,2021-11-15,8.47,11.81,6.63,0.14,93.09,1.08
London,51.5074,-0.1278,2021-11-16,7.81,10.84,5.63,0.11,93.6,1.49
London,51.5074,-0.1278,2021-11-17,7.12,11.42,4.21,0.1,91.95,2.58
London,51.5074,-0.1278,2021-11-18,8.52,13.07,4.41,0.13,95.62,2.99
London,51.5074,-0.1278,2021-11-19,8.92,11.59,6.68,0.26,96.73,1.67
London,51.5074,-0.1278,2021-11-20,8.45,10.28,7.08,0.26,94.45,1.65
London,51.5074,-0.1278,2021-11-21,4.86,7.69,2.24,0.12,90.72,4.53
London,51.5074,-0.1278,2021-11-22,4.54,9.7,2.44,0.12,91.73,3.74
London,51.5074,-0.1278,2021-11-23,3.63,8.21,0.79,0.31,94.78,1.73
London,51.5074,-0.1278,2021-11-24,4.2,7.37,2.55,0.42,94.52,0.95
London,51.5074,-0.1278,2021-11-25,2.85,5.9,0.98,0.12,94.29,3.41
London,51.5074,-0.1278,2021-11-26,3.93,8.18,0.91,3.6,93.98,4.97
London,51.5074,-0.1278,2021-11-27,2.75,4.48,1.48,5.19,91.63,7.37
London,51.5074,-0.1278,2021-11-28,-0.25,3.14,-2.26,0.16,86.04,4.58
London,51.5074,-0.1278,2021-11-29,-0.03,3.16,-2.39,0.14,95.05,3.29
London,51.5074,-0.1278,2021-11-30,8.14,10.33,3.97,1.04,95.85,5.16
London,51.5074,-0.1278,2021-12-01,6.75,10.82,1.09,2.2,89.57,5.85
London,51.5074,-0.1278,2021-12-02,0.53,4.26,-1.79,0.16,90.49,3.91
London,51.5074,-0.1278,2021-12-03,4.53,7.83,-0.32,2.63,97.29,2.6
London,51.5074,-0.1278,2021-12-04,4.61,6.52,3.64,2.56,90.39,4.48
London,51.5074,-0.1278,2021-12-05,4.22,6.08,2.72,2.69,93.4,5.82
London,51.5074,-0.1278,2021-12-06,3.49,6.93,1.58,5.15,95.21,3.7
London,51.5074,-0.1278,2021-12-07,4.35,7.07,0.55,6.78,94.71,5.46
London,51.5074,-0.1278,2021-12-08,5.19,7.67,3.82,1.14,82.22,6.11
London,51.5074,-0.1278,2021-12-09,4.75,7.61,2.28,9.32,92.67,3.88
London,51.5074,-0.1278,2021-12-10,4.63,7.6,1.7,1.04,90.38,5.75
London,51.5074,-0.1278,2021-12-11,4.93,9.21,1.59,4.49,95.75,2.9
London,51.5074,-0.1278,2021-12-12,10.46,12.45,9.26,0.53,96.34,3.96
London,51.5074,-0.1278,2021-12-13,9.55,11.08,7.57,0.32,94.48,3.58
London,51.5074,-0.1278,2021-12-14,9.73,11.95,7.57,0.32,96.71,3.14
London,51.5074,-0.1278,2021-12-15,9.75,12.33,8.0,0.24,96.04,2.67
London,51.5074,-0.1278,2021-12-16,8.56,11.28,5.13,0.1,94.09,1.09
London,51.5074,-0.1278,2021-12-17,6.61,7.79,4.96,0.36,97.08,2.45
London,51.5074,-0.1278,2021-12-18,7.17,8.77,5.85,0.27,96.39,2.63
London,51.5074,-0.1278,2021-12-19,4.57,5.65,3.87,0.58,96.61,2.33
London,51.5074,-0.1278,2021-12-20,4.06,6.48,2.39,0.25,93.47,1.89
London,51.5074,-0.1278,2021-12-21,1.33,5.76,-2.42,0.01,93.43,1.32
London,51.5074,-0.1278,2021-12-22,0.77,4.14,-2.46,0.02,93.63,2.53
London,51.5074,-0.1278,2021-12-23,6.9,9.47,2.42,0.56,97.74,3.44
London,51.5074,-0.1278,2021-12-24,8.18,9.46,7.53,10.87,97.08,1.83
London,51.5074,-0.1278,2021-12-25,5.6,7.64,4.31,3.25,95.61,3.7
London,51.5074,-0.1278,2021-12-26,6.75,8.63,4.37,7.31,98.2,1.91
London,51.5074,-0.1278,2021-12-27,8.63,10.01,7.06,4.24,97.65,3.14
London,51.5074,-0.1278,2021-12-28,8.64,9.77,6.74,3.21,93.63,5.32
London,51.5074,-0.1278,2021-12-29,9.82,13.81,6.2,2.85,96.7,4.24
London,51.5074,-0.1278,2021-12-30,12.14,13.7,11.09,0.56,94.7,5.92
London,51.5074,-0.1278,2021-12-31,11.31,13.91,9.61,0.83,95.7,4.97
London,51.5074,-0.1278,2022-01-01,11.08,12.75,10.16,0.39,94.83,4.76
London,51.5074,-0.1278,2022-01-02,10.29,11.77,8.12,3.68,92.93,5.61
London,51.5074,-0.1278,2022-01-03,8.12,9.52,7.33,0.19,96.44,4.4
London,51.5074,-0.1278,2022-01-04,3.79,7.35,-0.24,1.68,92.76,3.6
London,51.5074,-0.1278,2022-01-05,0.97,5.49,-0.51,0.04,93.43,3.85
London,51.5074,-0.1278,2022-01-06,1.67,6.31,-2.82,1.36,94.55,3.14
London,51.5074,-0.1278,2022-01-07,3.38,5.44,2.27,2.76,94.03,4.42
London,51.5074,-0.1278,2022-01-08,5.38,9.21,2.14,8.73,95.8,4.72
London,51.5074,-0.1278,2022-01-09,3.19,6.65,1.64,0.56,94.92,3.21
London,51.5074,-0.1278,2022-01-10,4.75,7.57,1.9,0.29,97.0,2.08
London,51.5074,-0.1278,2022-01-11,7.39,10.09,5.08,1.99,97.45,2.28
London,51.5074,-0.1278,2022-01-12,3.29,7.16,1.25,0.09,94.66,1.58
London,51.5074,-0.1278,2022-01-13,2.48,7.7,0.13,0.11,94.7,1.42
London,51.5074,-0.1278,2022-01-14,1.41,6.1,-0.99,0.16,96.02,1.21
London,51.5074,-0.1278,2022-01-15,2.33,4.49,0.82,0.2,97.27,1.53
London,51.5074,-0.1278,2022-01-16,3.75,6.51,0.87,0.68,98.33,2.06
London,51.5074,-0.1278,2022-01-17,2.82,7.4,0.35,0.02,95.22,2.0
London,51.5074,-0.1278,2022-01-18,3.0,7.23,0.12,0.3,97.94,1.0
London,51.5074,-0.1278,2022-01-19,4.03,8.82,2.08,0.3,95.87,3.01
London,51.5074,-0.1278,2022-01-20,1.24,5.0,-1.84,0.06,87.98,3.47
London,51.5074,-0.1278,2022-01-21,0.58,5.35,-3.12,0.03,95.24,2.64
London,51.5074,-0.1278,2022-01-22,2.54,6.6,0.61,0.12,94.09,2.15
London,51.5074,-0.1278,2022-01-23,2.69,6.27,0.46,0.18,93.39,0.91
London,51.5074,-0.1278,2022-01-24,1.69,5.39,-0.22,0.07,91.86,1.06
London,51.5074,-0.1278,2022-01-25,0.89,3.64,-1.26,0.17,93.08,0.65
London,51.5074,-0.1278,2022-01-26,2.1,7.03,-1.35,0.05,94.66,2.72
London,51.5074,-0.1278,2022-01-27,5.19,10.98,2.44,0.07,95.29,3.72
London,51.5074,-0.1278,2022-01-28,4.96,8.57,2.68,0.22,94.53,3.16
London,51.5074,-0.1278,2022-01-29,8.58,12.09,3.26,0.28,90.04,5.56
London,51.5074,-0.1278,2022-01-30,3.3,7.44,-1.55,0.33,88.86,2.82
London,51.5074,-0.1278,2022-01-31,4.47,7.09,1.97,0.07,79.21,6.02
London,51.5074,-0.1278,2022-02-01,8.22,12.16,2.52,0.62,90.6,5.73
London,51.5074,-0.1278,2022-02-02,7.85,11.65,5.43,0.04,93.65,3.33
London,51.5074,-0.1278,2022-02-03,7.31,9.74,5.89,0.5,93.13,3.58
London,51.5074,-0.1278,2022-02-04,5.77,8.53,2.05,3.95,87.13,5.49
London,51.5074,-0.1278,2022-02-05,5.45,9.63,0.65,0.6,89.11,6.0
London,51.5074,-0.1278,2022-02-06,8.03,10.67,4.01,3.8,83.84,7.89
London,51.5074,-0.1278,2022-02-07,5.69,9.52,1.48,0.19,87.85,4.09
London,51.5074,-0.1278,2022-02-08,8.95,11.68,6.97,0.21,91.96,4.86
London,51.5074,-0.1278,2022-02-09,8.06,10.63,6.66,1.77,96.26,3.2
London,51.5074,-0.1278,2022-02-10,4.27,6.97,1.0,0.71,88.78,2.8
London,51.5074,-0.1278,2022-02-11,3.12,8.16,0.68,0.06,87.6,2.31
London,51.5074,-0.1278,2022-02-12,4.69,8.3,1.0,0.05,82.33,4.97
London,51.5074,-0.1278,2022-02-13,7.34,9.0,5.93,11.64,91.78,7.1
London,51.5074,-0.1278,2022-02-14,6.48,9.08,2.96,1.83,89.84,4.9
London,51.5074,-0.1278,2022-02-15,6.01,8.76,1.37,7.39,96.12,4.81
London,51.5074,-0.1278,2022-02-16,11.56,14.26,8.91,2.52,89.28,8.35
London,51.5074,-0.1278,2022-02-17,7.93,10.86,6.26,0.88,78.62,6.22
London,51.5074,-0.1278,2022-02-18,7.5,10.66,3.18,3.73,81.18,9.32
London,51.5074,-0.1278,2022-02-19,5.07,8.96,1.64,6.52,88.94,6.31
London,51.5074,-0.1278,2022-02-20,8.67,11.18,4.07,6.46,89.29,8.45
London,51.5074,-0.1278,2022-02-21,6.54,10.35,3.5,0.7,79.48,8.05
London,51.5074,-0.1278,2022-02-22,7.13,12.4,3.01,0.58,90.26,4.78
London,51.5074,-0.1278,2022-02-23,6.21,11.2,2.86,0.16,87.67,4.76
London,51.5074,-0.1278,2022-02-24,5.35,7.78,1.38,4.56,83.16,6.02
London,51.5074,-0.1278,2022-02-25,4.65,10.09,1.36,0.18,82.71,3.78
London,51.5074,-0.1278,2022-02-26,4.3,9.93,-0.25,0.01,83.84,3.28
London,51.5074,-0.1278,2022-02-27,4.13,9.11,0.42,0.0,77.78,4.43
London,51.5074,-0.1278,2022-02-28,8.05,11.93,3.83,5.73,87.93,4.11
London,51.5074,-0.1278,2022-03-01,7.47,8.65,6.52,6.4,95.35,3.16
London,51.5074,-0.1278,2022-03-02,6.06,7.69,4.19,7.23,91.19,3.28
London,51.5074,-0.1278,2022-03-03,7.37,13.15,3.92,0.16,92.53,2.43
London,51.5074,-0.1278,2022-03-04,6.28,8.62,3.46,2.68,94.44,2.25
London,51.5074,-0.1278,2022-03-05,4.74,7.74,2.44,3.4,91.21,4.89
London,51.5074,-0.1278,2022-03-06,4.0,7.88,1.31,0.13,80.69,4.57
London,51.5074,-0.1278,2022-03-07,3.37,7.33,-0.02,0.05,79.31,3.81
London,51.5074,-0.1278,2022-03-08,4.87,10.66,-1.19,0.0,79.85,4.17
London,51.5074,-0.1278,2022-03-09,8.23,11.61,5.95,0.04,87.69,4.24
London,51.5074,-0.1278,2022-03-10,9.55,14.4,5.84,0.15,87.29,4.05
London,51.5074,-0.1278,2022-03-11,8.65,11.32,6.49,2.16,91.24,5.12
London,51.5074,-0.1278,2022-03-12,9.03,11.99,6.96,0.74,83.94,5.44
London,51.5074,-0.1278,2022-03-13,8.06,11.37,6.27,1.56,89.1,4.14
London,51.5074,-0.1278,2022-03-14,7.27,12.18,3.78,0.17,87.75,2.22
London,51.5074,-0.1278,2022-03-15,8.22,14.21,3.12,0.03,86.65,2.1
London,51.5074,-0.1278,2022-03-16,8.4,11.11,5.27,11.26,95.56,3.34
London,51.5074,-0.1278,2022-03-17,6.68,12.88,1.22,0.01,81.81,3.14
London,51.5074,-0.1278,2022-03-18,8.36,15.21,3.78,0.1,88.14,3.03
London,51.5074,-0.1278,2022-03-19,8.44,13.26,5.29,0.01,77.87,5.33
London,51.5074,-0.1278,2022-03-20,5.95,10.66,1.06,0.0,71.77,1.85
London,51.5074,-0.1278,2022-03-21,7.14,15.3,-0.77,0.0,83.37,2.29
London,51.5074,-0.1278,2022-03-22,10.53,17.63,6.3,0.03,81.72,2.41
London,51.5074,-0.1278,2022-03-23,10.33,17.86,4.52,0.01,72.99,1.52
London,51.5074,-0.1278,2022-03-24,9.75,17.12,4.26,0.0,65.96,0.82
London,51.5074,-0.1278,2022-03-25,8.39,16.33,2.34,0.01,79.1,2.25
London,51.5074,-0.1278,2022-03-26,8.78,16.3,2.61,0.0,78.17,3.15
London,51.5074,-0.1278,2022-03-27,8.36,14.66,4.25,0.13,88.39,2.93
London,51.5074,-0.1278,2022-03-28,8.59,15.0,4.07,0.41,86.22,1.68
London,51.5074,-0.1278,2022-03-29,8.24,11.93,6.28,1.47,90.73,3.05
London,51.5074,-0.1278,2022-03-30,6.9,10.88,1.62,1.46,86.96,3.04
London,51.5074,-0.1278,2022-03-31,2.54,5.92,-0.09,0.97,73.98,6.29
London,51.5074,-0.1278,2022-04-01,2.8,7.62,-1.19,0.32,71.37,5.49
London,51.5074,-0.1278,2022-04-02,2.63,7.66,-1.6,0.11,76.41,2.79
London,51.5074,-0.1278,2022-04-03,3.47,9.41,-2.96,0.01,75.13,2.24
London,51.5074,-0.1278,2022-04-04,8.09,13.31,2.17,4.97,91.5,4.95
London,51.5074,-0.1278,2022-04-05,10.52,14.72,6.68,1.13,81.91,4.73
London,51.5074,-0.1278,2022-04-06,9.68,12.59,6.88,3.79,87.52,6.66
London,51.5074,-0.1278,2022-04-07,8.28,11.81,2.47,5.43,75.77,7.47
London,51.5074,-0.1278,2022-04-08,5.22,9.87,2.21,0.22,78.24,1.78
London,51.5074,-0.1278,2022-04-09,5.3,10.36,-0.05,0.11,74.62,2.67
London,51.5074,-0.1278,2022-04-10,6.75,13.18,-0.03,0.0,74.17,2.08
London,51.5074,-0.1278,2022-04-11,10.02,15.03,4.98,0.0,73.45,4.27
London,51.5074,-0.1278,2022-04-12,11.55,17.88,7.68,0.76,88.2,3.33
London,51.5074,-0.1278,2022-04-13,11.94,17.54,6.9,0.24,83.8,2.76
London,51.5074,-0.1278,2022-04-14,12.75,18.16,6.44,0.12,79.49,1.04
London,51.5074,-0.1278,2022-04-15,13.62,20.15,7.96,0.03,77.34,1.4
London,51.5074,-0.1278,2022-04-16,11.5,17.82,6.86,0.04,81.15,2.52
London,51.5074,-0.1278,2022-04-17,11.02,17.33,5.27,0.01,74.56,2.5
London,51.5074,-0.1278,2022-04-18,10.32,15.19,5.68,0.01,76.97,1.49
London,51.5074,-0.1278,2022-04-19,10.02,15.97,4.9,0.09,78.41,2.82
London,51.5074,-0.1278,2022-04-20,10.53,16.64,6.1,0.01,74.07,3.85
London,51.5074,-0.1278,2022-04-21,10.97,16.99,6.15,0.02,74.43,4.33
London,51.5074,-0.1278,2022-04-22,10.74,15.11,6.52,0.09,79.2,5.0
London,51.5074,-0.1278,2022-04-23,11.98,15.88,8.83,0.1,78.79,5.49
London,51.5074,-0.1278,2022-04-24,11.09,17.04,5.78,0.01,74.02,4.53
London,51.5074,-0.1278,2022-04-25,9.08,13.23,5.25,0.25,79.4,3.46
London,51.5074,-0.1278,2022-04-26,9.08,14.86,3.88,0.02,74.39,2.96
London,51.5074,-0.1278,2022-04-27,8.28,13.25,3.73,0.06,76.99,3.0
London,51.5074,-0.1278,2022-04-28,9.23,14.44,3.75,0.0,78.6,2.55
London,51.5074,-0.1278,2022-04-29,8.57,13.47,3.42,0.02,75.79,2.87
London,51.5074,-0.1278,2022-04-30,10.02,16.51,1.84,0.09,74.06,1.38
London,51.5074,-0.1278,2022-05-01,10.42,13.19,8.12,0.69,82.77,1.4
London,51.5074,-0.1278,2022-05-02,11.71,15.31,7.54,0.13,77.99,0.81
London,51.5074,-0.1278,2022-05-03,11.7,15.93,6.69,0.51,82.34,1.8
London,51.5074,-0.1278,2022-05-04,11.54,15.38,8.16,4.1,89.34,2.29
London,51.5074,-0.1278,2022-05-05,13.17,18.75,6.55,0.08,77.46,1.95
London,51.5074,-0.1278,2022-05-06,14.33,20.6,7.97,0.24,78.01,2.57
London,51.5074,-0.1278,2022-05-07,13.01,17.31,8.22,1.97,86.85,2.51
London,51.5074,-0.1278,2022-05-08,11.54,17.56,5.81,0.04,76.5,2.82
London,51.5074,-0.1278,2022-05-09,13.31,20.66,4.15,0.01,78.04,3.09
London,51.5074,-0.1278,2022-05-10,14.64,19.1,11.04,0.31,79.07,3.97
London,51.5074,-0.1278,2022-05-11,13.07,16.98,8.25,3.61,84.19,4.59
London,51.5074,-0.1278,2022-05-12,12.34,17.94,6.06,0.14,75.62,3.26
London,51.5074,-0.1278,2022-05-13,13.55,19.09,8.31,0.01,76.74,4.01
London,51.5074,-0.1278,2022-05-14,14.02,20.9,7.02,0.03,77.14,1.51
London,51.5074,-0.1278,2022-05-15,14.23,17.49,11.04,4.84,86.74,3.42
London,51.5074,-0.1278,2022-05-16,16.17,20.82,12.0,0.69,83.96,3.84
London,51.5074,-0.1278,2022-05-17,17.17,23.13,10.39,0.2,78.0,2.61
London,51.5074,-0.1278,2022-05-18,15.39,20.33,8.82,6.69,78.43,2.35
London,51.5074,-0.1278,2022-05-19,15.63,20.79,11.0,0.11,78.02,2.27
London,51.5074,-0.1278,2022-05-20,12.98,16.94,10.34,7.85,83.71,3.0
London,51.5074,-0.1278,2022-05-21,13.78,19.42,8.64,0.51,77.3,2.46
London,51.5074,-0.1278,2022-05-22,15.47,21.39,9.4,0.01,70.71,1.54
London,51.5074,-0.1278,2022-05-23,13.81,18.47,9.83,5.55,80.91,1.99
London,51.5074,-0.1278,2022-05-24,12.23,16.58,8.51,2.57,79.2,2.96
London,51.5074,-0.1278,2022-05-25,12.97,17.47,6.74,1.15,81.54,4.55
London,51.5074,-0.1278,2022-05-26,15.36,20.41,9.19,0.27,80.15,4.53
London,51.5074,-0.1278,2022-05-27,14.44,19.05,9.09,0.04,70.29,3.25
London,51.5074,-0.1278,2022-05-28,12.24,17.3,6.84,0.14,71.95,2.88
London,51.5074,-0.1278,2022-05-29,10.47,14.62,5.29,0.75,76.04,2.88
London,51.5074,-0.1278,2022-05-30,10.91,15.29,5.69,1.86,76.69,1.9
London,51.5074,-0.1278,2022-05-31,11.61,15.38,7.53,3.13,79.69,2.4
London,51.5074,-0.1278,2022-06-01,12.05,16.93,6.6,1.07,76.9,2.01
London,51.5074,-0.1278,2022-06-02,13.55,19.03,6.84,0.04,74.39,2.29
London,51.5074,-0.1278,2022-06-03,14.9,20.03,8.43,0.68,74.93,3.37
London,51.5074,-0.1278,2022-06-04,14.74,19.03,10.9,0.66,74.78,5.64
London,51.5074,-0.1278,2022-06-05,13.46,16.53,10.93,31.11,89.86,2.69
London,51.5074,-0.1278,2022-06-06,13.74,17.25,10.44,1.4,85.97,2.22
London,51.5074,-0.1278,2022-06-07,15.8,20.68,10.15,1.58,81.15,1.55
London,51.5074,-0.1278,2022-06-08,16.15,20.42,11.55,4.47,77.24,3.99
London,51.5074,-0.1278,2022-06-09,15.27,19.66,9.44,0.43,78.01,3.56
London,51.5074,-0.1278,2022-06-10,17.19,21.85,12.13,0.22,76.38,3.99
London,51.5074,-0.1278,2022-06-11,16.19,21.48,9.81,0.04,73.08,3.58
London,51.5074,-0.1278,2022-06-12,15.68,21.02,9.26,0.02,70.24,3.1
London,51.5074,-0.1278,2022-06-13,15.68,20.69,9.15,0.0,67.32,1.72
London,51.5074,-0.1278,2022-06-14,16.28,22.0,9.76,0.0,68.39,1.96
London,51.5074,-0.1278,2022-06-15,17.89,23.96,9.28,0.03,68.61,1.01
London,51.5074,-0.1278,2022-06-16,19.56,25.6,12.52,0.0,66.18,1.32
London,51.5074,-0.1278,2022-06-17,21.28,28.14,13.69,0.0,67.87,3.08
London,51.5074,-0.1278,2022-06-18,17.42,21.61,11.17,2.42,81.9,3.49
London,51.5074,-0.1278,2022-06-19,14.41,19.47,10.13,2.96,73.58,3.7
London,51.5074,-0.1278,2022-06-20,15.18,20.77,9.49,0.01,72.71,3.08
London,51.5074,-0.1278,2022-06-21,15.78,21.86,8.53,0.01,72.14,1.56
London,51.5074,-0.1278,2022-06-22,17.47,24.2,9.86,0.01,67.69,2.18
London,51.5074,-0.1278,2022-06-23,18.25,24.71,10.03,0.75,78.05,2.18
London,51.5074,-0.1278,2022-06-24,17.62,22.13,13.43,0.58,76.85,4.2
London,51.5074,-0.1278,2022-06-25,15.75,19.49,11.78,0.84,73.78,4.18
London,51.5074,-0.1278,2022-06-26,15.65,20.35,10.43,0.05,69.8,4.0
London,51.5074,-0.1278,2022-06-27,15.31,19.74,10.31,1.64,71.48,3.25
London,51.5074,-0.1278,2022-06-28,15.7,20.59,8.98,0.26,70.56,3.37
London,51.5074,-0.1278,2022-06-29,16.4,21.58,12.34,1.66,76.8,3.33
London,51.5074,-0.1278,2022-06-30,14.73,18.55,11.17,1.1,78.55,2.21
London,51.5074,-0.1278,2022-07-01,15.74,21.14,9.7,0.4,71.62,3.4
London,51.5074,-0.1278,2022-07-02,16.29,20.96,10.56,0.35,74.47,3.95
London,51.5074,-0.1278,2022-07-03,16.29,22.29,10.02,0.09,72.09,2.03
London,51.5074,-0.1278,2022-07-04,16.8,23.31,9.64,0.0,68.35,2.34
London,51.5074,-0.1278,2022-07-05,16.65,22.7,9.18,0.0,68.28,2.47
London,51.5074,-0.1278,2022-07-06,18.32,24.38,10.4,0.04,71.49,2.86
London,51.5074,-0.1278,2022-07-07,18.83,23.48,14.37,0.03,68.98,3.05
London,51.5074,-0.1278,2022-07-08,20.24,27.04,12.15,0.01,68.81,2.24
London,51.5074,-0.1278,2022-07-09,19.3,25.13,13.06,0.0,67.99,2.86
London,51.5074,-0.1278,2022-07-10,20.72,27.81,13.05,0.02,66.06,0.92
London,51.5074,-0.1278,2022-07-11,21.86,28.98,14.92,0.0,59.11,1.49
London,51.5074,-0.1278,2022-07-12,22.85,29.83,16.29,0.08,64.81,2.28
London,51.5074,-0.1278,2022-07-13,22.02,27.52,16.89,0.01,63.08,2.09
London,51.5074,-0.1278,2022-07-14,19.17,24.63,14.04,0.0,63.96,2.62
London,51.5074,-0.1278,2022-07-15,18.87,25.6,11.62,0.0,62.31,2.17
London,51.5074,-0.1278,2022-07-16,19.38,26.26,12.14,0.01,65.37,2.37
London,51.5074,-0.1278,2022-07-17,20.83,27.42,13.53,0.0,60.09,2.32
London,51.5074,-0.1278,2022-07-18,24.38,33.85,16.77,0.04,57.63,2.13
London,51.5074,-0.1278,2022-07-19,25.93,34.53,17.88,0.05,55.84,3.83
London,51.5074,-0.1278,2022-07-20,21.84,27.25,17.12,0.41,67.98,3.5
London,51.5074,-0.1278,2022-07-21,19.66,24.54,15.11,0.85,73.21,2.56
London,51.5074,-0.1278,2022-07-22,17.56,20.58,14.44,0.53,74.64,2.86
London,51.5074,-0.1278,2022-07-23,20.13,26.64,13.22,0.03,67.64,2.99
London,51.5074,-0.1278,2022-07-24,21.15,26.1,16.09,0.29,66.67,5.07
London,51.5074,-0.1278,2022-07-25,20.2,25.24,14.59,0.35,66.22,4.54
London,51.5074,-0.1278,2022-07-26,17.27,21.16,13.26,0.62,72.18,1.91
London,51.5074,-0.1278,2022-07-27,17.32,21.28,13.09,0.22,69.57,2.26
London,51.5074,-0.1278,2022-07-28,17.5,21.58,13.37,0.0,67.55,2.69
London,51.5074,-0.1278,2022-07-29,19.82,26.67,12.27,0.0,63.78,1.8
London,51.5074,-0.1278,2022-07-30,20.88,27.12,14.4,0.06,68.15,2.82
London,51.5074,-0.1278,2022-07-31,22.13,27.07,17.42,1.11,71.38,3.67
London,51.5074,-0.1278,2022-08-01,21.12,26.83,15.99,0.36,69.17,1.74
London,51.5074,-0.1278,2022-08-02,22.43,28.2,17.37,0.02,70.57,4.4
London,51.5074,-0.1278,2022-08-03,22.56,28.84,16.35,0.09,70.1,3.85
London,51.5074,-0.1278,2022-08-04,19.71,25.17,14.5,0.0,59.61,3.06
London,51.5074,-0.1278,2022-08-05,17.32,23.2,11.77,0.01,54.4,3.73
London,51.5074,-0.1278,2022-08-06,17.34,24.37,9.52,0.0,57.06,2.15
London,51.5074,-0.1278,2022-08-07,19.98,27.18,12.24,0.0,56.93,1.36
London,51.5074,-0.1278,2022-08-08,21.13,28.2,13.91,0.01,62.75,2.06
London,51.5074,-0.1278,2022-08-09,20.66,27.84,13.51,0.02,66.22,2.63
London,51.5074,-0.1278,2022-08-10,21.82,29.41,14.15,0.02,65.41,2.75
London,51.5074,-0.1278,2022-08-11,23.09,31.5,15.3,0.08,63.93,2.81
London,51.5074,-0.1278,2022-08-12,23.67,32.03,15.93,0.05,63.48,3.06
London,51.5074,-0.1278,2022-08-13,24.15,32.53,16.68,0.06,61.13,2.9
London,51.5074,-0.1278,2022-08-14,24.15,32.4,16.61,0.0,55.62,2.17
London,51.5074,-0.1278,2022-08-15,23.12,30.09,16.98,0.36,59.83,2.19
London,51.5074,-0.1278,2022-08-16,19.77,22.16,17.57,5.14,80.05,1.35
London,51.5074,-0.1278,2022-08-17,18.75,21.64,15.06,6.72,86.64,2.86
London,51.5074,-0.1278,2022-08-18,20.75,26.71,15.47,2.46,73.08,2.38
London,51.5074,-0.1278,2022-08-19,20.01,25.59,14.41,0.21,64.86,3.28
London,51.5074,-0.1278,2022-08-20,18.67,25.0,11.83,0.03,67.9,3.19
London,51.5074,-0.1278,2022-08-21,18.72,24.81,13.33,0.0,68.39,2.07
London,51.5074,-0.1278,2022-08-22,19.17,25.19,12.5,0.24,73.96,2.51
London,51.5074,-0.1278,2022-08-23,21.43,26.99,16.68,0.54,77.76,2.99
London,51.5074,-0.1278,2022-08-24,22.25,28.64,16.85,0.41,73.95,2.53
London,51.5074,-0.1278,2022-08-25,18.12,21.45,13.31,13.8,86.28,1.8
London,51.5074,-0.1278,2022-08-26,18.32,24.72,11.07,1.65,72.08,0.76
London,51.5074,-0.1278,2022-08-27,18.9,24.33,14.23,0.03,70.02,2.21
London,51.5074,-0.1278,2022-08-28,17.88,22.81,12.92,0.01,73.72,2.84
London,51.5074,-0.1278,2022-08-29,17.6,22.74,13.09,0.02,71.3,3.61
London,51.5074,-0.1278,2022-08-30,17.65,22.44,13.6,0.16,75.4,4.12
London,51.5074,-0.1278,2022-08-31,17.8,23.54,13.08,0.03,70.84,4.63
London,51.5074,-0.1278,2022-09-01,19.0,24.68,14.58,0.91,73.33,4.37
London,51.5074,-0.1278,2022-09-02,19.18,23.78,15.24,1.26,77.82,2.17
London,51.5074,-0.1278,2022-09-03,19.03,24.87,14.22,0.27,77.94,2.21
London,51.5074,-0.1278,2022-09-04,19.63,24.57,15.4,0.24,76.86,3.34
London,51.5074,-0.1278,2022-09-05,19.32,22.28,16.36,2.94,83.41,2.91
London,51.5074,-0.1278,2022-09-06,17.75,21.68,15.12,4.01,87.15,3.52
London,51.5074,-0.1278,2022-09-07,18.15,22.76,15.05,4.04,79.17,3.53
London,51.5074,-0.1278,2022-09-08,16.8,20.12,14.15,9.26,84.61,3.41
London,51.5074,-0.1278,2022-09-09,16.57,20.74,13.32,4.53,82.37,2.96
London,51.5074,-0.1278,2022-09-10,16.71,22.03,11.63,1.11,82.36,2.2
London,51.5074,-0.1278,2022-09-11,17.58,23.94,11.79,0.15,78.84,2.11
London,51.5074,-0.1278,2022-09-12,20.1,25.18,15.06,0.28,76.57,2.08
London,51.5074,-0.1278,2022-09-13,16.95,20.96,14.4,1.94,80.87,2.71
London,51.5074,-0.1278,2022-09-14,16.46,22.49,12.43,5.76,78.26,2.73
London,51.5074,-0.1278,2022-09-15,14.31,19.71,9.48,0.18,74.83,2.1
London,51.5074,-0.1278,2022-09-16,11.64,16.93,7.43,0.18,71.68,3.4
London,51.5074,-0.1278,2022-09-17,10.86,17.51,5.09,0.0,63.24,3.3
London,51.5074,-0.1278,2022-09-18,11.97,18.15,6.41,0.02,75.68,3.35
London,51.5074,-0.1278,2022-09-19,12.86,18.57,6.9,0.06,76.87,1.32
London,51.5074,-0.1278,2022-09-20,13.8,19.39,7.34,0.01,73.95,1.36
London,51.5074,-0.1278,2022-09-21,15.03,20.81,10.95,0.0,73.95,1.12
London,51.5074,-0.1278,2022-09-22,14.96,20.72,8.92,0.1,76.49,2.36
London,51.5074,-0.1278,2022-09-23,14.21,18.67,11.09,4.28,87.66,1.89
London,51.5074,-0.1278,2022-09-24,12.79,18.29,9.23,0.48,79.97,3.87
London,51.5074,-0.1278,2022-09-25,11.85,16.56,7.61,0.17,72.8,3.03
London,51.5074,-0.1278,2022-09-26,12.39,16.15,8.83,2.65,75.19,4.82
London,51.5074,-0.1278,2022-09-27,10.19,14.49,6.68,0.99,79.91,4.16
London,51.5074,-0.1278,2022-09-28,9.82,15.52,6.49,0.51,78.22,2.72
London,51.5074,-0.1278,2022-09-29,9.99,15.35,5.32,0.61,83.31,1.13
London,51.5074,-0.1278,2022-09-30,11.92,16.46,6.36,10.52,87.33,4.57
London,51.5074,-0.1278,2022-10-01,14.53,19.51,11.07,0.17,77.7,4.36
London,51.5074,-0.1278,2022-10-02,13.29,18.83,9.01,1.1,80.22,2.18
London,51.5074,-0.1278,2022-10-03,13.02,19.1,7.55,0.18,81.87,1.97
London,51.5074,-0.1278,2022-10-04,16.09,20.34,13.71,0.24,83.28,4.46
London,51.5074,-0.1278,2022-10-05,15.47,19.56,9.99,1.18,79.54,6.5
London,51.5074,-0.1278,2022-10-06,12.52,18.93,6.75,0.59,80.46,3.88
London,51.5074,-0.1278,2022-10-07,13.94,18.84,9.63,1.24,83.28,4.42
London,51.5074,-0.1278,2022-10-08,11.13,17.22,6.99,0.11,75.68,2.39
London,51.5074,-0.1278,2022-10-09,11.48,17.88,6.5,0.0,77.75,2.94
London,51.5074,-0.1278,2022-10-10,11.35,16.66,6.06,1.96,78.19,2.67
London,51.5074,-0.1278,2022-10-11,9.69,16.25,3.53,0.01,74.31,0.98
London,51.5074,-0.1278,2022-10-12,12.5,18.21,7.27,0.32,78.98,2.64
London,51.5074,-0.1278,2022-10-13,13.06,17.82,10.58,4.74,86.27,1.28
London,51.5074,-0.1278,2022-10-14,11.29,15.25,7.49,0.64,93.37,1.56
London,51.5074,-0.1278,2022-10-15,12.47,16.9,7.28,1.34,83.87,4.24
London,51.5074,-0.1278,2022-10-16,13.39,17.2,8.89,6.88,84.17,3.77
London,51.5074,-0.1278,2022-10-17,14.31,17.59,8.98,0.88,88.49,3.05
London,51.5074,-0.1278,2022-10-18,11.66,18.42,5.67,0.04,81.67,2.19
London,51.5074,-0.1278,2022-10-19,13.45,15.98,10.88,3.48,87.79,5.22
London,51.5074,-0.1278,2022-10-20,13.78,18.13,9.67,4.53,92.57,2.05
London,51.5074,-0.1278,2022-10-21,15.38,18.52,10.88,4.83,87.64,4.85
London,51.5074,-0.1278,2022-10-22,14.55,18.55,11.38,0.74,88.73,3.35
London,51.5074,-0.1278,2022-10-23,15.81,19.48,13.87,17.41,88.91,4.36
London,51.5074,-0.1278,2022-10-24,13.91,17.54,11.26,3.56,88.04,4.68
London,51.5074,-0.1278,2022-10-25,13.43,17.51,9.74,1.05,90.66,3.25
London,51.5074,-0.1278,2022-10-26,15.36,19.31,13.29,0.52,90.56,4.38
London,51.5074,-0.1278,2022-10-27,16.03,19.9,13.24,0.56,92.78,3.52
London,51.5074,-0.1278,2022-10-28,14.49,18.67,9.52,0.12,88.51,3.09
London,51.5074,-0.1278,2022-10-29,15.47,20.86,9.46,1.76,92.35,3.12
London,51.5074,-0.1278,2022-10-30,13.34,15.74,11.63,2.14,93.34,3.68
London,51.5074,-0.1278,2022-10-31,13.98,17.23,11.05,4.57,90.04,3.73
London,51.5074,-0.1278,2022-11-01,12.8,15.43,9.74,5.49,83.27,7.44
London,51.5074,-0.1278,2022-11-02,11.7,15.04,6.86,1.84,82.73,6.2
London,51.5074,-0.1278,2022-11-03,10.52,13.76,6.82,24.43,92.82,2.81
London,51.5074,-0.1278,2022-11-04,7.71,12.42,3.59,3.46,89.31,3.33
London,51.5074,-0.1278,2022-11-05,9.06,12.66,2.61,4.16,96.23,3.55
London,51.5074,-0.1278,2022-11-06,12.29,13.93,10.29,17.71,94.14,4.67
London,51.5074,-0.1278,2022-11-07,12.81,15.15,10.56,3.3,91.62,5.62
London,51.5074,-0.1278,2022-11-08,12.78,14.31,11.55,3.58,86.64,6.61
London,51.5074,-0.1278,2022-11-09,10.7,13.51,8.54,3.51,91.3,4.13
London,51.5074,-0.1278,2022-11-10,12.28,15.45,8.85,0.1,89.45,5.14
London,51.5074,-0.1278,2022-11-11,12.34,16.03,7.78,0.09,90.43,4.22
London,51.5074,-0.1278,2022-11-12,10.8,16.08,7.38,0.21,95.11,2.27
London,51.5074,-0.1278,2022-11-13,10.55,15.14,8.26,0.24,96.78,1.94
London,51.5074,-0.1278,2022-11-14,10.58,15.67,7.35,0.52,95.84,1.73
London,51.5074,-0.1278,2022-11-15,9.57,12.64,7.14,8.11,93.11,4.43
London,51.5074,-0.1278,2022-11-16,9.99,12.23,8.29,19.86,92.95,3.92
London,51.5074,-0.1278,2022-11-17,8.6,10.82,6.64,6.9,91.81,6.27
London,51.5074,-0.1278,2022-11-18,7.42,11.59,4.44,0.9,92.85,3.76
London,51.5074,-0.1278,2022-11-19,6.19,9.33,4.28,0.78,96.05,2.11
London,51.5074,-0.1278,2022-11-20,6.67,10.1,3.99,3.32,94.55,3.12
London,51.5074,-0.1278,2022-11-21,6.3,8.46,4.33,8.28,95.29,4.63
London,51.5074,-0.1278,2022-11-22,5.29,7.72,3.57,2.47,96.58,3.19
London,51.5074,-0.1278,2022-11-23,8.25,11.31,4.36,6.61,91.27,4.7
London,51.5074,-0.1278,2022-11-24,8.73,11.88,5.41,5.44,93.35,4.53
London,51.5074,-0.1278,2022-11-25,7.76,11.55,5.42,0.15,93.26,3.28
London,51.5074,-0.1278,2022-11-26,8.93,11.2,6.43,2.99,92.67,4.02
London,51.5074,-0.1278,2022-11-27,9.8,12.06,7.23,8.99,96.88,2.54
London,51.5074,-0.1278,2022-11-28,6.86,10.47,5.24,1.24,96.84,1.44
London,51.5074,-0.1278,2022-11-29,5.6,6.69,4.79,0.43,95.7,1.42
London,51.5074,-0.1278,2022-11-30,6.18,9.56,3.86,0.14,95.94,1.29
London,51.5074,-0.1278,2022-12-01,4.53,8.34,2.37,0.13,96.16,2.03
London,51.5074,-0.1278,2022-12-02,4.46,7.18,3.37,0.47,95.22,3.25
London,51.5074,-0.1278,2022-12-03,4.36,7.4,2.99,0.36,89.54,3.65
London,51.5074,-0.1278,2022-12-04,3.87,5.98,3.03,0.34,91.27,3.13
London,51.5074,-0.1278,2022-12-05,4.94,7.69,3.44,0.74,96.39,3.09
London,51.5074,-0.1278,2022-12-06,3.48,5.6,1.79,0.14,95.63,3.24
London,51.5074,-0.1278,2022-12-07,1.45,3.83,-1.05,0.16,94.81,2.63
London,51.5074,-0.1278,2022-12-08,-1.72,2.82,-4.28,0.06,95.11,2.15
London,51.5074,-0.1278,2022-12-09,-1.69,2.26,-3.38,0.2,96.81,2.07
London,51.5074,-0.1278,2022-12-10,-0.73,2.98,-1.94,0.19,96.98,1.77
London,51.5074,-0.1278,2022-12-11,-0.78,0.66,-1.98,2.43,97.71,1.25
London,51.5074,-0.1278,2022-12-12,-0.57,1.92,-2.41,0.77,97.6,1.43
London,51.5074,-0.1278,2022-12-13,-1.08,0.69,-2.29,0.0,91.87,1.67
London,51.5074,-0.1278,2022-12-14,-0.93,0.97,-2.49,0.07,94.94,3.07
London,51.5074,-0.1278,2022-12-15,-2.25,0.78,-4.67,0.05,94.79,2.59
London,51.5074,-0.1278,2022-12-16,-1.61,2.01,-3.56,0.05,95.53,1.82
London,51.5074,-0.1278,2022-12-17,0.2,4.54,-3.2,0.16,94.22,2.43
London,51.5074,-0.1278,2022-12-18,1.7,7.6,-1.89,10.91,95.37,4.35
London,51.5074,-0.1278,2022-12-19,10.26,11.42,8.0,3.41,96.26,6.87
London,51.5074,-0.1278,2022-12-20,8.29,11.49,4.43,1.17,95.75,3.98
London,51.5074,-0.1278,2022-12-21,6.49,10.1,4.71,1.28,98.54,2.62
London,51.5074,-0.1278,2022-12-22,7.08,10.38,3.69,1.88,97.96,2.6
London,51.5074,-0.1278,2022-12-23,8.52,11.41,6.55,12.22,96.71,3.57
London,51.5074,-0.1278,2022-12-24,8.41,10.06,6.66,2.05,96.68,3.34
London,51.5074,-0.1278,2022-12-25,9.23,10.56,7.69,2.23,95.86,3.95
London,51.5074,-0.1278,2022-12-26,5.64,8.68,2.96,0.2,90.82,4.39
London,51.5074,-0.1278,2022-12-27,6.57,9.64,3.11,2.26,94.16,5.03
London,51.5074,-0.1278,2022-12-28,9.95,11.4,8.28,6.83,94.15,7.06
London,51.5074,-0.1278,2022-12-29,7.16,8.57,4.58,0.87,91.33,6.0
London,51.5074,-0.1278,2022-12-30,9.07,12.4,5.16,4.37,95.38,5.96
London,51.5074,-0.1278,2022-12-31,11.71,12.62,9.92,12.0,93.25,7.26
Birmingham,52.4862,-1.8904,2016-01-01,3.69,6.15,0.85,4.32,96.11,4.35
Birmingham,52.4862,-1.8904,2016-01-02,7.26,8.95,5.75,4.01,97.33,3.7
Birmingham,52.4862,-1.8904,2016-01-03,5.75,7.22,3.66,10.43,97.11,3.65
Birmingham,52.4862,-1.8904,2016-01-04,6.07,6.97,5.56,1.66,97.43,2.82
Birmingham,52.4862,-1.8904,2016-01-05,6.14,7.64,4.78,2.26,96.66,1.68
Birmingham,52.4862,-1.8904,2016-01-06,4.27,5.73,3.62,1.02,97.49,1.81
Birmingham,52.4862,-1.8904,2016-01-07,4.39,6.46,0.55,11.32,91.52,5.14
Birmingham,52.4862,-1.8904,2016-01-08,3.5,6.91,0.49,0.37,97.24,3.46
Birmingham,52.4862,-1.8904,2016-01-09,6.27,8.65,4.01,6.62,95.71,4.77
Birmingham,52.4862,-1.8904,2016-01-10,3.99,5.41,2.95,1.36,95.03,4.74
Birmingham,52.4862,-1.8904,2016-01-11,3.26,3.95,2.56,5.07,96.25,2.57
Birmingham,52.4862,-1.8904,2016-01-12,4.0,5.78,2.58,2.66,93.14,5.42
Birmingham,52.4862,-1.8904,2016-01-13,2.53,4.05,0.48,4.48,95.23,3.68
Birmingham,52.4862,-1.8904,2016-01-14,1.56,3.55,0.06,0.95,89.84,5.01
Birmingham,52.4862,-1.8904,2016-01-15,1.23,3.76,-0.01,0.61,94.6,3.61
Birmingham,52.4862,-1.8904,2016-01-16,-0.09,3.5,-2.65,2.54,93.84,1.67
Birmingham,52.4862,-1.8904,2016-01-17,0.81,1.84,-0.73,2.18,95.31,3.4
Birmingham,52.4862,-1.8904,2016-01-18,1.68,4.33,-2.85,0.37,95.73,2.85
Birmingham,52.4862,-1.8904,2016-01-19,-0.47,3.88,-3.08,0.02,86.61,0.53
Birmingham,52.4862,-1.8904,2016-01-20,-0.44,3.8,-2.27,0.03,92.21,1.07
Birmingham,52.4862,-1.8904,2016-01-21,1.2,4.45,-2.23,0.56,96.71,3.91
Birmingham,52.4862,-1.8904,2016-01-22,5.89,10.51,3.14,6.31,95.57,5.05
Birmingham,52.4862,-1.8904,2016-01-23,6.41,8.06,4.69,1.57,97.18,4.18
Birmingham,52.4862,-1.8904,2016-01-24,10.65,12.79,8.82,0.66,96.63,4.05
Birmingham,52.4862,-1.8904,2016-01-25,8.27,12.48,4.6,0.29,93.59,5.17
Birmingham,52.4862,-1.8904,2016-01-26,8.09,10.58,5.12,2.79,92.95,7.18
Birmingham,52.4862,-1.8904,2016-01-27,8.97,12.49,2.45,2.62,89.93,6.57
Birmingham,52.4862,-1.8904,2016-01-28,4.08,8.64,-0.06,0.46,92.23,5.06
Birmingham,52.4862,-1.8904,2016-01-29,9.76,11.68,7.3,7.64,90.01,7.41
Birmingham,52.4862,-1.8904,2016-01-30,3.85,6.55,2.11,0.82,86.74,4.81
Birmingham,52.4862,-1.8904,2016-01-31,6.74,11.37,1.16,2.17,94.44,4.58
Birmingham,52.4862,-1.8904,2016-02-01,9.18,12.12,6.12,0.31,83.8,7.46
Birmingham,52.4862,-1.8904,2016-02-02,4.87,7.0,1.63,0.38,82.52,5.95
Birmingham,52.4862,-1.8904,2016-02-03,3.2,7.24,0.65,0.49,90.99,4.02
Birmingham,52.4862,-1.8904,2016-02-04,8.51,11.36,3.12,1.54,92.92,4.63
Birmingham,52.4862,-1.8904,2016-02-05,8.35,9.81,7.33,2.38,92.46,5.86
Birmingham,52.4862,-1.8904,2016-02-06,7.92,10.01,5.17,16.1,92.94,6.16
Birmingham,52.4862,-1.8904,2016-02-07,5.34,8.56,3.23,6.18,90.41,6.29
Birmingham,52.4862,-1.8904,2016-02-08,6.03,7.43,3.49,4.89,86.28,8.66
Birmingham,52.4862,-1.8904,2016-02-09,2.8,5.52,0.83,0.29,87.5,4.43
Birmingham,52.4862,-1.8904,2016-02-10,3.25,7.67,-0.87,0.09,90.31,3.15
Birmingham,52.4862,-1.8904,2016-02-11,1.52,7.19,-1.23,0.07,90.87,1.81
Birmingham,52.4862,-1.8904,2016-02-12,2.12,5.94,0.13,0.34,94.69,2.66
Birmingham,52.4862,-1.8904,2016-02-13,2.06,4.63,0.6,0.48,91.85,3.89
Birmingham,52.4862,-1.8904,2016-02-14,1.48,5.08,-1.46,0.08,85.93,3.93
Birmingham,52.4862,-1.8904,2016-02-15,0.09,4.83,-2.3,0.04,89.44,3.23
Birmingham,52.4862,-1.8904,2016-02-16,0.92,5.72,-3.52,0.07,87.65,3.87
Birmingham,52.4862,-1.8904,2016-02-17,2.73,3.93,1.44,13.24,94.62,3.86
Birmingham,52.4862,-1.8904,2016-02-18,1.96,6.88,-1.35,0.07,88.95,2.15
Birmingham,52.4862,-1.8904,2016-02-19,3.73,7.89,-0.76,1.56,94.35,4.53
Birmingham,52.4862,-1.8904,2016-02-20,7.95,10.31,5.68,1.49,91.37,5.55
Birmingham,52.4862,-1.8904,2016-02-21,10.36,12.37,8.53,1.26,91.63,6.71
Birmingham,52.4862,-1.8904,2016-02-22,4.52,8.13,1.15,0.61,83.43,3.13
Birmingham,52.4862,-1.8904,2016-02-23,2.54,7.31,-2.18,0.18,87.96,2.08
Birmingham,52.4862,-1.8904,2016-02-24,0.51,6.05,-2.81,0.03,85.81,1.24
Birmingham,52.4862,-1.8904,2016-02-25,1.3,5.23,-1.77,0.14,80.61,1.56
Birmingham,52.4862,-1.8904,2016-02-26,1.62,6.31,-1.39,0.1,84.51,2.55
Birmingham,52.4862,-1.8904,2016-02-27,1.34,6.25,-2.35,0.01,84.14,3.2
Birmingham,52.4862,-1.8904,2016-02-28,1.6,7.06,-2.86,0.01,85.67,2.83
Birmingham,52.4862,-1.8904,2016-02-29,1.8,6.25,-2.59,2.39,87.99,2.32
Birmingham,52.4862,-1.8904,2016-03-01,7.55,12.84,1.93,6.55,90.0,5.58
Birmingham,52.4862,-1.8904,2016-03-02,3.73,5.66,1.57,3.78,86.91,6.36
Birmingham,52.4862,-1.8904,2016-03-03,4.38,8.12,1.12,8.56,86.98,3.84
Birmingham,52.4862,-1.8904,2016-03-04,1.79,5.09,-1.29,1.55,87.36,2.95
Birmingham,52.4862,-1.8904,2016-03-05,2.8,6.38,0.76,1.54,89.53,3.8
Birmingham,52.4862,-1.8904,2016-03-06,1.48,5.12,-1.96,0.55,89.36,2.68
Birmingham,52.4862,-1.8904,2016-03-07,0.39,6.09,-3.21,0.02,82.45,2.49
Birmingham,52.4862,-1.8904,2016-03-08,2.94,6.93,-3.2,1.39,91.65,2.73
Birmingham,52.4862,-1.8904,2016-03-09,3.11,4.81,1.16,22.78,94.94,5.32
Birmingham,52.4862,-1.8904,2016-03-10,3.88,8.11,1.35,0.27,91.24,2.21
Birmingham,52.4862,-1.8904,2016-03-11,4.46,10.12,0.72,0.04,85.22,1.06
Birmingham,52.4862,-1.8904,2016-03-12,5.8,11.17,-0.58,0.02,84.35,1.24
Birmingham,52.4862,-1.8904,2016-03-13,5.13,10.82,0.68,0.01,84.49,2.09
Birmingham,52.4862,-1.8904,2016-03-14,4.42,10.73,0.98,0.13,82.31,3.81
Birmingham,52.4862,-1.8904,2016-03-15,5.24,8.39,0.63,0.16,91.83,3.24
Birmingham,52.4862,-1.8904,2016-03-16,4.84,10.08,-0.27,0.1,83.39,4.05
Birmingham,52.4862,-1.8904,2016-03-17,3.78,10.25,-0.17,0.08,83.93,2.23
Birmingham,52.4862,-1.8904,2016-03-18,3.74,8.94,-1.76,0.22,89.83,2.37
Birmingham,52.4862,-1.8904,2016-03-19,4.85,9.54,2.12,0.09,83.71,2.86
Birmingham,52.4862,-1.8904,2016-03-20,5.59,10.81,1.3,0.09,84.17,1.86
Birmingham,52.4862,-1.8904,2016-03-21,4.45,9.49,0.9,0.11,88.63,2.31
Birmingham,52.4862,-1.8904,2016-03-22,5.67,11.25,0.61,0.12,86.58,1.42
Birmingham,52.4862,-1.8904,2016-03-23,6.24,10.22,2.88,0.2,85.71,1.37
Birmingham,52.4862,-1.8904,2016-03-24,6.38,8.85,3.61,4.42,92.83,3.72
Birmingham,52.4862,-1.8904,2016-03-25,7.91,13.12,3.52,0.09,80.58,3.17
Birmingham,52.4862,-1.8904,2016-03-26,7.61,11.91,4.61,5.47,93.35,6.42
Birmingham,52.4862,-1.8904,2016-03-27,6.14,9.39,3.43,4.51,87.16,5.46
Birmingham,52.4862,-1.8904,2016-03-28,5.59,8.88,2.08,17.51,85.89,4.79
Birmingham,52.4862,-1.8904,2016-03-29,5.31,9.39,2.6,6.25,86.54,4.19
Birmingham,52.4862,-1.8904,2016-03-30,4.94,10.22,1.11,0.23,84.7,2.64
Birmingham,52.4862,-1.8904,2016-03-31,5.14,10.73,-1.17,0.05,78.74,1.6
Birmingham,52.4862,-1.8904,2016-04-01,5.69,10.23,0.34,0.48,83.26,4.25
Birmingham,52.4862,-1.8904,2016-04-02,8.35,13.44,5.1,4.9,82.85,3.61
Birmingham,52.4862,-1.8904,2016-04-03,8.6,12.61,4.92,2.56,88.25,2.37
Birmingham,52.4862,-1.8904,2016-04-04,8.35,12.28,4.92,2.3,87.53,1.66
Birmingham,52.4862,-1.8904,2016-04-05,6.99,12.39,3.26,0.09,83.7,2.83
Birmingham,52.4862,-1.8904,2016-04-06,6.57,9.42,3.99,2.32,81.53,5.69
Birmingham,52.4862,-1.8904,2016-04-07,6.07,10.41,3.43,2.89,88.57,4.22
Birmingham,52.4862,-1.8904,2016-04-08,7.48,11.82,4.23,1.34,85.34,2.17
Birmingham,52.4862,-1.8904,2016-04-09,5.52,9.0,0.37,3.28,81.32,2.21
Birmingham,52.4862,-1.8904,2016-04-10,5.16,11.69,-1.58,4.89,78.19,3.9
Birmingham,52.4862,-1.8904,2016-04-11,9.23,13.98,4.59,11.15,90.22,2.97
Birmingham,52.4862,-1.8904,2016-04-12,8.32,11.93,4.83,0.76,83.81,1.88
Birmingham,52.4862,-1.8904,2016-04-13,9.6,13.9,4.39,0.44,75.9,1.07
Birmingham,52.4862,-1.8904,2016-04-14,9.18,13.19,5.31,2.23,84.37,1.78
Birmingham,52.4862,-1.8904,2016-04-15,7.01,9.49,4.04,6.26,92.14,2.32
Birmingham,52.4862,-1.8904,2016-04-16,4.05,7.64,0.52,3.06,81.1,3.27
Birmingham,52.4862,-1.8904,2016-04-17,5.03,10.81,-1.43,0.12,76.5,1.87
Birmingham,52.4862,-1.8904,2016-04-18,7.17,11.93,1.82,0.15,82.18,3.4
Birmingham,52.4862,-1.8904,2016-04-19,8.18,13.91,3.39,0.03,76.63,1.71
Birmingham,52.4862,-1.8904,2016-04-20,7.61,14.5,1.76,0.01,74.26,2.66
Birmingham,52.4862,-1.8904,2016-04-21,7.89,13.81,1.4,0.02,81.4,2.99
Birmingham,52.4862,-1.8904,2016-04-22,7.02,10.39,2.24,1.04,84.54,2.89
Birmingham,52.4862,-1.8904,2016-04-23,5.17,10.27,-0.66,0.11,76.62,2.84
Birmingham,52.4862,-1.8904,2016-04-24,6.35,10.32,2.53,1.49,81.36,3.06
Birmingham,52.4862,-1.8904,2016-04-25,6.8,11.04,1.61,1.27,81.28,4.04
Birmingham,52.4862,-1.8904,2016-04-26,3.84,7.51,0.3,1.06,78.8,4.24
Birmingham,52.4862,-1.8904,2016-04-27,3.81,7.74,0.04,1.42,81.89,2.31
Birmingham,52.4862,-1.8904,2016-04-28,3.89,7.35,-1.92,6.49,86.83,3.46
Birmingham,52.4862,-1.8904,2016-04-29,4.06,7.87,0.34,0.31,80.25,4.22
Birmingham,52.4862,-1.8904,2016-04-30,5.03,9.03,-0.48,1.38,81.36,2.44
Birmingham,52.4862,-1.8904,2016-05-01,7.96,13.01,1.6,0.55,87.34,3.83
Birmingham,52.4862,-1.8904,2016-05-02,10.09,14.14,4.28,3.17,85.38,4.54
Birmingham,52.4862,-1.8904,2016-05-03,8.15,13.15,2.04,0.08,76.98,2.87
Birmingham,52.4862,-1.8904,2016-05-04,9.58,16.0,1.76,0.0,76.4,2.83
Birmingham,52.4862,-1.8904,2016-05-05,11.16,18.5,2.31,0.0,76.5,2.24
Birmingham,52.4862,-1.8904,2016-05-06,12.03,18.54,5.48,0.01,79.0,1.73
Birmingham,52.4862,-1.8904,2016-05-07,13.94,20.73,8.4,2.13,84.83,2.27
Birmingham,52.4862,-1.8904,2016-05-08,16.15,22.86,9.88,0.64,79.75,3.18
Birmingham,52.4862,-1.8904,2016-05-09,15.4,21.54,9.03,1.01,78.52,3.5
Birmingham,52.4862,-1.8904,2016-05-10,13.47,16.21,10.9,10.75,92.14,3.5
Birmingham,52.4862,-1.8904,2016-05-11,13.66,17.82,10.49,6.47,91.46,3.49
Birmingham,52.4862,-1.8904,2016-05-12,14.34,20.63,8.78,0.06,79.67,4.18
Birmingham,52.4862,-1.8904,2016-05-13,11.17,17.0,6.11,0.1,80.74,3.98
Birmingham,52.4862,-1.8904,2016-05-14,8.45,13.8,2.8,0.01,70.96,2.21
Birmingham,52.4862,-1.8904,2016-05-15,9.3,15.66,2.14,0.0,76.41,1.99
Birmingham,52.4862,-1.8904,2016-05-16,9.41,15.46,2.9,0.01,78.92,2.31
Birmingham,52.4862,-1.8904,2016-05-17,11.27,17.5,3.67,0.88,82.74,2.86
Birmingham,52.4862,-1.8904,2016-05-18,11.01,14.51,7.24,6.21,85.8,3.09
Birmingham,52.4862,-1.8904,2016-05-19,11.77,16.05,6.85,1.36,84.17,3.44
Birmingham,52.4862,-1.8904,2016-05-20,12.84,15.28,10.47,3.09,83.45,3.87
Birmingham,52.4862,-1.8904,2016-05-21,12.77,14.82,9.8,4.25,90.24,4.62
Birmingham,52.4862,-1.8904,2016-05-22,11.5,15.72,6.82,0.53,79.75,2.0
Birmingham,52.4862,-1.8904,2016-05-23,11.34,15.99,5.83,0.34,79.96,2.75
Birmingham,52.4862,-1.8904,2016-05-24,10.96,16.64,5.16,0.02,74.05,2.68
Birmingham,52.4862,-1.8904,2016-05-25,8.8,11.17,5.02,0.85,84.93,2.38
Birmingham,52.4862,-1.8904,2016-05-26,11.71,17.16,6.25,0.1,78.56,0.89
Birmingham,52.4862,-1.8904,2016-05-27,13.1,18.55,6.3,0.15,79.06,2.02
Birmingham,52.4862,-1.8904,2016-05-28,13.03,18.2,7.8,0.83,81.02,2.04
Birmingham,52.4862,-1.8904,2016-05-29,12.67,18.66,5.9,0.01,79.61,2.62
Birmingham,52.4862,-1.8904,2016-05-30,13.21,18.41,7.49,0.09,80.73,3.85
Birmingham,52.4862,-1.8904,2016-05-31,12.65,17.04,8.02,5.01,81.67,5.35
Birmingham,52.4862,-1.8904,2016-06-01,12.32,16.48,9.14,2.51,88.57,4.93
Birmingham,52.4862,-1.8904,2016-06-02,11.41,15.9,7.46,0.13,80.3,4.06
Birmingham,52.4862,-1.8904,2016-06-03,12.68,18.71,6.29,0.5,81.82,2.27
Birmingham,52.4862,-1.8904,2016-06-04,16.21,21.66,10.82,0.83,85.55,1.65
Birmingham,52.4862,-1.8904,2016-06-05,15.75,22.17,8.89,0.04,81.42,2.24
Birmingham,52.4862,-1.8904,2016-06-06,16.57,23.22,8.88,0.01,73.14,1.99
Birmingham,52.4862,-1.8904,2016-06-07,16.68,20.8,11.22,0.56,80.46,1.25
Birmingham,52.4862,-1.8904,2016-06-08,17.77,23.32,11.93,1.36,81.97,1.81
Birmingham,52.4862,-1.8904,2016-06-09,16.53,22.25,10.1,0.73,79.39,1.4
Birmingham,52.4862,-1.8904,2016-06-10,17.38,20.34,14.65,4.29,86.68,0.71
Birmingham,52.4862,-1.8904,2016-06-11,16.12,18.71,12.96,5.98,86.45,0.89
Birmingham,52.4862,-1.8904,2016-06-12,15.24,18.82,12.36,4.48,89.21,1.9
Birmingham,52.4862,-1.8904,2016-06-13,14.33,16.76,10.87,3.63,87.27,1.76
Birmingham,52.4862,-1.8904,2016-06-14,14.07,16.97,10.47,12.53,89.49,1.65
Birmingham,52.4862,-1.8904,2016-06-15,13.84,16.62,11.14,7.21,87.18,0.89
Birmingham,52.4862,-1.8904,2016-06-16,13.35,16.46,9.74,6.04,88.87,1.58
Birmingham,52.4862,-1.8904,2016-06-17,13.71,17.38,10.42,3.73,84.91,2.53
Birmingham,52.4862,-1.8904,2016-06-18,13.91,18.11,8.81,0.34,82.44,2.03
Birmingham,52.4862,-1.8904,2016-06-19,14.8,17.75,8.69,6.43,86.79,3.13
Birmingham,52.4862,-1.8904,2016-06-20,16.21,19.79,12.05,5.29,84.91,3.35
Birmingham,52.4862,-1.8904,2016-06-21,15.34,19.67,9.43,0.03,79.03,2.14
Birmingham,52.4862,-1.8904,2016-06-22,15.75,19.33,10.1,1.83,87.23,2.06
Birmingham,52.4862,-1.8904,2016-06-23,16.72,22.75,11.29,0.78,81.72,1.54
Birmingham,52.4862,-1.8904,2016-06-24,14.45,18.74,9.5,1.17,80.26,2.97
Birmingham,52.4862,-1.8904,2016-06-25,13.78,17.21,8.97,4.03,82.75,2.25
Birmingham,52.4862,-1.8904,2016-06-26,14.72,18.88,10.88,3.36,84.68,3.35
Birmingham,52.4862,-1.8904,2016-06-27,14.81,18.22,10.88,0.35,77.78,3.13
Birmingham,52.4862,-1.8904,2016-06-28,12.94,16.62,8.37,8.92,84.71,2.64
Birmingham,52.4862,-1.8904,2016-06-29,13.14,17.47,8.75,9.46,89.05,4.25
Birmingham,52.4862,-1.8904,2016-06-30,14.23,18.62,8.87,3.12,82.26,3.12
Birmingham,52.4862,-1.8904,2016-07-01,13.62,17.78,8.83,1.59,79.94,4.32
Birmingham,52.4862,-1.8904,2016-07-02,12.63,16.79,8.11,1.59,78.57,4.09
Birmingham,52.4862,-1.8904,2016-07-03,14.32,19.67,8.56,0.25,77.47,2.15
Birmingham,52.4862,-1.8904,2016-07-04,15.46,19.39,9.61,0.66,79.08,3.02
Birmingham,52.4862,-1.8904,2016-07-05,14.51,18.24,9.2,0.18,77.41,3.75
Birmingham,52.4862,-1.8904,2016-07-06,14.23,19.29,7.8,0.01,80.08,1.92
Birmingham,52.4862,-1.8904,2016-07-07,15.86,18.9,11.97,0.49,84.67,3.25
Birmingham,52.4862,-1.8904,2016-07-08,16.94,20.54,13.66,1.39,81.72,4.11
Birmingham,52.4862,-1.8904,2016-07-09,17.45,21.17,13.78,4.94,90.61,4.64
Birmingham,52.4862,-1.8904,2016-07-10,17.38,20.74,13.92,1.36,81.5,5.09
Birmingham,52.4862,-1.8904,2016-07-11,16.03,19.52,12.87,3.63,82.41,4.91
Birmingham,52.4862,-1.8904,2016-07-12,13.77,17.22,9.17,3.02,83.61,2.19
Birmingham,52.4862,-1.8904,2016-07-13,12.9,17.13,7.55,1.12,78.7,2.81
Birmingham,52.4862,-1.8904,2016-07-14,14.14,19.18,8.75,0.16,78.31,2.58
Birmingham,52.4862,-1.8904,2016-07-15,14.88,19.98,8.37,0.91,86.28,3.35
Birmingham,52.4862,-1.8904,2016-07-16,18.32,22.77,13.63,1.05,86.06,3.87
Birmingham,52.4862,-1.8904,2016-07-17,18.65,23.96,13.61,0.43,84.86,2.73
Birmingham,52.4862,-1.8904,2016-07-18,20.43,26.01,12.79,0.04,76.86,1.25
Birmingham,52.4862,-1.8904,2016-07-19,22.53,29.44,14.54,0.02,74.38,2.7
Birmingham,52.4862,-1.8904,2016-07-20,20.59,25.5,14.89,0.37,80.26,3.26
Birmingham,52.4862,-1.8904,2016-07-21,17.53,21.25,13.75,0.19,78.58,1.82
Birmingham,52.4862,-1.8904,2016-07-22,18.89,23.4,13.68,1.81,79.22,1.06
Birmingham,52.4862,-1.8904,2016-07-23,18.82,23.02,14.1,0.19,81.13,1.61
Birmingham,52.4862,-1.8904,2016-07-24,17.39,20.99,13.11,0.64,85.01,2.77
Birmingham,52.4862,-1.8904,2016-07-25,15.67,19.42,11.92,0.31,81.08,2.4
Birmingham,52.4862,-1.8904,2016-07-26,16.28,20.77,10.31,1.05,82.2,2.76
Birmingham,52.4862,-1.8904,2016-07-27,16.86,20.87,11.67,2.14,81.56,3.07
Birmingham,52.4862,-1.8904,2016-07-28,15.44,20.53,9.77,2.84,84.96,2.45
Birmingham,52.4862,-1.8904,2016-07-29,16.55,20.84,12.05,2.11,85.65,2.63
Birmingham,52.4862,-1.8904,2016-07-30,14.98,19.65,10.2,0.26,80.13,2.35
Birmingham,52.4862,-1.8904,2016-07-31,14.44,19.35,9.01,0.3,78.82,2.15
Birmingham,52.4862,-1.8904,2016-08-01,13.94,17.19,9.34,10.53,84.82,2.74
Birmingham,52.4862,-1.8904,2016-08-02,17.65,22.26,13.6,4.18,90.21,2.73
Birmingham,52.4862,-1.8904,2016-08-03,17.17,20.93,13.61,0.87,82.25,5.45
Birmingham,52.4862,-1.8904,2016-08-04,15.98,19.58,12.46,1.44,82.55,4.06
Birmingham,52.4862,-1.8904,2016-08-05,15.62,20.85,9.99,0.18,81.7,2.06
Birmingham,52.4862,-1.8904,2016-08-06,17.28,22.9,10.07,0.12,81.02,2.96
Birmingham,52.4862,-1.8904,2016-08-07,17.85,21.28,14.18,0.17,77.2,5.19
Birmingham,52.4862,-1.8904,2016-08-08,14.17,18.43,10.19,0.15,74.27,3.99
Birmingham,52.4862,-1.8904,2016-08-09,12.84,17.02,8.54,0.29,78.4,3.64
Birmingham,52.4862,-1.8904,2016-08-10,13.37,16.82,8.54,1.09,81.28,2.67
Birmingham,52.4862,-1.8904,2016-08-11,15.54,19.82,11.15,0.52,86.4,4.01
Birmingham,52.4862,-1.8904,2016-08-12,16.63,21.58,12.16,0.06,79.9,4.0
Birmingham,52.4862,-1.8904,2016-08-13,16.35,20.71,12.67,0.15,79.21,3.23
Birmingham,52.4862,-1.8904,2016-08-14,16.14,20.63,10.02,0.17,79.9,1.36
Birmingham,52.4862,-1.8904,2016-08-15,16.64,22.4,9.95,0.03,78.96,1.8
Birmingham,52.4862,-1.8904,2016-08-16,16.03,22.17,9.43,0.06,78.3,2.25
Birmingham,52.4862,-1.8904,2016-08-17,16.54,22.99,9.36,0.07,78.19,2.48
Birmingham,52.4862,-1.8904,2016-08-18,18.02,23.29,12.5,0.07,78.01,2.21
Birmingham,52.4862,-1.8904,2016-08-19,15.96,19.0,13.32,9.7,89.79,3.72
Birmingham,52.4862,-1.8904,2016-08-20,15.45,18.82,13.03,6.03,84.96,6.43
Birmingham,52.4862,-1.8904,2016-08-21,16.33,19.86,13.06,4.57,83.09,4.86
Birmingham,52.4862,-1.8904,2016-08-22,18.79,22.91,15.35,1.22,88.24,4.18
Birmingham,52.4862,-1.8904,2016-08-23,19.41,26.41,13.34,0.06,79.3,2.34
Birmingham,52.4862,-1.8904,2016-08-24,19.05,23.84,15.05,4.54,83.35,1.98
Birmingham,52.4862,-1.8904,2016-08-25,18.34,23.21,13.84,15.58,89.32,1.97
Birmingham,52.4862,-1.8904,2016-08-26,16.02,21.08,11.36,0.01,79.34,2.21
Birmingham,52.4862,-1.8904,2016-08-27,15.63,20.43,9.86,7.51,88.22,2.24
Birmingham,52.4862,-1.8904,2016-08-28,17.13,21.7,13.12,2.28,86.19,2.54
Birmingham,52.4862,-1.8904,2016-08-29,15.97,20.87,11.16,0.1,78.95,2.04
Birmingham,52.4862,-1.8904,2016-08-30,16.24,22.52,9.99,0.02,81.2,2.08
Birmingham,52.4862,-1.8904,2016-08-31,16.08,21.85,11.47,0.37,83.79,2.94
Birmingham,52.4862,-1.8904,2016-09-01,15.13,20.28,9.75,0.15,80.48,2.39
Birmingham,52.4862,-1.8904,2016-09-02,15.88,20.26,11.73,1.43,85.07,3.33
Birmingham,52.4862,-1.8904,2016-09-03,15.43,18.62,10.43,8.69,91.07,4.21
Birmingham,52.4862,-1.8904,2016-09-04,15.35,18.35,13.1,0.97,86.62,3.54
Birmingham,52.4862,-1.8904,2016-09-05,17.67,23.38,12.89,3.71,91.49,2.5
Birmingham,52.4862,-1.8904,2016-09-06,19.41,24.58,14.69,0.06,86.08,2.15
Birmingham,52.4862,-1.8904,2016-09-07,19.13,24.44,14.07,0.08,85.54,1.97
Birmingham,52.4862,-1.8904,2016-09-08,16.23,19.81,13.53,0.17,80.52,3.88
Birmingham,52.4862,-1.8904,2016-09-09,17.25,21.47,13.42,1.24,83.75,5.61
Birmingham,52.4862,-1.8904,2016-09-10,14.4,16.09,9.51,16.29,90.85,2.23
Birmingham,52.4862,-1.8904,2016-09-11,13.12,18.69,8.08,0.16,81.96,2.9
Birmingham,52.4862,-1.8904,2016-09-12,16.89,22.66,10.57,0.34,87.15,4.11
Birmingham,52.4862,-1.8904,2016-09-13,20.0,26.95,14.24,2.45,86.95,1.87
Birmingham,52.4862,-1.8904,2016-09-14,19.8,26.13,15.0,0.4,85.75,2.76
Birmingham,52.4862,-1.8904,2016-09-15,18.7,24.65,12.89,0.41,87.39,1.8
Birmingham,52.4862,-1.8904,2016-09-16,14.59,17.36,11.1,3.12,83.1,4.92
Birmingham,52.4862,-1.8904,2016-09-17,13.26,18.04,9.95,0.06,84.3,3.24
Birmingham,52.4862,-1.8904,2016-09-18,14.1,19.47,8.94,0.03,84.36,1.34
Birmingham,52.4862,-1.8904,2016-09-19,13.89,16.56,11.67,2.75,91.19,1.93
Birmingham,52.4862,-1.8904,2016-09-20,13.71,17.62,10.21,0.33,79.9,0.97
Birmingham,52.4862,-1.8904,2016-09-21,14.3,19.37,9.13,0.59,85.89,2.46
Birmingham,52.4862,-1.8904,2016-09-22,12.96,17.82,6.65,0.4,82.59,2.39
Birmingham,52.4862,-1.8904,2016-09-23,11.52,17.62,6.26,0.06,80.94,2.97
Birmingham,52.4862,-1.8904,2016-09-24,15.1,19.33,8.88,0.7,84.34,5.24
Birmingham,52.4862,-1.8904,2016-09-25,13.59,16.57,9.11,6.41,82.8,4.04
Birmingham,52.4862,-1.8904,2016-09-26,12.12,15.89,9.3,2.93,89.49,3.37
Birmingham,52.4862,-1.8904,2016-09-27,14.54,19.26,10.7,0.71,91.99,3.92
Birmingham,52.4862,-1.8904,2016-09-28,15.52,19.68,10.45,0.42,91.67,4.36
Birmingham,52.4862,-1.8904,2016-09-29,13.94,16.59,9.81,0.88,82.72,4.82
Birmingham,52.4862,-1.8904,2016-09-30,11.15,15.47,8.3,0.72,85.91,2.85
Birmingham,52.4862,-1.8904,2016-10-01,9.27,12.58,6.14,6.48,91.83,1.9
Birmingham,52.4862,-1.8904,2016-10-02,9.93,15.05,6.42,0.54,81.67,1.8
Birmingham,52.4862,-1.8904,2016-10-03,9.39,15.93,3.71,0.1,84.12,2.1
Birmingham,52.4862,-1.8904,2016-10-04,12.22,17.75,7.47,0.13,85.97,3.78
Birmingham,52.4862,-1.8904,2016-10-05,10.61,16.05,6.01,0.01,80.58,4.39
Birmingham,52.4862,-1.8904,2016-10-06,9.63,14.36,5.38,0.06,80.17,3.81
Birmingham,52.4862,-1.8904,2016-10-07,11.13,14.67,8.73,0.97,90.42,2.37
Birmingham,52.4862,-1.8904,2016-10-08,10.52,14.9,6.47,0.25,87.11,2.42
Birmingham,52.4862,-1.8904,2016-10-09,8.48,13.4,4.71,0.12,87.52,2.27
Birmingham,52.4862,-1.8904,2016-10-10,7.34,12.09,3.85,0.32,89.24,2.14
Birmingham,52.4862,-1.8904,2016-10-11,8.91,13.79,4.77,0.74,91.73,2.46
Birmingham,52.4862,-1.8904,2016-10-12,10.38,14.11,7.61,1.14,90.23,3.41
Birmingham,52.4862,-1.8904,2016-10-13,8.24,10.98,6.74,1.73,90.9,3.07
Birmingham,52.4862,-1.8904,2016-10-14,9.3,13.6,6.56,0.33,87.0,2.69
Birmingham,52.4862,-1.8904,2016-10-15,9.8,14.24,6.92,1.01,89.16,2.36
Birmingham,52.4862,-1.8904,2016-10-16,10.82,15.68,7.14,5.06,89.63,4.1
Birmingham,52.4862,-1.8904,2016-10-17,10.77,14.76,8.08,1.06,90.15,3.94
Birmingham,52.4862,-1.8904,2016-10-18,9.31,11.75,7.93,1.62,85.05,4.7
Birmingham,52.4862,-1.8904,2016-10-19,8.95,12.92,6.74,0.5,90.17,3.33
Birmingham,52.4862,-1.8904,2016-10-20,8.47,13.04,5.07,0.26,90.69,2.6
Birmingham,52.4862,-1.8904,2016-10-21,7.24,11.93,4.0,0.16,91.57,1.74
Birmingham,52.4862,-1.8904,2016-10-22,7.21,12.17,4.14,0.22,90.28,2.26
Birmingham,52.4862,-1.8904,2016-10-23,7.73,11.62,5.42,0.25,88.91,3.57
Birmingham,52.4862,-1.8904,2016-10-24,8.17,12.22,5.94,0.81,88.88,2.89
Birmingham,52.4862,-1.8904,2016-10-25,8.45,12.66,5.0,0.16,93.78,1.53
Birmingham,52.4862,-1.8904,2016-10-26,10.26,15.3,7.46,0.2,92.65,2.62
Birmingham,52.4862,-1.8904,2016-10-27,10.35,14.06,7.06,0.15,92.13,3.47
Birmingham,52.4862,-1.8904,2016-10-28,12.09,16.27,9.74,0.17,94.46,2.07
Birmingham,52.4862,-1.8904,2016-10-29,11.44,14.21,9.41,0.49,95.52,0.88
Birmingham,52.4862,-1.8904,2016-10-30,10.43,12.33,8.02,0.34,96.65,0.89
Birmingham,52.4862,-1.8904,2016-10-31,10.01,15.63,6.24,0.11,93.25,1.09
Birmingham,52.4862,-1.8904,2016-11-01,7.02,10.28,1.43,0.24,95.57,1.81
Birmingham,52.4862,-1.8904,2016-11-02,4.38,9.72,1.01,0.04,89.88,1.94
Birmingham,52.4862,-1.8904,2016-11-03,4.98,8.89,1.2,0.12,92.64,2.38
Birmingham,52.4862,-1.8904,2016-11-04,6.11,9.65,2.53,0.74,92.17,2.15
Birmingham,52.4862,-1.8904,2016-11-05,4.31,7.52,1.48,0.14,88.25,4.15
Birmingham,52.4862,-1.8904,2016-11-06,3.37,5.94,1.17,1.53,93.39,4.48
Birmingham,52.4862,-1.8904,2016-11-07,2.9,6.77,0.07,0.14,93.46,3.58
Birmingham,52.4862,-1.8904,2016-11-08,2.07,5.47,-0.21,10.88,92.75,2.4
Birmingham,52.4862,-1.8904,2016-11-09,3.01,5.43,0.99,8.26,96.87,2.36
Birmingham,52.4862,-1.8904,2016-11-10,5.18,8.17,2.79,1.41,94.58,3.43
Birmingham,52.4862,-1.8904,2016-11-11,3.79,6.51,2.34,0.27,94.15,2.38
Birmingham,52.4862,-1.8904,2016-11-12,7.56,10.34,4.62,9.45,97.11,3.26
Birmingham,52.4862,-1.8904,2016-11-13,6.58,9.49,5.01,0.68,96.46,2.11
Birmingham,52.4862,-1.8904,2016-11-14,9.91,13.59,6.79,1.19,97.23,2.76
Birmingham,52.4862,-1.8904,2016-11-15,11.72,14.08,10.26,0.68,96.67,2.5
Birmingham,52.4862,-1.8904,2016-11-16,8.15,11.35,4.19,0.5,90.62,3.91
Birmingham,52.4862,-1.8904,2016-11-17,5.21,9.33,3.22,2.88,92.97,4.84
Birmingham,52.4862,-1.8904,2016-11-18,3.09,5.98,1.4,0.47,92.73,3.89
Birmingham,52.4862,-1.8904,2016-11-19,3.21,5.46,1.05,3.25,95.02,3.11
Birmingham,52.4862,-1.8904,2016-11-20,1.96,4.58,-0.45,15.55,96.84,3.95
Birmingham,52.4862,-1.8904,2016-11-21,4.05,7.19,0.99,28.97,97.87,3.99
Birmingham,52.4862,-1.8904,2016-11-22,4.44,6.77,2.12,2.18,97.68,1.71
Birmingham,52.4862,-1.8904,2016-11-23,4.91,7.5,2.12,0.4,96.92,2.79
Birmingham,52.4862,-1.8904,2016-11-24,4.18,7.46,1.79,0.02,93.17,3.96
Birmingham,52.4862,-1.8904,2016-11-25,3.84,8.33,1.77,0.05,94.79,3.42
Birmingham,52.4862,-1.8904,2016-11-26,2.7,4.2,1.73,0.27,97.17,2.22
Birmingham,52.4862,-1.8904,2016-11-27,4.52,7.34,1.62,0.12,93.89,2.44
Birmingham,52.4862,-1.8904,2016-11-28,1.48,7.04,-2.64,0.0,92.46,2.01
Birmingham,52.4862,-1.8904,2016-11-29,-0.93,3.29,-3.04,0.05,90.53,0.68
Birmingham,52.4862,-1.8904,2016-11-30,0.4,4.8,-3.25,0.1,96.63,1.59
Birmingham,52.4862,-1.8904,2016-12-01,3.06,6.69,0.38,0.27,99.07,2.2
Birmingham,52.4862,-1.8904,2016-12-02,4.2,7.42,1.64,0.28,97.84,1.32
Birmingham,52.4862,-1.8904,2016-12-03,2.53,5.86,0.03,0.27,97.01,2.05
Birmingham,52.4862,-1.8904,2016-12-04,0.82,5.19,-1.56,0.08,96.83,3.03
Birmingham,52.4862,-1.8904,2016-12-05,0.73,3.68,-2.03,0.13,97.73,1.9
Birmingham,52.4862,-1.8904,2016-12-06,4.31,6.98,1.73,0.52,98.3,2.26
Birmingham,52.4862,-1.8904,2016-12-07,9.04,11.98,6.76,0.2,97.03,4.16
Birmingham,52.4862,-1.8904,2016-12-08,10.36,13.13,7.23,1.99,96.88,3.36
Birmingham,52.4862,-1.8904,2016-12-09,10.09,12.26,8.94,1.56,96.36,3.9
Birmingham,52.4862,-1.8904,2016-12-10,8.03,9.5,5.78,9.26,97.98,1.81
Birmingham,52.4862,-1.8904,2016-12-11,5.83,8.1,3.12,0.67,97.41,2.46
Birmingham,52.4862,-1.8904,2016-12-12,5.69,8.63,1.52,1.32,98.42,2.27
Birmingham,52.4862,-1.8904,2016-12-13,8.27,11.11,5.59,2.1,97.55,2.78
Birmingham,52.4862,-1.8904,2016-12-14,7.54,10.26,5.82,0.19,97.48,3.05
Birmingham,52.4862,-1.8904,2016-12-15,7.9,9.79,5.81,1.34,96.85,3.28
Birmingham,52.4862,-1.8904,2016-12-16,7.65,9.0,6.75,0.43,97.69,1.73
Birmingham,52.4862,-1.8904,2016-12-17,6.35,7.84,5.36,0.21,98.37,0.81
Birmingham,52.4862,-1.8904,2016-12-18,4.64,5.47,3.66,0.22,97.91,1.42
Birmingham,52.4862,-1.8904,2016-12-19,5.61,7.06,4.57,0.63,97.87,0.88
Birmingham,52.4862,-1.8904,2016-12-20,3.25,5.02,1.9,0.29,96.89,2.9
Birmingham,52.4862,-1.8904,2016-12-21,4.99,7.2,0.71,0.86,97.75,3.14
Birmingham,52.4862,-1.8904,2016-12-22,3.59,7.54,0.38,0.2,97.77,3.24
Birmingham,52.4862,-1.8904,2016-12-23,6.25,10.2,3.6,2.26,95.01,5.48
Birmingham,52.4862,-1.8904,2016-12-24,5.83,8.3,2.69,0.72,92.08,4.95
Birmingham,52.4862,-1.8904,2016-12-25,10.3,12.3,8.35,1.44,92.53,6.06
Birmingham,52.4862,-1.8904,2016-12-26,3.91,6.78,0.47,0.14,88.46,3.79
Birmingham,52.4862,-1.8904,2016-12-27,0.34,3.93,-1.94,0.0,97.92,1.26
Birmingham,52.4862,-1.8904,2016-12-28,0.98,3.09,-0.4,0.29,97.81,2.11
Birmingham,52.4862,-1.8904,2016-12-29,2.09,3.1,0.88,0.44,98.11,1.95
Birmingham,52.4862,-1.8904,2016-12-30,4.42,5.9,2.91,0.31,98.96,2.4
Birmingham,52.4862,-1.8904,2016-12-31,5.92,7.78,5.07,0.29,98.23,3.05
Birmingham,52.4862,-1.8904,2017-01-01,3.16,6.22,-0.4,10.65,96.59,4.01
Birmingham,52.4862,-1.8904,2017-01-02,-0.3,2.74,-2.17,0.09,96.89,2.59
Birmingham,52.4862,-1.8904,2017-01-03,2.6,5.02,-0.67,0.16,96.0,3.74
Birmingham,52.4862,-1.8904,2017-01-04,3.04,6.69,-2.7,0.1,94.39,2.99
Birmingham,52.4862,-1.8904,2017-01-05,-1.4,2.95,-3.37,0.02,97.17,1.29
Birmingham,52.4862,-1.8904,2017-01-06,1.6,5.11,-1.24,5.78,97.19,3.38
Birmingham,52.4862,-1.8904,2017-01-07,6.51,9.26,4.92,0.6,99.28,1.36
Birmingham,52.4862,-1.8904,2017-01-08,5.66,7.38,4.38,0.37,99.27,1.1
Birmingham,52.4862,-1.8904,2017-01-09,5.68,7.99,2.34,3.6,95.93,4.12
Birmingham,52.4862,-1.8904,2017-01-10,5.18,7.75,2.3,0.17,94.57,3.55
Birmingham,52.4862,-1.8904,2017-01-11,6.06,9.04,3.69,0.1,80.31,6.19
Birmingham,52.4862,-1.8904,2017-01-12,2.09,3.89,-0.1,4.65,93.21,3.7
Birmingham,52.4862,-1.8904,2017-01-13,1.31,4.47,-0.7,0.51,86.57,5.49
Birmingham,52.4862,-1.8904,2017-01-14,2.5,5.23,-0.27,1.09,96.29,3.32
Birmingham,52.4862,-1.8904,2017-01-15,6.09,8.41,3.45,8.8,97.02,3.47
Birmingham,52.4862,-1.8904,2017-01-16,6.13,7.72,4.17,6.48,98.28,1.29
Birmingham,52.4862,-1.8904,2017-01-17,3.65,4.68,2.81,0.61,95.89,1.92
Birmingham,52.4862,-1.8904,2017-01-18,3.35,4.58,1.89,0.39,95.57,1.25
Birmingham,52.4862,-1.8904,2017-01-19,4.53,7.03,0.89,0.36,94.65,0.69
Birmingham,52.4862,-1.8904,2017-01-20,-0.29,5.0,-2.94,0.02,95.28,1.77
Birmingham,52.4862,-1.8904,2017-01-21,-1.18,4.38,-4.13,0.11,94.72,2.22
Birmingham,52.4862,-1.8904,2017-01-22,-0.62,3.16,-3.88,0.21,97.73,1.88
Birmingham,52.4862,-1.8904,2017-01-23,0.5,2.58,-1.49,0.27,97.88,1.29
Birmingham,52.4862,-1.8904,2017-01-24,1.94,4.82,-0.67,0.31,97.76,2.38
Birmingham,52.4862,-1.8904,2017-01-25,2.04,5.88,-0.09,0.17,95.91,3.26
Birmingham,52.4862,-1.8904,2017-01-26,-1.17,1.23,-2.94,0.26,92.04,4.07
Birmingham,52.4862,-1.8904,2017-01-27,0.67,4.59,-2.72,2.4,95.43,3.62
Birmingham,52.4862,-1.8904,2017-01-28,3.43,6.71,1.1,3.4,96.12,3.2
Birmingham,52.4862,-1.8904,2017-01-29,3.14,5.12,1.2,7.72,98.08,2.44
Birmingham,52.4862,-1.8904,2017-01-30,4.34,6.37,2.61,0.66,96.16,2.64
Birmingham,52.4862,-1.8904,2017-01-31,6.73,9.1,4.14,7.3,97.26,4.41
Birmingham,52.4862,-1.8904,2017-02-01,8.3,10.53,6.78,4.3,94.13,3.75
Birmingham,52.4862,-1.8904,2017-02-02,9.24,10.6,7.72,2.94,91.73,7.12
Birmingham,52.4862,-1.8904,2017-02-03,6.4,8.9,4.26,3.37,91.81,5.25
Birmingham,52.4862,-1.8904,2017-02-04,3.04,7.4,1.08,0.49,91.47,2.87
Birmingham,52.4862,-1.8904,2017-02-05,2.93,5.23,0.7,0.24,96.04,1.6
Birmingham,52.4862,-1.8904,2017-02-06,2.48,5.23,-0.53,5.25,94.59,3.38
Birmingham,52.4862,-1.8904,2017-02-07,4.69,8.39,1.5,1.29,93.73,1.85
Birmingham,52.4862,-1.8904,2017-02-08,1.63,4.83,-2.71,0.76,94.28,1.93
Birmingham,52.4862,-1.8904,2017-02-09,-0.63,2.41,-3.32,0.15,88.1,2.6
Birmingham,52.4862,-1.8904,2017-02-10,-0.56,2.95,-2.12,0.36,92.61,2.98
Birmingham,52.4862,-1.8904,2017-02-11,0.25,2.53,-2.07,1.69,94.93,3.72
Birmingham,52.4862,-1.8904,2017-02-12,1.69,2.74,0.71,1.86,94.4,5.26
Birmingham,52.4862,-1.8904,2017-02-13,3.39,8.59,1.34,0.06,90.5,5.99
Birmingham,52.4862,-1.8904,2017-02-14,4.51,8.79,0.83,0.73,92.99,3.49
Birmingham,52.4862,-1.8904,2017-02-15,6.11,8.83,4.34,3.36,97.63,2.81
Birmingham,52.4862,-1.8904,2017-02-16,6.01,9.08,3.93,0.84,94.72,3.43
Birmingham,52.4862,-1.8904,2017-02-17,6.4,10.56,4.3,0.12,93.01,2.05
Birmingham,52.4862,-1.8904,2017-02-18,6.31,10.08,4.47,0.17,94.96,3.2
Birmingham,52.4862,-1.8904,2017-02-19,8.02,10.77,5.94,0.2,93.82,2.91
Birmingham,52.4862,-1.8904,2017-02-20,10.43,14.96,8.23,0.28,92.84,4.25
Birmingham,52.4862,-1.8904,2017-02-21,9.22,11.63,6.32,0.66,94.8,4.18
Birmingham,52.4862,-1.8904,2017-02-22,9.97,11.98,8.84,4.72,90.59,5.1
Birmingham,52.4862,-1.8904,2017-02-23,6.77,9.12,2.83,2.08,83.52,8.45
Birmingham,52.4862,-1.8904,2017-02-24,4.2,7.81,1.23,0.32,83.89,3.34
Birmingham,52.4862,-1.8904,2017-02-25,7.32,9.19,4.6,4.71,93.89,5.99
Birmingham,52.4862,-1.8904,2017-02-26,8.34,10.35,5.88,1.13,89.94,5.72
Birmingham,52.4862,-1.8904,2017-02-27,4.62,6.59,1.39,2.93,92.3,3.82
Birmingham,52.4862,-1.8904,2017-02-28,3.5,5.73,0.4,2.69,90.32,4.42
Birmingham,52.4862,-1.8904,2017-03-01,4.59,8.43,1.47,3.7,87.95,3.3
Birmingham,52.4862,-1.8904,2017-03-02,5.18,9.09,2.96,0.55,80.84,5.58
Birmingham,52.4862,-1.8904,2017-03-03,5.73,8.62,3.41,8.93,96.29,3.8
Birmingham,52.4862,-1.8904,2017-03-04,6.52,10.08,4.1,1.24,88.26,3.77
Birmingham,52.4862,-1.8904,2017-03-05,4.95,7.86,3.66,6.24,90.19,4.35
Birmingham,52.4862,-1.8904,2017-03-06,5.18,9.42,2.46,0.64,85.19,2.89
Birmingham,52.4862,-1.8904,2017-03-07,5.47,9.26,2.02,1.19,84.64,3.16
Birmingham,52.4862,-1.8904,2017-03-08,8.16,11.71,5.5,3.78,91.65,2.97
Birmingham,52.4862,-1.8904,2017-03-09,8.36,12.27,4.46,0.08,83.13,3.09
Birmingham,52.4862,-1.8904,2017-03-10,7.63,12.82,3.39,0.48,92.88,2.76
Birmingham,52.4862,-1.8904,2017-03-11,9.59,13.45,6.98,0.17,93.26,2.48
Birmingham,52.4862,-1.8904,2017-03-12,8.53,12.08,5.18,1.6,91.63,2.25
Birmingham,52.4862,-1.8904,2017-03-13,7.91,12.67,3.76,0.04,88.88,2.66
Birmingham,52.4862,-1.8904,2017-03-14,9.77,14.74,5.8,0.26,91.02,3.36
Birmingham,52.4862,-1.8904,2017-03-15,8.85,14.8,5.31,0.03,85.48,1.73
Birmingham,52.4862,-1.8904,2017-03-16,7.11,10.16,2.71,0.45,93.74,3.21
Birmingham,52.4862,-1.8904,2017-03-17,6.17,9.68,1.43,1.25,86.64,5.59
Birmingham,52.4862,-1.8904,2017-03-18,11.0,13.19,9.55,1.31,89.62,5.27
Birmingham,52.4862,-1.8904,2017-03-19,10.74,13.52,8.89,0.84,90.17,5.74
Birmingham,52.4862,-1.8904,2017-03-20,8.69,10.39,4.58,9.79,88.67,4.51
Birmingham,52.4862,-1.8904,2017-03-21,4.72,7.84,1.39,3.13,80.9,4.85
Birmingham,52.4862,-1.8904,2017-03-22,4.93,8.16,2.81,5.24,90.19,3.44
Birmingham,52.4862,-1.8904,2017-03-23,5.45,11.04,0.3,1.4,83.39,4.66
Birmingham,52.4862,-1.8904,2017-03-24,6.17,12.66,2.24,0.02,82.62,4.17
Birmingham,52.4862,-1.8904,2017-03-25,6.03,13.34,1.11,0.04,74.0,3.19
Birmingham,52.4862,-1.8904,2017-03-26,7.37,14.58,1.23,0.0,79.08,3.68
Birmingham,52.4862,-1.8904,2017-03-27,6.35,12.55,3.04,0.08,88.36,2.22
Birmingham,52.4862,-1.8904,2017-03-28,8.44,13.76,3.2,1.47,88.92,3.01
Birmingham,52.4862,-1.8904,2017-03-29,11.57,14.46,8.79,2.02,91.66,4.92
Birmingham,52.4862,-1.8904,2017-03-30,13.03,17.77,9.69,0.36,81.2,4.77
Birmingham,52.4862,-1.8904,2017-03-31,11.06,15.37,7.58,0.71,83.65,4.43
Birmingham,52.4862,-1.8904,2017-04-01,9.14,13.03,5.41,1.28,87.08,2.54
Birmingham,52.4862,-1.8904,2017-04-02,9.02,14.04,4.85,0.05,76.92,1.86
Birmingham,52.4862,-1.8904,2017-04-03,8.94,14.82,2.41,0.1,80.6,3.21
Birmingham,52.4862,-1.8904,2017-04-04,8.69,13.4,3.45,0.15,85.07,3.17
Birmingham,52.4862,-1.8904,2017-04-05,7.54,13.16,3.05,0.01,82.38,3.38
Birmingham,52.4862,-1.8904,2017-04-06,8.18,14.33,3.99,0.03,84.97,1.85
Birmingham,52.4862,-1.8904,2017-04-07,8.56,14.68,2.91,0.01,80.21,1.22
Birmingham,52.4862,-1.8904,2017-04-08,10.17,17.9,2.53,0.01,82.48,1.92
Birmingham,52.4862,-1.8904,2017-04-09,11.8,20.1,4.8,0.03,82.21,3.39
Birmingham,52.4862,-1.8904,2017-04-10,8.5,12.89,4.4,0.05,78.02,3.47
Birmingham,52.4862,-1.8904,2017-04-11,8.24,13.97,2.65,0.0,81.42,2.97
Birmingham,52.4862,-1.8904,2017-04-12,9.01,13.58,4.79,0.4,85.14,4.02
Birmingham,52.4862,-1.8904,2017-04-13,7.74,12.91,3.58,0.19,82.22,2.34
Birmingham,52.4862,-1.8904,2017-04-14,8.71,13.34,2.92,2.62,89.15,3.38
Birmingham,52.4862,-1.8904,2017-04-15,7.87,12.55,4.16,0.13,78.11,3.51
Birmingham,52.4862,-1.8904,2017-04-16,8.19,12.19,3.67,2.22,86.95,3.37
Birmingham,52.4862,-1.8904,2017-04-17,7.5,11.78,3.48,1.33,85.39,1.61
Birmingham,52.4862,-1.8904,2017-04-18,6.02,11.07,0.76,0.01,73.13,2.29
Birmingham,52.4862,-1.8904,2017-04-19,7.53,11.77,1.29,0.03,72.87,0.85
Birmingham,52.4862,-1.8904,2017-04-20,9.56,13.87,6.16,0.86,87.96,1.91
Birmingham,52.4862,-1.8904,2017-04-21,10.01,14.42,6.73,0.33,85.69,2.72
Birmingham,52.4862,-1.8904,2017-04-22,8.85,14.22,3.37,0.04,77.71,2.69
Birmingham,52.4862,-1.8904,2017-04-23,8.22,14.49,2.63,0.01,78.46,1.47
Birmingham,52.4862,-1.8904,2017-04-24,7.58,12.05,0.8,1.25,77.88,4.26
Birmingham,52.4862,-1.8904,2017-04-25,4.03,7.6,0.0,1.05,78.05,3.61
Birmingham,52.4862,-1.8904,2017-04-26,4.02,8.14,0.41,0.58,77.36,3.11
Birmingham,52.4862,-1.8904,2017-04-27,5.9,10.53,-0.56,1.77,83.85,3.25
Birmingham,52.4862,-1.8904,2017-04-28,9.31,13.66,5.16,1.38,82.67,1.24
Birmingham,52.4862,-1.8904,2017-04-29,8.98,14.35,2.49,0.12,76.46,2.9
Birmingham,52.4862,-1.8904,2017-04-30,10.6,14.55,6.87,2.67,74.66,4.91
Birmingham,52.4862,-1.8904,2017-05-01,10.51,14.7,5.96,3.48,81.24,3.19
Birmingham,52.4862,-1.8904,2017-05-02,10.29,15.96,5.77,0.32,81.25,2.53
Birmingham,52.4862,-1.8904,2017-05-03,9.29,14.03,5.06,0.17,77.53,4.61
Birmingham,52.4862,-1.8904,2017-05-04,9.7,14.68,4.97,0.04,75.59,4.6
Birmingham,52.4862,-1.8904,2017-05-05,9.42,14.8,4.96,0.02,72.79,4.84
Birmingham,52.4862,-1.8904,2017-05-06,9.17,12.9,6.02,0.55,84.26,3.4
Birmingham,52.4862,-1.8904,2017-05-07,10.9,17.46,5.53,0.04,77.92,2.33
Birmingham,52.4862,-1.8904,2017-05-08,8.52,14.34,3.41,0.01,74.11,3.18
Birmingham,52.4862,-1.8904,2017-05-09,8.41,13.81,3.12,0.01,74.22,1.6
Birmingham,52.4862,-1.8904,2017-05-10,9.96,16.79,2.29,0.01,76.62,1.38
Birmingham,52.4862,-1.8904,2017-05-11,11.82,18.13,3.62,0.45,78.2,2.89
Birmingham,52.4862,-1.8904,2017-05-12,12.37,17.21,8.32,6.08,88.0,2.96
Birmingham,52.4862,-1.8904,2017-05-13,12.67,16.26,9.47,0.74,77.54,4.11
Birmingham,52.4862,-1.8904,2017-05-14,12.35,16.54,7.61,4.43,76.49,3.38
Birmingham,52.4862,-1.8904,2017-05-15,13.07,17.53,7.1,4.27,91.95,5.03
Birmingham,52.4862,-1.8904,2017-05-16,15.57,18.89,12.86,1.65,89.17,4.39
Birmingham,52.4862,-1.8904,2017-05-17,11.79,13.84,7.21,11.4,93.2,1.71
Birmingham,52.4862,-1.8904,2017-05-18,11.02,15.99,4.98,1.2,80.0,1.27
Birmingham,52.4862,-1.8904,2017-05-19,10.5,13.46,7.95,5.86,85.63,1.78
Birmingham,52.4862,-1.8904,2017-05-20,10.15,14.41,5.01,2.84,84.62,2.99
Birmingham,52.4862,-1.8904,2017-05-21,12.48,17.53,7.01,0.13,79.6,2.94
Birmingham,52.4862,-1.8904,2017-05-22,15.02,20.84,9.54,0.01,78.43,3.4
Birmingham,52.4862,-1.8904,2017-05-23,15.74,20.81,9.91,0.1,82.66,2.39
Birmingham,52.4862,-1.8904,2017-05-24,17.52,23.35,10.58,0.06,82.03,1.47
Birmingham,52.4862,-1.8904,2017-05-25,19.05,24.9,12.41,0.01,78.63,1.84
Birmingham,52.4862,-1.8904,2017-05-26,17.51,24.16,9.92,0.0,74.02,3.39
Birmingham,52.4862,-1.8904,2017-05-27,16.52,21.34,12.04,1.0,81.97,4.61
Birmingham,52.4862,-1.8904,2017-05-28,15.87,19.89,10.74,1.35,79.71,2.07
Birmingham,52.4862,-1.8904,2017-05-29,15.23,18.12,13.16,14.57,92.3,1.69
Birmingham,52.4862,-1.8904,2017-05-30,15.41,19.29,11.56,0.78,83.17,3.08
Birmingham,52.4862,-1.8904,2017-05-31,15.51,19.77,11.69,0.58,82.91,1.52
Birmingham,52.4862,-1.8904,2017-06-01,17.05,21.85,11.13,0.05,80.16,2.57
Birmingham,52.4862,-1.8904,2017-06-02,15.66,19.09,12.27,4.42,83.48,1.4
Birmingham,52.4862,-1.8904,2017-06-03,13.75,18.13,8.15,1.37,77.49,2.95
Birmingham,52.4862,-1.8904,2017-06-04,12.38,16.86,7.05,0.9,77.52,3.24
Birmingham,52.4862,-1.8904,2017-06-05,12.22,16.32,7.43,7.79,86.55,5.94
Birmingham,52.4862,-1.8904,2017-06-06,11.59,13.77,9.77,13.26,81.81,6.57
Birmingham,52.4862,-1.8904,2017-06-07,13.14,17.36,9.66,4.05,74.94,5.58
Birmingham,52.4862,-1.8904,2017-06-08,14.07,18.63,9.96,4.83,87.96,5.1
Birmingham,52.4862,-1.8904,2017-06-09,14.17,18.74,9.46,0.84,79.62,3.48
Birmingham,52.4862,-1.8904,2017-06-10,15.98,20.93,11.39,2.59,86.69,5.0
Birmingham,52.4862,-1.8904,2017-06-11,14.82,18.6,11.35,0.49,78.68,5.4
Birmingham,52.4862,-1.8904,2017-06-12,14.09,17.85,10.9,0.2,78.06,4.3
Birmingham,52.4862,-1.8904,2017-06-13,15.49,19.68,9.23,0.46,80.85,1.84
Birmingham,52.4862,-1.8904,2017-06-14,18.33,23.52,11.55,0.0,76.51,2.12
Birmingham,52.4862,-1.8904,2017-06-15,15.69,19.62,11.23,0.22,76.67,3.94
Birmingham,52.4862,-1.8904,2017-06-16,16.1,21.53,9.54,0.13,81.82,3.16
Birmingham,52.4862,-1.8904,2017-06-17,19.96,26.08,12.38,0.02,79.28,2.06
Birmingham,52.4862,-1.8904,2017-06-18,21.3,26.72,13.7,0.0,69.91,1.37
Birmingham,52.4862,-1.8904,2017-06-19,22.99,28.11,16.82,0.01,71.1,0.81
Birmingham,52.4862,-1.8904,2017-06-20,20.82,25.1,16.64,0.31,81.88,2.7
Birmingham,52.4862,-1.8904,2017-06-21,20.64,27.06,13.14,0.07,79.89,2.17
Birmingham,52.4862,-1.8904,2017-06-22,18.15,20.86,13.58,0.68,81.96,3.18
Birmingham,52.4862,-1.8904,2017-06-23,15.85,18.86,11.59,0.88,83.02,4.75
Birmingham,52.4862,-1.8904,2017-06-24,17.07,20.73,13.48,0.9,82.25,3.63
Birmingham,52.4862,-1.8904,2017-06-25,14.98,19.11,9.84,0.65,81.58,3.0
Birmingham,52.4862,-1.8904,2017-06-26,14.9,19.06,8.6,0.03,71.02,1.09
Birmingham,52.4862,-1.8904,2017-06-27,15.19,18.16,12.48,4.66,85.28,2.92
Birmingham,52.4862,-1.8904,2017-06-28,12.9,15.17,9.4,9.41,89.43,3.47
Birmingham,52.4862,-1.8904,2017-06-29,12.02,14.4,8.91,2.48,90.83,3.0
Birmingham,52.4862,-1.8904,2017-06-30,14.65,17.88,10.69,2.1,89.53,2.5
Birmingham,52.4862,-1.8904,2017-07-01,16.11,20.63,11.2,0.19,78.61,3.24
Birmingham,52.4862,-1.8904,2017-07-02,15.69,20.63,10.6,0.03,74.79,2.74
Birmingham,52.4862,-1.8904,2017-07-03,16.11,20.15,10.8,0.33,80.05,2.89
Birmingham,52.4862,-1.8904,2017-07-04,16.69,21.43,12.83,0.6,81.61,2.18
Birmingham,52.4862,-1.8904,2017-07-05,18.85,24.84,10.85,0.11,76.33,1.03
Birmingham,52.4862,-1.8904,2017-07-06,20.11,26.52,13.42,0.29,78.21,2.15
Birmingham,52.4862,-1.8904,2017-07-07,18.39,23.53,12.97,1.65,82.1,2.33
Birmingham,52.4862,-1.8904,2017-07-08,17.6,22.07,12.27,0.09,76.2,1.62
Birmingham,52.4862,-1.8904,2017-07-09,19.28,23.41,14.58,0.12,75.05,1.75
Birmingham,52.4862,-1.8904,2017-07-10,16.65,20.57,12.73,1.64,79.98,2.07
Birmingham,52.4862,-1.8904,2017-07-11,14.9,18.68,11.1,17.43,85.96,2.53
Birmingham,52.4862,-1.8904,2017-07-12,15.67,20.28,10.75,0.34,72.97,2.69
Birmingham,52.4862,-1.8904,2017-07-13,16.11,20.2,11.47,0.42,77.99,3.01
Birmingham,52.4862,-1.8904,2017-07-14,15.32,18.72,12.12,0.55,76.96,3.2
Birmingham,52.4862,-1.8904,2017-07-15,17.22,22.37,12.11,1.73,87.33,3.67
Birmingham,52.4862,-1.8904,2017-07-16,17.56,22.08,10.5,0.84,81.75,2.99
Birmingham,52.4862,-1.8904,2017-07-17,17.0,23.41,9.25,0.0,73.27,1.8
Birmingham,52.4862,-1.8904,2017-07-18,18.14,22.91,12.56,1.62,73.0,3.12
Birmingham,52.4862,-1.8904,2017-07-19,19.24,24.05,14.79,19.61,85.09,3.59
Birmingham,52.4862,-1.8904,2017-07-20,14.87,17.6,11.84,7.37,78.33,3.34
Birmingham,52.4862,-1.8904,2017-07-21,15.18,18.72,11.47,10.55,84.42,5.39
Birmingham,52.4862,-1.8904,2017-07-22,13.62,16.98,9.6,8.88,86.62,1.71
Birmingham,52.4862,-1.8904,2017-07-23,14.77,18.72,10.6,5.27,82.41,2.55
Birmingham,52.4862,-1.8904,2017-07-24,16.35,20.37,12.53,0.59,82.4,4.09
Birmingham,52.4862,-1.8904,2017-07-25,17.43,22.56,10.4,0.21,78.68,1.14
Birmingham,52.4862,-1.8904,2017-07-26,16.22,20.96,11.77,5.69,85.7,3.92
Birmingham,52.4862,-1.8904,2017-07-27,14.32,18.38,10.04,1.9,80.03,4.1
Birmingham,52.4862,-1.8904,2017-07-28,15.74,20.49,10.74,5.19,83.83,5.04
Birmingham,52.4862,-1.8904,2017-07-29,15.14,19.23,11.21,10.23,82.63,3.05
Birmingham,52.4862,-1.8904,2017-07-30,14.55,18.42,10.91,7.25,83.08,3.5
Birmingham,52.4862,-1.8904,2017-07-31,14.82,19.06,10.84,1.05,80.38,3.74
Birmingham,52.4862,-1.8904,2017-08-01,14.93,19.39,9.74,1.46,81.07,3.3
Birmingham,52.4862,-1.8904,2017-08-02,16.01,19.67,11.58,4.04,90.12,4.82
Birmingham,52.4862,-1.8904,2017-08-03,16.2,19.82,12.89,2.27,82.38,5.78
Birmingham,52.4862,-1.8904,2017-08-04,15.65,19.87,10.89,0.55,78.03,3.49
Birmingham,52.4862,-1.8904,2017-08-05,13.0,16.6,9.05,3.28,83.3,2.04
Birmingham,52.4862,-1.8904,2017-08-06,14.25,18.84,7.86,0.87,80.31,3.35
Birmingham,52.4862,-1.8904,2017-08-07,15.37,19.2,12.84,2.67,82.4,2.29
Birmingham,52.4862,-1.8904,2017-08-08,13.12,15.8,10.66,9.56,86.78,2.64
Birmingham,52.4862,-1.8904,2017-08-09,13.49,17.69,9.54,8.67,83.82,4.05
Birmingham,52.4862,-1.8904,2017-08-10,13.93,19.69,6.97,0.02,79.26,1.71
Birmingham,52.4862,-1.8904,2017-08-11,14.26,17.97,7.81,0.26,86.54,3.22
Birmingham,52.4862,-1.8904,2017-08-12,15.16,19.67,9.6,0.34,81.19,3.25
Birmingham,52.4862,-1.8904,2017-08-13,14.67,19.87,7.48,0.01,75.85,1.35
Birmingham,52.4862,-1.8904,2017-08-14,14.98,18.2,11.66,1.12,85.88,3.09
Birmingham,52.4862,-1.8904,2017-08-15,15.55,20.08,10.83,0.53,79.87,2.84
Birmingham,52.4862,-1.8904,2017-08-16,15.14,20.79,9.15,6.98,79.03,3.79
Birmingham,52.4862,-1.8904,2017-08-17,17.46,21.58,13.17,3.54,81.26,4.33
Birmingham,52.4862,-1.8904,2017-08-18,14.11,17.5,10.8,2.19,79.24,4.34
Birmingham,52.4862,-1.8904,2017-08-19,13.31,17.29,9.67,2.13,81.95,4.49
Birmingham,52.4862,-1.8904,2017-08-20,14.17,18.98,9.14,7.4,84.07,2.38
Birmingham,52.4862,-1.8904,2017-08-21,16.48,20.67,12.1,2.52,90.5,1.71
Birmingham,52.4862,-1.8904,2017-08-22,19.03,23.34,14.83,0.8,87.71,2.22
Birmingham,52.4862,-1.8904,2017-08-23,16.51,20.19,11.72,0.93,85.5,2.76
Birmingham,52.4862,-1.8904,2017-08-24,15.06,19.96,10.63,0.14,82.36,2.82
Birmingham,52.4862,-1.8904,2017-08-25,15.47,20.78,10.06,0.59,83.7,1.65
Birmingham,52.4862,-1.8904,2017-08-26,16.7,21.74,11.96,0.33,80.77,1.41
Birmingham,52.4862,-1.8904,2017-08-27,17.2,23.18,10.3,0.0,76.39,0.89
Birmingham,52.4862,-1.8904,2017-08-28,18.14,24.0,13.49,0.0,80.58,2.17
Birmingham,52.4862,-1.8904,2017-08-29,14.29,17.6,10.75,0.74,85.78,2.16
Birmingham,52.4862,-1.8904,2017-08-30,12.19,15.72,8.66,1.43,82.52,1.48
Birmingham,52.4862,-1.8904,2017-08-31,12.49,17.72,7.29,0.97,82.63,1.56
Birmingham,52.4862,-1.8904,2017-09-01,12.76,17.8,7.32,0.27,82.22,2.28
Birmingham,52.4862,-1.8904,2017-09-02,13.54,19.33,7.53,0.12,79.05,1.36
Birmingham,52.4862,-1.8904,2017-09-03,13.26,17.05,10.66,2.2,86.93,4.11
Birmingham,52.4862,-1.8904,2017-09-04,16.79,21.61,12.17,1.68,89.23,2.65
Birmingham,52.4862,-1.8904,2017-09-05,16.08,20.85,10.78,7.2,88.08,3.56
Birmingham,52.4862,-1.8904,2017-09-06,12.79,16.97,9.37,0.46,80.59,3.07
Birmingham,52.4862,-1.8904,2017-09-07,13.73,17.69,8.89,3.69,87.35,3.34
Birmingham,52.4862,-1.8904,2017-09-08,13.8,17.73,10.22,4.19,85.27,3.31
Birmingham,52.4862,-1.8904,2017-09-09,11.66,15.81,8.64,3.5,88.96,3.19
Birmingham,52.4862,-1.8904,2017-09-10,11.65,16.34,7.75,1.5,89.62,4.54
Birmingham,52.4862,-1.8904,2017-09-11,12.74,16.47,9.89,2.39,83.17,5.83
Birmingham,52.4862,-1.8904,2017-09-12,12.57,16.9,8.18,8.99,81.59,4.95
Birmingham,52.4862,-1.8904,2017-09-13,11.81,15.69,7.46,1.04,78.39,5.84
Birmingham,52.4862,-1.8904,2017-09-14,10.75,15.42,7.24,1.89,85.02,4.09
Birmingham,52.4862,-1.8904,2017-09-15,10.45,14.48,7.49,1.44,88.14,2.31
Birmingham,52.4862,-1.8904,2017-09-16,10.12,14.09,6.78,3.78,88.82,2.11
Birmingham,52.4862,-1.8904,2017-09-17,10.83,16.08,6.8,1.77,88.37,2.22
Birmingham,52.4862,-1.8904,2017-09-18,10.3,14.19,6.89,5.12,91.58,1.77
Birmingham,52.4862,-1.8904,2017-09-19,10.82,16.22,6.06,0.16,85.54,1.26
Birmingham,52.4862,-1.8904,2017-09-20,13.74,17.96,8.96,0.85,88.67,3.68
Birmingham,52.4862,-1.8904,2017-09-21,12.42,16.38,6.27,4.64,91.7,3.46
Birmingham,52.4862,-1.8904,2017-09-22,11.37,16.54,5.33,0.52,86.04,3.18
Birmingham,52.4862,-1.8904,2017-09-23,14.16,18.84,11.19,0.38,84.63,3.41
Birmingham,52.4862,-1.8904,2017-09-24,14.01,19.1,8.87,4.12,87.52,2.7
Birmingham,52.4862,-1.8904,2017-09-25,14.33,18.17,11.38,4.26,90.57,1.13
Birmingham,52.4862,-1.8904,2017-09-26,13.46,18.52,8.8,0.13,87.12,1.45
Birmingham,52.4862,-1.8904,2017-09-27,14.31,18.69,10.65,7.64,88.68,3.92
Birmingham,52.4862,-1.8904,2017-09-28,13.38,18.19,9.02,0.46,87.88,2.25
Birmingham,52.4862,-1.8904,2017-09-29,13.61,16.92,8.47,1.67,85.8,3.41
Birmingham,52.4862,-1.8904,2017-09-30,12.05,15.98,8.28,3.25,89.65,3.16
Birmingham,52.4862,-1.8904,2017-10-01,14.37,17.85,12.46,2.61,93.26,4.5
Birmingham,52.4862,-1.8904,2017-10-02,12.31,15.57,8.92,0.13,79.48,5.2
Birmingham,52.4862,-1.8904,2017-10-03,10.48,14.82,7.85,0.08,79.97,3.58
Birmingham,52.4862,-1.8904,2017-10-04,10.98,14.65,7.08,1.34,82.48,5.02
Birmingham,52.4862,-1.8904,2017-10-05,11.9,14.7,7.94,0.67,81.46,5.29
Birmingham,52.4862,-1.8904,2017-10-06,10.08,14.24,6.85,0.03,83.92,2.77
Birmingham,52.4862,-1.8904,2017-10-07,12.25,15.64,9.53,1.21,90.28,4.14
Birmingham,52.4862,-1.8904,2017-10-08,11.75,16.24,7.68,0.2,88.51,1.71
Birmingham,52.4862,-1.8904,2017-10-09,12.22,16.13,9.53,0.4,89.86,1.97
Birmingham,52.4862,-1.8904,2017-10-10,13.7,17.78,10.94,0.48,87.04,4.53
Birmingham,52.4862,-1.8904,2017-10-11,13.03,15.41,8.65,1.46,91.21,5.68
Birmingham,52.4862,-1.8904,2017-10-12,10.99,15.73,7.48,0.07,86.02,3.55
Birmingham,52.4862,-1.8904,2017-10-13,15.42,19.82,11.19,0.38,89.85,5.42
Birmingham,52.4862,-1.8904,2017-10-14,15.48,20.05,11.68,0.17,90.92,3.83
Birmingham,52.4862,-1.8904,2017-10-15,13.27,17.75,10.94,0.21,91.46,3.2
Birmingham,52.4862,-1.8904,2017-10-16,14.35,19.52,11.41,0.12,82.12,6.26
Birmingham,52.4862,-1.8904,2017-10-17,11.05,13.6,9.1,1.08,80.28,3.55
Birmingham,52.4862,-1.8904,2017-10-18,9.87,12.15,7.67,1.5,95.36,1.76
Birmingham,52.4862,-1.8904,2017-10-19,11.74,15.48,8.15,9.61,96.93,3.04
Birmingham,52.4862,-1.8904,2017-10-20,11.21,13.49,9.29,2.37,88.34,3.74
Birmingham,52.4862,-1.8904,2017-10-21,11.53,13.06,9.31,3.94,86.78,7.37
Birmingham,52.4862,-1.8904,2017-10-22,9.24,11.99,7.99,0.47,83.52,5.54
Birmingham,52.4862,-1.8904,2017-10-23,11.87,16.97,7.5,1.08,95.99,2.75
Birmingham,52.4862,-1.8904,2017-10-24,14.44,17.85,11.25,2.11,94.37,4.86
Birmingham,52.4862,-1.8904,2017-10-25,11.83,15.18,7.98,0.41,87.96,2.92
Birmingham,52.4862,-1.8904,2017-10-26,9.6,12.37,7.39,0.3,96.44,1.04
Birmingham,52.4862,-1.8904,2017-10-27,7.62,13.03,4.08,0.04,90.73,1.76
Birmingham,52.4862,-1.8904,2017-10-28,11.02,15.75,5.84,0.36,92.37,4.85
Birmingham,52.4862,-1.8904,2017-10-29,9.18,12.71,2.32,0.37,82.32,3.42
Birmingham,52.4862,-1.8904,2017-10-30,4.12,8.83,0.12,0.15,88.54,1.3
Birmingham,52.4862,-1.8904,2017-10-31,8.64,12.01,4.8,1.32,97.1,2.77
Birmingham,52.4862,-1.8904,2017-11-01,7.97,11.86,5.17,0.12,96.53,1.87
Birmingham,52.4862,-1.8904,2017-11-02,8.57,12.48,5.46,0.38,91.96,1.29
Birmingham,52.4862,-1.8904,2017-11-03,8.2,12.3,5.41,0.86,94.48,1.66
Birmingham,52.4862,-1.8904,2017-11-04,7.92,10.17,4.16,10.43,92.23,2.89
Birmingham,52.4862,-1.8904,2017-11-05,4.63,9.05,1.63,0.59,93.66,2.8
Birmingham,52.4862,-1.8904,2017-11-06,5.45,10.22,2.03,0.12,90.24,2.45
Birmingham,52.4862,-1.8904,2017-11-07,7.56,11.72,3.02,8.29,94.93,4.09
Birmingham,52.4862,-1.8904,2017-11-08,3.84,8.8,0.06,0.07,91.87,1.92
Birmingham,52.4862,-1.8904,2017-11-09,7.88,12.35,4.62,0.29,94.07,2.68
Birmingham,52.4862,-1.8904,2017-11-10,7.78,10.11,5.34,1.53,85.96,4.19
Birmingham,52.4862,-1.8904,2017-11-11,5.79,8.22,3.1,6.66,96.99,1.27
Birmingham,52.4862,-1.8904,2017-11-12,4.16,7.18,1.3,0.96,89.47,4.12
Birmingham,52.4862,-1.8904,2017-11-13,2.91,6.79,-0.57,0.14,89.85,2.41
Birmingham,52.4862,-1.8904,2017-11-14,8.15,11.11,4.88,1.0,97.55,2.72
Birmingham,52.4862,-1.8904,2017-11-15,8.51,11.08,7.39,0.91,98.2,1.12
Birmingham,52.4862,-1.8904,2017-11-16,6.02,10.2,0.11,0.36,95.82,2.48
Birmingham,52.4862,-1.8904,2017-11-17,2.09,8.03,-1.44,0.03,94.49,1.74
Birmingham,52.4862,-1.8904,2017-11-18,4.23,8.85,0.41,0.84,97.22,2.26
Birmingham,52.4862,-1.8904,2017-11-19,3.18,7.1,-0.32,0.15,93.07,1.61
Birmingham,52.4862,-1.8904,2017-11-20,9.78,11.84,5.43,3.96,96.51,4.0
Birmingham,52.4862,-1.8904,2017-11-21,11.01,11.81,10.11,1.77,95.63,4.51
Birmingham,52.4862,-1.8904,2017-11-22,12.54,13.67,11.78,3.52,92.65,7.41
Birmingham,52.4862,-1.8904,2017-11-23,6.82,11.75,3.17,1.29,84.66,4.84
Birmingham,52.4862,-1.8904,2017-11-24,2.23,7.03,-0.59,0.09,90.17,1.47
Birmingham,52.4862,-1.8904,2017-11-25,1.87,5.18,-0.17,0.53,94.65,3.31
Birmingham,52.4862,-1.8904,2017-11-26,3.17,6.37,0.8,0.96,95.12,3.63
Birmingham,52.4862,-1.8904,2017-11-27,5.64,8.27,1.96,3.44,93.87,4.55
Birmingham,52.4862,-1.8904,2017-11-28,2.41,5.21,0.33,0.22,96.07,2.91
Birmingham,52.4862,-1.8904,2017-11-29,1.57,4.65,-1.3,0.07,94.97,4.07
Birmingham,52.4862,-1.8904,2017-11-30,-0.05,2.82,-1.82,0.06,90.74,4.24
Birmingham,52.4862,-1.8904,2017-12-01,1.24,4.48,0.04,0.07,94.98,3.77
Birmingham,52.4862,-1.8904,2017-12-02,3.79,5.99,0.12,1.15,98.25,1.74
Birmingham,52.4862,-1.8904,2017-12-03,6.38,8.7,3.64,0.37,96.01,2.72
Birmingham,52.4862,-1.8904,2017-12-04,5.57,8.58,3.13,0.25,98.13,2.18
Birmingham,52.4862,-1.8904,2017-12-05,5.28,7.55,4.14,0.18,97.58,2.43
Birmingham,52.4862,-1.8904,2017-12-06,7.05,8.91,5.15,0.2,95.79,4.93
Birmingham,52.4862,-1.8904,2017-12-07,7.31,11.41,2.1,4.37,88.75,5.69
Birmingham,52.4862,-1.8904,2017-12-08,1.36,2.25,-0.13,1.21,89.51,4.77
Birmingham,52.4862,-1.8904,2017-12-09,-0.93,2.21,-2.75,0.11,97.24,2.5
Birmingham,52.4862,-1.8904,2017-12-10,-1.06,0.11,-2.45,10.15,96.44,3.24
Birmingham,52.4862,-1.8904,2017-12-11,-1.86,1.01,-4.47,1.59,95.63,3.61
Birmingham,52.4862,-1.8904,2017-12-12,-0.63,2.35,-2.9,2.5,98.58,2.86
Birmingham,52.4862,-1.8904,2017-12-13,2.61,5.05,1.1,6.81,97.35,3.85
Birmingham,52.4862,-1.8904,2017-12-14,2.4,3.84,1.26,0.94,95.51,4.51
Birmingham,52.4862,-1.8904,2017-12-15,1.78,4.14,-0.82,2.27,96.29,4.14
Birmingham,52.4862,-1.8904,2017-12-16,1.63,4.15,-0.75,0.63,97.39,2.48
Birmingham,52.4862,-1.8904,2017-12-17,4.36,8.31,1.49,3.45,97.98,2.94
Birmingham,52.4862,-1.8904,2017-12-18,3.48,4.55,2.52,0.22,98.28,1.71
Birmingham,52.4862,-1.8904,2017-12-19,4.22,6.13,2.11,0.25,98.26,2.09
Birmingham,52.4862,-1.8904,2017-12-20,8.33,10.86,6.06,0.51,98.49,1.73
Birmingham,52.4862,-1.8904,2017-12-21,9.08,10.43,7.71,2.02,96.87,2.45
Birmingham,52.4862,-1.8904,2017-12-22,7.36,8.64,5.99,0.65,98.57,1.1
Birmingham,52.4862,-1.8904,2017-12-23,7.78,8.38,7.41,0.35,97.1,3.15
Birmingham,52.4862,-1.8904,2017-12-24,8.77,9.47,7.63,0.62,96.03,5.02
Birmingham,52.4862,-1.8904,2017-12-25,8.17,10.21,3.33,9.37,94.25,6.16
Birmingham,52.4862,-1.8904,2017-12-26,2.82,5.18,0.93,16.16,94.76,4.28
Birmingham,52.4862,-1.8904,2017-12-27,0.32,1.78,-1.56,10.51,94.97,5.26
Birmingham,52.4862,-1.8904,2017-12-28,-0.87,2.38,-4.41,0.34,97.84,2.62
Birmingham,52.4862,-1.8904,2017-12-29,1.74,3.82,-3.17,7.48,95.64,4.35
Birmingham,52.4862,-1.8904,2017-12-30,6.5,9.07,1.73,6.58,93.75,4.95
Birmingham,52.4862,-1.8904,2017-12-31,8.21,11.31,4.68,3.55,92.36,5.68
Birmingham,52.4862,-1.8904,2018-01-01,4.85,6.26,3.8,1.26,92.94,5.05
Birmingham,52.4862,-1.8904,2018-01-02,5.6,11.03,1.83,5.93,94.82,5.05
Birmingham,52.4862,-1.8904,2018-01-03,6.44,7.94,4.21,0.94,82.77,8.15
Birmingham,52.4862,-1.8904,2018-01-04,5.64,10.4,2.25,4.54,92.96,5.13
Birmingham,52.4862,-1.8904,2018-01-05,3.0,5.29,0.84,3.13,96.71,2.57
Birmingham,52.4862,-1.8904,2018-01-06,2.01,4.89,-0.82,0.92,95.53,3.24
Birmingham,52.4862,-1.8904,2018-01-07,-0.5,3.26,-2.41,0.02,93.48,4.01
Birmingham,52.4862,-1.8904,2018-01-08,-0.3,2.46,-2.66,0.2,95.16,3.17
Birmingham,52.4862,-1.8904,2018-01-09,2.5,5.33,0.64,0.84,98.2,2.84
Birmingham,52.4862,-1.8904,2018-01-10,4.67,7.7,1.77,3.22,97.02,1.63
Birmingham,52.4862,-1.8904,2018-01-11,3.12,5.22,1.37,0.32,97.97,2.08
Birmingham,52.4862,-1.8904,2018-01-12,4.19,6.05,2.8,0.31,97.06,2.1
Birmingham,52.4862,-1.8904,2018-01-13,4.25,6.08,3.0,0.19,94.33,3.91
Birmingham,52.4862,-1.8904,2018-01-14,2.31,4.14,0.83,0.56,93.05,2.82
Birmingham,52.4862,-1.8904,2018-01-15,6.01,9.13,3.43,7.28,93.79,5.51
Birmingham,52.4862,-1.8904,2018-01-16,3.04,4.39,1.3,1.73,88.57,6.1
Birmingham,52.4862,-1.8904,2018-01-17,3.18,5.13,1.26,4.15,86.39,6.36
Birmingham,52.4862,-1.8904,2018-01-18,4.57,9.86,0.68,1.06,89.11,6.0
Birmingham,52.4862,-1.8904,2018-01-19,1.6,4.41,0.09,0.26,93.97,4.06
Birmingham,52.4862,-1.8904,2018-01-20,0.61,1.27,-0.83,8.34,97.89,2.34
Birmingham,52.4862,-1.8904,2018-01-21,1.72,5.93,-0.71,10.09,98.0,2.69
Birmingham,52.4862,-1.8904,2018-01-22,4.07,6.81,2.98,0.08,97.65,2.76
Birmingham,52.4862,-1.8904,2018-01-23,7.93,11.56,3.94,1.42,95.63,5.2
Birmingham,52.4862,-1.8904,2018-01-24,7.27,11.47,4.27,7.19,92.44,6.64
Birmingham,52.4862,-1.8904,2018-01-25,4.9,7.77,3.77,0.94,94.93,4.18
Birmingham,52.4862,-1.8904,2018-01-26,4.08,7.3,1.61,0.25,93.79,1.8
Birmingham,52.4862,-1.8904,2018-01-27,6.05,9.54,1.69,2.27,97.05,4.37
Birmingham,52.4862,-1.8904,2018-01-28,9.94,12.55,8.07,0.33,92.77,5.31
Birmingham,52.4862,-1.8904,2018-01-29,6.71,10.11,0.5,2.42,91.32,4.94
Birmingham,52.4862,-1.8904,2018-01-30,2.71,7.18,-0.86,0.49,92.01,2.88
Birmingham,52.4862,-1.8904,2018-01-31,4.32,6.75,2.05,3.19,88.46,5.46
Birmingham,52.4862,-1.8904,2018-02-01,3.18,5.93,1.41,0.48,89.55,5.12
Birmingham,52.4862,-1.8904,2018-02-02,2.39,6.7,-0.72,0.04,92.71,3.18
Birmingham,52.4862,-1.8904,2018-02-03,1.78,3.47,0.94,6.09,97.32,1.77
Birmingham,52.4862,-1.8904,2018-02-04,0.62,4.31,-2.13,0.27,91.52,2.98
Birmingham,52.4862,-1.8904,2018-02-05,-0.83,3.17,-3.15,0.07,91.93,2.08
Birmingham,52.4862,-1.8904,2018-02-06,-0.7,1.88,-2.9,0.53,91.63,1.9
Birmingham,52.4862,-1.8904,2018-02-07,-0.83,3.29,-3.54,0.0,89.7,2.2
Birmingham,52.4862,-1.8904,2018-02-08,2.39,5.1,-1.91,5.89,97.53,4.47
Birmingham,52.4862,-1.8904,2018-02-09,1.96,4.46,-2.59,2.93,91.23,4.52
Birmingham,52.4862,-1.8904,2018-02-10,3.69,9.01,-2.56,3.04,97.09,5.01
Birmingham,52.4862,-1.8904,2018-02-11,2.56,5.36,-0.24,0.63,84.79,6.14
Birmingham,52.4862,-1.8904,2018-02-12,1.19,5.47,-1.63,0.04,88.55,4.02
Birmingham,52.4862,-1.8904,2018-02-13,1.26,3.85,-2.82,3.63,95.32,4.48
Birmingham,52.4862,-1.8904,2018-02-14,1.93,6.17,-2.34,4.23,94.09,4.92
Birmingham,52.4862,-1.8904,2018-02-15,4.14,6.97,0.02,0.43,85.61,4.58
Birmingham,52.4862,-1.8904,2018-02-16,2.44,7.96,-1.48,0.05,91.5,2.81
Birmingham,52.4862,-1.8904,2018-02-17,3.6,8.04,1.46,0.26,92.94,2.55
Birmingham,52.4862,-1.8904,2018-02-18,4.69,6.96,2.2,1.32,97.38,2.78
Birmingham,52.4862,-1.8904,2018-02-19,7.86,11.32,5.0,3.03,95.23,3.11
Birmingham,52.4862,-1.8904,2018-02-20,6.52,9.24,4.12,0.57,87.71,4.65
Birmingham,52.4862,-1.8904,2018-02-21,4.23,7.67,1.84,0.57,90.98,1.82
Birmingham,52.4862,-1.8904,2018-02-22,1.16,4.75,-3.66,0.27,86.0,2.3
Birmingham,52.4862,-1.8904,2018-02-23,-0.4,4.97,-4.06,0.03,85.41,3.29
Birmingham,52.4862,-1.8904,2018-02-24,-0.52,5.0,-3.62,0.02,83.38,3.76
Birmingham,52.4862,-1.8904,2018-02-25,-1.0,4.16,-3.94,0.01,79.55,3.69
Birmingham,52.4862,-1.8904,2018-02-26,-1.81,0.95,-3.62,0.13,82.05,3.56
Birmingham,52.4862,-1.8904,2018-02-27,-2.14,0.1,-3.54,0.8,85.31,2.77
Birmingham,52.4862,-1.8904,2018-02-28,-4.11,-1.81,-7.02,0.64,80.5,4.78
Birmingham,52.4862,-1.8904,2018-03-01,-3.86,-2.26,-6.39,2.5,79.08,7.56
Birmingham,52.4862,-1.8904,2018-03-02,-2.35,-0.82,-3.39,2.46,80.92,8.01
Birmingham,52.4862,-1.8904,2018-03-03,-0.46,2.53,-2.64,2.05,92.66,4.97
Birmingham,52.4862,-1.8904,2018-03-04,2.15,5.09,-0.13,3.4,98.35,2.99
Birmingham,52.4862,-1.8904,2018-03-05,2.99,8.09,0.63,6.89,95.55,2.75
Birmingham,52.4862,-1.8904,2018-03-06,3.16,6.98,0.29,1.04,92.05,1.56
Birmingham,52.4862,-1.8904,2018-03-07,2.95,8.32,0.73,1.52,91.56,2.22
Birmingham,52.4862,-1.8904,2018-03-08,3.72,7.59,0.7,2.23,90.43,4.21
Birmingham,52.4862,-1.8904,2018-03-09,3.82,7.92,0.32,8.36,92.78,2.54
Birmingham,52.4862,-1.8904,2018-03-10,8.69,12.34,5.34,5.37,95.58,3.38
Birmingham,52.4862,-1.8904,2018-03-11,7.97,12.59,4.63,4.78,90.3,3.13
Birmingham,52.4862,-1.8904,2018-03-12,5.89,8.35,3.75,8.11,95.44,2.94
Birmingham,52.4862,-1.8904,2018-03-13,5.61,10.11,1.03,0.38,87.37,1.97
Birmingham,52.4862,-1.8904,2018-03-14,6.41,11.28,1.05,0.84,84.05,5.65
Birmingham,52.4862,-1.8904,2018-03-15,7.56,11.7,5.28,7.78,90.42,4.04
Birmingham,52.4862,-1.8904,2018-03-16,7.48,11.99,3.59,2.86,86.09,2.85
Birmingham,52.4862,-1.8904,2018-03-17,-0.08,3.02,-2.35,1.8,79.05,7.02
Birmingham,52.4862,-1.8904,2018-03-18,-1.3,0.68,-2.43,1.65,78.42,6.51
Birmingham,52.4862,-1.8904,2018-03-19,0.19,4.16,-3.05,0.04,75.58,5.42
Birmingham,52.4862,-1.8904,2018-03-20,2.59,7.82,-1.66,0.4,88.47,3.15
Birmingham,52.4862,-1.8904,2018-03-21,2.85,8.64,-3.58,0.03,82.06,3.03
Birmingham,52.4862,-1.8904,2018-03-22,5.89,10.48,2.59,0.05,83.83,4.03
Birmingham,52.4862,-1.8904,2018-03-23,7.34,10.84,4.82,2.47,84.94,4.04
Birmingham,52.4862,-1.8904,2018-03-24,6.37,10.32,4.01,1.68,89.29,1.55
Birmingham,52.4862,-1.8904,2018-03-25,5.81,11.68,1.58,0.02,80.86,2.29
Birmingham,52.4862,-1.8904,2018-03-26,5.67,11.22,0.01,0.45,83.76,2.02
Birmingham,52.4862,-1.8904,2018-03-27,6.95,12.48,2.35,6.16,88.68,3.81
Birmingham,52.4862,-1.8904,2018-03-28,3.7,6.86,-0.11,4.99,90.68,2.19
Birmingham,52.4862,-1.8904,2018-03-29,3.75,7.7,-0.3,5.54,91.6,3.29
Birmingham,52.4862,-1.8904,2018-03-30,4.81,7.71,2.93,9.98,91.97,2.97
Birmingham,52.4862,-1.8904,2018-03-31,4.21,7.89,1.65,4.24,90.35,4.25
Birmingham,52.4862,-1.8904,2018-04-01,3.71,7.12,0.03,3.75,84.11,2.44
Birmingham,52.4862,-1.8904,2018-04-02,5.2,9.61,0.95,17.06,97.28,4.09
Birmingham,52.4862,-1.8904,2018-04-03,8.89,12.53,5.99,2.05,89.27,4.08
Birmingham,52.4862,-1.8904,2018-04-04,7.45,10.82,2.16,4.88,91.35,4.36
Birmingham,52.4862,-1.8904,2018-04-05,5.28,11.17,-0.82,0.01,74.59,2.94
Birmingham,52.4862,-1.8904,2018-04-06,7.65,13.34,2.4,0.01,84.71,4.2
Birmingham,52.4862,-1.8904,2018-04-07,8.55,12.87,4.78,3.82,95.3,1.83
Birmingham,52.4862,-1.8904,2018-04-08,7.7,11.6,4.34,0.69,89.03,1.21
Birmingham,52.4862,-1.8904,2018-04-09,7.99,12.5,4.65,6.98,90.17,2.41
Birmingham,52.4862,-1.8904,2018-04-10,7.71,10.45,5.35,7.66,93.93,2.67
Birmingham,52.4862,-1.8904,2018-04-11,7.05,8.07,5.61,4.18,95.55,3.03
Birmingham,52.4862,-1.8904,2018-04-12,6.44,8.64,5.08,1.79,96.14,2.88
Birmingham,52.4862,-1.8904,2018-04-13,7.57,11.09,5.11,3.42,92.61,1.77
Birmingham,52.4862,-1.8904,2018-04-14,10.39,16.16,4.57,0.1,84.08,1.54
Birmingham,52.4862,-1.8904,2018-04-15,9.67,13.36,6.69,1.86,91.14,3.59
Birmingham,52.4862,-1.8904,2018-04-16,10.2,14.44,7.42,0.15,78.8,4.66
Birmingham,52.4862,-1.8904,2018-04-17,11.21,14.0,7.99,1.15,88.16,5.89
Birmingham,52.4862,-1.8904,2018-04-18,14.54,20.65,9.62,0.15,83.0,3.9
Birmingham,52.4862,-1.8904,2018-04-19,15.39,23.04,7.76,0.01,80.61,1.81
Birmingham,52.4862,-1.8904,2018-04-20,13.01,19.29,7.46,0.02,81.11,1.84
Birmingham,52.4862,-1.8904,2018-04-21,14.22,21.68,5.97,0.8,82.56,2.61
Birmingham,52.4862,-1.8904,2018-04-22,12.8,16.99,7.2,0.65,83.23,3.76
Birmingham,52.4862,-1.8904,2018-04-23,10.19,14.05,6.75,0.19,82.79,4.53
Birmingham,52.4862,-1.8904,2018-04-24,10.02,12.96,6.72,9.09,91.73,3.93
Birmingham,52.4862,-1.8904,2018-04-25,8.29,11.86,5.17,1.1,83.98,4.22
Birmingham,52.4862,-1.8904,2018-04-26,8.01,12.06,4.25,0.17,79.02,4.0
Birmingham,52.4862,-1.8904,2018-04-27,6.33,7.89,4.98,8.55,93.95,2.34
Birmingham,52.4862,-1.8904,2018-04-28,6.65,10.06,3.66,3.47,88.33,2.88
Birmingham,52.4862,-1.8904,2018-04-29,6.54,9.86,3.58,0.32,81.53,4.03
Birmingham,52.4862,-1.8904,2018-04-30,5.67,9.82,1.97,0.0,78.6,4.39
Birmingham,52.4862,-1.8904,2018-05-01,7.41,12.63,0.5,0.45,79.24,4.38
Birmingham,52.4862,-1.8904,2018-05-02,8.46,11.94,4.29,10.53,83.0,4.78
Birmingham,52.4862,-1.8904,2018-05-03,9.03,14.4,2.86,0.02,79.33,2.33
Birmingham,52.4862,-1.8904,2018-05-04,12.51,18.11,7.05,0.07,83.77,1.8
Birmingham,52.4862,-1.8904,2018-05-05,15.18,20.93,8.12,0.01,77.06,1.32
Birmingham,52.4862,-1.8904,2018-05-06,15.97,21.55,9.2,0.0,66.82,1.31
Birmingham,52.4862,-1.8904,2018-05-07,17.75,23.96,11.17,0.0,68.44,1.36
Birmingham,52.4862,-1.8904,2018-05-08,13.97,19.76,7.38,0.06,81.6,2.46
Birmingham,52.4862,-1.8904,2018-05-09,11.12,16.15,5.48,2.47,80.99,2.4
Birmingham,52.4862,-1.8904,2018-05-10,10.08,14.49,5.66,0.71,75.77,2.78
Birmingham,52.4862,-1.8904,2018-05-11,9.97,14.43,4.59,1.8,81.89,3.64
Birmingham,52.4862,-1.8904,2018-05-12,9.66,13.37,5.74,2.19,82.08,0.85
Birmingham,52.4862,-1.8904,2018-05-13,11.29,16.92,6.38,0.29,75.28,1.53
Birmingham,52.4862,-1.8904,2018-05-14,11.59,18.19,4.01,0.0,72.11,2.23
Birmingham,52.4862,-1.8904,2018-05-15,13.33,19.61,5.68,0.02,77.39,2.75
Birmingham,52.4862,-1.8904,2018-05-16,10.22,12.09,4.45,0.62,85.26,3.67
Birmingham,52.4862,-1.8904,2018-05-17,9.19,15.39,3.19,0.03,76.23,2.22
Birmingham,52.4862,-1.8904,2018-05-18,11.2,16.82,3.46,0.0,73.43,0.83
Birmingham,52.4862,-1.8904,2018-05-19,13.98,19.74,7.1,0.0,70.24,1.01
Birmingham,52.4862,-1.8904,2018-05-20,14.91,21.16,7.39,0.0,74.94,1.7
Birmingham,52.4862,-1.8904,2018-05-21,14.52,21.33,6.56,0.21,77.75,1.76
Birmingham,52.4862,-1.8904,2018-05-22,13.73,19.49,8.6,0.05,78.55,3.43
Birmingham,52.4862,-1.8904,2018-05-23,12.44,18.81,6.59,0.02,78.82,3.39
Birmingham,52.4862,-1.8904,2018-05-24,13.45,20.06,7.85,1.91,80.39,3.16
Birmingham,52.4862,-1.8904,2018-05-25,13.3,17.41,10.56,19.28,92.62,2.42
Birmingham,52.4862,-1.8904,2018-05-26,14.58,19.47,10.25,0.25,81.71,3.96
Birmingham,52.4862,-1.8904,2018-05-27,16.66,22.13,10.3,4.37,85.63,3.04
Birmingham,52.4862,-1.8904,2018-05-28,17.09,23.07,10.44,0.18,84.85,2.21
Birmingham,52.4862,-1.8904,2018-05-29,16.15,21.45,10.56,1.26,84.59,3.87
Birmingham,52.4862,-1.8904,2018-05-30,14.59,18.31,11.47,12.68,91.68,1.92
Birmingham,52.4862,-1.8904,2018-05-31,17.36,22.07,11.47,2.43,86.4,1.52
Birmingham,52.4862,-1.8904,2018-06-01,17.9,22.0,13.25,3.23,85.92,1.49
Birmingham,52.4862,-1.8904,2018-06-02,16.98,20.73,13.69,1.88,85.52,1.7
Birmingham,52.4862,-1.8904,2018-06-03,17.93,23.28,10.72,0.06,80.22,1.27
Birmingham,52.4862,-1.8904,2018-06-04,16.06,19.89,12.11,0.85,86.68,2.66
Birmingham,52.4862,-1.8904,2018-06-05,14.13,18.89,9.42,0.1,79.92,2.54
Birmingham,52.4862,-1.8904,2018-06-06,13.87,19.69,6.92,0.02,81.28,1.78
Birmingham,52.4862,-1.8904,2018-06-07,14.67,18.7,9.59,1.0,82.58,1.83
Birmingham,52.4862,-1.8904,2018-06-08,14.55,17.66,11.75,1.9,85.82,1.63
Birmingham,52.4862,-1.8904,2018-06-09,15.07,19.8,9.84,0.06,82.34,1.43
Birmingham,52.4862,-1.8904,2018-06-10,15.36,20.13,9.29,0.04,79.98,1.39
Birmingham,52.4862,-1.8904,2018-06-11,16.24,22.4,9.76,0.06,75.35,1.92
Birmingham,52.4862,-1.8904,2018-06-12,14.52,18.52,9.99,0.23,81.29,2.2
Birmingham,52.4862,-1.8904,2018-06-13,15.42,19.42,10.85,0.67,80.52,2.92
Birmingham,52.4862,-1.8904,2018-06-14,15.2,18.66,10.37,0.44,77.09,4.93
Birmingham,52.4862,-1.8904,2018-06-15,13.45,17.09,8.93,0.15,78.53,2.25
Birmingham,52.4862,-1.8904,2018-06-16,13.88,18.67,9.48,1.18,80.95,3.63
Birmingham,52.4862,-1.8904,2018-06-17,14.63,17.34,10.63,0.71,84.81,3.7
Birmingham,52.4862,-1.8904,2018-06-18,16.64,20.64,11.77,0.21,81.1,4.33
Birmingham,52.4862,-1.8904,2018-06-19,17.81,21.98,12.94,0.47,84.27,3.27
Birmingham,52.4862,-1.8904,2018-06-20,16.4,21.44,10.47,0.34,81.22,4.49
Birmingham,52.4862,-1.8904,2018-06-21,12.39,16.61,8.28,0.01,71.06,4.1
Birmingham,52.4862,-1.8904,2018-06-22,13.68,19.47,7.72,0.0,72.38,2.29
Birmingham,52.4862,-1.8904,2018-06-23,14.1,18.63,7.97,0.0,78.71,2.16
Birmingham,52.4862,-1.8904,2018-06-24,16.34,22.42,7.33,0.0,70.84,1.08
Birmingham,52.4862,-1.8904,2018-06-25,18.45,24.73,10.61,0.0,68.94,1.59
Birmingham,52.4862,-1.8904,2018-06-26,18.4,24.89,11.02,0.01,71.83,1.87
Birmingham,52.4862,-1.8904,2018-06-27,16.71,23.67,9.2,0.01,74.15,2.36
Birmingham,52.4862,-1.8904,2018-06-28,17.13,24.39,8.68,0.03,78.48,2.26
Birmingham,52.4862,-1.8904,2018-06-29,17.16,24.06,9.66,0.0,73.91,2.72
Birmingham,52.4862,-1.8904,2018-06-30,17.38,24.16,9.92,0.04,75.31,3.29
Birmingham,52.4862,-1.8904,2018-07-01,18.69,25.59,10.9,0.03,75.69,2.74
Birmingham,52.4862,-1.8904,2018-07-02,18.16,23.96,12.26,0.03,70.27,3.6
Birmingham,52.4862,-1.8904,2018-07-03,16.74,22.64,10.35,0.02,70.73,3.47
Birmingham,52.4862,-1.8904,2018-07-04,17.5,23.03,8.87,0.02,69.06,0.98
Birmingham,52.4862,-1.8904,2018-07-05,19.78,25.51,14.12,0.0,71.24,2.08
Birmingham,52.4862,-1.8904,2018-07-06,19.06,24.82,12.24,0.01,76.34,1.54
Birmingham,52.4862,-1.8904,2018-07-07,19.63,25.33,13.06,0.02,76.74,1.92
Birmingham,52.4862,-1.8904,2018-07-08,20.52,26.18,13.6,0.0,76.31,1.94
Birmingham,52.4862,-1.8904,2018-07-09,19.54,23.73,14.17,0.17,79.78,2.31
Birmingham,52.4862,-1.8904,2018-07-10,16.91,21.81,11.58,0.02,76.46,2.24
Birmingham,52.4862,-1.8904,2018-07-11,17.36,22.91,10.5,0.09,77.06,1.37
Birmingham,52.4862,-1.8904,2018-07-12,17.49,21.97,11.82,0.37,78.69,1.31
Birmingham,52.4862,-1.8904,2018-07-13,18.34,22.7,12.21,1.21,76.73,1.45
Birmingham,52.4862,-1.8904,2018-07-14,19.14,24.39,13.64,0.16,74.6,1.44
Birmingham,52.4862,-1.8904,2018-07-15,18.89,24.62,12.31,0.01,75.53,1.79
Birmingham,52.4862,-1.8904,2018-07-16,18.68,23.3,13.12,0.47,75.9,2.0
Birmingham,52.4862,-1.8904,2018-07-17,16.4,20.72,10.78,0.27,76.48,2.49
Birmingham,52.4862,-1.8904,2018-07-18,17.89,22.18,12.41,0.47,74.95,1.47
Birmingham,52.4862,-1.8904,2018-07-19,19.15,23.6,14.45,0.03,72.38,1.12
Birmingham,52.4862,-1.8904,2018-07-20,17.18,21.67,11.74,0.7,75.49,1.38
Birmingham,52.4862,-1.8904,2018-07-21,18.18,23.3,12.55,0.34,79.91,1.23
Birmingham,52.4862,-1.8904,2018-07-22,19.66,24.66,13.47,0.23,80.69,1.61
Birmingham,52.4862,-1.8904,2018-07-23,22.11,27.31,17.18,0.11,78.2,2.03
Birmingham,52.4862,-1.8904,2018-07-24,19.65,25.02,14.57,0.16,78.02,2.36
Birmingham,52.4862,-1.8904,2018-07-25,18.72,23.68,12.23,0.0,69.42,0.95
Birmingham,52.4862,-1.8904,2018-07-26,21.71,28.49,14.02,0.41,74.3,1.83
Birmingham,52.4862,-1.8904,2018-07-27,21.06,26.81,15.73,1.47,74.16,2.4
Birmingham,52.4862,-1.8904,2018-07-28,16.0,17.73,13.01,4.29,79.93,5.21
Birmingham,52.4862,-1.8904,2018-07-29,17.18,23.55,12.96,8.81,86.48,5.81
Birmingham,52.4862,-1.8904,2018-07-30,17.68,22.86,13.37,2.88,83.35,3.17
Birmingham,52.4862,-1.8904,2018-07-31,16.51,21.82,11.05,0.93,76.6,2.56
Birmingham,52.4862,-1.8904,2018-08-01,17.35,22.28,11.34,0.04,77.74,2.48
Birmingham,52.4862,-1.8904,2018-08-02,20.07,26.01,14.01,0.18,81.43,2.71
Birmingham,52.4862,-1.8904,2018-08-03,20.7,25.79,14.97,0.34,82.71,1.85
Birmingham,52.4862,-1.8904,2018-08-04,18.59,23.75,13.78,0.05,79.22,2.3
Birmingham,52.4862,-1.8904,2018-08-05,19.64,26.78,11.68,0.01,75.8,1.7
Birmingham,52.4862,-1.8904,2018-08-06,19.55,24.92,13.57,0.0,77.4,1.57
Birmingham,52.4862,-1.8904,2018-08-07,19.42,24.97,13.58,0.19,75.72,2.05
Birmingham,52.4862,-1.8904,2018-08-08,16.01,20.66,11.1,0.75,74.2,2.81
Birmingham,52.4862,-1.8904,2018-08-09,14.88,18.66,10.69,0.2,71.6,1.3
Birmingham,52.4862,-1.8904,2018-08-10,12.82,16.56,8.79,7.88,78.43,2.53
Birmingham,52.4862,-1.8904,2018-08-11,14.76,20.27,6.76,4.14,79.29,3.18
Birmingham,52.4862,-1.8904,2018-08-12,16.76,20.52,14.38,15.53,91.05,3.56
Birmingham,52.4862,-1.8904,2018-08-13,17.08,21.79,12.74,1.65,84.51,3.0
Birmingham,52.4862,-1.8904,2018-08-14,17.3,22.52,11.08,0.21,82.6,2.85
Birmingham,52.4862,-1.8904,2018-08-15,18.56,23.79,13.8,0.11,81.52,4.55
Birmingham,52.4862,-1.8904,2018-08-16,15.67,19.23,11.18,8.29,80.46,3.46
Birmingham,52.4862,-1.8904,2018-08-17,14.61,19.42,9.49,0.07,82.19,3.4
Birmingham,52.4862,-1.8904,2018-08-18,17.99,23.11,13.26,0.14,83.38,3.87
Birmingham,52.4862,-1.8904,2018-08-19,18.9,23.46,15.2,0.53,84.81,3.93
Birmingham,52.4862,-1.8904,2018-08-20,19.08,24.49,14.15,1.31,85.75,1.98
Birmingham,52.4862,-1.8904,2018-08-21,18.9,23.84,14.52,0.4,82.81,1.54
Birmingham,52.4862,-1.8904,2018-08-22,18.75,24.05,13.73,1.51,84.53,2.8
Birmingham,52.4862,-1.8904,2018-08-23,15.09,19.37,10.17,4.82,79.87,2.87
Birmingham,52.4862,-1.8904,2018-08-24,11.89,15.74,8.69,3.31,80.36,4.06
Birmingham,52.4862,-1.8904,2018-08-25,12.52,16.84,8.48,1.18,77.22,2.86
Birmingham,52.4862,-1.8904,2018-08-26,13.29,19.18,8.67,11.71,89.58,3.93
Birmingham,52.4862,-1.8904,2018-08-27,14.6,18.66,10.86,0.23,81.4,3.67
Birmingham,52.4862,-1.8904,2018-08-28,14.68,19.9,9.99,0.02,81.55,1.7
Birmingham,52.4862,-1.8904,2018-08-29,13.62,18.21,9.41,0.7,81.89,2.58
Birmingham,52.4862,-1.8904,2018-08-30,12.3,17.46,6.86,0.01,75.87,1.33
Birmingham,52.4862,-1.8904,2018-08-31,13.4,19.92,6.18,0.01,74.52,1.6
Birmingham,52.4862,-1.8904,2018-09-01,16.2,22.91,8.37,0.05,79.51,2.28
Birmingham,52.4862,-1.8904,2018-09-02,17.63,23.32,11.19,0.01,73.83,2.05
Birmingham,52.4862,-1.8904,2018-09-03,16.46,20.64,12.4,1.25,84.42,2.1
Birmingham,52.4862,-1.8904,2018-09-04,14.25,17.39,12.01,1.17,88.27,2.3
Birmingham,52.4862,-1.8904,2018-09-05,14.48,19.42,9.3,0.06,77.04,2.34
Birmingham,52.4862,-1.8904,2018-09-06,11.94,16.34,7.85,2.8,86.72,2.33
Birmingham,52.4862,-1.8904,2018-09-07,11.64,16.94,7.16,0.1,77.44,3.2
Birmingham,52.4862,-1.8904,2018-09-08,13.64,19.15,8.38,2.37,88.93,3.42
Birmingham,52.4862,-1.8904,2018-09-09,14.98,19.61,11.9,0.61,85.6,4.07
Birmingham,52.4862,-1.8904,2018-09-10,14.43,17.79,9.54,0.39,80.21,3.86
Birmingham,52.4862,-1.8904,2018-09-11,16.17,18.88,12.61,2.63,85.03,3.8
Birmingham,52.4862,-1.8904,2018-09-12,12.48,16.98,8.48,1.13,80.3,1.86
Birmingham,52.4862,-1.8904,2018-09-13,11.99,17.74,6.35,0.08,78.87,2.44
Birmingham,52.4862,-1.8904,2018-09-14,12.42,17.08,9.05,0.59,86.75,3.41
Birmingham,52.4862,-1.8904,2018-09-15,13.59,18.7,8.58,0.32,82.57,2.96
Birmingham,52.4862,-1.8904,2018-09-16,16.11,21.45,11.72,0.64,87.21,4.35
Birmingham,52.4862,-1.8904,2018-09-17,17.19,22.79,13.47,0.68,82.66,4.11
Birmingham,52.4862,-1.8904,2018-09-18,17.05,20.85,13.58,0.46,82.84,6.32
Birmingham,52.4862,-1.8904,2018-09-19,15.78,21.01,11.37,1.09,79.48,5.93
Birmingham,52.4862,-1.8904,2018-09-20,15.06,18.85,11.13,19.59,91.61,4.78
Birmingham,52.4862,-1.8904,2018-09-21,10.66,13.97,7.72,2.56,80.47,6.27
Birmingham,52.4862,-1.8904,2018-09-22,9.79,12.65,7.53,3.39,86.8,2.09
Birmingham,52.4862,-1.8904,2018-09-23,8.74,13.26,5.57,4.56,82.98,3.46
Birmingham,52.4862,-1.8904,2018-09-24,8.81,14.49,3.75,0.0,78.82,2.07
Birmingham,52.4862,-1.8904,2018-09-25,10.0,16.37,3.49,0.0,75.85,2.61
Birmingham,52.4862,-1.8904,2018-09-26,13.92,21.28,8.0,0.05,86.69,2.72
Birmingham,52.4862,-1.8904,2018-09-27,13.99,20.79,9.55,0.04,80.87,2.35
Birmingham,52.4862,-1.8904,2018-09-28,10.08,15.01,5.6,0.02,77.07,2.31
Birmingham,52.4862,-1.8904,2018-09-29,8.62,15.65,3.17,0.0,82.7,1.81
Birmingham,52.4862,-1.8904,2018-09-30,8.78,14.04,5.47,0.07,85.39,3.01
Birmingham,52.4862,-1.8904,2018-10-01,9.17,13.91,5.06,1.35,80.16,3.1
Birmingham,52.4862,-1.8904,2018-10-02,12.69,17.07,8.71,0.25,88.71,4.16
Birmingham,52.4862,-1.8904,2018-10-03,12.6,18.06,8.74,0.11,88.86,2.31
Birmingham,52.4862,-1.8904,2018-10-04,13.29,19.2,9.48,0.2,89.41,2.91
Birmingham,52.4862,-1.8904,2018-10-05,12.98,17.62,10.02,1.76,90.68,2.02
Birmingham,52.4862,-1.8904,2018-10-06,6.76,10.02,2.8,8.86,88.94,3.81
Birmingham,52.4862,-1.8904,2018-10-07,7.14,12.08,1.47,0.02,82.05,2.18
Birmingham,52.4862,-1.8904,2018-10-08,11.98,17.0,7.93,0.09,86.54,3.81
Birmingham,52.4862,-1.8904,2018-10-09,12.34,18.47,8.73,0.07,84.6,3.5
Birmingham,52.4862,-1.8904,2018-10-10,13.67,21.71,7.61,0.13,86.94,3.06
Birmingham,52.4862,-1.8904,2018-10-11,13.8,18.97,9.72,2.0,90.6,4.12
Birmingham,52.4862,-1.8904,2018-10-12,15.18,18.64,10.42,6.27,88.06,8.04
Birmingham,52.4862,-1.8904,2018-10-13,17.95,22.39,13.95,2.38,83.76,7.51
Birmingham,52.4862,-1.8904,2018-10-14,9.9,13.2,7.48,21.17,92.6,2.96
Birmingham,52.4862,-1.8904,2018-10-15,9.3,11.33,7.5,7.68,94.59,3.35
Birmingham,52.4862,-1.8904,2018-10-16,12.13,16.89,9.16,0.52,91.35,2.72
Birmingham,52.4862,-1.8904,2018-10-17,11.23,15.14,7.35,0.24,91.14,1.74
Birmingham,52.4862,-1.8904,2018-10-18,8.12,13.43,4.18,0.05,88.54,1.81
Birmingham,52.4862,-1.8904,2018-10-19,8.48,14.41,4.33,0.08,90.32,1.43
Birmingham,52.4862,-1.8904,2018-10-20,10.71,16.92,6.29,0.07,91.86,1.76
Birmingham,52.4862,-1.8904,2018-10-21,10.82,17.53,6.5,0.22,90.7,2.86
Birmingham,52.4862,-1.8904,2018-10-22,7.44,12.71,3.57,0.0,83.75,2.49
Birmingham,52.4862,-1.8904,2018-10-23,9.93,14.65,5.71,0.06,87.64,4.62
Birmingham,52.4862,-1.8904,2018-10-24,9.5,13.76,6.49,0.06,87.58,3.11
Birmingham,52.4862,-1.8904,2018-10-25,9.31,12.72,7.92,0.18,88.82,2.44
Birmingham,52.4862,-1.8904,2018-10-26,6.43,8.21,3.37,1.02,89.13,3.71
Birmingham,52.4862,-1.8904,2018-10-27,2.8,5.53,1.22,1.95,89.17,4.42
Birmingham,52.4862,-1.8904,2018-10-28,3.99,8.55,0.75,0.47,87.65,3.84
Birmingham,52.4862,-1.8904,2018-10-29,2.73,7.59,-0.46,0.1,87.12,2.41
Birmingham,52.4862,-1.8904,2018-10-30,2.37,7.51,-0.89,0.27,95.24,3.1
Birmingham,52.4862,-1.8904,2018-10-31,4.65,11.9,-2.17,0.08,88.13,2.91
Birmingham,52.4862,-1.8904,2018-11-01,5.93,9.89,1.22,1.5,91.49,2.42
Birmingham,52.4862,-1.8904,2018-11-02,4.45,10.46,0.43,0.02,86.26,2.19
Birmingham,52.4862,-1.8904,2018-11-03,8.58,12.77,3.62,0.31,88.59,5.74
Birmingham,52.4862,-1.8904,2018-11-04,9.51,11.71,6.72,1.96,94.82,3.83
Birmingham,52.4862,-1.8904,2018-11-05,8.62,11.64,6.73,0.22,96.79,2.35
Birmingham,52.4862,-1.8904,2018-11-06,10.91,14.82,8.01,0.71,92.26,4.42
Birmingham,52.4862,-1.8904,2018-11-07,10.23,13.01,6.0,8.65,92.62,5.4
Birmingham,52.4862,-1.8904,2018-11-08,7.39,12.41,4.36,0.87,91.92,4.45
Birmingham,52.4862,-1.8904,2018-11-09,8.49,11.77,5.74,9.54,91.25,5.9
Birmingham,52.4862,-1.8904,2018-11-10,8.89,11.06,7.41,2.68,96.44,3.67
Birmingham,52.4862,-1.8904,2018-11-11,8.13,11.45,6.47,0.73,92.89,3.99
Birmingham,52.4862,-1.8904,2018-11-12,8.79,12.62,6.96,1.1,92.41,4.65
Birmingham,52.4862,-1.8904,2018-11-13,8.69,12.21,6.62,0.25,91.58,3.99
Birmingham,52.4862,-1.8904,2018-11-14,9.52,12.83,7.41,0.13,92.11,4.39
Birmingham,52.4862,-1.8904,2018-11-15,10.48,14.05,7.53,0.29,94.65,2.98
Birmingham,52.4862,-1.8904,2018-11-16,10.24,12.54,8.31,0.5,96.41,2.13
Birmingham,52.4862,-1.8904,2018-11-17,6.9,10.22,4.24,0.21,93.03,3.3
Birmingham,52.4862,-1.8904,2018-11-18,5.37,10.08,3.34,0.1,89.77,3.7
Birmingham,52.4862,-1.8904,2018-11-19,5.09,8.19,2.89,0.57,90.91,4.11
Birmingham,52.4862,-1.8904,2018-11-20,2.99,4.93,1.79,1.77,94.36,4.15
Birmingham,52.4862,-1.8904,2018-11-21,2.58,5.21,-0.32,2.0,95.78,3.23
Birmingham,52.4862,-1.8904,2018-11-22,1.59,4.75,-1.59,0.28,96.99,1.94
Birmingham,52.4862,-1.8904,2018-11-23,3.91,6.23,1.25,0.62,97.23,2.58
Birmingham,52.4862,-1.8904,2018-11-24,6.15,8.01,4.47,0.3,95.97,3.48
Birmingham,52.4862,-1.8904,2018-11-25,4.51,6.96,3.01,0.41,97.02,2.53
Birmingham,52.4862,-1.8904,2018-11-26,3.97,6.78,2.84,0.3,96.7,1.81
Birmingham,52.4862,-1.8904,2018-11-27,3.67,7.29,1.27,8.61,97.53,3.5
Birmingham,52.4862,-1.8904,2018-11-28,9.68,12.94,5.04,3.14,94.73,6.25
Birmingham,52.4862,-1.8904,2018-11-29,9.54,12.55,7.71,4.53,91.82,6.61
Birmingham,52.4862,-1.8904,2018-11-30,6.47,9.04,4.87,0.19,93.03,4.14
Birmingham,52.4862,-1.8904,2018-12-01,8.38,11.66,5.22,4.19,96.44,4.2
Birmingham,52.4862,-1.8904,2018-12-02,10.83,12.48,8.92,3.3,94.64,4.87
Birmingham,52.4862,-1.8904,2018-12-03,7.28,10.26,2.75,3.09,96.37,3.11
Birmingham,52.4862,-1.8904,2018-12-04,3.33,5.47,1.84,1.06,97.12,1.5
Birmingham,52.4862,-1.8904,2018-12-05,7.82,10.87,3.05,10.48,97.22,3.34
Birmingham,52.4862,-1.8904,2018-12-06,10.03,11.29,8.46,2.9,96.63,3.73
Birmingham,52.4862,-1.8904,2018-12-07,8.25,11.27,5.06,9.13,87.9,5.92
Birmingham,52.4862,-1.8904,2018-12-08,8.03,10.53,6.39,2.41,86.67,7.27
Birmingham,52.4862,-1.8904,2018-12-09,6.9,8.86,4.89,2.43,92.85,4.73
Birmingham,52.4862,-1.8904,2018-12-10,5.13,8.17,3.53,0.21,96.29,2.23
Birmingham,52.4862,-1.8904,2018-12-11,4.91,7.93,3.11,0.52,96.8,2.31
Birmingham,52.4862,-1.8904,2018-12-12,3.68,6.68,-0.74,0.87,94.86,3.81
Birmingham,52.4862,-1.8904,2018-12-13,0.2,4.2,-2.8,0.03,93.51,3.91
Birmingham,52.4862,-1.8904,2018-12-14,-1.37,2.51,-2.64,0.05,95.12,2.28
Birmingham,52.4862,-1.8904,2018-12-15,0.7,5.2,-2.25,13.91,92.94,6.34
Birmingham,52.4862,-1.8904,2018-12-16,3.89,5.02,2.29,2.05,97.87,3.21
Birmingham,52.4862,-1.8904,2018-12-17,4.69,6.93,1.76,0.21,98.16,3.38
Birmingham,52.4862,-1.8904,2018-12-18,7.15,8.88,5.25,10.9,94.87,5.95
Birmingham,52.4862,-1.8904,2018-12-19,5.53,6.63,4.5,4.44,97.36,3.46
Birmingham,52.4862,-1.8904,2018-12-20,6.28,8.07,5.05,1.31,96.27,4.03
Birmingham,52.4862,-1.8904,2018-12-21,7.66,9.66,5.62,9.07,95.26,4.19
Birmingham,52.4862,-1.8904,2018-12-22,6.61,9.27,5.11,0.35,96.29,3.53
Birmingham,52.4862,-1.8904,2018-12-23,5.7,6.92,5.16,7.38,97.35,1.86
Birmingham,52.4862,-1.8904,2018-12-24,3.9,5.44,2.7,0.32,97.53,1.49
Birmingham,52.4862,-1.8904,2018-12-25,5.74,7.31,3.8,0.28,98.58,1.88
Birmingham,52.4862,-1.8904,2018-12-26,6.68,7.81,6.07,0.17,99.04,1.62
Birmingham,52.4862,-1.8904,2018-12-27,5.92,7.93,4.69,0.08,97.82,0.94
Birmingham,52.4862,-1.8904,2018-12-28,6.52,8.87,4.71,0.23,97.48,1.96
Birmingham,52.4862,-1.8904,2018-12-29,8.34,11.48,4.82,0.22,96.62,3.36
Birmingham,52.4862,-1.8904,2018-12-30,6.67,9.72,3.67,0.26,98.52,1.95
Birmingham,52.4862,-1.8904,2018-12-31,6.53,8.65,3.93,0.14,95.58,2.31
Birmingham,52.4862,-1.8904,2019-01-01,5.56,9.31,0.23,0.07,93.82,2.89
Birmingham,52.4862,-1.8904,2019-01-02,0.63,4.42,-2.21,0.04,88.53,1.04
Birmingham,52.4862,-1.8904,2019-01-03,0.83,3.38,-1.48,0.02,78.54,0.4
Birmingham,52.4862,-1.8904,2019-01-04,-1.57,1.64,-3.63,0.01,94.48,1.2
Birmingham,52.4862,-1.8904,2019-01-05,0.87,3.12,-1.41,0.17,98.29,1.78
Birmingham,52.4862,-1.8904,2019-01-06,3.49,5.97,1.86,0.12,99.18,1.54
Birmingham,52.4862,-1.8904,2019-01-07,6.0,9.56,3.14,0.35,95.14,4.26
Birmingham,52.4862,-1.8904,2019-01-08,4.57,7.55,1.99,0.03,92.12,3.92
Birmingham,52.4862,-1.8904,2019-01-09,0.78,4.2,-1.41,0.02,94.77,2.73
Birmingham,52.4862,-1.8904,2019-01-10,2.01,5.52,-1.74,0.48,97.92,2.23
Birmingham,52.4862,-1.8904,2019-01-11,4.07,6.15,2.79,0.18,97.98,2.45
Birmingham,52.4862,-1.8904,2019-01-12,7.21,8.55,3.77,0.75,94.14,4.93
Birmingham,52.4862,-1.8904,2019-01-13,8.03,10.02,5.49,0.18,86.68,6.48
Birmingham,52.4862,-1.8904,2019-01-14,5.6,7.81,2.87,0.21,89.78,3.6
Birmingham,52.4862,-1.8904,2019-01-15,6.44,8.72,3.42,0.33,95.98,3.77
Birmingham,52.4862,-1.8904,2019-01-16,5.69,8.43,2.4,2.94,95.88,4.02
Birmingham,52.4862,-1.8904,2019-01-17,0.85,3.85,-1.4,0.53,88.21,2.99
Birmingham,52.4862,-1.8904,2019-01-18,0.2,1.99,-1.85,2.31,91.57,3.41
Birmingham,52.4862,-1.8904,2019-01-19,1.85,3.91,0.05,1.99,97.15,3.06
Birmingham,52.4862,-1.8904,2019-01-20,0.87,4.55,-1.05,0.16,96.57,0.82
Birmingham,52.4862,-1.8904,2019-01-21,2.38,3.45,0.77,3.64,97.8,2.75
Birmingham,52.4862,-1.8904,2019-01-22,0.82,3.34,-0.65,2.91,96.96,2.73
Birmingham,52.4862,-1.8904,2019-01-23,-0.66,2.81,-2.21,0.35,96.08,2.01
Birmingham,52.4862,-1.8904,2019-01-24,1.54,3.9,-0.99,0.86,98.57,1.37
Birmingham,52.4862,-1.8904,2019-01-25,7.22,10.2,2.8,0.85,97.06,3.45
Birmingham,52.4862,-1.8904,2019-01-26,6.82,8.4,5.48,2.29,96.13,4.56
Birmingham,52.4862,-1.8904,2019-01-27,3.55,5.42,1.17,3.88,82.77,7.18
Birmingham,52.4862,-1.8904,2019-01-28,-0.02,4.45,-2.35,0.01,89.16,2.98
Birmingham,52.4862,-1.8904,2019-01-29,0.83,3.65,-1.08,4.73,97.16,3.07
Birmingham,52.4862,-1.8904,2019-01-30,-0.71,3.01,-2.24,0.22,95.9,1.87
Birmingham,52.4862,-1.8904,2019-01-31,-1.01,1.47,-3.13,0.25,93.08,2.98
Birmingham,52.4862,-1.8904,2019-02-01,0.08,2.28,-1.57,0.53,92.55,4.68
Birmingham,52.4862,-1.8904,2019-02-02,-0.71,3.41,-3.75,0.14,93.53,3.6
Birmingham,52.4862,-1.8904,2019-02-03,0.09,4.5,-4.12,0.21,96.34,2.95
Birmingham,52.4862,-1.8904,2019-02-04,4.23,8.63,1.56,5.16,95.11,3.41
Birmingham,52.4862,-1.8904,2019-02-05,4.11,8.61,-0.36,2.42,97.95,3.69
Birmingham,52.4862,-1.8904,2019-02-06,5.47,8.7,3.23,1.35,97.33,2.69
Birmingham,52.4862,-1.8904,2019-02-07,5.07,7.81,3.4,3.04,89.64,6.02
Birmingham,52.4862,-1.8904,2019-02-08,7.64,10.74,5.25,4.84,91.58,7.26
Birmingham,52.4862,-1.8904,2019-02-09,6.0,8.87,4.5,0.98,83.28,6.97
Birmingham,52.4862,-1.8904,2019-02-10,4.04,6.75,1.71,6.48,90.64,3.77
Birmingham,52.4862,-1.8904,2019-02-11,3.98,8.84,0.07,0.03,89.74,2.08
Birmingham,52.4862,-1.8904,2019-02-12,4.97,8.42,0.29,0.24,97.14,3.2
Birmingham,52.4862,-1.8904,2019-02-13,6.83,10.55,4.4,0.06,92.45,3.72
Birmingham,52.4862,-1.8904,2019-02-14,4.85,10.6,2.25,0.15,92.09,2.69
Birmingham,52.4862,-1.8904,2019-02-15,6.06,12.61,2.41,0.07,90.81,3.57
Birmingham,52.4862,-1.8904,2019-02-16,8.68,12.41,5.03,0.22,93.27,4.13
Birmingham,52.4862,-1.8904,2019-02-17,8.09,12.78,5.13,0.22,92.36,4.81
Birmingham,52.4862,-1.8904,2019-02-18,6.39,9.02,3.77,0.52,93.65,4.08
Birmingham,52.4862,-1.8904,2019-02-19,6.11,9.18,4.14,0.49,88.94,3.92
Birmingham,52.4862,-1.8904,2019-02-20,7.56,11.81,4.75,0.41,89.4,4.7
Birmingham,52.4862,-1.8904,2019-02-21,8.8,14.5,6.06,0.12,91.06,3.43
Birmingham,52.4862,-1.8904,2019-02-22,7.54,13.52,4.79,0.07,89.91,2.71
Birmingham,52.4862,-1.8904,2019-02-23,8.24,14.47,5.24,0.07,92.11,2.74
Birmingham,52.4862,-1.8904,2019-02-24,7.71,14.15,3.26,0.16,91.04,1.31
Birmingham,52.4862,-1.8904,2019-02-25,5.85,14.84,-0.62,0.04,83.71,1.62
Birmingham,52.4862,-1.8904,2019-02-26,7.3,16.19,2.25,0.0,81.74,1.44
Birmingham,52.4862,-1.8904,2019-02-27,7.57,15.23,2.99,0.05,88.17,1.63
Birmingham,52.4862,-1.8904,2019-02-28,7.2,10.94,4.63,3.44,94.94,2.05
Birmingham,52.4862,-1.8904,2019-03-01,7.4,11.28,5.04,0.3,92.56,2.26
Birmingham,52.4862,-1.8904,2019-03-02,8.79,12.31,5.78,2.1,87.82,5.04
Birmingham,52.4862,-1.8904,2019-03-03,7.69,10.85,5.03,5.59,91.72,5.8
Birmingham,52.4862,-1.8904,2019-03-04,4.95,8.92,2.4,0.55,84.02,5.41
Birmingham,52.4862,-1.8904,2019-03-05,6.18,10.61,2.13,7.2,86.55,4.57
Birmingham,52.4862,-1.8904,2019-03-06,8.83,12.68,4.36,9.07,89.63,5.93
Birmingham,52.4862,-1.8904,2019-03-07,5.11,7.47,2.68,2.95,90.59,5.87
Birmingham,52.4862,-1.8904,2019-03-08,5.77,8.55,2.71,2.91,90.05,4.25
Birmingham,52.4862,-1.8904,2019-03-09,6.37,10.71,3.52,1.78,84.43,5.31
Birmingham,52.4862,-1.8904,2019-03-10,3.58,7.4,0.96,8.87,84.03,5.62
Birmingham,52.4862,-1.8904,2019-03-11,5.32,9.24,2.22,1.15,77.87,5.69
Birmingham,52.4862,-1.8904,2019-03-12,6.15,8.69,4.2,11.44,87.77,7.02
Birmingham,52.4862,-1.8904,2019-03-13,6.8,9.53,4.99,1.22,79.79,7.73
Birmingham,52.4862,-1.8904,2019-03-14,8.27,11.19,5.68,5.93,81.89,6.56
Birmingham,52.4862,-1.8904,2019-03-15,9.42,12.23,5.51,1.64,82.57,6.07
Birmingham,52.4862,-1.8904,2019-03-16,8.79,11.05,4.59,8.44,90.77,7.02
Birmingham,52.4862,-1.8904,2019-03-17,4.69,7.15,2.36,0.97,84.71,4.77
Birmingham,52.4862,-1.8904,2019-03-18,5.55,8.12,2.55,0.77,91.39,2.56
Birmingham,52.4862,-1.8904,2019-03-19,8.1,12.52,4.95,0.35,90.75,2.11
Birmingham,52.4862,-1.8904,2019-03-20,10.15,16.06,6.56,0.05,89.2,2.48
Birmingham,52.4862,-1.8904,2019-03-21,10.67,16.28,6.5,0.13,88.01,1.79
Birmingham,52.4862,-1.8904,2019-03-22,10.45,13.95,8.55,0.25,85.7,3.57
Birmingham,52.4862,-1.8904,2019-03-23,7.13,10.6,4.44,0.01,77.67,1.73
Birmingham,52.4862,-1.8904,2019-03-24,6.56,11.52,0.61,0.04,76.98,3.08
Birmingham,52.4862,-1.8904,2019-03-25,6.25,12.14,1.26,0.01,79.05,2.92
Birmingham,52.4862,-1.8904,2019-03-26,5.95,12.76,0.09,0.02,83.49,2.42
Birmingham,52.4862,-1.8904,2019-03-27,6.79,12.48,1.53,0.0,83.87,1.95
Birmingham,52.4862,-1.8904,2019-03-28,7.66,14.39,1.68,0.01,80.62,1.01
Birmingham,52.4862,-1.8904,2019-03-29,7.95,14.96,1.53,0.02,85.53,1.76
Birmingham,52.4862,-1.8904,2019-03-30,8.35,13.93,4.55,0.01,84.12,1.66
Birmingham,52.4862,-1.8904,2019-03-31,7.2,11.97,1.72,0.12,78.42,3.7
Birmingham,52.4862,-1.8904,2019-04-01,6.6,13.32,0.37,0.01,77.79,2.34
Birmingham,52.4862,-1.8904,2019-04-02,5.04,8.09,1.65,4.85,85.48,2.64
Birmingham,52.4862,-1.8904,2019-04-03,2.95,6.51,0.18,1.46,88.62,1.47
Birmingham,52.4862,-1.8904,2019-04-04,3.67,6.63,-0.05,10.3,93.38,5.3
Birmingham,52.4862,-1.8904,2019-04-05,7.16,11.84,3.19,0.7,82.56,4.22
Birmingham,52.4862,-1.8904,2019-04-06,6.92,12.43,2.75,0.02,80.02,2.92
Birmingham,52.4862,-1.8904,2019-04-07,9.07,14.81,3.43,0.25,85.84,2.36
Birmingham,52.4862,-1.8904,2019-04-08,9.63,15.28,5.96,2.09,87.81,2.35
Birmingham,52.4862,-1.8904,2019-04-09,7.74,12.71,3.09,0.55,80.22,4.22
Birmingham,52.4862,-1.8904,2019-04-10,5.41,12.04,-0.3,0.0,76.23,3.24
Birmingham,52.4862,-1.8904,2019-04-11,4.3,11.26,-3.07,0.0,75.15,1.7
Birmingham,52.4862,-1.8904,2019-04-12,4.67,11.1,-1.67,0.0,74.72,2.53
Birmingham,52.4862,-1.8904,2019-04-13,3.9,9.51,-1.3,0.01,73.32,3.23
Birmingham,52.4862,-1.8904,2019-04-14,3.6,8.77,-2.82,0.02,75.48,3.32
Birmingham,52.4862,-1.8904,2019-04-15,7.28,13.57,1.46,0.0,73.0,4.76
Birmingham,52.4862,-1.8904,2019-04-16,8.45,13.39,4.61,0.3,86.61,1.62
Birmingham,52.4862,-1.8904,2019-04-17,10.27,17.19,4.42,0.23,82.54,2.22
Birmingham,52.4862,-1.8904,2019-04-18,11.44,17.56,6.32,0.03,81.28,2.84
Birmingham,52.4862,-1.8904,2019-04-19,12.43,20.68,5.33,0.0,76.53,2.21
Birmingham,52.4862,-1.8904,2019-04-20,13.02,20.77,5.0,0.0,68.58,1.42
Birmingham,52.4862,-1.8904,2019-04-21,13.33,20.77,6.37,0.0,68.52,1.43
Birmingham,52.4862,-1.8904,2019-04-22,13.37,21.29,4.64,0.0,73.13,2.5
Birmingham,52.4862,-1.8904,2019-04-23,13.46,20.44,7.8,0.0,77.36,2.61
Birmingham,52.4862,-1.8904,2019-04-24,10.83,17.47,7.2,3.27,85.73,3.3
Birmingham,52.4862,-1.8904,2019-04-25,9.96,14.35,6.53,5.09,84.27,4.16
Birmingham,52.4862,-1.8904,2019-04-26,9.19,12.75,5.6,2.01,82.96,4.83
Birmingham,52.4862,-1.8904,2019-04-27,7.25,9.65,5.6,4.15,79.47,7.93
Birmingham,52.4862,-1.8904,2019-04-28,9.78,14.71,5.77,0.28,79.5,3.35
Birmingham,52.4862,-1.8904,2019-04-29,10.01,15.25,5.76,0.05,79.78,1.76
Birmingham,52.4862,-1.8904,2019-04-30,11.05,16.21,5.67,0.06,77.87,1.7
Birmingham,52.4862,-1.8904,2019-05-01,11.35,15.48,7.44,1.17,82.92,1.56
Birmingham,52.4862,-1.8904,2019-05-02,9.17,13.87,5.62,2.81,86.04,2.71
Birmingham,52.4862,-1.8904,2019-05-03,8.41,12.73,4.18,2.85,86.98,2.11
Birmingham,52.4862,-1.8904,2019-05-04,6.28,10.12,2.68,1.38,74.43,3.48
Birmingham,52.4862,-1.8904,2019-05-05,6.83,12.35,0.97,0.17,74.36,1.88
Birmingham,52.4862,-1.8904,2019-05-06,7.24,11.84,1.54,0.17,74.84,2.26
Birmingham,52.4862,-1.8904,2019-05-07,8.94,12.36,5.01,0.26,72.2,1.38
Birmingham,52.4862,-1.8904,2019-05-08,8.44,11.85,6.29,13.17,91.81,2.94
Birmingham,52.4862,-1.8904,2019-05-09,8.04,11.03,5.61,6.05,89.49,1.73
Birmingham,52.4862,-1.8904,2019-05-10,8.57,12.48,4.89,2.73,83.37,1.2
Birmingham,52.4862,-1.8904,2019-05-11,8.4,13.48,3.43,0.46,79.03,2.44
Birmingham,52.4862,-1.8904,2019-05-12,9.81,16.33,2.08,0.0,70.49,1.33
Birmingham,52.4862,-1.8904,2019-05-13,11.39,17.55,5.61,0.0,71.66,2.09
Birmingham,52.4862,-1.8904,2019-05-14,11.71,18.48,3.73,0.0,68.34,2.19
Birmingham,52.4862,-1.8904,2019-05-15,12.12,18.87,4.14,0.0,71.74,2.01
Birmingham,52.4862,-1.8904,2019-05-16,10.96,17.32,3.97,0.0,71.15,3.17
Birmingham,52.4862,-1.8904,2019-05-17,11.56,16.38,6.57,0.66,79.61,3.62
Birmingham,52.4862,-1.8904,2019-05-18,12.2,16.06,8.27,1.37,80.53,0.92
Birmingham,52.4862,-1.8904,2019-05-19,12.31,15.99,7.22,0.51,80.98,1.66
Birmingham,52.4862,-1.8904,2019-05-20,12.16,17.55,7.06,0.11,77.5,2.35
Birmingham,52.4862,-1.8904,2019-05-21,11.84,17.64,5.84,0.06,75.23,2.54
Birmingham,52.4862,-1.8904,2019-05-22,12.76,18.08,6.86,0.0,71.1,1.95
Birmingham,52.4862,-1.8904,2019-05-23,14.06,19.82,8.48,0.0,71.17,1.64
Birmingham,52.4862,-1.8904,2019-05-24,13.73,18.74,7.56,0.12,79.77,2.55
Birmingham,52.4862,-1.8904,2019-05-25,14.8,20.13,8.05,0.07,78.79,2.25
Birmingham,52.4862,-1.8904,2019-05-26,14.11,18.02,9.54,1.53,83.04,3.88
Birmingham,52.4862,-1.8904,2019-05-27,12.21,16.05,8.89,2.37,77.73,3.74
Birmingham,52.4862,-1.8904,2019-05-28,11.36,15.83,5.99,0.58,76.41,2.73
Birmingham,52.4862,-1.8904,2019-05-29,11.5,15.5,5.83,2.02,82.4,3.28
Birmingham,52.4862,-1.8904,2019-05-30,16.08,21.38,11.31,0.28,81.94,4.53
Birmingham,52.4862,-1.8904,2019-05-31,15.77,19.88,11.28,0.19,81.41,3.8
Birmingham,52.4862,-1.8904,2019-06-01,16.28,20.85,9.72,0.04,77.97,2.33
Birmingham,52.4862,-1.8904,2019-06-02,15.47,20.97,9.88,1.33,81.91,4.53
Birmingham,52.4862,-1.8904,2019-06-03,13.29,17.55,9.09,0.23,75.65,3.67
Birmingham,52.4862,-1.8904,2019-06-04,12.93,17.38,8.56,8.22,86.33,2.76
Birmingham,52.4862,-1.8904,2019-06-05,12.68,16.89,9.49,0.26,78.1,3.17
Birmingham,52.4862,-1.8904,2019-06-06,12.19,16.17,6.75,0.66,73.86,2.47
Birmingham,52.4862,-1.8904,2019-06-07,11.38,14.44,7.74,13.24,89.56,2.76
Birmingham,52.4862,-1.8904,2019-06-08,11.02,14.08,8.26,6.81,86.32,4.06
Birmingham,52.4862,-1.8904,2019-06-09,12.08,16.03,7.09,0.97,78.02,2.06
Birmingham,52.4862,-1.8904,2019-06-10,10.42,13.09,7.36,19.35,89.72,3.07
Birmingham,52.4862,-1.8904,2019-06-11,9.37,10.86,8.03,17.4,90.42,5.79
Birmingham,52.4862,-1.8904,2019-06-12,10.76,13.61,8.24,21.94,93.51,2.1
Birmingham,52.4862,-1.8904,2019-06-13,11.35,14.67,7.54,8.57,88.72,2.04
Birmingham,52.4862,-1.8904,2019-06-14,12.45,17.26,7.56,7.91,87.17,3.03
Birmingham,52.4862,-1.8904,2019-06-15,12.29,16.19,7.97,2.64,83.11,3.5
Birmingham,52.4862,-1.8904,2019-06-16,13.61,19.0,6.77,2.28,82.98,4.47
Birmingham,52.4862,-1.8904,2019-06-17,15.37,20.22,10.87,0.83,81.25,4.13
Birmingham,52.4862,-1.8904,2019-06-18,14.34,18.88,10.38,3.68,84.82,1.29
Birmingham,52.4862,-1.8904,2019-06-19,14.5,17.63,10.57,1.64,84.5,1.46
Birmingham,52.4862,-1.8904,2019-06-20,12.91,16.95,7.87,0.57,76.73,3.07
Birmingham,52.4862,-1.8904,2019-06-21,13.76,18.73,6.88,0.04,72.96,1.95
Birmingham,52.4862,-1.8904,2019-06-22,15.69,21.16,7.99,0.0,72.3,2.1
Birmingham,52.4862,-1.8904,2019-06-23,15.57,20.97,9.75,2.7,82.87,3.16
Birmingham,52.4862,-1.8904,2019-06-24,18.38,23.13,13.62,0.45,84.81,1.1
Birmingham,52.4862,-1.8904,2019-06-25,17.41,20.76,14.29,10.75,89.39,2.48
Birmingham,52.4862,-1.8904,2019-06-26,15.86,20.88,11.05,0.62,84.41,3.51
Birmingham,52.4862,-1.8904,2019-06-27,15.37,21.88,9.31,0.03,73.43,4.05
Birmingham,52.4862,-1.8904,2019-06-28,16.69,23.63,9.46,0.03,77.25,3.56
Birmingham,52.4862,-1.8904,2019-06-29,20.27,28.41,11.82,0.03,78.34,2.52
Birmingham,52.4862,-1.8904,2019-06-30,16.8,21.53,11.85,0.04,76.29,4.25
Birmingham,52.4862,-1.8904,2019-07-01,14.87,19.28,9.95,0.08,77.74,3.74
Birmingham,52.4862,-1.8904,2019-07-02,14.39,19.57,8.25,0.05,74.88,2.71
Birmingham,52.4862,-1.8904,2019-07-03,15.26,21.11,7.89,0.0,72.2,1.63
Birmingham,52.4862,-1.8904,2019-07-04,16.6,22.78,9.65,0.01,76.09,1.75
Birmingham,52.4862,-1.8904,2019-07-05,17.55,23.42,10.56,0.01,74.61,2.03
Birmingham,52.4862,-1.8904,2019-07-06,15.79,19.41,10.83,1.95,83.01,2.43
Birmingham,52.4862,-1.8904,2019-07-07,15.65,21.16,8.6,0.01,73.0,1.2
Birmingham,52.4862,-1.8904,2019-07-08,16.23,20.75,10.26,0.08,76.26,1.57
Birmingham,52.4862,-1.8904,2019-07-09,17.72,21.54,12.55,2.02,80.2,1.32
Birmingham,52.4862,-1.8904,2019-07-10,18.35,22.47,15.27,0.32,81.54,2.21
Birmingham,52.4862,-1.8904,2019-07-11,18.12,22.75,13.1,1.68,81.92,2.53
Birmingham,52.4862,-1.8904,2019-07-12,16.67,20.07,12.83,1.3,83.1,3.42
Birmingham,52.4862,-1.8904,2019-07-13,16.18,20.03,11.6,1.17,84.5,2.62
Birmingham,52.4862,-1.8904,2019-07-14,16.45,20.89,11.68,0.67,80.4,1.81
Birmingham,52.4862,-1.8904,2019-07-15,16.95,22.51,9.9,0.03,73.04,0.7
Birmingham,52.4862,-1.8904,2019-07-16,18.61,23.41,12.32,0.2,70.39,1.0
Birmingham,52.4862,-1.8904,2019-07-17,17.45,21.15,14.65,0.16,77.33,2.16
Birmingham,52.4862,-1.8904,2019-07-18,16.66,20.96,12.46,0.93,78.34,2.96
Birmingham,52.4862,-1.8904,2019-07-19,16.77,22.21,11.75,7.53,89.4,3.85
Birmingham,52.4862,-1.8904,2019-07-20,17.01,20.51,11.7,2.73,81.21,3.83
Birmingham,52.4862,-1.8904,2019-07-21,17.17,22.05,10.28,0.13,79.4,3.41
Birmingham,52.4862,-1.8904,2019-07-22,20.51,25.63,16.0,0.08,80.53,4.19
Birmingham,52.4862,-1.8904,2019-07-23,22.08,29.73,14.22,0.24,72.94,2.39
Birmingham,52.4862,-1.8904,2019-07-24,20.82,24.15,17.03,10.96,78.43,2.02
Birmingham,52.4862,-1.8904,2019-07-25,23.83,31.97,16.05,0.08,71.33,2.62
Birmingham,52.4862,-1.8904,2019-07-26,19.71,23.73,16.29,5.39,80.66,2.13
Birmingham,52.4862,-1.8904,2019-07-27,16.41,18.78,14.41,15.28,88.42,2.8
Birmingham,52.4862,-1.8904,2019-07-28,15.36,18.02,12.59,7.52,86.1,4.16
Birmingham,52.4862,-1.8904,2019-07-29,17.57,23.41,11.1,0.2,73.72,2.36
Birmingham,52.4862,-1.8904,2019-07-30,17.11,19.96,14.19,14.34,86.53,3.32
Birmingham,52.4862,-1.8904,2019-07-31,16.72,19.92,13.86,2.91,85.15,4.89
Birmingham,52.4862,-1.8904,2019-08-01,17.65,22.64,12.81,0.86,83.14,2.36
Birmingham,52.4862,-1.8904,2019-08-02,17.98,23.01,11.82,0.14,79.73,1.61
Birmingham,52.4862,-1.8904,2019-08-03,17.61,21.75,12.72,0.16,82.0,1.83
Birmingham,52.4862,-1.8904,2019-08-04,17.85,23.5,13.0,0.53,83.47,2.43
Birmingham,52.4862,-1.8904,2019-08-05,17.46,21.68,13.35,1.18,76.97,3.68
Birmingham,52.4862,-1.8904,2019-08-06,16.84,21.46,12.71,2.03,81.45,4.45
Birmingham,52.4862,-1.8904,2019-08-07,16.48,20.71,12.86,1.02,80.14,3.9
Birmingham,52.4862,-1.8904,2019-08-08,17.88,22.98,11.55,2.84,76.82,2.16
Birmingham,52.4862,-1.8904,2019-08-09,18.89,22.75,16.14,21.99,82.23,5.86
Birmingham,52.4862,-1.8904,2019-08-10,17.02,20.17,14.13,2.51,81.54,7.45
Birmingham,52.4862,-1.8904,2019-08-11,16.11,20.6,11.09,2.97,80.61,4.17
Birmingham,52.4862,-1.8904,2019-08-12,13.3,17.33,9.22,0.3,76.48,2.33
Birmingham,52.4862,-1.8904,2019-08-13,14.0,18.81,8.54,0.56,75.11,2.41
Birmingham,52.4862,-1.8904,2019-08-14,15.72,21.04,11.22,13.25,90.0,3.91
Birmingham,52.4862,-1.8904,2019-08-15,15.78,19.41,12.56,0.32,78.21,4.11
Birmingham,52.4862,-1.8904,2019-08-16,15.33,16.96,13.01,8.91,92.55,5.07
Birmingham,52.4862,-1.8904,2019-08-17,15.84,19.97,11.58,0.76,77.49,4.32
Birmingham,52.4862,-1.8904,2019-08-18,14.56,19.39,9.95,0.5,78.34,4.32
Birmingham,52.4862,-1.8904,2019-08-19,14.42,18.65,10.9,1.58,80.43,3.7
Birmingham,52.4862,-1.8904,2019-08-20,13.93,18.84,8.88,0.1,78.16,2.92
Birmingham,52.4862,-1.8904,2019-08-21,15.25,20.5,10.73,0.15,80.8,3.04
Birmingham,52.4862,-1.8904,2019-08-22,17.12,22.68,11.91,0.46,83.5,4.28
Birmingham,52.4862,-1.8904,2019-08-23,18.64,24.41,13.28,0.06,79.34,2.03
Birmingham,52.4862,-1.8904,2019-08-24,18.94,26.6,10.71,0.0,67.45,1.66
Birmingham,52.4862,-1.8904,2019-08-25,20.92,28.81,14.08,0.0,72.22,2.0
Birmingham,52.4862,-1.8904,2019-08-26,19.76,27.0,12.99,0.05,78.37,1.37
Birmingham,52.4862,-1.8904,2019-08-27,20.23,26.15,14.92,1.14,80.3,1.5
Birmingham,52.4862,-1.8904,2019-08-28,15.69,21.31,9.38,3.87,86.23,2.53
Birmingham,52.4862,-1.8904,2019-08-29,14.53,19.9,8.57,0.81,82.45,3.54
Birmingham,52.4862,-1.8904,2019-08-30,17.08,22.38,12.59,0.08,80.06,4.59
Birmingham,52.4862,-1.8904,2019-08-31,14.78,18.76,10.65,1.03,81.26,4.36
Birmingham,52.4862,-1.8904,2019-09-01,12.74,17.41,8.34,0.07,75.83,3.12
Birmingham,52.4862,-1.8904,2019-09-02,13.87,18.95,8.32,0.11,81.22,3.48
Birmingham,52.4862,-1.8904,2019-09-03,16.0,20.56,11.31,0.58,83.48,4.09
Birmingham,52.4862,-1.8904,2019-09-04,14.6,17.82,11.22,4.04,77.7,5.4
Birmingham,52.4862,-1.8904,2019-09-05,12.32,16.73,7.47,0.16,77.02,3.71
Birmingham,52.4862,-1.8904,2019-09-06,12.67,17.01,9.34,0.93,84.89,3.79
Birmingham,52.4862,-1.8904,2019-09-07,12.3,17.35,6.92,0.17,79.16,2.56
Birmingham,52.4862,-1.8904,2019-09-08,11.83,17.42,5.42,0.08,72.14,0.82
Birmingham,52.4862,-1.8904,2019-09-09,11.85,15.29,9.38,6.42,90.71,2.04
Birmingham,52.4862,-1.8904,2019-09-10,12.98,18.07,8.66,0.42,82.76,2.21
Birmingham,52.4862,-1.8904,2019-09-11,15.79,21.29,11.18,1.96,82.82,4.13
Birmingham,52.4862,-1.8904,2019-09-12,16.3,22.22,10.62,0.51,84.84,4.17
Birmingham,52.4862,-1.8904,2019-09-13,12.64,18.45,7.64,0.0,77.34,2.0
Birmingham,52.4862,-1.8904,2019-09-14,13.04,20.47,5.65,0.0,76.36,2.04
Birmingham,52.4862,-1.8904,2019-09-15,15.52,21.15,10.15,1.03,87.57,2.3
Birmingham,52.4862,-1.8904,2019-09-16,13.91,17.02,8.28,2.53,88.76,1.61
Birmingham,52.4862,-1.8904,2019-09-17,11.48,17.44,6.69,0.02,79.1,2.25
Birmingham,52.4862,-1.8904,2019-09-18,11.61,18.16,5.7,0.0,79.73,1.2
Birmingham,52.4862,-1.8904,2019-09-19,13.73,20.59,7.75,0.04,78.22,0.83
Birmingham,52.4862,-1.8904,2019-09-20,13.37,20.71,7.12,0.03,78.05,2.91
Birmingham,52.4862,-1.8904,2019-09-21,15.23,23.46,8.37,0.29,75.34,3.73
Birmingham,52.4862,-1.8904,2019-09-22,15.51,18.86,11.49,6.75,91.21,2.82
Birmingham,52.4862,-1.8904,2019-09-23,14.22,18.43,10.48,6.73,87.3,3.97
Birmingham,52.4862,-1.8904,2019-09-24,15.56,18.54,12.99,15.25,90.87,3.44
Birmingham,52.4862,-1.8904,2019-09-25,14.94,19.01,11.89,2.75,89.57,2.29
Birmingham,52.4862,-1.8904,2019-09-26,14.91,18.02,12.06,3.84,84.47,4.7
Birmingham,52.4862,-1.8904,2019-09-27,12.84,15.4,10.12,6.11,90.48,4.8
Birmingham,52.4862,-1.8904,2019-09-28,13.75,17.96,10.04,14.5,87.15,4.95
Birmingham,52.4862,-1.8904,2019-09-29,14.4,18.22,9.62,12.55,90.31,4.74
Birmingham,52.4862,-1.8904,2019-09-30,12.46,15.54,7.94,21.16,91.65,2.62
Birmingham,52.4862,-1.8904,2019-10-01,12.22,16.53,5.77,2.89,90.18,3.22
Birmingham,52.4862,-1.8904,2019-10-02,7.35,13.2,3.48,0.01,79.93,2.26
Birmingham,52.4862,-1.8904,2019-10-03,8.65,14.55,3.22,3.31,81.87,3.28
Birmingham,52.4862,-1.8904,2019-10-04,11.84,15.35,9.05,2.5,90.48,2.87
Birmingham,52.4862,-1.8904,2019-10-05,11.32,15.75,7.38,4.45,88.17,2.67
Birmingham,52.4862,-1.8904,2019-10-06,12.16,15.18,9.75,8.17,87.58,3.85
Birmingham,52.4862,-1.8904,2019-10-07,11.84,15.38,9.07,2.54,93.1,3.55
Birmingham,52.4862,-1.8904,2019-10-08,11.56,15.76,8.68,0.46,85.87,4.65
Birmingham,52.4862,-1.8904,2019-10-09,10.09,13.61,7.77,1.05,87.51,3.96
Birmingham,52.4862,-1.8904,2019-10-10,11.45,14.39,7.19,1.24,88.97,5.27
Birmingham,52.4862,-1.8904,2019-10-11,12.58,15.32,9.9,6.3,92.49,4.77
Birmingham,52.4862,-1.8904,2019-10-12,11.0,15.04,8.84,1.26,90.06,2.74
Birmingham,52.4862,-1.8904,2019-10-13,10.05,13.4,6.82,12.23,94.02,3.33
Birmingham,52.4862,-1.8904,2019-10-14,9.03,11.92,7.16,9.47,94.39,2.78
Birmingham,52.4862,-1.8904,2019-10-15,9.77,14.27,6.59,0.38,92.17,2.03
Birmingham,52.4862,-1.8904,2019-10-16,10.0,13.9,4.76,1.59,86.28,3.05
Birmingham,52.4862,-1.8904,2019-10-17,8.93,13.36,4.43,2.61,91.9,3.27
Birmingham,52.4862,-1.8904,2019-10-18,9.68,12.08,7.03,8.85,93.41,4.54
Birmingham,52.4862,-1.8904,2019-10-19,8.58,12.65,5.51,0.93,92.73,2.79
Birmingham,52.4862,-1.8904,2019-10-20,8.21,11.22,5.14,0.67,90.4,3.57
Birmingham,52.4862,-1.8904,2019-10-21,9.1,12.68,5.95,0.99,89.91,3.05
Birmingham,52.4862,-1.8904,2019-10-22,7.38,13.6,3.7,0.06,91.2,1.82
Birmingham,52.4862,-1.8904,2019-10-23,8.53,13.25,4.39,1.59,92.93,1.81
Birmingham,52.4862,-1.8904,2019-10-24,8.66,11.78,7.23,2.37,97.32,2.05
Birmingham,52.4862,-1.8904,2019-10-25,11.11,14.54,7.28,14.16,95.27,4.89
Birmingham,52.4862,-1.8904,2019-10-26,6.28,12.02,3.67,23.99,94.4,2.94
Birmingham,52.4862,-1.8904,2019-10-27,5.23,11.26,1.62,0.03,88.75,2.53
Birmingham,52.4862,-1.8904,2019-10-28,4.29,8.95,1.19,0.04,90.78,2.16
Birmingham,52.4862,-1.8904,2019-10-29,5.42,10.81,2.83,0.11,89.56,3.45
Birmingham,52.4862,-1.8904,2019-10-30,5.84,10.49,3.56,0.06,86.9,3.75
Birmingham,52.4862,-1.8904,2019-10-31,6.7,10.95,3.56,0.8,88.06,3.23
Birmingham,52.4862,-1.8904,2019-11-01,11.48,14.21,6.98,12.16,95.95,3.93
Birmingham,52.4862,-1.8904,2019-11-02,8.96,11.36,7.47,5.77,93.21,4.21
Birmingham,52.4862,-1.8904,2019-11-03,7.65,11.35,5.92,1.46,94.19,1.62
Birmingham,52.4862,-1.8904,2019-11-04,7.68,10.85,6.04,1.91,95.07,1.81
Birmingham,52.4862,-1.8904,2019-11-05,7.76,10.11,4.51,1.07,95.77,3.67
Birmingham,52.4862,-1.8904,2019-11-06,4.7,6.23,3.18,7.17,96.98,2.17
Birmingham,52.4862,-1.8904,2019-11-07,5.55,8.02,3.9,10.99,93.62,1.57
Birmingham,52.4862,-1.8904,2019-11-08,4.79,7.74,1.95,3.98,93.24,3.31
Birmingham,52.4862,-1.8904,2019-11-09,2.42,3.52,0.65,12.88,96.52,2.86
Birmingham,52.4862,-1.8904,2019-11-10,4.17,7.72,0.42,4.03,93.13,2.88
Birmingham,52.4862,-1.8904,2019-11-11,5.18,7.74,3.18,6.87,90.81,4.91
Birmingham,52.4862,-1.8904,2019-11-12,4.79,7.33,2.57,2.24,94.57,4.74
Birmingham,52.4862,-1.8904,2019-11-13,4.62,7.39,3.37,5.38,93.43,2.98
Birmingham,52.4862,-1.8904,2019-11-14,3.98,4.62,3.17,27.78,96.31,5.09
Birmingham,52.4862,-1.8904,2019-11-15,5.65,8.1,3.85,1.88,95.1,4.39
Birmingham,52.4862,-1.8904,2019-11-16,5.96,8.32,4.16,1.3,94.9,1.46
Birmingham,52.4862,-1.8904,2019-11-17,5.85,7.85,4.11,1.88,98.08,2.11
Birmingham,52.4862,-1.8904,2019-11-18,3.42,6.8,0.92,0.2,94.88,2.15
Birmingham,52.4862,-1.8904,2019-11-19,2.66,5.55,-0.43,0.11,97.1,2.42
Birmingham,52.4862,-1.8904,2019-11-20,4.23,6.76,0.79,0.04,91.13,4.09
Birmingham,52.4862,-1.8904,2019-11-21,3.14,4.79,1.17,1.72,95.32,3.91
Birmingham,52.4862,-1.8904,2019-11-22,6.33,8.59,4.37,5.54,96.75,3.78
Birmingham,52.4862,-1.8904,2019-11-23,7.5,8.44,6.58,9.22,97.14,3.28
Birmingham,52.4862,-1.8904,2019-11-24,7.28,9.2,6.0,0.95,97.67,1.54
Birmingham,52.4862,-1.8904,2019-11-25,8.82,10.58,7.64,4.22,97.09,3.34
Birmingham,52.4862,-1.8904,2019-11-26,8.97,11.95,7.52,4.93,96.51,3.78
Birmingham,52.4862,-1.8904,2019-11-27,7.65,9.16,6.67,5.32,96.4,1.92
Birmingham,52.4862,-1.8904,2019-11-28,6.6,8.5,2.2,5.6,96.4,2.91
Birmingham,52.4862,-1.8904,2019-11-29,1.42,5.16,-1.66,0.11,96.8,1.45
Birmingham,52.4862,-1.8904,2019-11-30,1.05,3.53,-0.75,0.28,97.64,2.8
Birmingham,52.4862,-1.8904,2019-12-01,1.08,5.1,-0.93,0.11,96.2,2.63
Birmingham,52.4862,-1.8904,2019-12-02,1.39,5.02,-1.83,0.13,98.56,1.96
Birmingham,52.4862,-1.8904,2019-12-03,2.92,7.2,0.49,0.03,97.03,1.98
Birmingham,52.4862,-1.8904,2019-12-04,2.09,3.09,0.7,0.2,98.05,2.28
Birmingham,52.4862,-1.8904,2019-12-05,5.82,9.91,3.2,1.18,97.1,4.58
Birmingham,52.4862,-1.8904,2019-12-06,9.59,11.58,7.64,4.86,93.35,5.31
Birmingham,52.4862,-1.8904,2019-12-07,7.81,9.67,6.02,1.05,93.05,4.55
Birmingham,52.4862,-1.8904,2019-12-08,7.19,11.21,5.32,3.22,86.35,6.96
Birmingham,52.4862,-1.8904,2019-12-09,4.44,7.57,-0.16,0.64,90.42,4.42
Birmingham,52.4862,-1.8904,2019-12-10,6.12,11.7,0.23,6.04,95.57,6.21
Birmingham,52.4862,-1.8904,2019-12-11,2.97,5.24,1.06,0.61,97.23,3.32
Birmingham,52.4862,-1.8904,2019-12-12,3.67,6.7,0.43,10.98,97.56,3.74
Birmingham,52.4862,-1.8904,2019-12-13,4.26,6.23,1.97,1.67,91.79,5.46
Birmingham,52.4862,-1.8904,2019-12-14,3.19,5.45,1.23,6.51,92.19,5.07
Birmingham,52.4862,-1.8904,2019-12-15,4.21,5.78,2.14,1.51,94.8,4.91
Birmingham,52.4862,-1.8904,2019-12-16,4.22,5.85,3.39,0.21,97.94,2.62
Birmingham,52.4862,-1.8904,2019-12-17,3.17,3.93,2.61,0.87,97.61,1.31
Birmingham,52.4862,-1.8904,2019-12-18,5.31,8.88,2.48,6.95,96.4,4.6
Birmingham,52.4862,-1.8904,2019-12-19,9.71,11.29,7.85,5.97,95.6,5.09
Birmingham,52.4862,-1.8904,2019-12-20,5.16,7.74,2.79,13.14,96.85,2.3
Birmingham,52.4862,-1.8904,2019-12-21,5.86,7.35,3.03,2.66,97.61,3.17
Birmingham,52.4862,-1.8904,2019-12-22,5.55,7.03,4.6,1.83,97.49,2.84
Birmingham,52.4862,-1.8904,2019-12-23,5.85,8.45,4.21,0.72,95.22,3.77
Birmingham,52.4862,-1.8904,2019-12-24,7.0,9.6,4.67,2.8,94.57,4.21
Birmingham,52.4862,-1.8904,2019-12-25,3.51,6.74,1.57,0.05,96.73,1.94
Birmingham,52.4862,-1.8904,2019-12-26,4.12,5.98,2.35,3.97,98.15,3.14
Birmingham,52.4862,-1.8904,2019-12-27,4.84,5.81,3.17,0.34,98.18,1.77
Birmingham,52.4862,-1.8904,2019-12-28,7.2,8.95,5.81,0.23,97.36,3.21
Birmingham,52.4862,-1.8904,2019-12-29,6.52,7.58,5.35,0.12,96.23,3.86
Birmingham,52.4862,-1.8904,2019-12-30,5.67,7.62,3.82,0.19,97.53,2.82
Birmingham,52.4862,-1.8904,2019-12-31,6.35,7.32,5.69,0.42,97.68,2.63
Birmingham,52.4862,-1.8904,2020-01-01,4.76,5.54,3.34,0.3,96.54,2.05
Birmingham,52.4862,-1.8904,2020-01-02,7.41,9.15,5.7,0.69,95.35,5.16
Birmingham,52.4862,-1.8904,2020-01-03,5.52,9.12,2.22,1.2,92.89,3.7
Birmingham,52.4862,-1.8904,2020-01-04,5.0,7.47,2.81,0.09,94.93,2.99
Birmingham,52.4862,-1.8904,2020-01-05,6.13,8.36,4.78,0.13,96.49,3.49
Birmingham,52.4862,-1.8904,2020-01-06,5.83,8.39,4.18,0.92,94.24,5.02
Birmingham,52.4862,-1.8904,2020-01-07,8.13,11.31,4.38,1.2,96.61,4.96
Birmingham,52.4862,-1.8904,2020-01-08,7.19,10.96,4.26,9.14,93.14,2.63
Birmingham,52.4862,-1.8904,2020-01-09,7.13,11.17,3.92,5.76,91.83,4.53
Birmingham,52.4862,-1.8904,2020-01-10,3.86,7.11,1.8,0.54,94.86,3.14
Birmingham,52.4862,-1.8904,2020-01-11,7.63,9.51,3.74,5.45,94.56,6.54
Birmingham,52.4862,-1.8904,2020-01-12,6.73,8.82,4.72,2.89,94.87,3.63
Birmingham,52.4862,-1.8904,2020-01-13,6.25,9.22,4.09,3.7,94.48,6.08
Birmingham,52.4862,-1.8904,2020-01-14,7.78,12.29,4.29,11.87,94.57,6.24
Birmingham,52.4862,-1.8904,2020-01-15,5.16,7.88,3.82,1.24,93.08,4.09
Birmingham,52.4862,-1.8904,2020-01-16,7.26,10.55,4.04,4.12,94.7,6.07
Birmingham,52.4862,-1.8904,2020-01-17,4.92,6.96,2.05,1.52,96.04,3.63
Birmingham,52.4862,-1.8904,2020-01-18,2.06,6.12,-0.38,0.01,95.53,2.56
Birmingham,52.4862,-1.8904,2020-01-19,1.08,4.2,-0.34,0.12,96.86,1.62
Birmingham,52.4862,-1.8904,2020-01-20,1.33,4.84,0.1,0.12,97.77,1.85
Birmingham,52.4862,-1.8904,2020-01-21,4.05,5.91,1.51,0.32,96.67,1.4
Birmingham,52.4862,-1.8904,2020-01-22,6.8,9.09,4.89,0.45,98.2,1.34
Birmingham,52.4862,-1.8904,2020-01-23,5.75,7.46,4.84,0.38,97.38,0.83
Birmingham,52.4862,-1.8904,2020-01-24,5.79,7.7,4.93,0.59,97.91,1.03
Birmingham,52.4862,-1.8904,2020-01-25,4.62,5.57,3.36,0.52,97.51,2.61
Birmingham,52.4862,-1.8904,2020-01-26,6.21,8.42,3.5,4.2,96.56,4.03
Birmingham,52.4862,-1.8904,2020-01-27,4.92,6.54,3.79,1.43,96.58,3.72
Birmingham,52.4862,-1.8904,2020-01-28,2.79,5.59,0.26,0.51,91.23,5.03
Birmingham,52.4862,-1.8904,2020-01-29,4.32,8.29,0.82,0.14,93.03,4.57
Birmingham,52.4862,-1.8904,2020-01-30,7.58,10.22,4.74,0.36,96.1,4.38
Birmingham,52.4862,-1.8904,2020-01-31,9.46,11.53,7.11,0.62,95.16,5.45
Birmingham,52.4862,-1.8904,2020-02-01,7.6,9.48,5.33,0.19,86.14,6.08
Birmingham,52.4862,-1.8904,2020-02-02,7.75,10.48,3.78,5.41,92.68,5.1
Birmingham,52.4862,-1.8904,2020-02-03,6.04,8.3,2.11,0.43,88.98,4.56
Birmingham,52.4862,-1.8904,2020-02-04,4.88,8.13,2.06,0.67,90.86,4.93
Birmingham,52.4862,-1.8904,2020-02-05,4.62,7.71,0.72,0.07,94.63,1.27
Birmingham,52.4862,-1.8904,2020-02-06,2.11,7.36,-0.57,0.11,95.87,1.3
Birmingham,52.4862,-1.8904,2020-02-07,4.08,8.93,0.22,1.03,92.64,4.45
Birmingham,52.4862,-1.8904,2020-02-08,6.85,9.11,4.5,2.1,87.59,5.83
Birmingham,52.4862,-1.8904,2020-02-09,9.81,12.95,7.14,11.47,87.96,10.62
Birmingham,52.4862,-1.8904,2020-02-10,4.76,6.76,2.78,6.77,83.56,7.89
Birmingham,52.4862,-1.8904,2020-02-11,3.17,4.87,1.76,0.91,81.19,7.69
Birmingham,52.4862,-1.8904,2020-02-12,3.1,6.56,0.8,0.61,89.38,4.55
Birmingham,52.4862,-1.8904,2020-02-13,4.98,7.65,2.36,11.29,93.81,4.38
Birmingham,52.4862,-1.8904,2020-02-14,5.95,9.7,2.01,1.4,97.08,3.85
Birmingham,52.4862,-1.8904,2020-02-15,10.17,11.68,6.96,12.58,93.46,8.0
Birmingham,52.4862,-1.8904,2020-02-16,8.09,11.81,4.47,17.41,87.05,8.1
Birmingham,52.4862,-1.8904,2020-02-17,5.61,9.14,3.31,0.82,85.7,6.74
Birmingham,52.4862,-1.8904,2020-02-18,4.75,7.75,2.59,2.4,91.21,5.61
Birmingham,52.4862,-1.8904,2020-02-19,4.67,7.88,0.83,2.82,94.87,4.86
Birmingham,52.4862,-1.8904,2020-02-20,6.05,9.17,2.05,3.83,88.89,6.46
Birmingham,52.4862,-1.8904,2020-02-21,5.92,8.8,1.49,0.34,90.37,6.71
Birmingham,52.4862,-1.8904,2020-02-22,8.4,9.89,6.06,2.05,85.72,7.25
Birmingham,52.4862,-1.8904,2020-02-23,6.82,10.49,3.29,9.76,87.95,4.65
Birmingham,52.4862,-1.8904,2020-02-24,6.7,10.89,3.12,14.94,92.48,5.74
Birmingham,52.4862,-1.8904,2020-02-25,3.44,6.41,1.69,2.37,91.27,4.47
Birmingham,52.4862,-1.8904,2020-02-26,2.91,6.33,0.82,0.47,87.98,4.43
Birmingham,52.4862,-1.8904,2020-02-27,2.1,5.54,0.08,3.94,90.53,3.42
Birmingham,52.4862,-1.8904,2020-02-28,4.76,9.75,0.14,11.47,95.59,5.05
Birmingham,52.4862,-1.8904,2020-02-29,5.74,9.32,3.59,5.74,85.01,7.78
Birmingham,52.4862,-1.8904,2020-03-01,3.99,6.8,1.64,0.61,86.28,5.78
Birmingham,52.4862,-1.8904,2020-03-02,3.2,7.31,0.94,0.93,87.57,3.04
Birmingham,52.4862,-1.8904,2020-03-03,3.43,8.27,0.86,0.49,90.55,3.91
Birmingham,52.4862,-1.8904,2020-03-04,2.97,5.97,0.15,1.96,94.76,1.88
Birmingham,52.4862,-1.8904,2020-03-05,3.24,6.41,-0.57,0.56,93.4,3.41
Birmingham,52.4862,-1.8904,2020-03-06,2.66,8.45,-1.75,0.04,87.31,1.32
Birmingham,52.4862,-1.8904,2020-03-07,6.62,12.03,1.07,0.39,92.19,5.07
Birmingham,52.4862,-1.8904,2020-03-08,7.58,9.82,4.21,3.07,89.38,5.64
Birmingham,52.4862,-1.8904,2020-03-09,6.3,9.24,4.04,7.72,91.01,5.15
Birmingham,52.4862,-1.8904,2020-03-10,10.15,13.78,6.15,1.77,91.74,5.92
Birmingham,52.4862,-1.8904,2020-03-11,8.13,11.71,5.42,2.24,88.43,5.69
Birmingham,52.4862,-1.8904,2020-03-12,4.84,8.2,1.31,0.8,82.36,6.85
Birmingham,52.4862,-1.8904,2020-03-13,5.92,9.31,3.88,1.15,88.14,3.51
Birmingham,52.4862,-1.8904,2020-03-14,7.66,11.52,3.88,2.24,90.54,4.54
Birmingham,52.4862,-1.8904,2020-03-15,7.39,9.15,2.52,5.24,90.5,4.32
Birmingham,52.4862,-1.8904,2020-03-16,5.22,10.47,2.01,0.08,85.23,3.05
Birmingham,52.4862,-1.8904,2020-03-17,8.6,11.67,4.32,0.26,92.67,5.34
Birmingham,52.4862,-1.8904,2020-03-18,7.81,9.48,4.37,5.44,94.05,3.04
Birmingham,52.4862,-1.8904,2020-03-19,4.22,5.7,2.48,3.81,91.37,2.32
Birmingham,52.4862,-1.8904,2020-03-20,4.3,8.87,1.44,0.08,86.11,4.25
Birmingham,52.4862,-1.8904,2020-03-21,4.01,9.28,-0.24,0.01,79.17,4.69
Birmingham,52.4862,-1.8904,2020-03-22,3.53,10.86,-1.55,0.0,82.34,3.42
Birmingham,52.4862,-1.8904,2020-03-23,4.21,11.31,-1.2,0.01,81.58,2.97
Birmingham,52.4862,-1.8904,2020-03-24,6.84,15.44,-0.78,0.0,86.46,3.24
Birmingham,52.4862,-1.8904,2020-03-25,5.75,13.56,-1.12,0.0,78.95,1.79
Birmingham,52.4862,-1.8904,2020-03-26,4.3,12.62,-3.06,0.0,78.5,2.35
Birmingham,52.4862,-1.8904,2020-03-27,4.43,11.13,-1.02,0.05,83.35,3.4
Birmingham,52.4862,-1.8904,2020-03-28,5.08,10.03,1.42,0.12,83.09,5.58
Birmingham,52.4862,-1.8904,2020-03-29,2.73,6.76,-1.15,0.02,75.74,5.32
Birmingham,52.4862,-1.8904,2020-03-30,4.2,9.37,-1.02,0.72,86.42,3.53
Birmingham,52.4862,-1.8904,2020-03-31,5.29,9.93,1.89,0.19,81.74,2.74
Birmingham,52.4862,-1.8904,2020-04-01,4.77,9.29,0.96,0.35,85.42,2.16
Birmingham,52.4862,-1.8904,2020-04-02,6.65,11.66,2.15,0.38,89.64,3.72
Birmingham,52.4862,-1.8904,2020-04-03,6.16,11.12,1.28,0.12,85.24,1.95
Birmingham,52.4862,-1.8904,2020-04-04,7.42,13.93,2.51,0.07,84.82,2.92
Birmingham,52.4862,-1.8904,2020-04-05,10.72,17.64,3.45,0.02,78.57,4.95
Birmingham,52.4862,-1.8904,2020-04-06,10.26,13.89,4.5,0.65,81.25,3.38
Birmingham,52.4862,-1.8904,2020-04-07,10.05,15.73,3.56,0.01,77.03,1.53
Birmingham,52.4862,-1.8904,2020-04-08,13.75,19.18,8.93,0.0,69.24,0.77
Birmingham,52.4862,-1.8904,2020-04-09,12.6,18.6,7.8,0.02,83.42,2.52
Birmingham,52.4862,-1.8904,2020-04-10,13.05,20.8,6.19,0.05,81.52,2.74
Birmingham,52.4862,-1.8904,2020-04-11,13.75,20.98,7.39,0.03,80.07,1.48
Birmingham,52.4862,-1.8904,2020-04-12,13.08,19.35,7.16,0.79,81.5,2.18
Birmingham,52.4862,-1.8904,2020-04-13,5.91,9.98,0.17,0.57,73.6,4.64
Birmingham,52.4862,-1.8904,2020-04-14,5.93,12.17,-1.25,0.0,70.76,0.93
Birmingham,52.4862,-1.8904,2020-04-15,9.27,16.05,2.06,0.0,71.2,1.01
Birmingham,52.4862,-1.8904,2020-04-16,10.39,17.61,3.06,0.0,75.96,2.03
Birmingham,52.4862,-1.8904,2020-04-17,8.75,13.86,4.98,1.84,85.1,4.48
Birmingham,52.4862,-1.8904,2020-04-18,6.15,8.44,4.41,6.38,91.32,2.75
Birmingham,52.4862,-1.8904,2020-04-19,8.7,15.09,3.87,0.02,76.92,3.45
Birmingham,52.4862,-1.8904,2020-04-20,8.47,14.61,3.63,0.02,75.89,5.1
Birmingham,52.4862,-1.8904,2020-04-21,9.56,16.27,4.51,0.01,77.24,4.83
Birmingham,52.4862,-1.8904,2020-04-22,10.65,17.94,4.95,0.04,80.07,3.63
Birmingham,52.4862,-1.8904,2020-04-23,11.5,18.82,5.41,0.02,79.59,2.68
Birmingham,52.4862,-1.8904,2020-04-24,11.06,18.52,4.56,0.0,77.44,1.77
Birmingham,52.4862,-1.8904,2020-04-25,9.92,16.57,4.28,0.01,79.56,1.77
Birmingham,52.4862,-1.8904,2020-04-26,12.62,17.7,7.07,0.42,83.15,1.47
Birmingham,52.4862,-1.8904,2020-04-27,10.22,14.22,7.25,0.36,82.34,1.69
Birmingham,52.4862,-1.8904,2020-04-28,6.42,7.92,5.32,14.5,91.62,3.04
Birmingham,52.4862,-1.8904,2020-04-29,7.74,12.21,4.7,4.76,87.38,3.4
Birmingham,52.4862,-1.8904,2020-04-30,7.94,10.34,4.88,4.98,86.27,4.62
Birmingham,52.4862,-1.8904,2020-05-01,8.54,12.07,5.56,1.33,83.18,3.38
Birmingham,52.4862,-1.8904,2020-05-02,9.43,14.38,4.12,0.24,81.44,2.29
Birmingham,52.4862,-1.8904,2020-05-03,9.8,13.39,5.02,0.79,84.09,1.21
Birmingham,52.4862,-1.8904,2020-05-04,10.58,15.26,6.06,0.13,80.88,2.67
Birmingham,52.4862,-1.8904,2020-05-05,8.95,14.47,3.54,0.01,73.97,4.25
Birmingham,52.4862,-1.8904,2020-05-06,8.94,15.81,0.18,0.0,73.03,1.85
Birmingham,52.4862,-1.8904,2020-05-07,12.49,19.66,2.99,0.05,76.26,1.53
Birmingham,52.4862,-1.8904,2020-05-08,14.65,19.58,9.24,0.35,81.61,1.14
Birmingham,52.4862,-1.8904,2020-05-09,16.02,21.42,8.58,0.21,75.67,1.07
Birmingham,52.4862,-1.8904,2020-05-10,9.41,13.59,2.37,1.06,78.2,4.83
Birmingham,52.4862,-1.8904,2020-05-11,5.54,10.68,0.79,0.03,71.37,4.48
Birmingham,52.4862,-1.8904,2020-05-12,6.96,12.59,-0.32,0.08,75.39,2.42
Birmingham,52.4862,-1.8904,2020-05-13,6.6,11.06,1.39,0.02,71.91,3.3
Birmingham,52.4862,-1.8904,2020-05-14,6.97,13.36,-1.07,0.0,72.68,2.13
Birmingham,52.4862,-1.8904,2020-05-15,9.23,15.15,2.87,0.01,78.47,2.64
Birmingham,52.4862,-1.8904,2020-05-16,9.75,15.27,3.75,0.08,78.16,2.26
Birmingham,52.4862,-1.8904,2020-05-17,11.43,16.43,4.48,0.25,81.87,2.67
Birmingham,52.4862,-1.8904,2020-05-18,13.38,18.59,8.52,0.04,82.76,3.42
Birmingham,52.4862,-1.8904,2020-05-19,15.38,20.72,10.0,0.06,80.42,2.54
Birmingham,52.4862,-1.8904,2020-05-20,16.22,22.67,9.3,0.0,79.04,1.85
Birmingham,52.4862,-1.8904,2020-05-21,15.53,20.93,8.85,0.08,76.04,1.83
Birmingham,52.4862,-1.8904,2020-05-22,13.64,16.63,10.18,1.42,73.23,6.32
Birmingham,52.4862,-1.8904,2020-05-23,12.04,15.05,8.92,0.42,73.34,6.23
Birmingham,52.4862,-1.8904,2020-05-24,13.42,18.11,8.57,0.17,78.94,3.87
Birmingham,52.4862,-1.8904,2020-05-25,13.37,20.12,5.11,0.0,75.07,2.07
Birmingham,52.4862,-1.8904,2020-05-26,14.97,20.64,8.14,0.02,79.89,1.8
Birmingham,52.4862,-1.8904,2020-05-27,15.3,20.87,9.03,0.0,74.39,1.94
Birmingham,52.4862,-1.8904,2020-05-28,14.93,20.62,8.81,0.02,74.87,2.13
Birmingham,52.4862,-1.8904,2020-05-29,14.64,21.16,7.54,0.0,70.29,2.56
Birmingham,52.4862,-1.8904,2020-05-30,14.51,21.55,6.39,0.0,75.0,2.84
Birmingham,52.4862,-1.8904,2020-05-31,15.19,21.72,8.08,0.01,75.22,3.35
Birmingham,52.4862,-1.8904,2020-06-01,15.32,21.7,7.56,0.0,75.98,2.76
Birmingham,52.4862,-1.8904,2020-06-02,15.39,21.05,7.62,0.01,70.45,1.56
Birmingham,52.4862,-1.8904,2020-06-03,12.24,13.8,7.7,9.62,90.26,2.94
Birmingham,52.4862,-1.8904,2020-06-04,10.46,14.74,5.88,2.13,82.74,2.96
Birmingham,52.4862,-1.8904,2020-06-05,9.6,12.4,6.34,1.46,76.73,4.7
Birmingham,52.4862,-1.8904,2020-06-06,9.7,14.65,5.19,3.47,83.18,4.79
Birmingham,52.4862,-1.8904,2020-06-07,11.33,14.8,7.16,2.77,87.88,2.6
Birmingham,52.4862,-1.8904,2020-06-08,11.32,15.62,6.25,0.3,81.41,1.49
Birmingham,52.4862,-1.8904,2020-06-09,12.58,16.57,8.33,0.94,80.72,1.45
Birmingham,52.4862,-1.8904,2020-06-10,12.09,14.96,8.67,2.41,84.33,1.94
Birmingham,52.4862,-1.8904,2020-06-11,12.34,17.56,8.62,5.35,88.45,5.11
Birmingham,52.4862,-1.8904,2020-06-12,15.14,18.9,10.91,5.86,88.15,4.17
Birmingham,52.4862,-1.8904,2020-06-13,16.71,21.27,11.66,1.59,79.81,2.99
Birmingham,52.4862,-1.8904,2020-06-14,16.57,19.88,11.03,2.93,81.48,1.73
Birmingham,52.4862,-1.8904,2020-06-15,17.6,21.52,12.13,1.38,74.53,0.96
Birmingham,52.4862,-1.8904,2020-06-16,17.25,20.35,13.11,5.34,75.36,0.66
Birmingham,52.4862,-1.8904,2020-06-17,16.53,19.87,12.62,10.24,82.79,1.07
Birmingham,52.4862,-1.8904,2020-06-18,13.35,15.41,11.45,18.24,90.04,2.09
Birmingham,52.4862,-1.8904,2020-06-19,13.57,16.73,10.18,2.36,86.06,3.7
Birmingham,52.4862,-1.8904,2020-06-20,15.16,19.85,8.94,0.64,82.08,3.19
Birmingham,52.4862,-1.8904,2020-06-21,14.91,18.64,9.78,6.2,79.47,4.35
Birmingham,52.4862,-1.8904,2020-06-22,14.96,20.9,7.88,0.05,78.46,3.72
Birmingham,52.4862,-1.8904,2020-06-23,17.93,24.22,11.01,0.05,79.39,2.85
Birmingham,52.4862,-1.8904,2020-06-24,20.39,27.02,12.45,0.0,76.17,2.12
Birmingham,52.4862,-1.8904,2020-06-25,21.37,27.45,13.54,0.03,75.79,2.86
Birmingham,52.4862,-1.8904,2020-06-26,19.52,25.36,13.8,1.13,81.97,2.42
Birmingham,52.4862,-1.8904,2020-06-27,15.66,20.02,11.79,9.34,81.84,5.16
Birmingham,52.4862,-1.8904,2020-06-28,13.41,16.59,10.2,1.49,78.86,5.88
Birmingham,52.4862,-1.8904,2020-06-29,12.76,14.7,10.12,0.43,79.72,6.18
Birmingham,52.4862,-1.8904,2020-06-30,13.99,17.01,10.91,1.08,86.12,3.06
Birmingham,52.4862,-1.8904,2020-07-01,14.97,19.6,10.94,2.33,85.73,3.28
Birmingham,52.4862,-1.8904,2020-07-02,14.58,19.01,9.57,3.0,84.41,2.32
Birmingham,52.4862,-1.8904,2020-07-03,13.92,16.88,10.61,2.69,87.82,5.24
Birmingham,52.4862,-1.8904,2020-07-04,17.02,19.96,14.02,1.29,86.52,5.34
Birmingham,52.4862,-1.8904,2020-07-05,15.12,17.64,11.1,0.57,73.5,6.61
Birmingham,52.4862,-1.8904,2020-07-06,13.58,17.7,9.71,0.33,76.09,4.33
Birmingham,52.4862,-1.8904,2020-07-07,13.24,16.64,9.59,12.21,86.51,2.45
Birmingham,52.4862,-1.8904,2020-07-08,15.31,17.96,12.95,7.71,90.88,1.36
Birmingham,52.4862,-1.8904,2020-07-09,14.89,18.61,11.07,8.22,90.23,3.12
Birmingham,52.4862,-1.8904,2020-07-10,12.86,16.54,9.28,0.74,79.46,3.54
Birmingham,52.4862,-1.8904,2020-07-11,13.21,18.28,7.92,0.12,77.84,2.54
Birmingham,52.4862,-1.8904,2020-07-12,14.34,20.29,7.36,0.0,72.35,1.3
Birmingham,52.4862,-1.8904,2020-07-13,15.42,19.09,11.11,2.27,85.96,2.87
Birmingham,52.4862,-1.8904,2020-07-14,14.0,17.21,10.69,0.76,83.65,2.32
Birmingham,52.4862,-1.8904,2020-07-15,14.4,18.65,10.71,1.01,85.95,2.63
Birmingham,52.4862,-1.8904,2020-07-16,17.39,22.45,12.5,0.19,83.57,2.71
Birmingham,52.4862,-1.8904,2020-07-17,17.81,22.94,11.79,0.07,80.68,2.71
Birmingham,52.4862,-1.8904,2020-07-18,16.44,20.01,13.34,1.96,86.22,3.03
Birmingham,52.4862,-1.8904,2020-07-19,14.44,19.41,9.39,2.29,74.91,2.99
Birmingham,52.4862,-1.8904,2020-07-20,13.3,18.7,7.62,0.0,74.7,2.44
Birmingham,52.4862,-1.8904,2020-07-21,14.64,19.88,6.76,0.01,72.67,1.29
Birmingham,52.4862,-1.8904,2020-07-22,16.17,21.52,10.73,0.01,72.89,2.56
Birmingham,52.4862,-1.8904,2020-07-23,15.7,21.13,10.24,0.68,84.56,3.15
Birmingham,52.4862,-1.8904,2020-07-24,17.52,22.75,12.02,1.13,83.04,2.45
Birmingham,52.4862,-1.8904,2020-07-25,16.98,20.75,13.01,7.05,88.62,3.69
Birmingham,52.4862,-1.8904,2020-07-26,15.64,20.05,11.3,1.59,82.8,4.14
Birmingham,52.4862,-1.8904,2020-07-27,16.12,22.17,11.56,9.19,85.47,5.13
Birmingham,52.4862,-1.8904,2020-07-28,13.89,17.64,10.16,0.14,76.83,4.08
Birmingham,52.4862,-1.8904,2020-07-29,15.0,20.25,8.78,0.07,78.74,2.17
Birmingham,52.4862,-1.8904,2020-07-30,18.56,25.0,12.66,0.18,71.85,1.99
Birmingham,52.4862,-1.8904,2020-07-31,21.01,30.26,13.01,0.57,75.26,3.37
Birmingham,52.4862,-1.8904,2020-08-01,16.86,21.69,11.93,1.01,82.46,2.81
Birmingham,52.4862,-1.8904,2020-08-02,15.23,19.86,10.38,0.14,78.81,2.71
Birmingham,52.4862,-1.8904,2020-08-03,14.13,18.69,9.02,0.18,77.27,2.23
Birmingham,52.4862,-1.8904,2020-08-04,14.95,20.08,8.83,0.07,78.85,3.88
Birmingham,52.4862,-1.8904,2020-08-05,18.28,23.23,14.1,0.65,83.57,5.26
Birmingham,52.4862,-1.8904,2020-08-06,18.95,23.92,12.51,0.54,86.26,2.28
Birmingham,52.4862,-1.8904,2020-08-07,20.8,26.85,14.25,0.03,77.78,1.66
Birmingham,52.4862,-1.8904,2020-08-08,19.97,25.79,15.02,0.05,81.61,3.25
Birmingham,52.4862,-1.8904,2020-08-09,19.42,25.63,12.97,0.24,84.41,2.69
Birmingham,52.4862,-1.8904,2020-08-10,19.96,25.69,14.85,0.55,86.44,2.78
Birmingham,52.4862,-1.8904,2020-08-11,22.41,28.55,15.68,0.87,78.7,1.48
Birmingham,52.4862,-1.8904,2020-08-12,22.45,29.03,17.67,3.58,79.37,1.98
Birmingham,52.4862,-1.8904,2020-08-13,19.34,23.47,15.88,2.26,85.27,2.59
Birmingham,52.4862,-1.8904,2020-08-14,17.94,22.95,13.78,1.14,83.49,2.64
Birmingham,52.4862,-1.8904,2020-08-15,17.42,22.46,12.52,5.78,86.54,3.28
Birmingham,52.4862,-1.8904,2020-08-16,18.5,22.17,15.4,9.54,89.05,1.97
Birmingham,52.4862,-1.8904,2020-08-17,17.2,20.6,14.28,4.9,87.17,1.76
Birmingham,52.4862,-1.8904,2020-08-18,17.94,22.39,14.5,2.48,84.52,3.16
Birmingham,52.4862,-1.8904,2020-08-19,17.69,21.13,13.32,11.99,92.75,3.9
Birmingham,52.4862,-1.8904,2020-08-20,17.87,22.25,13.46,0.36,72.95,5.01
Birmingham,52.4862,-1.8904,2020-08-21,17.41,20.79,14.74,2.45,80.85,7.32
Birmingham,52.4862,-1.8904,2020-08-22,16.14,19.76,13.51,1.9,81.42,5.77
Birmingham,52.4862,-1.8904,2020-08-23,15.77,20.38,12.08,1.7,82.17,3.75
Birmingham,52.4862,-1.8904,2020-08-24,15.35,19.46,10.71,1.2,83.93,2.27
Birmingham,52.4862,-1.8904,2020-08-25,16.41,19.63,14.46,17.81,83.9,8.03
Birmingham,52.4862,-1.8904,2020-08-26,15.65,19.67,12.22,0.29,79.9,4.76
Birmingham,52.4862,-1.8904,2020-08-27,13.74,17.62,10.77,10.2,87.76,1.77
Birmingham,52.4862,-1.8904,2020-08-28,12.65,15.98,9.33,7.11,87.37,3.12
Birmingham,52.4862,-1.8904,2020-08-29,11.64,16.09,8.28,1.35,80.84,4.84
Birmingham,52.4862,-1.8904,2020-08-30,11.39,16.56,6.17,0.02,76.84,2.7
Birmingham,52.4862,-1.8904,2020-08-31,12.55,17.69,6.73,0.01,75.29,0.98
Birmingham,52.4862,-1.8904,2020-09-01,14.04,19.35,8.77,0.0,68.95,0.9
Birmingham,52.4862,-1.8904,2020-09-02,14.12,18.31,9.59,4.0,82.38,3.46
Birmingham,52.4862,-1.8904,2020-09-03,16.66,20.7,11.76,1.55,83.03,4.37
Birmingham,52.4862,-1.8904,2020-09-04,12.73,15.93,9.63,0.08,85.87,3.04
Birmingham,52.4862,-1.8904,2020-09-05,12.01,16.77,8.19,0.16,83.81,3.09
Birmingham,52.4862,-1.8904,2020-09-06,13.19,18.28,8.56,0.85,86.12,1.78
Birmingham,52.4862,-1.8904,2020-09-07,13.76,17.22,9.4,1.3,91.42,3.08
Birmingham,52.4862,-1.8904,2020-09-08,18.06,23.69,13.19,0.18,87.96,3.33
Birmingham,52.4862,-1.8904,2020-09-09,15.1,19.17,9.04,0.35,81.92,3.15
Birmingham,52.4862,-1.8904,2020-09-10,12.16,17.33,7.22,0.0,79.42,1.31
Birmingham,52.4862,-1.8904,2020-09-11,12.76,17.86,8.09,0.1,82.32,3.7
Birmingham,52.4862,-1.8904,2020-09-12,14.13,18.51,11.13,0.15,79.95,3.51
Birmingham,52.4862,-1.8904,2020-09-13,16.05,22.21,11.61,0.08,85.74,3.36
Birmingham,52.4862,-1.8904,2020-09-14,16.26,24.35,8.43,0.08,76.48,1.4
Birmingham,52.4862,-1.8904,2020-09-15,17.33,24.82,10.95,0.03,80.04,1.11
Birmingham,52.4862,-1.8904,2020-09-16,16.08,22.03,11.46,0.1,83.22,2.78
Birmingham,52.4862,-1.8904,2020-09-17,13.29,19.31,8.38,0.02,79.7,3.04
Birmingham,52.4862,-1.8904,2020-09-18,12.51,18.68,8.04,0.04,80.31,4.18
Birmingham,52.4862,-1.8904,2020-09-19,13.58,19.75,9.48,0.11,82.54,4.75
Birmingham,52.4862,-1.8904,2020-09-20,13.48,19.38,9.41,0.12,84.81,3.24
Birmingham,52.4862,-1.8904,2020-09-21,14.98,21.79,8.81,0.07,85.0,1.11
Birmingham,52.4862,-1.8904,2020-09-22,15.43,21.45,10.25,0.3,86.32,2.72
Birmingham,52.4862,-1.8904,2020-09-23,12.72,16.31,7.53,4.44,89.76,2.96
Birmingham,52.4862,-1.8904,2020-09-24,9.42,12.53,6.7,4.35,84.26,3.22
Birmingham,52.4862,-1.8904,2020-09-25,9.39,13.52,6.41,0.44,79.87,5.84
Birmingham,52.4862,-1.8904,2020-09-26,8.15,12.87,3.7,0.07,78.66,4.74
Birmingham,52.4862,-1.8904,2020-09-27,8.15,14.21,4.37,0.01,79.81,3.57
Birmingham,52.4862,-1.8904,2020-09-28,10.27,18.07,3.04,1.41,91.78,1.64
Birmingham,52.4862,-1.8904,2020-09-29,12.28,16.85,8.11,0.88,82.87,1.72
Birmingham,52.4862,-1.8904,2020-09-30,10.69,14.25,7.22,8.18,95.94,3.56
Birmingham,52.4862,-1.8904,2020-10-01,9.47,13.32,6.51,0.54,82.94,2.09
Birmingham,52.4862,-1.8904,2020-10-02,10.54,13.22,6.76,12.72,90.97,5.62
Birmingham,52.4862,-1.8904,2020-10-03,11.5,13.42,8.64,31.92,94.59,5.35
Birmingham,52.4862,-1.8904,2020-10-04,9.87,12.96,8.19,14.18,90.65,2.98
Birmingham,52.4862,-1.8904,2020-10-05,10.97,14.81,8.44,2.01,92.25,3.98
Birmingham,52.4862,-1.8904,2020-10-06,10.8,13.72,8.56,5.29,92.13,3.99
Birmingham,52.4862,-1.8904,2020-10-07,10.68,14.34,7.91,6.39,86.29,3.55
Birmingham,52.4862,-1.8904,2020-10-08,11.77,14.62,5.8,7.28,89.25,3.77
Birmingham,52.4862,-1.8904,2020-10-09,7.92,11.73,5.1,1.61,87.76,3.29
Birmingham,52.4862,-1.8904,2020-10-10,8.62,13.07,4.75,2.06,90.02,4.17
Birmingham,52.4862,-1.8904,2020-10-11,8.28,12.99,5.56,0.22,89.23,2.34
Birmingham,52.4862,-1.8904,2020-10-12,7.64,10.32,4.63,5.43,95.62,2.61
Birmingham,52.4862,-1.8904,2020-10-13,8.49,11.41,5.71,1.38,92.44,3.05
Birmingham,52.4862,-1.8904,2020-10-14,9.09,13.27,5.76,0.8,91.64,3.52
Birmingham,52.4862,-1.8904,2020-10-15,7.39,12.22,4.67,0.26,88.88,2.87
Birmingham,52.4862,-1.8904,2020-10-16,8.22,12.24,5.24,0.4,89.5,2.37
Birmingham,52.4862,-1.8904,2020-10-17,8.34,11.96,5.4,0.21,90.34,1.49
Birmingham,52.4862,-1.8904,2020-10-18,8.28,12.63,6.21,0.27,89.09,1.0
Birmingham,52.4862,-1.8904,2020-10-19,8.88,13.37,5.73,0.08,87.86,3.67
Birmingham,52.4862,-1.8904,2020-10-20,13.14,16.96,8.62,1.96,89.3,5.05
Birmingham,52.4862,-1.8904,2020-10-21,12.12,13.46,10.76,9.02,96.99,2.77
Birmingham,52.4862,-1.8904,2020-10-22,8.45,12.32,3.39,0.48,89.57,2.99
Birmingham,52.4862,-1.8904,2020-10-23,7.54,12.47,3.37,1.28,93.04,2.53
Birmingham,52.4862,-1.8904,2020-10-24,9.52,13.98,4.74,9.27,95.62,4.87
Birmingham,52.4862,-1.8904,2020-10-25,8.06,11.15,6.37,2.2,93.9,4.05
Birmingham,52.4862,-1.8904,2020-10-26,8.18,12.21,6.18,0.89,91.19,4.24
Birmingham,52.4862,-1.8904,2020-10-27,7.85,12.46,5.89,3.32,93.83,4.43
Birmingham,52.4862,-1.8904,2020-10-28,7.58,9.99,5.32,1.87,92.61,4.62
Birmingham,52.4862,-1.8904,2020-10-29,9.92,13.73,4.85,6.21,95.16,5.09
Birmingham,52.4862,-1.8904,2020-10-30,12.87,14.76,10.93,2.84,95.05,3.65
Birmingham,52.4862,-1.8904,2020-10-31,11.29,14.29,7.33,6.39,89.49,6.24
Birmingham,52.4862,-1.8904,2020-11-01,12.6,15.74,7.26,4.08,89.02,7.29
Birmingham,52.4862,-1.8904,2020-11-02,10.96,15.31,5.45,2.38,82.52,7.01
Birmingham,52.4862,-1.8904,2020-11-03,5.19,8.99,2.12,6.84,91.68,2.56
Birmingham,52.4862,-1.8904,2020-11-04,4.82,10.37,0.76,0.11,94.54,1.59
Birmingham,52.4862,-1.8904,2020-11-05,6.51,9.82,4.33,0.08,91.83,1.09
Birmingham,52.4862,-1.8904,2020-11-06,4.88,9.43,3.1,0.11,94.82,2.14
Birmingham,52.4862,-1.8904,2020-11-07,6.63,11.1,3.55,0.19,96.73,2.18
Birmingham,52.4862,-1.8904,2020-11-08,8.94,11.52,7.02,2.59,98.0,1.7
Birmingham,52.4862,-1.8904,2020-11-09,10.71,14.28,7.47,1.75,97.38,2.12
Birmingham,52.4862,-1.8904,2020-11-10,9.27,13.39,7.29,0.52,96.2,2.06
Birmingham,52.4862,-1.8904,2020-11-11,10.05,12.11,7.62,5.66,95.25,5.05
Birmingham,52.4862,-1.8904,2020-11-12,8.38,11.56,5.63,0.45,90.83,4.2
Birmingham,52.4862,-1.8904,2020-11-13,8.54,10.54,6.5,2.45,90.91,4.15
Birmingham,52.4862,-1.8904,2020-11-14,10.7,13.4,6.49,8.82,94.36,5.78
Birmingham,52.4862,-1.8904,2020-11-15,8.62,10.36,7.07,2.88,89.59,5.89
Birmingham,52.4862,-1.8904,2020-11-16,9.08,11.44,6.91,0.95,91.25,4.97
Birmingham,52.4862,-1.8904,2020-11-17,11.73,13.71,10.42,0.62,94.25,5.09
Birmingham,52.4862,-1.8904,2020-11-18,9.96,13.79,6.75,1.26,89.33,6.0
Birmingham,52.4862,-1.8904,2020-11-19,5.81,8.16,1.84,0.94,86.85,4.09
Birmingham,52.4862,-1.8904,2020-11-20,6.36,9.54,2.12,3.36,96.54,3.74
Birmingham,52.4862,-1.8904,2020-11-21,9.96,11.29,8.1,1.31,93.3,4.7
Birmingham,52.4862,-1.8904,2020-11-22,5.55,8.72,1.73,0.17,93.22,1.78
Birmingham,52.4862,-1.8904,2020-11-23,5.42,8.83,1.68,0.17,96.75,3.18
Birmingham,52.4862,-1.8904,2020-11-24,8.84,10.16,7.63,0.32,95.25,4.7
Birmingham,52.4862,-1.8904,2020-11-25,6.52,9.68,1.42,4.48,95.59,2.27
Birmingham,52.4862,-1.8904,2020-11-26,3.83,5.58,1.42,0.28,96.5,0.75
Birmingham,52.4862,-1.8904,2020-11-27,3.31,6.42,-0.06,0.28,95.4,1.17
Birmingham,52.4862,-1.8904,2020-11-28,6.19,8.51,2.79,1.71,98.36,2.3
Birmingham,52.4862,-1.8904,2020-11-29,5.16,5.74,4.42,0.43,97.84,0.96
Birmingham,52.4862,-1.8904,2020-11-30,6.68,8.82,3.62,1.24,96.34,3.74
Birmingham,52.4862,-1.8904,2020-12-01,2.82,4.98,0.7,0.02,96.43,2.0
Birmingham,52.4862,-1.8904,2020-12-02,4.74,8.45,1.83,0.4,96.09,2.04
Birmingham,52.4862,-1.8904,2020-12-03,2.9,4.12,0.69,9.14,97.22,2.48
Birmingham,52.4862,-1.8904,2020-12-04,2.49,4.13,0.5,11.06,95.63,3.91
Birmingham,52.4862,-1.8904,2020-12-05,2.2,4.66,1.1,2.55,97.72,2.88
Birmingham,52.4862,-1.8904,2020-12-06,1.8,3.24,0.79,1.59,98.32,1.03
Birmingham,52.4862,-1.8904,2020-12-07,0.23,1.74,-1.1,0.39,97.52,0.9
Birmingham,52.4862,-1.8904,2020-12-08,2.52,4.42,0.5,4.37,98.46,2.5
Birmingham,52.4862,-1.8904,2020-12-09,3.75,5.23,2.68,1.8,96.28,2.99
Birmingham,52.4862,-1.8904,2020-12-10,4.26,5.74,2.84,4.71,97.45,3.93
Birmingham,52.4862,-1.8904,2020-12-11,6.87,8.17,5.69,2.49,98.09,1.82
Birmingham,52.4862,-1.8904,2020-12-12,5.47,7.62,2.19,1.45,96.63,3.09
Birmingham,52.4862,-1.8904,2020-12-13,6.28,10.34,2.5,10.43,97.11,4.73
Birmingham,52.4862,-1.8904,2020-12-14,8.43,10.09,6.1,1.9,93.95,5.22
Birmingham,52.4862,-1.8904,2020-12-15,6.3,8.54,5.27,0.43,97.41,3.6
Birmingham,52.4862,-1.8904,2020-12-16,6.99,8.73,4.92,4.98,97.37,4.59
Birmingham,52.4862,-1.8904,2020-12-17,6.83,9.39,4.88,1.26,97.27,4.34
Birmingham,52.4862,-1.8904,2020-12-18,10.7,11.79,9.65,6.16,94.68,6.98
Birmingham,52.4862,-1.8904,2020-12-19,8.22,9.73,5.89,4.1,94.51,5.34
Birmingham,52.4862,-1.8904,2020-12-20,5.77,7.62,4.43,1.04,96.75,4.08
Birmingham,52.4862,-1.8904,2020-12-21,8.49,11.81,4.39,9.63,96.91,3.92
Birmingham,52.4862,-1.8904,2020-12-22,5.56,9.01,4.39,3.49,97.03,1.86
Birmingham,52.4862,-1.8904,2020-12-23,6.14,7.99,4.09,12.9,97.38,3.86
Birmingham,52.4862,-1.8904,2020-12-24,1.51,4.98,-1.31,0.26,94.02,4.47
Birmingham,52.4862,-1.8904,2020-12-25,0.2,2.51,-2.37,0.21,95.85,2.63
Birmingham,52.4862,-1.8904,2020-12-26,6.57,8.49,2.27,6.54,94.82,6.04
Birmingham,52.4862,-1.8904,2020-12-27,4.11,7.71,2.28,7.57,93.46,4.54
Birmingham,52.4862,-1.8904,2020-12-28,0.83,2.02,-0.22,1.62,96.74,2.49
Birmingham,52.4862,-1.8904,2020-12-29,0.8,2.53,-1.21,1.73,97.95,2.73
Birmingham,52.4862,-1.8904,2020-12-30,1.47,3.69,-0.26,0.33,97.12,1.88
Birmingham,52.4862,-1.8904,2020-12-31,-0.26,2.75,-1.94,0.46,98.45,1.6
Birmingham,52.4862,-1.8904,2021-01-01,0.95,3.32,-1.87,0.63,98.1,2.53
Birmingham,52.4862,-1.8904,2021-01-02,-0.21,2.25,-1.86,1.48,97.82,2.44
Birmingham,52.4862,-1.8904,2021-01-03,1.89,3.67,0.74,1.06,97.41,3.31
Birmingham,52.4862,-1.8904,2021-01-04,1.05,3.67,-0.2,0.37,95.93,4.23
Birmingham,52.4862,-1.8904,2021-01-05,0.21,3.11,-1.15,0.16,96.69,3.67
Birmingham,52.4862,-1.8904,2021-01-06,-0.5,3.02,-1.61,0.26,98.09,2.5
Birmingham,52.4862,-1.8904,2021-01-07,-1.26,0.57,-2.51,0.3,97.98,1.64
Birmingham,52.4862,-1.8904,2021-01-08,-0.21,1.58,-1.78,0.96,98.01,1.42
Birmingham,52.4862,-1.8904,2021-01-09,-0.82,1.99,-2.27,0.1,97.53,1.13
Birmingham,52.4862,-1.8904,2021-01-10,0.8,3.27,-2.5,0.15,98.93,2.28
Birmingham,52.4862,-1.8904,2021-01-11,5.4,8.35,2.85,3.08,96.14,5.07
Birmingham,52.4862,-1.8904,2021-01-12,3.64,8.48,-1.02,3.1,91.35,2.49
Birmingham,52.4862,-1.8904,2021-01-13,3.82,7.17,-1.66,7.61,99.25,1.63
Birmingham,52.4862,-1.8904,2021-01-14,3.24,7.07,-1.17,13.49,98.11,2.04
Birmingham,52.4862,-1.8904,2021-01-15,-1.33,1.33,-3.02,0.32,97.32,1.8
Birmingham,52.4862,-1.8904,2021-01-16,3.55,6.79,0.05,9.32,94.14,4.52
Birmingham,52.4862,-1.8904,2021-01-17,3.59,5.79,1.74,0.38,93.86,3.29
Birmingham,52.4862,-1.8904,2021-01-18,4.02,8.21,1.6,5.06,97.45,3.69
Birmingham,52.4862,-1.8904,2021-01-19,9.09,10.55,8.11,14.04,94.8,6.17
Birmingham,52.4862,-1.8904,2021-01-20,9.4,10.7,2.52,18.03,94.08,7.28
Birmingham,52.4862,-1.8904,2021-01-21,3.01,5.9,0.93,0.45,90.98,5.4
Birmingham,52.4862,-1.8904,2021-01-22,1.39,5.53,-1.06,0.5,94.38,2.52
Birmingham,52.4862,-1.8904,2021-01-23,-0.36,2.97,-2.95,1.42,96.42,2.07
Birmingham,52.4862,-1.8904,2021-01-24,-1.05,0.68,-3.24,4.75,97.03,2.61
Birmingham,52.4862,-1.8904,2021-01-25,-1.01,3.76,-3.51,0.43,96.11,2.78
Birmingham,52.4862,-1.8904,2021-01-26,1.11,3.19,-3.24,2.95,98.4,2.85
Birmingham,52.4862,-1.8904,2021-01-27,5.03,7.19,3.22,9.65,98.63,1.59
Birmingham,52.4862,-1.8904,2021-01-28,8.43,11.44,5.17,17.64,95.73,3.51
Birmingham,52.4862,-1.8904,2021-01-29,6.91,9.34,5.19,0.65,93.96,3.57
Birmingham,52.4862,-1.8904,2021-01-30,1.62,5.3,-1.74,9.46,93.39,5.62
Birmingham,52.4862,-1.8904,2021-01-31,-1.1,1.34,-3.43,0.09,94.07,3.1
Birmingham,52.4862,-1.8904,2021-02-01,0.45,4.29,-2.23,1.12,91.41,1.85
Birmingham,52.4862,-1.8904,2021-02-02,5.62,9.16,0.48,11.39,97.21,3.46
Birmingham,52.4862,-1.8904,2021-02-03,5.17,8.08,1.84,0.43,94.78,2.74
Birmingham,52.4862,-1.8904,2021-02-04,4.89,7.1,2.41,4.03,98.5,2.46
Birmingham,52.4862,-1.8904,2021-02-05,4.88,7.53,3.68,2.51,98.18,1.91
Birmingham,52.4862,-1.8904,2021-02-06,3.38,6.64,1.45,6.91,90.8,1.82
Birmingham,52.4862,-1.8904,2021-02-07,0.33,2.19,-1.41,0.29,83.46,6.03
Birmingham,52.4862,-1.8904,2021-02-08,-1.05,0.66,-1.92,0.81,88.38,4.94
Birmingham,52.4862,-1.8904,2021-02-09,-1.35,0.78,-2.41,0.35,89.86,4.0
Birmingham,52.4862,-1.8904,2021-02-10,-1.86,1.03,-3.67,0.07,87.52,3.08
Birmingham,52.4862,-1.8904,2021-02-11,-2.14,1.0,-4.09,0.01,86.97,3.88
Birmingham,52.4862,-1.8904,2021-02-12,-2.5,1.0,-5.05,0.01,83.82,4.93
Birmingham,52.4862,-1.8904,2021-02-13,-3.41,-0.93,-5.82,0.04,82.02,5.43
Birmingham,52.4862,-1.8904,2021-02-14,1.12,2.49,-0.65,6.48,87.7,6.87
Birmingham,52.4862,-1.8904,2021-02-15,4.27,6.71,2.33,1.98,99.28,3.21
Birmingham,52.4862,-1.8904,2021-02-16,7.65,8.81,6.2,2.25,96.0,4.53
Birmingham,52.4862,-1.8904,2021-02-17,7.9,9.35,4.91,3.69,93.79,5.04
Birmingham,52.4862,-1.8904,2021-02-18,6.09,8.06,1.99,3.34,89.28,5.8
Birmingham,52.4862,-1.8904,2021-02-19,6.91,9.65,2.02,1.96,94.47,6.88
Birmingham,52.4862,-1.8904,2021-02-20,9.96,11.11,8.74,2.98,91.26,6.85
Birmingham,52.4862,-1.8904,2021-02-21,8.52,11.11,6.74,1.82,95.45,2.37
Birmingham,52.4862,-1.8904,2021-02-22,6.88,10.53,3.77,3.34,91.51,1.41
Birmingham,52.4862,-1.8904,2021-02-23,8.2,11.08,3.86,0.54,89.06,7.19
Birmingham,52.4862,-1.8904,2021-02-24,11.74,14.52,9.77,0.83,88.37,7.09
Birmingham,52.4862,-1.8904,2021-02-25,6.6,10.27,1.11,0.17,89.1,2.61
Birmingham,52.4862,-1.8904,2021-02-26,4.2,10.02,-0.9,0.01,87.97,1.7
Birmingham,52.4862,-1.8904,2021-02-27,4.54,10.2,-0.21,0.02,88.07,1.16
Birmingham,52.4862,-1.8904,2021-02-28,3.6,9.74,0.46,0.12,92.91,1.54
Birmingham,52.4862,-1.8904,2021-03-01,3.47,5.7,1.48,0.47,95.41,2.86
Birmingham,52.4862,-1.8904,2021-03-02,2.51,6.58,0.03,0.21,94.25,1.81
Birmingham,52.4862,-1.8904,2021-03-03,3.49,6.25,1.15,2.94,96.03,1.51
Birmingham,52.4862,-1.8904,2021-03-04,3.29,7.17,-0.26,1.68,91.08,2.43
Birmingham,52.4862,-1.8904,2021-03-05,1.82,6.18,-1.76,0.07,85.57,2.27
Birmingham,52.4862,-1.8904,2021-03-06,1.83,5.81,-2.28,0.04,78.49,0.91
Birmingham,52.4862,-1.8904,2021-03-07,1.73,6.9,-3.0,0.0,81.44,1.26
Birmingham,52.4862,-1.8904,2021-03-08,3.12,8.76,-1.23,0.22,91.12,1.94
Birmingham,52.4862,-1.8904,2021-03-09,4.76,10.27,0.05,0.11,88.77,3.17
Birmingham,52.4862,-1.8904,2021-03-10,7.25,10.97,3.39,16.34,94.14,7.48
Birmingham,52.4862,-1.8904,2021-03-11,6.66,8.81,2.78,2.93,84.06,7.71
Birmingham,52.4862,-1.8904,2021-03-12,5.25,7.6,2.82,4.91,88.11,5.87
Birmingham,52.4862,-1.8904,2021-03-13,4.95,7.4,3.77,2.82,85.2,6.73
Birmingham,52.4862,-1.8904,2021-03-14,6.2,8.01,3.62,1.39,90.34,5.29
Birmingham,52.4862,-1.8904,2021-03-15,7.53,11.04,4.4,0.68,87.95,3.69
Birmingham,52.4862,-1.8904,2021-03-16,8.32,13.26,3.93,1.01,93.2,3.56
Birmingham,52.4862,-1.8904,2021-03-17,6.34,10.69,3.65,0.06,87.39,2.57
Birmingham,52.4862,-1.8904,2021-03-18,6.78,10.89,1.96,0.26,93.39,3.08
Birmingham,52.4862,-1.8904,2021-03-19,7.14,9.14,4.22,0.59,92.33,3.08
Birmingham,52.4862,-1.8904,2021-03-20,7.48,10.39,4.83,0.29,91.94,2.22
Birmingham,52.4862,-1.8904,2021-03-21,7.74,11.22,2.94,0.17,86.66,1.92
Birmingham,52.4862,-1.8904,2021-03-22,6.17,11.41,2.59,0.14,88.47,1.66
Birmingham,52.4862,-1.8904,2021-03-23,7.45,11.55,3.28,0.05,84.38,3.59
Birmingham,52.4862,-1.8904,2021-03-24,7.89,12.29,3.52,0.28,84.7,3.2
Birmingham,52.4862,-1.8904,2021-03-25,7.53,12.04,2.84,0.45,88.19,3.87
Birmingham,52.4862,-1.8904,2021-03-26,6.85,9.2,3.36,3.89,85.44,5.48
Birmingham,52.4862,-1.8904,2021-03-27,5.88,9.61,2.03,0.39,80.53,5.08
Birmingham,52.4862,-1.8904,2021-03-28,9.47,12.26,6.15,0.54,90.83,6.96
Birmingham,52.4862,-1.8904,2021-03-29,11.1,15.72,6.81,0.17,89.38,4.94
Birmingham,52.4862,-1.8904,2021-03-30,11.11,18.74,4.45,0.03,81.1,1.85
Birmingham,52.4862,-1.8904,2021-03-31,12.76,18.77,6.84,0.0,78.92,1.62
Birmingham,52.4862,-1.8904,2021-04-01,6.89,10.38,2.71,0.04,88.15,4.19
Birmingham,52.4862,-1.8904,2021-04-02,5.57,10.79,1.71,0.03,81.02,3.11
Birmingham,52.4862,-1.8904,2021-04-03,5.26,10.89,1.02,0.0,82.57,2.61
Birmingham,52.4862,-1.8904,2021-04-04,6.6,14.23,-0.13,0.05,85.33,2.8
Birmingham,52.4862,-1.8904,2021-04-05,3.44,6.17,-0.37,0.11,71.96,4.78
Birmingham,52.4862,-1.8904,2021-04-06,1.02,4.74,-2.31,0.4,81.39,3.89
Birmingham,52.4862,-1.8904,2021-04-07,1.49,6.13,-2.92,0.09,79.13,2.62
Birmingham,52.4862,-1.8904,2021-04-08,5.82,10.97,-0.43,0.31,84.45,4.08
Birmingham,52.4862,-1.8904,2021-04-09,5.47,9.03,0.45,1.18,85.75,2.36
Birmingham,52.4862,-1.8904,2021-04-10,3.08,7.1,-0.78,1.19,86.24,2.2
Birmingham,52.4862,-1.8904,2021-04-11,2.43,6.0,-1.48,0.29,79.83,2.33
Birmingham,52.4862,-1.8904,2021-04-12,3.45,8.48,-2.25,0.53,72.79,1.46
Birmingham,52.4862,-1.8904,2021-04-13,5.55,10.36,0.07,0.19,69.01,0.8
Birmingham,52.4862,-1.8904,2021-04-14,5.19,10.19,-0.16,0.3,80.28,1.76
Birmingham,52.4862,-1.8904,2021-04-15,4.11,10.42,-2.26,0.0,78.76,1.55
Birmingham,52.4862,-1.8904,2021-04-16,5.23,11.05,-0.18,0.11,79.63,1.19
Birmingham,52.4862,-1.8904,2021-04-17,6.09,12.22,0.0,0.0,76.41,1.09
Birmingham,52.4862,-1.8904,2021-04-18,7.31,13.61,2.32,0.0,74.55,0.99
Birmingham,52.4862,-1.8904,2021-04-19,8.36,15.27,0.2,0.0,74.64,1.22
Birmingham,52.4862,-1.8904,2021-04-20,10.19,15.27,4.92,0.18,81.25,1.02
Birmingham,52.4862,-1.8904,2021-04-21,8.12,11.96,0.74,0.25,81.37,2.99
Birmingham,52.4862,-1.8904,2021-04-22,6.04,13.7,-1.82,0.0,74.75,1.77
Birmingham,52.4862,-1.8904,2021-04-23,7.47,15.74,-1.26,0.0,74.31,2.41
Birmingham,52.4862,-1.8904,2021-04-24,8.13,15.13,1.18,0.0,75.11,2.82
Birmingham,52.4862,-1.8904,2021-04-25,7.06,13.28,1.86,0.01,79.19,3.37
Birmingham,52.4862,-1.8904,2021-04-26,6.29,12.54,-0.67,0.0,76.16,1.79
Birmingham,52.4862,-1.8904,2021-04-27,7.69,12.13,2.35,4.21,85.54,1.76
Birmingham,52.4862,-1.8904,2021-04-28,6.65,11.16,1.37,4.9,80.61,4.52
Birmingham,52.4862,-1.8904,2021-04-29,5.31,9.94,-0.46,0.9,80.7,2.11
Birmingham,52.4862,-1.8904,2021-04-30,5.77,9.31,2.03,0.87,79.1,1.23
Birmingham,52.4862,-1.8904,2021-05-01,6.05,9.62,1.63,0.65,80.41,1.4
Birmingham,52.4862,-1.8904,2021-05-02,7.8,12.4,2.61,0.09,76.11,1.6
Birmingham,52.4862,-1.8904,2021-05-03,7.56,9.32,4.8,14.32,90.26,6.11
Birmingham,52.4862,-1.8904,2021-05-04,7.17,9.72,4.0,2.74,80.44,6.07
Birmingham,52.4862,-1.8904,2021-05-05,5.52,8.49,2.39,1.86,81.93,2.57
Birmingham,52.4862,-1.8904,2021-05-06,5.43,9.05,1.74,0.68,78.81,2.91
Birmingham,52.4862,-1.8904,2021-05-07,7.6,12.05,2.47,0.19,72.65,2.41
Birmingham,52.4862,-1.8904,2021-05-08,10.49,15.28,3.2,25.11,93.15,5.47
Birmingham,52.4862,-1.8904,2021-05-09,12.99,17.02,8.4,1.27,83.18,4.63
Birmingham,52.4862,-1.8904,2021-05-10,10.84,14.29,6.94,2.01,82.34,4.88
Birmingham,52.4862,-1.8904,2021-05-11,9.66,13.64,5.8,2.96,83.54,2.83
Birmingham,52.4862,-1.8904,2021-05-12,10.26,14.04,5.29,1.95,79.07,2.09
Birmingham,52.4862,-1.8904,2021-05-13,9.84,12.39,7.44,10.42,90.06,2.54
Birmingham,52.4862,-1.8904,2021-05-14,10.18,14.78,5.79,0.63,80.42,1.47
Birmingham,52.4862,-1.8904,2021-05-15,9.77,12.11,7.03,4.84,88.8,2.1
Birmingham,52.4862,-1.8904,2021-05-16,9.76,12.79,6.22,5.08,89.99,1.79
Birmingham,52.4862,-1.8904,2021-05-17,10.19,14.22,5.74,2.45,83.95,2.31
Birmingham,52.4862,-1.8904,2021-05-18,9.86,13.93,5.46,5.48,84.67,1.86
Birmingham,52.4862,-1.8904,2021-05-19,9.98,14.25,5.45,2.3,81.04,2.37
Birmingham,52.4862,-1.8904,2021-05-20,9.48,12.24,5.59,6.56,89.38,5.94
Birmingham,52.4862,-1.8904,2021-05-21,10.01,11.21,8.62,12.42,89.6,6.69
Birmingham,52.4862,-1.8904,2021-05-22,8.75,12.81,3.72,1.47,80.52,3.1
Birmingham,52.4862,-1.8904,2021-05-23,8.15,11.37,3.44,5.95,88.44,4.54
Birmingham,52.4862,-1.8904,2021-05-24,8.47,11.38,5.54,4.38,87.01,2.47
Birmingham,52.4862,-1.8904,2021-05-25,10.06,14.38,6.11,0.59,78.26,3.89
Birmingham,52.4862,-1.8904,2021-05-26,9.93,13.27,5.92,0.83,84.81,2.58
Birmingham,52.4862,-1.8904,2021-05-27,12.52,17.98,4.88,0.09,79.18,1.19
Birmingham,52.4862,-1.8904,2021-05-28,13.54,16.54,9.17,0.29,74.47,1.0
Birmingham,52.4862,-1.8904,2021-05-29,14.54,19.82,9.64,0.34,76.59,1.71
Birmingham,52.4862,-1.8904,2021-05-30,12.62,18.76,6.17,0.01,77.71,2.3
Birmingham,52.4862,-1.8904,2021-05-31,13.31,20.97,5.68,0.03,81.51,2.33
Birmingham,52.4862,-1.8904,2021-06-01,15.73,22.89,7.34,0.02,76.93,2.73
Birmingham,52.4862,-1.8904,2021-06-02,16.49,23.38,9.03,0.43,81.93,2.95
Birmingham,52.4862,-1.8904,2021-06-03,16.16,20.22,11.05,0.86,82.34,2.3
Birmingham,52.4862,-1.8904,2021-06-04,13.71,19.25,7.59,0.04,72.69,0.98
Birmingham,52.4862,-1.8904,2021-06-05,15.26,20.25,8.29,0.15,77.16,1.69
Birmingham,52.4862,-1.8904,2021-06-06,15.92,19.95,11.96,2.34,83.42,0.78
Birmingham,52.4862,-1.8904,2021-06-07,15.52,20.19,9.69,0.35,81.58,1.91
Birmingham,52.4862,-1.8904,2021-06-08,14.8,20.55,7.77,0.0,75.76,1.6
Birmingham,52.4862,-1.8904,2021-06-09,16.41,21.71,9.49,0.11,82.31,2.51
Birmingham,52.4862,-1.8904,2021-06-10,18.03,22.24,13.1,0.56,85.09,3.25
Birmingham,52.4862,-1.8904,2021-06-11,16.69,20.49,12.05,0.25,84.23,3.57
Birmingham,52.4862,-1.8904,2021-06-12,15.22,19.87,9.89,0.02,79.63,2.2
Birmingham,52.4862,-1.8904,2021-06-13,18.43,24.48,10.46,0.0,78.11,1.25
Birmingham,52.4862,-1.8904,2021-06-14,16.31,21.1,9.31,0.25,81.98,2.75
Birmingham,52.4862,-1.8904,2021-06-15,15.16,20.71,7.47,0.0,74.7,1.31
Birmingham,52.4862,-1.8904,2021-06-16,17.79,23.1,11.25,0.06,77.18,2.11
Birmingham,52.4862,-1.8904,2021-06-17,15.56,18.04,12.73,3.29,86.31,2.8
Birmingham,52.4862,-1.8904,2021-06-18,13.05,14.86,10.87,10.33,90.76,3.39
Birmingham,52.4862,-1.8904,2021-06-19,13.79,18.0,9.68,2.32,85.38,2.29
Birmingham,52.4862,-1.8904,2021-06-20,13.21,15.95,9.85,2.38,85.85,2.71
Birmingham,52.4862,-1.8904,2021-06-21,12.47,17.19,8.75,0.89,80.02,3.62
Birmingham,52.4862,-1.8904,2021-06-22,12.74,17.63,7.12,0.04,75.06,2.84
Birmingham,52.4862,-1.8904,2021-06-23,13.6,18.79,6.26,0.12,77.26,1.8
Birmingham,52.4862,-1.8904,2021-06-24,15.77,20.93,10.55,1.76,86.89,1.7
Birmingham,52.4862,-1.8904,2021-06-25,14.23,17.66,10.88,6.12,86.06,2.89
Birmingham,52.4862,-1.8904,2021-06-26,14.49,18.93,10.12,1.44,85.78,3.4
Birmingham,52.4862,-1.8904,2021-06-27,15.41,20.51,10.26,1.09,85.31,4.13
Birmingham,52.4862,-1.8904,2021-06-28,13.38,15.36,10.72,9.15,92.74,2.78
Birmingham,52.4862,-1.8904,2021-06-29,14.61,18.18,9.85,0.25,84.01,2.05
Birmingham,52.4862,-1.8904,2021-06-30,15.18,19.91,9.01,0.15,83.16,1.44
Birmingham,52.4862,-1.8904,2021-07-01,15.37,20.03,10.43,0.02,78.44,1.08
Birmingham,52.4862,-1.8904,2021-07-02,17.21,21.38,12.72,0.22,77.98,0.78
Birmingham,52.4862,-1.8904,2021-07-03,17.1,21.22,13.4,5.76,86.73,2.15
Birmingham,52.4862,-1.8904,2021-07-04,15.73,18.52,12.36,7.01,89.24,2.39
Birmingham,52.4862,-1.8904,2021-07-05,14.81,19.09,11.08,8.22,80.87,3.02
Birmingham,52.4862,-1.8904,2021-07-06,14.94,18.6,12.0,7.1,81.31,4.65
Birmingham,52.4862,-1.8904,2021-07-07,16.54,20.92,12.3,4.82,84.49,2.66
Birmingham,52.4862,-1.8904,2021-07-08,17.19,21.7,12.07,1.14,80.45,1.27
Birmingham,52.4862,-1.8904,2021-07-09,17.51,21.13,13.26,0.73,80.3,1.34
Birmingham,52.4862,-1.8904,2021-07-10,16.2,20.01,12.47,0.85,81.49,1.36
Birmingham,52.4862,-1.8904,2021-07-11,15.98,20.15,11.44,1.69,85.4,2.11
Birmingham,52.4862,-1.8904,2021-07-12,16.15,20.1,12.35,2.27,83.18,1.22
Birmingham,52.4862,-1.8904,2021-07-13,17.41,21.88,12.39,0.48,83.13,2.66
Birmingham,52.4862,-1.8904,2021-07-14,17.07,22.45,12.3,0.09,81.95,3.33
Birmingham,52.4862,-1.8904,2021-07-15,17.73,22.81,12.67,0.03,81.35,2.79
Birmingham,52.4862,-1.8904,2021-07-16,19.21,25.48,11.95,0.01,80.95,1.9
Birmingham,52.4862,-1.8904,2021-07-17,21.33,27.09,14.17,0.03,78.09,1.32
Birmingham,52.4862,-1.8904,2021-07-18,22.05,28.01,14.97,0.0,75.42,1.18
Birmingham,52.4862,-1.8904,2021-07-19,22.23,27.42,15.87,0.04,75.2,1.22
Birmingham,52.4862,-1.8904,2021-07-20,22.04,27.73,16.34,0.46,76.91,1.12
Birmingham,52.4862,-1.8904,2021-07-21,21.24,26.91,14.77,0.08,79.46,1.48
Birmingham,52.4862,-1.8904,2021-07-22,21.84,27.74,15.09,0.27,75.85,1.31
Birmingham,52.4862,-1.8904,2021-07-23,18.93,23.58,14.42,0.06,81.99,2.93
Birmingham,52.4862,-1.8904,2021-07-24,16.99,21.85,13.17,0.43,82.25,3.73
Birmingham,52.4862,-1.8904,2021-07-25,17.23,20.98,13.79,0.36,83.12,2.04
Birmingham,52.4862,-1.8904,2021-07-26,19.3,23.97,14.3,0.16,77.4,1.25
Birmingham,52.4862,-1.8904,2021-07-27,17.09,19.83,14.44,4.62,85.4,1.4
Birmingham,52.4862,-1.8904,2021-07-28,15.21,18.63,11.33,3.58,82.39,3.87
Birmingham,52.4862,-1.8904,2021-07-29,15.08,19.6,10.18,0.6,78.26,3.86
Birmingham,52.4862,-1.8904,2021-07-30,14.82,17.07,12.86,12.45,87.64,3.71
Birmingham,52.4862,-1.8904,2021-07-31,15.83,20.08,12.3,3.19,85.1,2.64
Birmingham,52.4862,-1.8904,2021-08-01,15.21,19.4,11.83,1.33,83.95,1.74
Birmingham,52.4862,-1.8904,2021-08-02,14.53,18.48,9.56,1.45,80.43,0.85
Birmingham,52.4862,-1.8904,2021-08-03,15.52,19.8,9.64,0.44,77.3,0.91
Birmingham,52.4862,-1.8904,2021-08-04,16.82,21.41,11.6,0.36,75.86,1.33
Birmingham,52.4862,-1.8904,2021-08-05,15.88,18.67,11.89,4.82,85.83,3.89
Birmingham,52.4862,-1.8904,2021-08-06,16.24,19.98,12.18,2.59,82.68,4.7
Birmingham,52.4862,-1.8904,2021-08-07,14.74,18.06,11.87,4.2,88.46,4.3
Birmingham,52.4862,-1.8904,2021-08-08,15.45,19.11,11.87,4.41,83.73,4.79
Birmingham,52.4862,-1.8904,2021-08-09,15.32,19.83,11.51,1.45,83.31,3.03
Birmingham,52.4862,-1.8904,2021-08-10,16.44,21.47,11.4,0.66,83.51,2.52
Birmingham,52.4862,-1.8904,2021-08-11,16.66,21.31,11.16,0.59,85.23,3.16
Birmingham,52.4862,-1.8904,2021-08-12,15.76,21.55,10.0,0.37,81.85,3.13
Birmingham,52.4862,-1.8904,2021-08-13,16.15,20.94,11.85,0.17,82.53,4.01
Birmingham,52.4862,-1.8904,2021-08-14,16.78,20.97,12.62,1.06,88.82,2.5
Birmingham,52.4862,-1.8904,2021-08-15,16.42,20.68,12.3,1.1,84.92,2.93
Birmingham,52.4862,-1.8904,2021-08-16,13.76,16.56,11.06,1.16,84.62,3.82
Birmingham,52.4862,-1.8904,2021-08-17,15.25,19.12,11.11,1.29,86.9,3.99
Birmingham,52.4862,-1.8904,2021-08-18,15.59,19.48,12.37,0.44,87.45,2.98
Birmingham,52.4862,-1.8904,2021-08-19,15.72,20.71,11.21,1.57,87.41,2.22
Birmingham,52.4862,-1.8904,2021-08-20,16.83,22.06,10.93,0.93,85.88,1.7
Birmingham,52.4862,-1.8904,2021-08-21,16.07,18.9,13.3,5.91,91.65,1.64
Birmingham,52.4862,-1.8904,2021-08-22,16.99,21.17,13.02,2.63,85.97,2.81
Birmingham,52.4862,-1.8904,2021-08-23,16.38,21.35,12.21,0.19,82.39,2.27
Birmingham,52.4862,-1.8904,2021-08-24,15.84,21.11,10.46,0.11,84.11,2.54
Birmingham,52.4862,-1.8904,2021-08-25,15.64,20.48,10.65,0.1,85.57,1.89
Birmingham,52.4862,-1.8904,2021-08-26,15.17,19.48,11.93,0.06,82.51,2.77
Birmingham,52.4862,-1.8904,2021-08-27,14.23,18.58,9.95,0.1,80.58,2.48
Birmingham,52.4862,-1.8904,2021-08-28,14.63,20.5,8.53,0.06,81.29,1.99
Birmingham,52.4862,-1.8904,2021-08-29,13.99,18.97,9.85,0.06,82.44,2.56
Birmingham,52.4862,-1.8904,2021-08-30,13.91,19.25,8.82,0.05,83.31,3.06
Birmingham,52.4862,-1.8904,2021-08-31,13.45,15.74,11.41,0.48,87.24,3.07
Birmingham,52.4862,-1.8904,2021-09-01,14.05,17.54,11.24,0.33,85.36,3.09
Birmingham,52.4862,-1.8904,2021-09-02,14.14,19.26,10.85,0.18,82.66,2.94
Birmingham,52.4862,-1.8904,2021-09-03,15.02,19.7,11.82,0.31,84.02,2.73
Birmingham,52.4862,-1.8904,2021-09-04,14.93,19.1,11.65,0.11,84.16,2.13
Birmingham,52.4862,-1.8904,2021-09-05,17.29,23.35,11.11,0.05,82.59,1.81
Birmingham,52.4862,-1.8904,2021-09-06,19.49,24.02,14.46,0.01,79.28,0.92
Birmingham,52.4862,-1.8904,2021-09-07,19.93,26.81,14.43,0.0,74.24,1.54
Birmingham,52.4862,-1.8904,2021-09-08,19.32,25.8,13.11,1.04,79.35,2.26
Birmingham,52.4862,-1.8904,2021-09-09,18.37,22.36,14.07,4.2,88.22,1.79
Birmingham,52.4862,-1.8904,2021-09-10,17.91,22.03,14.25,2.54,88.53,2.4
Birmingham,52.4862,-1.8904,2021-09-11,16.34,20.68,11.75,0.3,86.06,2.51
Birmingham,52.4862,-1.8904,2021-09-12,14.68,19.15,10.37,0.92,85.09,1.05
Birmingham,52.4862,-1.8904,2021-09-13,14.76,19.12,11.39,1.39,85.05,2.91
Birmingham,52.4862,-1.8904,2021-09-14,14.39,19.01,11.01,6.66,92.11,2.32
Birmingham,52.4862,-1.8904,2021-09-15,14.75,19.97,9.83,0.57,84.43,1.45
Birmingham,52.4862,-1.8904,2021-09-16,15.38,20.74,10.54,0.03,85.06,1.46
Birmingham,52.4862,-1.8904,2021-09-17,14.79,19.73,11.02,0.04,86.07,2.21
Birmingham,52.4862,-1.8904,2021-09-18,15.74,21.83,9.8,0.24,83.24,1.27
Birmingham,52.4862,-1.8904,2021-09-19,14.58,19.19,9.86,1.22,86.67,1.93
Birmingham,52.4862,-1.8904,2021-09-20,13.12,19.24,8.35,0.09,83.79,2.33
Birmingham,52.4862,-1.8904,2021-09-21,13.88,19.84,8.51,0.06,84.36,1.4
Birmingham,52.4862,-1.8904,2021-09-22,13.34,19.85,7.69,0.08,87.49,2.23
Birmingham,52.4862,-1.8904,2021-09-23,14.48,20.24,10.16,0.1,85.06,2.99
Birmingham,52.4862,-1.8904,2021-09-24,15.32,22.58,8.42,0.1,89.5,2.75
Birmingham,52.4862,-1.8904,2021-09-25,16.5,21.33,12.76,0.1,88.44,1.31
Birmingham,52.4862,-1.8904,2021-09-26,15.58,20.07,12.2,0.23,85.81,3.17
Birmingham,52.4862,-1.8904,2021-09-27,13.34,16.03,9.19,9.69,82.62,5.22
Birmingham,52.4862,-1.8904,2021-09-28,11.7,15.83,8.99,19.44,91.64,4.06
Birmingham,52.4862,-1.8904,2021-09-29,9.44,13.49,6.34,0.56,83.03,3.88
Birmingham,52.4862,-1.8904,2021-09-30,12.18,16.5,6.34,5.1,93.37,5.25
Birmingham,52.4862,-1.8904,2021-10-01,12.47,15.26,7.13,5.41,82.43,4.5
Birmingham,52.4862,-1.8904,2021-10-02,10.22,14.48,7.11,11.45,94.83,3.94
Birmingham,52.4862,-1.8904,2021-10-03,10.48,15.29,6.6,1.61,88.07,4.4
Birmingham,52.4862,-1.8904,2021-10-04,10.92,14.3,8.57,14.45,90.83,4.0
Birmingham,52.4862,-1.8904,2021-10-05,11.13,13.43,8.42,6.55,86.77,5.68
Birmingham,52.4862,-1.8904,2021-10-06,11.37,15.77,8.15,0.11,83.46,3.37
Birmingham,52.4862,-1.8904,2021-10-07,14.55,20.22,10.26,0.17,92.5,2.49
Birmingham,52.4862,-1.8904,2021-10-08,13.31,18.3,9.34,0.05,90.36,1.35
Birmingham,52.4862,-1.8904,2021-10-09,13.09,17.24,9.74,0.11,88.76,0.87
Birmingham,52.4862,-1.8904,2021-10-10,11.8,16.46,7.38,0.1,87.22,2.46
Birmingham,52.4862,-1.8904,2021-10-11,10.01,15.69,6.42,0.02,89.44,2.09
Birmingham,52.4862,-1.8904,2021-10-12,11.26,15.75,7.59,0.62,92.8,2.47
Birmingham,52.4862,-1.8904,2021-10-13,11.63,16.13,8.17,0.45,92.8,1.53
Birmingham,52.4862,-1.8904,2021-10-14,11.64,16.07,7.91,0.05,89.43,3.17
Birmingham,52.4862,-1.8904,2021-10-15,9.43,13.04,4.36,0.63,81.64,1.9
Birmingham,52.4862,-1.8904,2021-10-16,9.43,15.3,4.15,0.26,92.21,1.53
Birmingham,52.4862,-1.8904,2021-10-17,11.97,17.0,8.95,0.82,90.3,2.72
Birmingham,52.4862,-1.8904,2021-10-18,12.67,16.11,9.08,2.6,97.3,3.11
Birmingham,52.4862,-1.8904,2021-10-19,16.03,19.17,13.09,11.06,94.12,4.77
Birmingham,52.4862,-1.8904,2021-10-20,12.24,15.68,7.33,5.21,92.02,3.56
Birmingham,52.4862,-1.8904,2021-10-21,7.4,11.56,4.18,0.9,80.86,3.99
Birmingham,52.4862,-1.8904,2021-10-22,7.96,12.57,4.9,0.3,88.07,3.49
Birmingham,52.4862,-1.8904,2021-10-23,8.45,12.8,5.1,0.06,87.7,3.48
Birmingham,52.4862,-1.8904,2021-10-24,10.72,13.68,8.51,1.34,90.47,4.3
Birmingham,52.4862,-1.8904,2021-10-25,9.68,13.64,6.71,0.5,92.56,2.94
Birmingham,52.4862,-1.8904,2021-10-26,11.58,16.04,7.51,0.4,94.11,4.36
Birmingham,52.4862,-1.8904,2021-10-27,13.86,16.61,12.33,0.35,90.56,6.03
Birmingham,52.4862,-1.8904,2021-10-28,13.4,15.88,12.02,6.35,90.66,6.11
Birmingham,52.4862,-1.8904,2021-10-29,11.5,13.74,8.46,6.4,88.05,5.42
Birmingham,52.4862,-1.8904,2021-10-30,9.22,12.67,6.95,7.12,91.06,3.62
Birmingham,52.4862,-1.8904,2021-10-31,9.89,12.66,7.04,15.45,87.24,6.76
Birmingham,52.4862,-1.8904,2021-11-01,7.89,10.07,4.72,2.38,88.53,4.96
Birmingham,52.4862,-1.8904,2021-11-02,5.97,10.65,3.32,0.46,92.08,1.69
Birmingham,52.4862,-1.8904,2021-11-03,6.31,9.72,3.27,0.72,94.04,2.64
Birmingham,52.4862,-1.8904,2021-11-04,4.29,9.12,0.22,0.07,90.83,3.21
Birmingham,52.4862,-1.8904,2021-11-05,5.29,11.11,-0.05,0.11,96.4,1.91
Birmingham,52.4862,-1.8904,2021-11-06,9.55,12.11,6.81,0.7,93.51,4.63
Birmingham,52.4862,-1.8904,2021-11-07,7.83,11.38,4.83,0.03,84.57,3.95
Birmingham,52.4862,-1.8904,2021-11-08,7.86,11.9,3.83,0.55,95.88,2.39
Birmingham,52.4862,-1.8904,2021-11-09,10.3,14.12,7.42,0.17,95.21,3.46
Birmingham,52.4862,-1.8904,2021-11-10,10.0,11.85,8.94,1.4,97.17,1.01
Birmingham,52.4862,-1.8904,2021-11-11,10.05,12.87,7.88,0.84,95.15,2.31
Birmingham,52.4862,-1.8904,2021-11-12,10.53,12.67,7.64,1.92,93.86,4.95
Birmingham,52.4862,-1.8904,2021-11-13,9.34,12.78,5.79,0.14,92.65,3.01
Birmingham,52.4862,-1.8904,2021-11-14,6.76,11.35,4.98,0.18,97.28,1.59
Birmingham,52.4862,-1.8904,2021-11-15,6.27,8.65,4.68,0.25,97.78,0.86
Birmingham,52.4862,-1.8904,2021-11-16,7.8,10.65,5.68,0.28,98.46,2.07
Birmingham,52.4862,-1.8904,2021-11-17,7.1,10.74,4.43,0.03,93.23,2.71
Birmingham,52.4862,-1.8904,2021-11-18,9.06,13.73,5.56,0.13,96.08,3.17
Birmingham,52.4862,-1.8904,2021-11-19,9.07,12.84,7.26,0.12,97.08,1.93
Birmingham,52.4862,-1.8904,2021-11-20,7.32,11.26,4.69,0.1,93.75,2.44
Birmingham,52.4862,-1.8904,2021-11-21,3.7,6.55,1.63,0.03,91.93,3.5
Birmingham,52.4862,-1.8904,2021-11-22,2.83,8.14,0.9,0.06,94.34,2.35
Birmingham,52.4862,-1.8904,2021-11-23,4.55,8.33,0.85,0.33,96.7,1.37
Birmingham,52.4862,-1.8904,2021-11-24,5.11,7.14,4.02,0.49,96.85,1.45
Birmingham,52.4862,-1.8904,2021-11-25,2.77,5.91,0.89,0.23,93.47,2.85
Birmingham,52.4862,-1.8904,2021-11-26,4.56,7.37,2.47,6.81,91.61,5.89
Birmingham,52.4862,-1.8904,2021-11-27,2.24,3.81,-1.08,3.93,82.31,8.69
Birmingham,52.4862,-1.8904,2021-11-28,-0.62,3.11,-3.36,1.97,93.63,2.72
Birmingham,52.4862,-1.8904,2021-11-29,0.92,6.16,-2.21,0.79,96.8,2.82
Birmingham,52.4862,-1.8904,2021-11-30,8.86,10.33,6.34,3.01,95.75,4.75
Birmingham,52.4862,-1.8904,2021-12-01,5.33,9.45,-0.28,2.45,92.81,5.25
Birmingham,52.4862,-1.8904,2021-12-02,0.61,3.7,-1.79,1.01,92.13,2.74
Birmingham,52.4862,-1.8904,2021-12-03,3.9,6.95,0.85,3.19,97.72,2.24
Birmingham,52.4862,-1.8904,2021-12-04,4.35,5.4,3.05,3.75,91.55,5.59
Birmingham,52.4862,-1.8904,2021-12-05,3.86,5.22,2.06,2.58,93.04,4.8
Birmingham,52.4862,-1.8904,2021-12-06,2.43,5.18,0.76,4.66,96.24,3.17
Birmingham,52.4862,-1.8904,2021-12-07,3.41,7.01,-0.02,9.21,94.46,6.18
Birmingham,52.4862,-1.8904,2021-12-08,4.35,4.99,3.58,1.86,86.85,7.18
Birmingham,52.4862,-1.8904,2021-12-09,4.78,7.11,2.45,6.02,94.67,3.85
Birmingham,52.4862,-1.8904,2021-12-10,3.76,6.12,1.49,0.16,93.16,4.26
Birmingham,52.4862,-1.8904,2021-12-11,4.59,8.69,1.18,4.46,97.69,2.8
Birmingham,52.4862,-1.8904,2021-12-12,9.88,11.98,8.75,1.01,96.57,3.88
Birmingham,52.4862,-1.8904,2021-12-13,9.73,10.64,8.66,2.69,96.26,3.85
Birmingham,52.4862,-1.8904,2021-12-14,9.69,11.69,8.41,0.65,96.62,3.16
Birmingham,52.4862,-1.8904,2021-12-15,9.02,11.3,7.32,0.19,95.14,2.86
Birmingham,52.4862,-1.8904,2021-12-16,7.28,10.16,4.85,0.14,96.7,1.08
Birmingham,52.4862,-1.8904,2021-12-17,5.87,7.74,4.77,0.34,97.1,1.7
Birmingham,52.4862,-1.8904,2021-12-18,5.98,6.77,5.47,0.61,97.74,1.94
Birmingham,52.4862,-1.8904,2021-12-19,4.47,5.62,2.7,0.56,97.17,1.19
Birmingham,52.4862,-1.8904,2021-12-20,3.38,5.56,1.38,0.34,93.62,1.64
Birmingham,52.4862,-1.8904,2021-12-21,0.22,4.43,-3.16,0.03,95.3,1.28
Birmingham,52.4862,-1.8904,2021-12-22,0.42,2.33,-2.87,1.59,97.46,2.86
Birmingham,52.4862,-1.8904,2021-12-23,6.11,9.71,2.16,1.31,98.07,3.2
Birmingham,52.4862,-1.8904,2021-12-24,6.69,7.99,5.76,8.17,97.38,2.66
Birmingham,52.4862,-1.8904,2021-12-25,3.62,5.52,2.21,6.98,94.59,5.1
Birmingham,52.4862,-1.8904,2021-12-26,4.42,6.13,2.01,4.95,98.26,2.08
Birmingham,52.4862,-1.8904,2021-12-27,7.0,7.97,5.88,2.63,98.38,2.52
Birmingham,52.4862,-1.8904,2021-12-28,7.35,8.48,5.8,3.49,96.96,3.05
Birmingham,52.4862,-1.8904,2021-12-29,8.66,13.3,5.58,3.33,96.68,4.15
Birmingham,52.4862,-1.8904,2021-12-30,12.06,13.45,10.91,1.2,94.84,5.56
Birmingham,52.4862,-1.8904,2021-12-31,11.57,13.69,9.32,0.98,94.46,5.0
Birmingham,52.4862,-1.8904,2022-01-01,11.07,12.96,9.65,0.55,93.19,5.04
Birmingham,52.4862,-1.8904,2022-01-02,9.06,11.14,7.9,4.76,94.05,4.65
Birmingham,52.4862,-1.8904,2022-01-03,7.32,9.23,6.22,0.43,95.02,4.58
Birmingham,52.4862,-1.8904,2022-01-04,2.85,6.15,0.53,1.35,89.78,3.74
Birmingham,52.4862,-1.8904,2022-01-05,0.91,5.4,-2.06,0.06,94.2,3.07
Birmingham,52.4862,-1.8904,2022-01-06,1.0,4.51,-2.88,1.97,96.87,3.87
Birmingham,52.4862,-1.8904,2022-01-07,1.9,4.04,0.55,0.66,94.92,3.95
Birmingham,52.4862,-1.8904,2022-01-08,4.53,8.64,1.27,5.35,96.33,4.15
Birmingham,52.4862,-1.8904,2022-01-09,2.93,6.15,1.3,0.48,96.55,2.9
Birmingham,52.4862,-1.8904,2022-01-10,4.75,7.43,1.38,0.56,98.03,2.47
Birmingham,52.4862,-1.8904,2022-01-11,5.79,7.56,1.97,3.4,98.32,1.55
Birmingham,52.4862,-1.8904,2022-01-12,3.03,7.28,1.29,0.16,97.84,1.49
Birmingham,52.4862,-1.8904,2022-01-13,2.9,5.37,1.71,0.26,97.46,1.68
Birmingham,52.4862,-1.8904,2022-01-14,2.04,5.04,-0.77,0.17,96.35,0.91
Birmingham,52.4862,-1.8904,2022-01-15,0.75,2.4,-1.3,0.28,97.8,1.77
Birmingham,52.4862,-1.8904,2022-01-16,2.57,5.53,-0.06,0.25,98.68,2.29
Birmingham,52.4862,-1.8904,2022-01-17,1.93,6.93,-1.01,0.03,98.09,1.54
Birmingham,52.4862,-1.8904,2022-01-18,1.33,3.91,-1.26,0.44,97.44,1.93
Birmingham,52.4862,-1.8904,2022-01-19,4.17,7.82,1.61,0.22,95.33,3.6
Birmingham,52.4862,-1.8904,2022-01-20,0.38,4.16,-2.73,0.05,91.58,2.27
Birmingham,52.4862,-1.8904,2022-01-21,1.36,6.06,-2.74,0.04,97.29,2.18
Birmingham,52.4862,-1.8904,2022-01-22,3.0,6.21,1.18,0.21,97.51,1.62
Birmingham,52.4862,-1.8904,2022-01-23,1.9,4.29,0.37,0.27,95.22,1.17
Birmingham,52.4862,-1.8904,2022-01-24,1.16,3.5,-0.04,0.25,94.09,0.85
Birmingham,52.4862,-1.8904,2022-01-25,0.39,2.63,-1.28,0.18,94.39,1.03
Birmingham,52.4862,-1.8904,2022-01-26,2.94,7.79,-0.43,0.02,95.3,2.92
Birmingham,52.4862,-1.8904,2022-01-27,6.55,10.12,3.43,0.22,93.73,3.72
Birmingham,52.4862,-1.8904,2022-01-28,5.06,8.56,2.38,0.27,96.94,3.25
Birmingham,52.4862,-1.8904,2022-01-29,8.27,12.07,2.36,0.16,88.09,5.65
Birmingham,52.4862,-1.8904,2022-01-30,3.47,7.67,-0.97,0.83,90.43,3.35
Birmingham,52.4862,-1.8904,2022-01-31,4.6,7.09,2.59,0.26,83.59,5.6
Birmingham,52.4862,-1.8904,2022-02-01,8.68,10.99,4.32,0.44,92.34,5.8
Birmingham,52.4862,-1.8904,2022-02-02,8.19,10.6,5.88,0.15,92.46,3.47
Birmingham,52.4862,-1.8904,2022-02-03,7.16,10.45,5.3,0.31,94.02,3.9
Birmingham,52.4862,-1.8904,2022-02-04,4.38,8.12,0.93,6.8,89.35,4.63
Birmingham,52.4862,-1.8904,2022-02-05,5.09,8.78,0.3,2.0,92.16,6.19
Birmingham,52.4862,-1.8904,2022-02-06,7.03,8.79,3.34,5.43,84.43,7.1
Birmingham,52.4862,-1.8904,2022-02-07,5.28,9.17,-0.4,0.58,93.18,3.67
Birmingham,52.4862,-1.8904,2022-02-08,8.93,11.44,7.39,0.51,93.55,5.13
Birmingham,52.4862,-1.8904,2022-02-09,7.54,10.39,4.07,1.35,89.5,3.07
Birmingham,52.4862,-1.8904,2022-02-10,3.71,6.84,1.65,0.16,86.7,3.46
Birmingham,52.4862,-1.8904,2022-02-11,2.96,7.58,0.84,0.05,89.41,2.35
Birmingham,52.4862,-1.8904,2022-02-12,4.88,7.86,1.05,1.69,89.53,6.02
Birmingham,52.4862,-1.8904,2022-02-13,7.91,9.33,6.77,11.99,95.01,6.06
Birmingham,52.4862,-1.8904,2022-02-14,5.18,6.93,1.7,1.87,92.31,4.55
Birmingham,52.4862,-1.8904,2022-02-15,4.89,8.63,0.31,5.8,94.97,3.96
Birmingham,52.4862,-1.8904,2022-02-16,10.97,13.8,7.64,1.69,87.65,8.38
Birmingham,52.4862,-1.8904,2022-02-17,6.73,9.14,4.82,1.44,82.04,5.65
Birmingham,52.4862,-1.8904,2022-02-18,5.96,9.76,2.71,6.75,83.48,8.25
Birmingham,52.4862,-1.8904,2022-02-19,3.55,7.93,0.7,7.6,91.9,5.05
Birmingham,52.4862,-1.8904,2022-02-20,8.1,11.1,3.11,10.41,88.61,8.5
Birmingham,52.4862,-1.8904,2022-02-21,5.89,9.61,2.92,0.8,83.29,7.7
Birmingham,52.4862,-1.8904,2022-02-22,6.94,11.37,2.74,0.49,88.96,4.89
Birmingham,52.4862,-1.8904,2022-02-23,5.89,9.88,2.73,0.68,91.72,5.36
Birmingham,52.4862,-1.8904,2022-02-24,4.14,7.01,1.96,3.92,84.82,5.22
Birmingham,52.4862,-1.8904,2022-02-25,4.67,9.51,0.63,0.07,85.52,3.52
Birmingham,52.4862,-1.8904,2022-02-26,4.14,10.0,0.46,0.02,86.66,3.98
Birmingham,52.4862,-1.8904,2022-02-27,4.05,10.03,-0.12,0.05,82.95,4.62
Birmingham,52.4862,-1.8904,2022-02-28,7.12,9.39,4.82,8.41,96.04,3.66
Birmingham,52.4862,-1.8904,2022-03-01,5.66,9.29,2.95,0.74,86.75,3.88
Birmingham,52.4862,-1.8904,2022-03-02,5.24,6.67,3.79,5.65,95.61,4.08
Birmingham,52.4862,-1.8904,2022-03-03,6.38,9.82,3.46,6.67,95.97,2.21
Birmingham,52.4862,-1.8904,2022-03-04,5.13,8.99,2.03,3.43,89.55,3.2
Birmingham,52.4862,-1.8904,2022-03-05,4.24,8.67,1.77,0.3,84.89,4.58
Birmingham,52.4862,-1.8904,2022-03-06,3.45,8.25,-1.22,0.18,85.39,3.55
Birmingham,52.4862,-1.8904,2022-03-07,2.23,8.11,-2.26,0.02,83.72,3.16
Birmingham,52.4862,-1.8904,2022-03-08,4.13,11.2,-2.91,0.05,85.57,4.87
Birmingham,52.4862,-1.8904,2022-03-09,7.83,11.58,5.33,0.11,86.8,4.93
Birmingham,52.4862,-1.8904,2022-03-10,9.04,13.62,5.49,0.24,87.1,4.51
Birmingham,52.4862,-1.8904,2022-03-11,8.41,10.82,6.47,3.21,93.24,5.07
Birmingham,52.4862,-1.8904,2022-03-12,8.07,11.47,6.15,2.66,84.72,5.04
Birmingham,52.4862,-1.8904,2022-03-13,7.87,11.42,4.36,1.76,90.71,4.52
Birmingham,52.4862,-1.8904,2022-03-14,6.23,12.07,3.28,0.08,83.73,2.44
Birmingham,52.4862,-1.8904,2022-03-15,6.88,13.36,1.48,0.06,88.02,2.04
Birmingham,52.4862,-1.8904,2022-03-16,6.95,10.63,2.39,16.16,94.31,2.63
Birmingham,52.4862,-1.8904,2022-03-17,6.22,12.17,1.06,0.48,88.86,3.58
Birmingham,52.4862,-1.8904,2022-03-18,8.26,14.75,4.41,0.17,86.92,2.36
Birmingham,52.4862,-1.8904,2022-03-19,7.66,14.13,3.1,0.03,78.95,4.93
Birmingham,52.4862,-1.8904,2022-03-20,4.89,10.4,0.25,0.01,81.12,2.68
Birmingham,52.4862,-1.8904,2022-03-21,6.28,13.62,-1.53,0.01,82.18,1.94
Birmingham,52.4862,-1.8904,2022-03-22,9.59,17.34,4.79,0.03,83.9,2.57
Birmingham,52.4862,-1.8904,2022-03-23,10.31,17.06,3.61,0.03,69.25,1.37
Birmingham,52.4862,-1.8904,2022-03-24,10.67,17.11,5.31,0.0,58.16,0.85
Birmingham,52.4862,-1.8904,2022-03-25,9.25,16.15,4.58,0.0,70.57,1.51
Birmingham,52.4862,-1.8904,2022-03-26,8.81,16.53,1.52,0.0,77.25,2.3
Birmingham,52.4862,-1.8904,2022-03-27,9.25,14.07,4.94,0.12,89.89,2.38
Birmingham,52.4862,-1.8904,2022-03-28,9.59,15.92,4.5,0.05,76.27,0.94
Birmingham,52.4862,-1.8904,2022-03-29,7.23,12.78,3.83,0.2,89.0,2.08
Birmingham,52.4862,-1.8904,2022-03-30,4.75,8.51,0.87,4.11,90.3,2.3
Birmingham,52.4862,-1.8904,2022-03-31,2.06,5.35,-1.23,0.41,81.36,4.56
Birmingham,52.4862,-1.8904,2022-04-01,2.69,6.63,-0.2,0.27,82.71,3.54
Birmingham,52.4862,-1.8904,2022-04-02,2.76,7.77,-1.28,0.23,80.16,1.57
Birmingham,52.4862,-1.8904,2022-04-03,4.48,10.22,-2.51,0.15,76.02,2.38
Birmingham,52.4862,-1.8904,2022-04-04,9.23,13.84,3.87,5.45,91.89,4.99
Birmingham,52.4862,-1.8904,2022-04-05,9.94,13.62,7.62,0.79,83.98,4.99
Birmingham,52.4862,-1.8904,2022-04-06,9.18,12.12,6.82,3.31,85.48,6.21
Birmingham,52.4862,-1.8904,2022-04-07,6.3,9.85,2.28,1.39,79.27,6.92
Birmingham,52.4862,-1.8904,2022-04-08,4.76,9.39,0.17,0.7,80.78,2.21
Birmingham,52.4862,-1.8904,2022-04-09,4.35,9.36,-0.18,0.14,78.91,2.76
Birmingham,52.4862,-1.8904,2022-04-10,6.03,11.49,-0.26,0.0,76.19,1.83
Birmingham,52.4862,-1.8904,2022-04-11,8.83,14.03,3.81,0.15,73.98,4.21
Birmingham,52.4862,-1.8904,2022-04-12,10.86,16.67,6.51,5.13,91.22,3.1
Birmingham,52.4862,-1.8904,2022-04-13,11.14,15.07,7.4,2.52,87.29,2.32
Birmingham,52.4862,-1.8904,2022-04-14,11.17,15.96,5.16,0.31,81.8,1.35
Birmingham,52.4862,-1.8904,2022-04-15,13.51,19.65,6.85,0.0,78.97,1.7
Birmingham,52.4862,-1.8904,2022-04-16,12.97,19.65,6.67,0.04,81.6,2.34
Birmingham,52.4862,-1.8904,2022-04-17,11.87,18.24,6.52,0.08,78.34,3.09
Birmingham,52.4862,-1.8904,2022-04-18,9.88,14.9,5.6,0.17,79.13,2.07
Birmingham,52.4862,-1.8904,2022-04-19,8.76,13.14,3.62,0.9,82.94,1.97
Birmingham,52.4862,-1.8904,2022-04-20,9.98,16.31,4.88,0.21,78.15,3.12
Birmingham,52.4862,-1.8904,2022-04-21,10.24,17.12,4.33,0.0,74.34,3.88
Birmingham,52.4862,-1.8904,2022-04-22,9.29,15.36,5.15,0.12,79.09,4.97
Birmingham,52.4862,-1.8904,2022-04-23,9.73,14.19,5.92,0.27,82.88,5.5
Birmingham,52.4862,-1.8904,2022-04-24,9.56,15.41,4.77,0.0,77.16,4.43
Birmingham,52.4862,-1.8904,2022-04-25,8.57,13.31,4.28,0.1,79.5,2.52
Birmingham,52.4862,-1.8904,2022-04-26,8.79,14.28,3.87,0.03,76.81,2.02
Birmingham,52.4862,-1.8904,2022-04-27,7.59,12.63,3.79,0.02,76.88,2.45
Birmingham,52.4862,-1.8904,2022-04-28,8.17,12.54,3.95,0.05,78.64,2.12
Birmingham,52.4862,-1.8904,2022-04-29,8.32,13.54,3.16,0.03,75.11,1.87
Birmingham,52.4862,-1.8904,2022-04-30,9.24,15.65,2.3,0.24,73.09,1.35
Birmingham,52.4862,-1.8904,2022-05-01,9.48,12.49,7.21,2.21,89.67,1.71
Birmingham,52.4862,-1.8904,2022-05-02,12.1,16.43,7.36,0.59,83.08,1.19
Birmingham,52.4862,-1.8904,2022-05-03,11.06,14.46,7.63,1.21,86.54,1.01
Birmingham,52.4862,-1.8904,2022-05-04,11.08,15.46,7.44,3.62,89.67,2.57
Birmingham,52.4862,-1.8904,2022-05-05,12.47,18.09,6.07,0.75,84.54,1.67
Birmingham,52.4862,-1.8904,2022-05-06,12.41,18.2,6.64,1.9,87.08,2.82
Birmingham,52.4862,-1.8904,2022-05-07,12.67,18.12,7.44,0.33,80.92,2.9
Birmingham,52.4862,-1.8904,2022-05-08,12.19,18.1,6.79,0.02,77.03,2.12
Birmingham,52.4862,-1.8904,2022-05-09,12.84,18.31,5.94,0.02,80.77,3.7
Birmingham,52.4862,-1.8904,2022-05-10,13.47,17.37,10.02,0.69,77.7,4.36
Birmingham,52.4862,-1.8904,2022-05-11,11.56,15.92,7.75,11.54,85.24,3.38
Birmingham,52.4862,-1.8904,2022-05-12,11.23,16.26,6.76,2.82,80.32,3.6
Birmingham,52.4862,-1.8904,2022-05-13,12.65,17.7,7.86,0.05,79.76,4.23
Birmingham,52.4862,-1.8904,2022-05-14,14.2,20.25,6.69,0.06,77.68,1.43
Birmingham,52.4862,-1.8904,2022-05-15,14.18,20.15,10.21,14.89,86.44,3.22
Birmingham,52.4862,-1.8904,2022-05-16,15.19,20.53,11.24,6.03,85.91,3.12
Birmingham,52.4862,-1.8904,2022-05-17,15.26,21.61,9.03,1.65,82.98,3.53
Birmingham,52.4862,-1.8904,2022-05-18,13.54,17.74,9.28,4.29,82.43,2.99
Birmingham,52.4862,-1.8904,2022-05-19,13.7,18.58,9.3,0.19,80.28,1.74
Birmingham,52.4862,-1.8904,2022-05-20,12.11,16.61,8.59,1.42,82.91,3.19
Birmingham,52.4862,-1.8904,2022-05-21,12.85,17.99,8.7,0.18,80.93,2.56
Birmingham,52.4862,-1.8904,2022-05-22,13.98,19.14,7.21,0.4,82.14,2.46
Birmingham,52.4862,-1.8904,2022-05-23,12.23,15.84,8.89,4.48,83.76,2.23
Birmingham,52.4862,-1.8904,2022-05-24,11.59,15.49,8.06,1.63,79.79,3.0
Birmingham,52.4862,-1.8904,2022-05-25,12.65,17.48,7.95,0.74,83.69,4.37
Birmingham,52.4862,-1.8904,2022-05-26,13.97,18.82,8.48,1.42,86.1,4.32
Birmingham,52.4862,-1.8904,2022-05-27,11.9,16.83,7.01,0.03,74.95,3.52
Birmingham,52.4862,-1.8904,2022-05-28,11.92,17.16,5.83,0.04,76.49,2.32
Birmingham,52.4862,-1.8904,2022-05-29,10.2,13.84,6.7,0.76,79.26,1.7
Birmingham,52.4862,-1.8904,2022-05-30,10.66,14.25,6.76,1.63,80.07,1.78
Birmingham,52.4862,-1.8904,2022-05-31,10.1,13.59,6.77,3.19,83.68,2.25
Birmingham,52.4862,-1.8904,2022-06-01,11.76,16.2,6.86,1.67,79.73,1.61
Birmingham,52.4862,-1.8904,2022-06-02,13.66,17.88,6.39,0.26,76.47,1.68
Birmingham,52.4862,-1.8904,2022-06-03,13.71,18.58,8.87,1.61,78.3,3.16
Birmingham,52.4862,-1.8904,2022-06-04,12.99,17.75,8.92,0.3,76.67,4.92
Birmingham,52.4862,-1.8904,2022-06-05,11.08,13.96,9.04,13.57,89.89,3.25
Birmingham,52.4862,-1.8904,2022-06-06,12.27,15.37,9.27,0.93,86.09,1.19
Birmingham,52.4862,-1.8904,2022-06-07,15.5,20.5,8.24,1.75,78.79,1.47
Birmingham,52.4862,-1.8904,2022-06-08,15.33,18.91,10.74,1.28,79.85,3.7
Birmingham,52.4862,-1.8904,2022-06-09,14.3,17.98,8.3,1.18,84.92,3.52
Birmingham,52.4862,-1.8904,2022-06-10,15.4,20.14,11.08,0.07,76.84,4.07
Birmingham,52.4862,-1.8904,2022-06-11,14.64,19.05,10.25,0.18,77.79,4.43
Birmingham,52.4862,-1.8904,2022-06-12,13.89,18.46,9.16,0.13,76.42,3.46
Birmingham,52.4862,-1.8904,2022-06-13,14.23,19.06,7.77,0.02,76.48,1.89
Birmingham,52.4862,-1.8904,2022-06-14,15.03,20.42,7.9,0.0,72.56,1.12
Birmingham,52.4862,-1.8904,2022-06-15,16.62,22.62,9.42,0.0,72.65,1.2
Birmingham,52.4862,-1.8904,2022-06-16,17.19,22.95,9.54,0.0,70.05,1.39
Birmingham,52.4862,-1.8904,2022-06-17,19.53,26.23,13.31,0.01,74.54,3.1
Birmingham,52.4862,-1.8904,2022-06-18,12.98,15.42,8.68,13.61,83.02,2.66
Birmingham,52.4862,-1.8904,2022-06-19,13.07,17.82,7.05,0.2,81.96,2.6
Birmingham,52.4862,-1.8904,2022-06-20,14.66,19.84,7.13,0.0,71.65,1.74
Birmingham,52.4862,-1.8904,2022-06-21,17.09,22.75,11.18,0.0,64.33,0.89
Birmingham,52.4862,-1.8904,2022-06-22,18.31,24.14,10.46,0.02,74.48,1.27
Birmingham,52.4862,-1.8904,2022-06-23,18.38,23.69,12.57,0.09,72.1,1.44
Birmingham,52.4862,-1.8904,2022-06-24,16.98,21.13,13.46,0.99,79.03,3.53
Birmingham,52.4862,-1.8904,2022-06-25,14.44,18.53,10.33,0.6,74.61,4.64
Birmingham,52.4862,-1.8904,2022-06-26,14.37,18.94,9.2,0.23,74.85,4.82
Birmingham,52.4862,-1.8904,2022-06-27,13.47,17.56,9.67,2.85,77.63,3.35
Birmingham,52.4862,-1.8904,2022-06-28,14.23,19.07,9.0,1.75,77.96,4.58
Birmingham,52.4862,-1.8904,2022-06-29,15.61,19.68,12.18,2.39,82.06,3.08
Birmingham,52.4862,-1.8904,2022-06-30,14.64,19.05,10.25,1.83,79.99,1.67
Birmingham,52.4862,-1.8904,2022-07-01,14.76,19.0,10.59,2.12,78.76,3.2
Birmingham,52.4862,-1.8904,2022-07-02,14.76,19.36,10.39,3.03,81.51,3.68
Birmingham,52.4862,-1.8904,2022-07-03,14.28,18.76,8.68,1.47,81.3,2.25
Birmingham,52.4862,-1.8904,2022-07-04,14.63,19.57,10.06,0.25,76.51,2.94
Birmingham,52.4862,-1.8904,2022-07-05,14.71,19.59,9.26,0.03,78.52,2.7
Birmingham,52.4862,-1.8904,2022-07-06,16.99,21.6,10.78,0.13,80.91,3.6
Birmingham,52.4862,-1.8904,2022-07-07,17.08,21.8,12.74,0.1,78.47,3.24
Birmingham,52.4862,-1.8904,2022-07-08,17.46,23.6,11.14,0.05,78.66,2.5
Birmingham,52.4862,-1.8904,2022-07-09,17.08,22.0,11.77,0.02,76.84,2.75
Birmingham,52.4862,-1.8904,2022-07-10,18.94,25.52,10.12,0.03,69.01,1.01
Birmingham,52.4862,-1.8904,2022-07-11,20.99,26.57,14.54,0.0,67.05,1.2
Birmingham,52.4862,-1.8904,2022-07-12,19.93,25.41,15.69,0.2,74.15,2.02
Birmingham,52.4862,-1.8904,2022-07-13,17.01,21.56,10.86,0.05,73.49,2.55
Birmingham,52.4862,-1.8904,2022-07-14,15.24,20.43,9.14,0.01,74.2,2.67
Birmingham,52.4862,-1.8904,2022-07-15,16.0,22.01,9.41,0.0,77.66,2.63
Birmingham,52.4862,-1.8904,2022-07-16,17.38,23.34,9.81,1.04,74.59,1.18
Birmingham,52.4862,-1.8904,2022-07-17,20.54,27.0,14.38,0.01,66.24,2.08
Birmingham,52.4862,-1.8904,2022-07-18,23.16,32.08,13.74,0.0,58.88,1.67
Birmingham,52.4862,-1.8904,2022-07-19,24.41,33.26,16.8,0.01,66.64,2.51
Birmingham,52.4862,-1.8904,2022-07-20,18.86,22.74,13.58,0.52,80.33,3.1
Birmingham,52.4862,-1.8904,2022-07-21,16.95,20.68,12.6,1.62,83.2,2.16
Birmingham,52.4862,-1.8904,2022-07-22,16.92,20.53,14.46,2.23,82.97,2.44
Birmingham,52.4862,-1.8904,2022-07-23,17.56,21.46,11.91,1.18,80.18,3.24
Birmingham,52.4862,-1.8904,2022-07-24,20.05,24.54,16.12,1.11,81.35,5.24
Birmingham,52.4862,-1.8904,2022-07-25,17.43,21.99,13.29,1.34,78.41,4.43
Birmingham,52.4862,-1.8904,2022-07-26,15.16,19.32,11.23,1.02,80.86,1.79
Birmingham,52.4862,-1.8904,2022-07-27,15.75,20.93,9.3,0.33,78.63,1.24
Birmingham,52.4862,-1.8904,2022-07-28,16.6,21.41,12.15,0.32,74.14,2.45
Birmingham,52.4862,-1.8904,2022-07-29,18.13,23.4,12.59,1.14,72.53,1.28
Birmingham,52.4862,-1.8904,2022-07-30,18.74,24.09,13.5,3.0,82.32,2.96
Birmingham,52.4862,-1.8904,2022-07-31,18.61,23.3,12.42,2.87,81.39,3.46
Birmingham,52.4862,-1.8904,2022-08-01,17.53,23.77,10.73,0.29,72.32,1.82
Birmingham,52.4862,-1.8904,2022-08-02,20.92,26.05,17.09,1.51,82.6,5.19
Birmingham,52.4862,-1.8904,2022-08-03,19.67,24.26,13.89,0.22,76.31,3.96
Birmingham,52.4862,-1.8904,2022-08-04,15.95,19.96,10.88,0.13,73.26,3.07
Birmingham,52.4862,-1.8904,2022-08-05,14.22,19.05,9.59,0.07,71.43,3.0
Birmingham,52.4862,-1.8904,2022-08-06,15.07,21.17,7.86,0.0,71.19,1.69
Birmingham,52.4862,-1.8904,2022-08-07,16.64,23.18,9.5,0.0,71.16,1.97
Birmingham,52.4862,-1.8904,2022-08-08,18.19,25.06,10.32,0.03,74.69,1.2
Birmingham,52.4862,-1.8904,2022-08-09,19.85,26.37,12.54,0.03,70.04,0.82
Birmingham,52.4862,-1.8904,2022-08-10,20.64,27.41,13.56,0.0,61.48,1.32
Birmingham,52.4862,-1.8904,2022-08-11,20.8,28.22,12.97,0.02,68.05,1.48
Birmingham,52.4862,-1.8904,2022-08-12,21.57,29.44,13.32,0.0,68.99,2.27
Birmingham,52.4862,-1.8904,2022-08-13,21.74,29.58,14.0,0.04,69.18,2.47
Birmingham,52.4862,-1.8904,2022-08-14,22.25,29.93,14.4,0.0,60.06,1.59
Birmingham,52.4862,-1.8904,2022-08-15,19.82,24.73,15.57,0.51,68.67,1.61
Birmingham,52.4862,-1.8904,2022-08-16,17.76,20.72,15.41,6.88,86.14,1.5
Birmingham,52.4862,-1.8904,2022-08-17,17.16,21.39,13.61,5.22,84.25,3.58
Birmingham,52.4862,-1.8904,2022-08-18,18.14,22.97,12.31,0.35,81.96,2.94
Birmingham,52.4862,-1.8904,2022-08-19,16.83,21.41,12.55,0.07,73.59,2.99
Birmingham,52.4862,-1.8904,2022-08-20,16.69,22.37,11.37,0.23,77.71,3.82
Birmingham,52.4862,-1.8904,2022-08-21,17.53,22.36,12.41,0.69,80.27,2.02
Birmingham,52.4862,-1.8904,2022-08-22,18.21,23.44,13.46,3.05,84.17,2.08
Birmingham,52.4862,-1.8904,2022-08-23,19.29,24.34,14.89,0.5,82.66,2.01
Birmingham,52.4862,-1.8904,2022-08-24,20.12,25.0,16.22,3.23,84.85,3.0
Birmingham,52.4862,-1.8904,2022-08-25,16.24,20.67,11.45,1.76,83.05,2.29
Birmingham,52.4862,-1.8904,2022-08-26,16.63,22.36,10.95,0.87,73.01,0.71
Birmingham,52.4862,-1.8904,2022-08-27,17.1,22.78,11.56,0.11,75.29,1.52
Birmingham,52.4862,-1.8904,2022-08-28,16.58,21.23,10.89,0.02,76.73,1.57
Birmingham,52.4862,-1.8904,2022-08-29,16.43,21.32,11.65,0.04,77.26,3.04
Birmingham,52.4862,-1.8904,2022-08-30,14.75,19.31,9.79,0.14,81.5,3.3
Birmingham,52.4862,-1.8904,2022-08-31,16.1,21.61,11.16,0.14,78.27,3.72
Birmingham,52.4862,-1.8904,2022-09-01,16.99,22.61,12.22,0.3,77.21,3.73
Birmingham,52.4862,-1.8904,2022-09-02,17.74,23.52,13.76,0.47,76.58,2.3
Birmingham,52.4862,-1.8904,2022-09-03,16.9,20.97,12.47,0.67,81.61,2.12
Birmingham,52.4862,-1.8904,2022-09-04,18.3,22.41,14.91,6.76,82.08,3.84
Birmingham,52.4862,-1.8904,2022-09-05,18.18,22.04,13.89,2.7,83.84,2.97
Birmingham,52.4862,-1.8904,2022-09-06,16.82,21.09,14.05,6.03,84.54,3.17
Birmingham,52.4862,-1.8904,2022-09-07,16.53,21.4,13.15,1.78,81.76,3.3
Birmingham,52.4862,-1.8904,2022-09-08,15.34,18.87,12.58,5.93,89.44,2.07
Birmingham,52.4862,-1.8904,2022-09-09,15.72,19.88,12.39,2.48,86.8,2.31
Birmingham,52.4862,-1.8904,2022-09-10,15.83,20.74,12.16,1.16,86.02,2.14
Birmingham,52.4862,-1.8904,2022-09-11,16.2,21.46,10.48,1.81,81.78,2.17
Birmingham,52.4862,-1.8904,2022-09-12,17.4,21.88,13.68,2.59,89.4,2.24
Birmingham,52.4862,-1.8904,2022-09-13,14.3,18.97,10.29,0.19,80.22,1.85
Birmingham,52.4862,-1.8904,2022-09-14,13.77,19.37,8.3,0.08,83.29,2.31
Birmingham,52.4862,-1.8904,2022-09-15,13.18,17.92,9.34,0.05,77.63,3.06
Birmingham,52.4862,-1.8904,2022-09-16,10.93,15.74,6.18,0.14,76.46,3.04
Birmingham,52.4862,-1.8904,2022-09-17,10.24,16.46,4.39,0.0,75.64,2.37
Birmingham,52.4862,-1.8904,2022-09-18,12.06,17.05,7.64,0.4,82.01,3.26
Birmingham,52.4862,-1.8904,2022-09-19,13.16,17.3,9.58,0.89,86.35,1.3
Birmingham,52.4862,-1.8904,2022-09-20,13.75,18.91,9.02,0.21,80.46,0.87
Birmingham,52.4862,-1.8904,2022-09-21,13.76,19.8,8.91,0.0,78.28,1.76
Birmingham,52.4862,-1.8904,2022-09-22,13.65,18.18,9.66,1.81,83.85,2.77
Birmingham,52.4862,-1.8904,2022-09-23,13.46,18.59,8.91,0.77,81.66,2.68
Birmingham,52.4862,-1.8904,2022-09-24,11.2,16.79,6.87,0.31,82.89,2.61
Birmingham,52.4862,-1.8904,2022-09-25,10.58,15.85,5.33,0.08,79.62,2.68
Birmingham,52.4862,-1.8904,2022-09-26,11.59,15.04,7.42,1.94,79.91,4.92
Birmingham,52.4862,-1.8904,2022-09-27,9.69,13.51,6.46,1.55,84.26,3.86
Birmingham,52.4862,-1.8904,2022-09-28,9.7,14.23,6.77,1.69,82.45,2.68
Birmingham,52.4862,-1.8904,2022-09-29,11.23,16.52,7.57,1.45,85.63,2.65
Birmingham,52.4862,-1.8904,2022-09-30,10.99,14.46,6.73,11.27,95.64,4.1
Birmingham,52.4862,-1.8904,2022-10-01,12.88,17.66,9.49,1.29,85.52,3.99
Birmingham,52.4862,-1.8904,2022-10-02,12.16,17.27,8.47,0.06,83.55,2.13
Birmingham,52.4862,-1.8904,2022-10-03,12.16,18.23,5.43,0.07,84.45,2.31
Birmingham,52.4862,-1.8904,2022-10-04,14.71,18.4,11.19,1.33,89.79,4.93
Birmingham,52.4862,-1.8904,2022-10-05,13.97,17.37,8.58,4.06,82.71,6.05
Birmingham,52.4862,-1.8904,2022-10-06,11.99,17.68,6.91,2.03,86.87,4.67
Birmingham,52.4862,-1.8904,2022-10-07,12.36,16.39,7.95,4.0,87.79,4.66
Birmingham,52.4862,-1.8904,2022-10-08,10.03,15.69,6.13,1.26,83.47,2.24
Birmingham,52.4862,-1.8904,2022-10-09,10.49,16.55,4.88,0.11,79.8,3.77
Birmingham,52.4862,-1.8904,2022-10-10,10.01,15.04,5.88,2.77,81.7,2.87
Birmingham,52.4862,-1.8904,2022-10-11,8.28,14.93,3.49,0.01,79.9,1.48
Birmingham,52.4862,-1.8904,2022-10-12,10.79,15.43,5.32,0.64,86.28,3.18
Birmingham,52.4862,-1.8904,2022-10-13,10.96,16.31,6.69,0.15,85.3,1.05
Birmingham,52.4862,-1.8904,2022-10-14,11.43,16.79,8.19,1.16,89.55,2.38
Birmingham,52.4862,-1.8904,2022-10-15,11.47,15.09,9.28,2.43,84.3,4.89
Birmingham,52.4862,-1.8904,2022-10-16,11.32,15.3,6.23,5.09,82.01,3.72
Birmingham,52.4862,-1.8904,2022-10-17,12.55,17.0,6.5,0.58,86.29,3.62
Birmingham,52.4862,-1.8904,2022-10-18,9.91,16.18,6.34,0.1,84.08,1.85
Birmingham,52.4862,-1.8904,2022-10-19,11.22,15.0,8.11,12.01,87.96,5.18
Birmingham,52.4862,-1.8904,2022-10-20,12.33,15.89,8.24,5.79,93.99,1.7
Birmingham,52.4862,-1.8904,2022-10-21,13.1,16.44,8.64,10.15,95.37,4.21
Birmingham,52.4862,-1.8904,2022-10-22,13.24,16.99,10.19,2.68,91.11,3.46
Birmingham,52.4862,-1.8904,2022-10-23,13.66,17.49,11.6,15.04,95.61,2.65
Birmingham,52.4862,-1.8904,2022-10-24,11.98,15.63,9.96,1.84,92.13,3.47
Birmingham,52.4862,-1.8904,2022-10-25,12.21,16.21,9.09,0.99,91.02,3.36
Birmingham,52.4862,-1.8904,2022-10-26,14.34,17.84,11.97,0.33,87.55,4.89
Birmingham,52.4862,-1.8904,2022-10-27,14.62,18.3,12.21,3.66,93.9,3.44
Birmingham,52.4862,-1.8904,2022-10-28,13.8,16.11,10.06,1.18,88.25,3.82
Birmingham,52.4862,-1.8904,2022-10-29,13.48,17.88,9.17,4.25,95.49,3.43
Birmingham,52.4862,-1.8904,2022-10-30,12.3,14.88,10.66,0.9,93.93,4.04
Birmingham,52.4862,-1.8904,2022-10-31,12.52,15.29,10.48,9.58,91.9,3.84
Birmingham,52.4862,-1.8904,2022-11-01,10.69,13.15,8.45,5.75,88.44,5.08
Birmingham,52.4862,-1.8904,2022-11-02,10.21,13.64,5.94,3.53,89.4,6.18
Birmingham,52.4862,-1.8904,2022-11-03,8.51,11.8,6.08,1.28,92.84,2.1
Birmingham,52.4862,-1.8904,2022-11-04,6.81,11.74,3.88,0.17,90.58,2.88
Birmingham,52.4862,-1.8904,2022-11-05,8.74,12.47,4.41,2.54,97.79,3.19
Birmingham,52.4862,-1.8904,2022-11-06,9.71,12.45,7.72,2.46,94.74,3.15
Birmingham,52.4862,-1.8904,2022-11-07,11.47,14.19,8.78,1.72,93.71,5.53
Birmingham,52.4862,-1.8904,2022-11-08,11.13,13.04,8.99,7.67,90.21,6.04
Birmingham,52.4862,-1.8904,2022-11-09,9.4,12.16,7.86,1.65,93.91,3.88
Birmingham,52.4862,-1.8904,2022-11-10,11.63,14.35,8.69,0.42,92.61,5.66
Birmingham,52.4862,-1.8904,2022-11-11,12.76,16.37,8.52,0.22,91.64,5.05
Birmingham,52.4862,-1.8904,2022-11-12,10.03,15.28,7.29,0.17,94.91,2.76
Birmingham,52.4862,-1.8904,2022-11-13,9.84,14.25,7.59,0.27,96.39,2.74
Birmingham,52.4862,-1.8904,2022-11-14,9.65,14.41,5.86,1.01,96.95,1.87
Birmingham,52.4862,-1.8904,2022-11-15,8.13,11.77,5.42,12.58,94.94,4.0
Birmingham,52.4862,-1.8904,2022-11-16,7.23,10.1,5.7,4.76,94.75,3.1
Birmingham,52.4862,-1.8904,2022-11-17,7.87,8.87,7.12,18.74,94.06,5.97
Birmingham,52.4862,-1.8904,2022-11-18,7.74,10.78,5.93,0.44,91.38,4.07
Birmingham,52.4862,-1.8904,2022-11-19,5.83,9.88,3.41,0.38,94.73,1.65
Birmingham,52.4862,-1.8904,2022-11-20,5.37,9.15,2.18,2.71,95.42,2.7
Birmingham,52.4862,-1.8904,2022-11-21,4.64,6.36,2.01,15.72,97.54,3.04
Birmingham,52.4862,-1.8904,2022-11-22,4.91,8.65,2.23,2.07,96.84,2.49
Birmingham,52.4862,-1.8904,2022-11-23,6.78,9.77,3.48,8.93,94.43,4.37
Birmingham,52.4862,-1.8904,2022-11-24,7.22,10.92,4.94,4.76,95.39,5.03
Birmingham,52.4862,-1.8904,2022-11-25,7.18,10.75,4.39,1.11,95.72,3.57
Birmingham,52.4862,-1.8904,2022-11-26,8.64,10.91,6.82,6.73,94.88,5.15
Birmingham,52.4862,-1.8904,2022-11-27,8.66,11.3,6.05,1.98,97.52,2.51
Birmingham,52.4862,-1.8904,2022-11-28,6.68,7.75,5.73,0.46,95.5,1.52
Birmingham,52.4862,-1.8904,2022-11-29,5.57,6.42,3.95,0.5,95.01,0.82
Birmingham,52.4862,-1.8904,2022-11-30,4.7,6.9,3.55,0.36,96.65,1.19
Birmingham,52.4862,-1.8904,2022-12-01,4.51,5.35,3.4,0.27,95.24,0.55
Birmingham,52.4862,-1.8904,2022-12-02,3.95,5.37,2.73,0.23,96.39,1.84
Birmingham,52.4862,-1.8904,2022-12-03,4.18,6.56,2.65,0.4,96.25,3.48
Birmingham,52.4862,-1.8904,2022-12-04,3.08,5.11,2.05,0.63,95.67,2.85
Birmingham,52.4862,-1.8904,2022-12-05,4.33,6.44,2.88,0.7,96.88,3.25
Birmingham,52.4862,-1.8904,2022-12-06,2.02,4.52,0.38,0.24,97.3,2.65
Birmingham,52.4862,-1.8904,2022-12-07,-0.28,3.22,-2.67,0.14,96.17,2.08
Birmingham,52.4862,-1.8904,2022-12-08,-1.78,1.94,-3.64,0.09,97.03,1.34
Birmingham,52.4862,-1.8904,2022-12-09,-1.12,2.17,-2.58,0.16,97.12,1.87
Birmingham,52.4862,-1.8904,2022-12-10,-0.33,2.14,-1.39,0.28,98.83,1.68
Birmingham,52.4862,-1.8904,2022-12-11,-0.78,0.8,-1.6,0.36,98.13,0.79
Birmingham,52.4862,-1.8904,2022-12-12,-1.75,-0.47,-2.81,0.29,97.83,1.02
Birmingham,52.4862,-1.8904,2022-12-13,-1.69,-0.57,-2.5,0.14,96.84,2.05
Birmingham,52.4862,-1.8904,2022-12-14,-2.28,0.95,-4.39,0.06,95.99,2.74
Birmingham,52.4862,-1.8904,2022-12-15,-3.01,0.98,-5.59,0.45,98.14,2.32
Birmingham,52.4862,-1.8904,2022-12-16,-2.52,1.02,-3.98,1.39,98.26,1.9
Birmingham,52.4862,-1.8904,2022-12-17,-0.46,2.29,-2.63,0.25,98.37,3.32
Birmingham,52.4862,-1.8904,2022-12-18,1.34,7.23,-1.92,6.54,97.34,4.78
Birmingham,52.4862,-1.8904,2022-12-19,10.4,12.04,6.96,2.35,96.46,6.12
Birmingham,52.4862,-1.8904,2022-12-20,7.16,11.2,5.03,5.77,97.58,3.57
Birmingham,52.4862,-1.8904,2022-12-21,5.82,7.9,4.79,1.24,97.96,3.76
Birmingham,52.4862,-1.8904,2022-12-22,5.57,7.4,4.14,0.98,98.79,1.88
Birmingham,52.4862,-1.8904,2022-12-23,5.32,8.29,3.8,11.23,97.74,2.76
Birmingham,52.4862,-1.8904,2022-12-24,6.73,8.21,4.41,1.94,97.39,3.63
Birmingham,52.4862,-1.8904,2022-12-25,8.09,10.23,6.91,1.12,97.36,3.77
Birmingham,52.4862,-1.8904,2022-12-26,3.81,7.37,1.2,0.64,94.38,4.11
Birmingham,52.4862,-1.8904,2022-12-27,5.53,8.8,2.47,4.26,96.44,4.89
Birmingham,52.4862,-1.8904,2022-12-28,8.52,10.74,5.59,5.57,94.54,5.42
Birmingham,52.4862,-1.8904,2022-12-29,5.84,8.17,3.23,1.55,92.03,5.4
Birmingham,52.4862,-1.8904,2022-12-30,7.59,11.2,4.2,1.92,94.55,5.97
Birmingham,52.4862,-1.8904,2022-12-31,9.39,10.36,7.09,7.86,96.2,4.67
Manchester,53.4808,-2.2426,2016-01-01,2.54,5.1,-0.11,3.51,94.63,4.81
Manchester,53.4808,-2.2426,2016-01-02,6.63,7.89,5.27,5.62,96.75,4.48
Manchester,53.4808,-2.2426,2016-01-03,5.13,6.52,4.06,11.26,97.08,3.34
Manchester,53.4808,-2.2426,2016-01-04,5.52,6.49,4.52,2.26,97.54,3.41
Manchester,53.4808,-2.2426,2016-01-05,5.9,7.29,5.06,7.04,96.24,2.15
Manchester,53.4808,-2.2426,2016-01-06,5.63,7.06,3.65,1.74,95.64,2.25
Manchester,53.4808,-2.2426,2016-01-07,4.37,5.9,1.86,12.41,89.77,6.05
Manchester,53.4808,-2.2426,2016-01-08,2.69,5.41,0.99,4.55,97.15,3.1
Manchester,53.4808,-2.2426,2016-01-09,5.27,7.51,3.18,10.63,96.38,4.5
Manchester,53.4808,-2.2426,2016-01-10,3.67,4.46,2.7,4.45,95.59,5.05
Manchester,53.4808,-2.2426,2016-01-11,3.32,4.82,2.52,1.25,96.91,2.36
Manchester,53.4808,-2.2426,2016-01-12,4.29,5.61,2.9,6.96,94.48,5.28
Manchester,53.4808,-2.2426,2016-01-13,2.78,3.54,1.91,7.88,93.78,3.49
Manchester,53.4808,-2.2426,2016-01-14,1.76,2.84,0.78,1.56,90.25,4.95
Manchester,53.4808,-2.2426,2016-01-15,1.09,3.08,-1.47,1.5,94.43,3.42
Manchester,53.4808,-2.2426,2016-01-16,-0.58,1.85,-2.46,3.47,94.43,1.43
Manchester,53.4808,-2.2426,2016-01-17,0.22,1.12,-0.76,1.48,94.94,4.29
Manchester,53.4808,-2.2426,2016-01-18,1.54,2.78,0.14,0.71,97.89,2.89
Manchester,53.4808,-2.2426,2016-01-19,0.82,3.19,-0.73,0.21,95.67,0.67
Manchester,53.4808,-2.2426,2016-01-20,-0.12,3.1,-1.62,0.07,95.5,1.51
Manchester,53.4808,-2.2426,2016-01-21,1.16,3.03,-1.05,2.13,97.28,4.82
Manchester,53.4808,-2.2426,2016-01-22,5.78,9.53,3.04,9.7,95.71,5.4
Manchester,53.4808,-2.2426,2016-01-23,5.99,8.41,3.75,6.97,97.24,4.16
Manchester,53.4808,-2.2426,2016-01-24,10.41,12.02,8.39,1.44,96.24,3.99
Manchester,53.4808,-2.2426,2016-01-25,7.91,11.4,4.6,0.95,93.26,5.5
Manchester,53.4808,-2.2426,2016-01-26,7.93,10.4,5.03,8.68,94.33,6.89
Manchester,53.4808,-2.2426,2016-01-27,8.08,11.93,2.59,4.09,90.71,6.9
Manchester,53.4808,-2.2426,2016-01-28,4.74,8.76,1.89,2.93,93.03,5.6
Manchester,53.4808,-2.2426,2016-01-29,8.23,9.96,6.15,2.48,86.59,7.66
Manchester,53.4808,-2.2426,2016-01-30,3.16,5.94,2.25,1.95,84.54,6.47
Manchester,53.4808,-2.2426,2016-01-31,5.81,9.92,2.06,4.54,94.4,4.67
Manchester,53.4808,-2.2426,2016-02-01,8.27,10.76,5.23,1.09,85.98,8.27
Manchester,53.4808,-2.2426,2016-02-02,4.19,5.11,2.82,0.93,85.3,7.31
Manchester,53.4808,-2.2426,2016-02-03,3.96,5.93,2.26,2.09,89.68,4.91
Manchester,53.4808,-2.2426,2016-02-04,7.91,9.37,3.25,4.84,95.72,5.05
Manchester,53.4808,-2.2426,2016-02-05,7.63,8.58,3.96,5.86,93.12,5.54
Manchester,53.4808,-2.2426,2016-02-06,5.88,9.36,1.78,14.6,94.52,5.29
Manchester,53.4808,-2.2426,2016-02-07,4.61,7.16,2.81,6.77,91.82,6.06
Manchester,53.4808,-2.2426,2016-02-08,5.46,6.54,3.95,13.45,91.45,8.01
Manchester,53.4808,-2.2426,2016-02-09,3.34,4.44,2.08,1.46,90.51,4.77
Manchester,53.4808,-2.2426,2016-02-10,3.05,5.87,0.55,0.17,91.22,3.31
Manchester,53.4808,-2.2426,2016-02-11,2.14,6.23,-0.04,0.34,93.19,1.7
Manchester,53.4808,-2.2426,2016-02-12,1.83,4.5,0.16,0.43,96.5,3.1
Manchester,53.4808,-2.2426,2016-02-13,1.63,4.69,-0.09,0.59,93.81,4.17
Manchester,53.4808,-2.2426,2016-02-14,0.68,3.97,-1.09,0.12,90.73,3.48
Manchester,53.4808,-2.2426,2016-02-15,0.39,3.56,-1.87,0.06,88.41,2.66
Manchester,53.4808,-2.2426,2016-02-16,1.25,4.83,-2.07,2.17,90.63,5.23
Manchester,53.4808,-2.2426,2016-02-17,2.5,3.14,1.25,14.98,96.24,3.82
Manchester,53.4808,-2.2426,2016-02-18,1.79,5.32,-1.09,0.11,91.95,2.3
Manchester,53.4808,-2.2426,2016-02-19,3.78,7.87,-0.18,4.21,96.04,4.83
Manchester,53.4808,-2.2426,2016-02-20,6.21,7.45,5.37,2.3,92.72,6.63
Manchester,53.4808,-2.2426,2016-02-21,8.18,10.69,5.23,3.6,93.87,6.53
Manchester,53.4808,-2.2426,2016-02-22,3.91,5.73,1.87,0.61,88.3,4.22
Manchester,53.4808,-2.2426,2016-02-23,2.1,5.75,-0.73,0.18,88.63,2.21
Manchester,53.4808,-2.2426,2016-02-24,0.9,4.21,-1.11,0.43,90.36,1.41
Manchester,53.4808,-2.2426,2016-02-25,1.02,4.02,-2.02,0.23,85.98,1.56
Manchester,53.4808,-2.2426,2016-02-26,1.41,5.3,-0.88,0.06,87.4,2.47
Manchester,53.4808,-2.2426,2016-02-27,0.98,4.84,-1.94,0.02,86.76,2.33
Manchester,53.4808,-2.2426,2016-02-28,1.43,6.08,-1.56,0.01,88.63,2.26
Manchester,53.4808,-2.2426,2016-02-29,1.46,4.99,-1.59,4.36,90.61,3.4
Manchester,53.4808,-2.2426,2016-03-01,6.45,9.62,2.43,9.97,93.52,5.88
Manchester,53.4808,-2.2426,2016-03-02,3.5,4.94,1.98,7.38,89.17,6.79
Manchester,53.4808,-2.2426,2016-03-03,3.34,6.59,-0.04,10.98,92.39,3.1
Manchester,53.4808,-2.2426,2016-03-04,1.62,2.6,0.49,11.12,95.3,3.62
Manchester,53.4808,-2.2426,2016-03-05,2.43,5.51,0.14,0.76,92.04,3.45
Manchester,53.4808,-2.2426,2016-03-06,0.46,3.22,-1.91,0.44,90.69,2.26
Manchester,53.4808,-2.2426,2016-03-07,0.37,4.34,-2.28,0.08,84.47,2.24
Manchester,53.4808,-2.2426,2016-03-08,2.43,5.47,-1.62,1.61,95.2,2.13
Manchester,53.4808,-2.2426,2016-03-09,3.21,5.32,1.37,8.51,95.04,4.28
Manchester,53.4808,-2.2426,2016-03-10,4.19,8.0,0.8,0.2,88.88,1.54
Manchester,53.4808,-2.2426,2016-03-11,4.49,8.98,0.24,0.02,89.62,1.63
Manchester,53.4808,-2.2426,2016-03-12,5.36,8.71,1.92,0.12,91.87,1.52
Manchester,53.4808,-2.2426,2016-03-13,6.87,11.29,2.15,0.09,87.16,1.81
Manchester,53.4808,-2.2426,2016-03-14,4.12,9.72,0.73,0.05,86.9,3.46
Manchester,53.4808,-2.2426,2016-03-15,4.72,7.68,1.14,0.13,93.48,3.05
Manchester,53.4808,-2.2426,2016-03-16,4.95,9.44,1.28,0.09,89.29,3.72
Manchester,53.4808,-2.2426,2016-03-17,3.81,9.17,0.1,0.04,85.67,1.52
Manchester,53.4808,-2.2426,2016-03-18,3.87,7.85,0.4,0.2,92.61,2.09
Manchester,53.4808,-2.2426,2016-03-19,4.76,9.29,1.26,0.1,86.94,2.03
Manchester,53.4808,-2.2426,2016-03-20,5.45,10.02,1.83,0.16,87.43,1.4
Manchester,53.4808,-2.2426,2016-03-21,4.36,7.96,1.09,0.26,92.59,2.87
Manchester,53.4808,-2.2426,2016-03-22,5.89,9.61,3.11,0.25,90.51,1.91
Manchester,53.4808,-2.2426,2016-03-23,5.4,8.53,3.29,0.32,87.32,1.78
Manchester,53.4808,-2.2426,2016-03-24,6.25,7.95,4.46,3.47,94.97,3.47
Manchester,53.4808,-2.2426,2016-03-25,7.18,11.24,3.37,0.01,85.41,3.4
Manchester,53.4808,-2.2426,2016-03-26,7.28,11.46,4.69,6.56,92.53,6.66
Manchester,53.4808,-2.2426,2016-03-27,5.45,8.16,3.92,3.02,90.34,5.58
Manchester,53.4808,-2.2426,2016-03-28,4.7,7.05,2.37,8.58,90.61,4.97
Manchester,53.4808,-2.2426,2016-03-29,4.31,8.08,2.42,6.8,90.69,3.12
Manchester,53.4808,-2.2426,2016-03-30,4.48,8.15,1.97,1.0,89.75,2.82
Manchester,53.4808,-2.2426,2016-03-31,5.2,9.51,1.78,0.08,83.69,1.36
Manchester,53.4808,-2.2426,2016-04-01,4.97,7.42,0.68,3.9,91.47,4.75
Manchester,53.4808,-2.2426,2016-04-02,7.26,10.44,5.53,8.3,91.9,3.38
Manchester,53.4808,-2.2426,2016-04-03,7.74,11.9,3.93,4.23,89.93,2.71
Manchester,53.4808,-2.2426,2016-04-04,8.03,10.41,5.91,3.65,91.26,2.6
Manchester,53.4808,-2.2426,2016-04-05,6.92,9.72,4.27,0.99,88.74,4.12
Manchester,53.4808,-2.2426,2016-04-06,5.44,6.92,4.08,6.98,89.68,6.2
Manchester,53.4808,-2.2426,2016-04-07,6.47,9.84,4.04,4.05,91.01,4.56
Manchester,53.4808,-2.2426,2016-04-08,7.05,10.2,4.39,2.28,88.44,1.91
Manchester,53.4808,-2.2426,2016-04-09,5.2,8.09,1.83,3.62,81.26,1.98
Manchester,53.4808,-2.2426,2016-04-10,5.02,11.24,-1.58,0.91,81.59,3.71
Manchester,53.4808,-2.2426,2016-04-11,7.86,13.03,3.71,5.47,88.38,5.35
Manchester,53.4808,-2.2426,2016-04-12,7.49,10.44,5.49,6.19,89.41,1.84
Manchester,53.4808,-2.2426,2016-04-13,7.68,12.16,3.54,0.19,84.56,1.22
Manchester,53.4808,-2.2426,2016-04-14,7.6,11.12,4.08,1.73,89.29,1.88
Manchester,53.4808,-2.2426,2016-04-15,5.69,8.93,2.25,5.75,91.17,2.39
Manchester,53.4808,-2.2426,2016-04-16,3.49,6.48,0.22,1.85,82.81,3.42
Manchester,53.4808,-2.2426,2016-04-17,4.64,8.72,-0.3,0.16,80.81,2.56
Manchester,53.4808,-2.2426,2016-04-18,6.63,9.83,3.41,0.69,90.17,4.47
Manchester,53.4808,-2.2426,2016-04-19,7.24,12.61,1.45,0.0,76.4,1.15
Manchester,53.4808,-2.2426,2016-04-20,7.73,14.22,1.71,0.0,78.87,2.3
Manchester,53.4808,-2.2426,2016-04-21,8.08,14.57,1.16,0.0,81.22,2.53
Manchester,53.4808,-2.2426,2016-04-22,7.3,12.13,1.76,0.08,80.97,2.93
Manchester,53.4808,-2.2426,2016-04-23,4.87,8.83,-0.01,0.36,81.02,2.88
Manchester,53.4808,-2.2426,2016-04-24,5.52,8.48,0.26,1.26,86.3,2.98
Manchester,53.4808,-2.2426,2016-04-25,6.36,9.61,2.05,1.05,78.93,4.77
Manchester,53.4808,-2.2426,2016-04-26,3.67,6.21,0.93,1.45,83.41,4.27
Manchester,53.4808,-2.2426,2016-04-27,3.11,6.01,0.47,1.37,84.13,2.42
Manchester,53.4808,-2.2426,2016-04-28,3.38,5.66,0.32,9.12,89.93,3.48
Manchester,53.4808,-2.2426,2016-04-29,3.96,6.11,1.68,3.17,86.29,4.79
Manchester,53.4808,-2.2426,2016-04-30,4.85,6.94,1.44,1.23,88.21,2.74
Manchester,53.4808,-2.2426,2016-05-01,7.73,11.16,3.13,2.08,92.61,4.11
Manchester,53.4808,-2.2426,2016-05-02,9.5,12.16,5.15,3.49,84.69,5.02
Manchester,53.4808,-2.2426,2016-05-03,7.75,10.99,4.47,0.31,81.64,3.67
Manchester,53.4808,-2.2426,2016-05-04,9.33,14.93,2.67,0.0,79.64,2.92
Manchester,53.4808,-2.2426,2016-05-05,11.27,16.82,5.26,0.01,79.42,2.27
Manchester,53.4808,-2.2426,2016-05-06,11.41,16.12,6.62,0.01,82.13,1.93
Manchester,53.4808,-2.2426,2016-05-07,12.69,18.92,7.24,2.2,85.83,3.53
Manchester,53.4808,-2.2426,2016-05-08,15.46,21.48,10.21,0.29,81.44,3.8
Manchester,53.4808,-2.2426,2016-05-09,14.4,20.69,8.69,0.09,78.0,4.82
Manchester,53.4808,-2.2426,2016-05-10,12.62,17.63,9.37,6.24,87.81,4.44
Manchester,53.4808,-2.2426,2016-05-11,12.93,16.78,9.97,2.83,86.36,4.46
Manchester,53.4808,-2.2426,2016-05-12,13.73,19.47,8.53,0.05,80.48,4.59
Manchester,53.4808,-2.2426,2016-05-13,9.92,15.47,4.21,0.08,81.49,3.63
Manchester,53.4808,-2.2426,2016-05-14,7.32,12.46,1.78,0.0,75.33,2.44
Manchester,53.4808,-2.2426,2016-05-15,8.6,12.93,4.2,0.01,81.02,2.49
Manchester,53.4808,-2.2426,2016-05-16,8.33,12.19,4.61,0.06,83.38,2.8
Manchester,53.4808,-2.2426,2016-05-17,11.25,16.71,4.32,0.96,82.49,2.57
Manchester,53.4808,-2.2426,2016-05-18,10.86,12.84,8.61,2.32,85.91,3.38
Manchester,53.4808,-2.2426,2016-05-19,11.33,14.89,8.03,4.9,87.72,3.01
Manchester,53.4808,-2.2426,2016-05-20,12.38,15.23,9.76,3.76,84.45,3.71
Manchester,53.4808,-2.2426,2016-05-21,12.56,15.18,8.23,7.88,87.86,4.07
Manchester,53.4808,-2.2426,2016-05-22,10.62,14.68,6.42,1.18,83.71,2.4
Manchester,53.4808,-2.2426,2016-05-23,10.61,14.37,6.9,1.22,83.71,2.63
Manchester,53.4808,-2.2426,2016-05-24,10.63,16.19,5.03,0.12,76.6,2.47
Manchester,53.4808,-2.2426,2016-05-25,8.42,10.82,4.73,2.71,85.81,2.65
Manchester,53.4808,-2.2426,2016-05-26,10.49,13.51,6.98,1.84,87.32,0.97
Manchester,53.4808,-2.2426,2016-05-27,12.33,17.22,6.57,0.12,80.63,1.63
Manchester,53.4808,-2.2426,2016-05-28,12.85,17.62,6.97,0.23,80.06,1.68
Manchester,53.4808,-2.2426,2016-05-29,12.78,18.28,6.39,0.02,80.02,2.02
Manchester,53.4808,-2.2426,2016-05-30,12.89,17.83,7.32,0.06,82.23,3.08
Manchester,53.4808,-2.2426,2016-05-31,13.01,17.95,7.56,0.08,80.11,4.77
Manchester,53.4808,-2.2426,2016-06-01,11.99,15.69,8.32,0.47,85.65,4.63
Manchester,53.4808,-2.2426,2016-06-02,11.42,16.51,7.3,0.05,79.04,3.37
Manchester,53.4808,-2.2426,2016-06-03,13.15,18.94,6.12,0.54,81.12,1.73
Manchester,53.4808,-2.2426,2016-06-04,16.45,21.7,11.38,0.6,83.32,1.78
Manchester,53.4808,-2.2426,2016-06-05,16.03,22.63,8.79,0.03,80.2,2.27
Manchester,53.4808,-2.2426,2016-06-06,16.88,22.94,9.72,0.22,74.17,2.25
Manchester,53.4808,-2.2426,2016-06-07,16.76,21.91,11.75,1.89,85.67,1.87
Manchester,53.4808,-2.2426,2016-06-08,16.91,21.75,11.75,2.22,86.09,1.51
Manchester,53.4808,-2.2426,2016-06-09,16.03,21.33,10.44,4.92,84.36,1.81
Manchester,53.4808,-2.2426,2016-06-10,16.84,19.7,14.32,9.37,86.46,0.93
Manchester,53.4808,-2.2426,2016-06-11,15.61,18.63,12.55,6.47,86.97,1.36
Manchester,53.4808,-2.2426,2016-06-12,14.48,16.24,11.36,6.64,89.61,1.23
Manchester,53.4808,-2.2426,2016-06-13,13.65,15.92,10.65,3.35,90.07,1.4
Manchester,53.4808,-2.2426,2016-06-14,13.68,16.55,10.81,6.07,87.55,2.13
Manchester,53.4808,-2.2426,2016-06-15,13.76,17.2,9.38,5.59,86.37,1.73
Manchester,53.4808,-2.2426,2016-06-16,13.7,16.41,10.98,6.98,89.01,1.77
Manchester,53.4808,-2.2426,2016-06-17,13.25,16.09,10.94,3.01,85.52,2.77
Manchester,53.4808,-2.2426,2016-06-18,12.92,17.15,8.4,0.12,81.62,2.46
Manchester,53.4808,-2.2426,2016-06-19,14.22,16.8,9.11,12.77,89.66,3.23
Manchester,53.4808,-2.2426,2016-06-20,15.07,17.4,11.19,2.19,85.34,3.71
Manchester,53.4808,-2.2426,2016-06-21,14.96,19.14,10.22,0.12,80.24,2.18
Manchester,53.4808,-2.2426,2016-06-22,15.69,19.94,10.29,0.59,83.07,2.36
Manchester,53.4808,-2.2426,2016-06-23,15.43,20.34,10.73,0.0,79.42,1.41
Manchester,53.4808,-2.2426,2016-06-24,13.78,17.05,9.88,2.23,82.27,2.56
Manchester,53.4808,-2.2426,2016-06-25,13.29,15.98,9.54,4.36,85.49,2.59
Manchester,53.4808,-2.2426,2016-06-26,14.07,17.16,10.78,6.2,87.47,3.5
Manchester,53.4808,-2.2426,2016-06-27,13.36,15.75,10.69,0.8,81.06,4.06
Manchester,53.4808,-2.2426,2016-06-28,12.12,15.18,8.66,8.05,87.41,2.15
Manchester,53.4808,-2.2426,2016-06-29,12.18,16.39,8.91,12.28,90.26,3.92
Manchester,53.4808,-2.2426,2016-06-30,13.03,15.8,8.57,5.77,83.09,3.15
Manchester,53.4808,-2.2426,2016-07-01,12.61,15.93,9.37,3.07,81.69,4.4
Manchester,53.4808,-2.2426,2016-07-02,11.66,14.59,8.42,2.39,83.7,4.54
Manchester,53.4808,-2.2426,2016-07-03,12.74,16.54,7.89,0.28,77.92,2.71
Manchester,53.4808,-2.2426,2016-07-04,14.53,18.79,8.72,3.3,81.79,3.21
Manchester,53.4808,-2.2426,2016-07-05,13.31,15.75,9.2,0.62,82.28,4.5
Manchester,53.4808,-2.2426,2016-07-06,13.51,16.96,8.18,0.15,83.52,2.03
Manchester,53.4808,-2.2426,2016-07-07,15.12,17.55,12.5,2.69,91.19,3.37
Manchester,53.4808,-2.2426,2016-07-08,15.61,17.58,13.69,2.18,83.72,4.36
Manchester,53.4808,-2.2426,2016-07-09,16.65,20.24,13.42,12.56,92.39,4.25
Manchester,53.4808,-2.2426,2016-07-10,16.67,19.71,13.8,3.77,83.2,4.6
Manchester,53.4808,-2.2426,2016-07-11,14.44,17.25,10.78,7.75,89.8,4.56
Manchester,53.4808,-2.2426,2016-07-12,12.66,15.88,9.08,1.33,82.93,2.71
Manchester,53.4808,-2.2426,2016-07-13,12.34,15.36,8.43,1.53,83.02,3.36
Manchester,53.4808,-2.2426,2016-07-14,13.13,17.27,8.75,0.09,81.93,2.87
Manchester,53.4808,-2.2426,2016-07-15,15.1,20.23,9.51,3.38,90.22,3.58
Manchester,53.4808,-2.2426,2016-07-16,16.08,17.95,13.87,2.63,90.55,3.3
Manchester,53.4808,-2.2426,2016-07-17,16.01,19.96,12.94,0.09,86.71,2.97
Manchester,53.4808,-2.2426,2016-07-18,19.51,23.9,12.89,0.6,83.31,1.6
Manchester,53.4808,-2.2426,2016-07-19,22.13,27.06,15.72,0.29,79.07,2.8
Manchester,53.4808,-2.2426,2016-07-20,19.33,22.54,15.53,1.88,85.88,2.83
Manchester,53.4808,-2.2426,2016-07-21,17.25,20.3,13.31,1.48,82.43,1.94
Manchester,53.4808,-2.2426,2016-07-22,17.86,21.98,13.8,1.33,83.93,1.54
Manchester,53.4808,-2.2426,2016-07-23,17.32,21.49,13.68,0.31,83.41,1.43
Manchester,53.4808,-2.2426,2016-07-24,16.84,19.82,13.68,2.33,86.84,2.57
Manchester,53.4808,-2.2426,2016-07-25,14.41,17.48,11.28,0.34,84.22,2.94
Manchester,53.4808,-2.2426,2016-07-26,15.44,18.45,10.79,5.08,85.55,2.88
Manchester,53.4808,-2.2426,2016-07-27,15.25,18.1,10.53,2.97,84.06,3.45
Manchester,53.4808,-2.2426,2016-07-28,14.41,18.81,9.51,6.69,90.09,2.56
Manchester,53.4808,-2.2426,2016-07-29,15.79,18.79,11.91,3.07,87.81,2.78
Manchester,53.4808,-2.2426,2016-07-30,13.91,17.28,10.6,0.36,84.35,3.06
Manchester,53.4808,-2.2426,2016-07-31,13.32,16.88,9.34,0.23,82.06,2.79
Manchester,53.4808,-2.2426,2016-08-01,13.88,17.65,9.48,1.91,84.79,2.67
Manchester,53.4808,-2.2426,2016-08-02,15.95,20.16,12.14,3.25,91.6,2.79
Manchester,53.4808,-2.2426,2016-08-03,16.71,19.59,14.35,3.4,83.77,5.72
Manchester,53.4808,-2.2426,2016-08-04,15.29,17.81,12.13,4.0,87.09,4.73
Manchester,53.4808,-2.2426,2016-08-05,14.49,18.59,10.04,0.09,83.66,2.45
Manchester,53.4808,-2.2426,2016-08-06,16.98,21.83,10.65,0.44,81.59,2.69
Manchester,53.4808,-2.2426,2016-08-07,16.85,19.16,13.0,1.38,79.73,5.95
Manchester,53.4808,-2.2426,2016-08-08,13.42,15.84,10.58,0.63,78.21,5.37
Manchester,53.4808,-2.2426,2016-08-09,12.19,14.54,8.92,1.28,83.35,4.29
Manchester,53.4808,-2.2426,2016-08-10,12.48,14.95,8.89,2.82,86.3,2.96
Manchester,53.4808,-2.2426,2016-08-11,14.88,17.39,12.09,4.95,92.53,5.16
Manchester,53.4808,-2.2426,2016-08-12,16.05,19.18,13.15,0.37,83.92,4.75
Manchester,53.4808,-2.2426,2016-08-13,14.77,17.02,12.04,1.17,84.77,4.09
Manchester,53.4808,-2.2426,2016-08-14,14.66,17.84,11.7,0.61,86.26,2.02
Manchester,53.4808,-2.2426,2016-08-15,15.95,21.35,9.84,0.03,82.38,1.84
Manchester,53.4808,-2.2426,2016-08-16,15.84,21.24,10.46,0.05,81.73,3.03
Manchester,53.4808,-2.2426,2016-08-17,15.75,20.93,10.32,0.08,82.82,3.03
Manchester,53.4808,-2.2426,2016-08-18,16.82,21.29,12.74,0.12,83.48,3.21
Manchester,53.4808,-2.2426,2016-08-19,15.09,17.42,13.3,11.31,91.71,4.29
Manchester,53.4808,-2.2426,2016-08-20,15.22,18.35,12.62,9.37,88.6,6.41
Manchester,53.4808,-2.2426,2016-08-21,15.77,18.05,13.67,9.23,86.85,4.62
Manchester,53.4808,-2.2426,2016-08-22,17.76,20.97,15.16,6.29,90.05,3.58
Manchester,53.4808,-2.2426,2016-08-23,18.6,23.46,14.32,0.51,85.02,2.09
Manchester,53.4808,-2.2426,2016-08-24,16.66,20.11,13.52,0.17,85.1,1.83
Manchester,53.4808,-2.2426,2016-08-25,16.31,20.35,13.55,20.56,91.55,1.93
Manchester,53.4808,-2.2426,2016-08-26,14.89,18.87,11.51,0.04,83.2,2.68
Manchester,53.4808,-2.2426,2016-08-27,14.59,19.23,9.68,8.28,88.61,2.57
Manchester,53.4808,-2.2426,2016-08-28,15.38,19.06,12.21,2.88,89.11,2.14
Manchester,53.4808,-2.2426,2016-08-29,14.58,18.32,10.73,0.08,83.04,2.4
Manchester,53.4808,-2.2426,2016-08-30,16.08,20.94,10.68,0.12,87.34,2.15
Manchester,53.4808,-2.2426,2016-08-31,15.29,18.88,12.76,0.81,87.81,3.13
Manchester,53.4808,-2.2426,2016-09-01,13.93,16.82,9.65,0.94,84.89,2.64
Manchester,53.4808,-2.2426,2016-09-02,14.96,17.49,12.06,1.35,86.37,3.23
Manchester,53.4808,-2.2426,2016-09-03,14.35,17.46,11.06,14.65,95.2,3.55
Manchester,53.4808,-2.2426,2016-09-04,14.72,17.51,12.42,1.08,87.18,3.34
Manchester,53.4808,-2.2426,2016-09-05,16.59,21.78,12.2,2.88,92.88,2.75
Manchester,53.4808,-2.2426,2016-09-06,18.87,22.83,15.16,0.42,89.44,2.17
Manchester,53.4808,-2.2426,2016-09-07,18.71,22.55,14.91,0.38,88.94,2.15
Manchester,53.4808,-2.2426,2016-09-08,15.78,18.2,13.12,1.92,84.06,4.15
Manchester,53.4808,-2.2426,2016-09-09,16.18,20.0,13.11,5.38,86.78,5.5
Manchester,53.4808,-2.2426,2016-09-10,13.61,16.26,9.98,1.22,82.13,1.68
Manchester,53.4808,-2.2426,2016-09-11,13.34,17.78,9.62,0.07,83.67,3.66
Manchester,53.4808,-2.2426,2016-09-12,16.41,21.72,10.58,0.54,89.36,4.85
Manchester,53.4808,-2.2426,2016-09-13,18.56,23.24,14.82,3.19,89.13,1.82
Manchester,53.4808,-2.2426,2016-09-14,18.54,23.75,14.44,1.03,89.13,3.31
Manchester,53.4808,-2.2426,2016-09-15,18.49,23.36,15.21,0.36,88.56,1.22
Manchester,53.4808,-2.2426,2016-09-16,14.05,15.66,11.23,2.06,85.95,4.86
Manchester,53.4808,-2.2426,2016-09-17,12.77,16.93,9.41,0.04,85.89,2.39
Manchester,53.4808,-2.2426,2016-09-18,13.55,17.98,8.9,0.76,87.98,1.58
Manchester,53.4808,-2.2426,2016-09-19,13.55,15.94,11.79,1.09,88.06,2.08
Manchester,53.4808,-2.2426,2016-09-20,13.57,17.11,9.85,0.06,78.86,0.57
Manchester,53.4808,-2.2426,2016-09-21,13.57,18.54,8.56,3.01,88.46,3.1
Manchester,53.4808,-2.2426,2016-09-22,12.17,15.11,7.91,0.7,83.43,2.44
Manchester,53.4808,-2.2426,2016-09-23,11.84,16.77,8.04,0.16,87.17,3.19
Manchester,53.4808,-2.2426,2016-09-24,14.29,18.08,9.44,4.39,87.41,5.78
Manchester,53.4808,-2.2426,2016-09-25,12.93,15.17,9.22,4.73,84.8,4.05
Manchester,53.4808,-2.2426,2016-09-26,11.53,14.42,8.83,5.98,93.39,3.33
Manchester,53.4808,-2.2426,2016-09-27,13.44,17.33,11.15,1.53,91.43,4.4
Manchester,53.4808,-2.2426,2016-09-28,15.75,18.59,12.21,1.33,92.36,4.86
Manchester,53.4808,-2.2426,2016-09-29,12.93,16.07,9.51,2.17,82.79,5.57
Manchester,53.4808,-2.2426,2016-09-30,10.39,13.85,8.31,1.66,88.22,2.81
Manchester,53.4808,-2.2426,2016-10-01,9.27,12.98,6.36,3.05,91.41,1.98
Manchester,53.4808,-2.2426,2016-10-02,9.23,14.42,6.06,0.24,84.12,1.38
Manchester,53.4808,-2.2426,2016-10-03,9.27,14.84,4.92,0.06,86.27,3.18
Manchester,53.4808,-2.2426,2016-10-04,12.09,16.16,8.1,0.12,87.98,4.36
Manchester,53.4808,-2.2426,2016-10-05,10.49,14.87,6.61,0.03,83.97,4.87
Manchester,53.4808,-2.2426,2016-10-06,9.63,14.19,6.06,0.06,82.29,4.03
Manchester,53.4808,-2.2426,2016-10-07,11.08,13.95,8.92,1.3,91.52,2.91
Manchester,53.4808,-2.2426,2016-10-08,9.94,14.19,6.14,0.15,88.26,1.94
Manchester,53.4808,-2.2426,2016-10-09,8.13,13.02,4.36,0.36,88.54,1.75
Manchester,53.4808,-2.2426,2016-10-10,7.62,11.42,5.33,0.76,91.39,1.84
Manchester,53.4808,-2.2426,2016-10-11,8.97,13.25,5.02,1.26,93.04,3.03
Manchester,53.4808,-2.2426,2016-10-12,9.28,13.47,6.28,0.69,91.31,3.6
Manchester,53.4808,-2.2426,2016-10-13,8.1,10.81,6.09,2.24,92.61,3.4
Manchester,53.4808,-2.2426,2016-10-14,8.67,12.82,5.96,0.71,90.62,3.19
Manchester,53.4808,-2.2426,2016-10-15,9.15,13.63,6.08,0.6,91.38,2.64
Manchester,53.4808,-2.2426,2016-10-16,9.9,14.6,7.29,3.19,90.54,4.66
Manchester,53.4808,-2.2426,2016-10-17,10.29,13.51,8.31,3.5,92.73,4.07
Manchester,53.4808,-2.2426,2016-10-18,9.07,9.85,7.52,7.24,89.55,5.3
Manchester,53.4808,-2.2426,2016-10-19,9.05,12.13,7.02,0.77,91.28,3.15
Manchester,53.4808,-2.2426,2016-10-20,8.38,12.49,5.74,0.4,92.85,1.85
Manchester,53.4808,-2.2426,2016-10-21,7.56,11.78,4.74,0.1,90.87,1.05
Manchester,53.4808,-2.2426,2016-10-22,7.08,11.75,4.0,0.28,91.2,2.3
Manchester,53.4808,-2.2426,2016-10-23,7.32,10.66,5.16,0.25,89.31,3.77
Manchester,53.4808,-2.2426,2016-10-24,7.47,11.31,5.14,0.08,91.14,2.69
Manchester,53.4808,-2.2426,2016-10-25,8.2,12.29,5.32,0.28,92.55,2.52
Manchester,53.4808,-2.2426,2016-10-26,10.9,14.03,8.97,0.66,93.62,3.15
Manchester,53.4808,-2.2426,2016-10-27,11.29,13.3,9.3,0.81,94.19,4.04
Manchester,53.4808,-2.2426,2016-10-28,11.77,14.15,9.58,0.63,93.71,2.22
Manchester,53.4808,-2.2426,2016-10-29,11.1,13.69,9.55,0.74,97.29,1.2
Manchester,53.4808,-2.2426,2016-10-30,9.77,11.59,8.34,0.22,96.89,1.11
Manchester,53.4808,-2.2426,2016-10-31,9.51,14.03,6.29,0.09,94.69,1.26
Manchester,53.4808,-2.2426,2016-11-01,7.01,10.09,2.52,0.14,91.87,1.95
Manchester,53.4808,-2.2426,2016-11-02,5.08,9.14,2.72,0.04,90.95,2.14
Manchester,53.4808,-2.2426,2016-11-03,5.43,7.68,2.82,0.66,96.62,2.33
Manchester,53.4808,-2.2426,2016-11-04,6.64,7.96,4.7,3.38,92.3,2.85
Manchester,53.4808,-2.2426,2016-11-05,4.39,6.79,2.45,0.59,89.43,4.42
Manchester,53.4808,-2.2426,2016-11-06,3.86,6.56,2.08,0.68,93.84,4.28
Manchester,53.4808,-2.2426,2016-11-07,2.62,6.4,0.17,0.15,95.53,2.64
Manchester,53.4808,-2.2426,2016-11-08,1.74,4.51,-0.17,10.67,94.0,2.28
Manchester,53.4808,-2.2426,2016-11-09,2.55,4.17,0.49,7.47,95.12,1.75
Manchester,53.4808,-2.2426,2016-11-10,5.2,7.17,2.16,5.19,94.61,3.63
Manchester,53.4808,-2.2426,2016-11-11,3.57,5.88,1.84,1.03,96.89,3.0
Manchester,53.4808,-2.2426,2016-11-12,7.38,10.6,4.11,12.01,96.72,3.45
Manchester,53.4808,-2.2426,2016-11-13,6.88,9.3,4.73,2.17,95.95,1.93
Manchester,53.4808,-2.2426,2016-11-14,10.8,12.88,8.54,2.83,96.7,3.33
Manchester,53.4808,-2.2426,2016-11-15,10.98,12.25,8.91,1.77,96.68,2.73
Manchester,53.4808,-2.2426,2016-11-16,7.58,9.63,4.94,1.51,87.57,4.92
Manchester,53.4808,-2.2426,2016-11-17,4.76,5.89,3.47,9.21,94.72,4.45
Manchester,53.4808,-2.2426,2016-11-18,3.63,5.01,2.57,6.11,93.77,3.94
Manchester,53.4808,-2.2426,2016-11-19,3.57,4.94,2.39,2.25,93.61,2.96
Manchester,53.4808,-2.2426,2016-11-20,1.76,4.54,-1.96,3.3,95.04,3.21
Manchester,53.4808,-2.2426,2016-11-21,2.1,3.83,-1.44,22.63,97.14,5.08
Manchester,53.4808,-2.2426,2016-11-22,3.53,4.63,2.25,7.43,96.56,2.97
Manchester,53.4808,-2.2426,2016-11-23,3.1,5.85,1.75,0.56,97.73,2.65
Manchester,53.4808,-2.2426,2016-11-24,1.89,5.79,-0.37,0.01,96.63,2.77
Manchester,53.4808,-2.2426,2016-11-25,1.15,6.07,-0.97,0.03,97.41,1.81
Manchester,53.4808,-2.2426,2016-11-26,1.4,3.65,-0.45,0.26,96.28,1.14
Manchester,53.4808,-2.2426,2016-11-27,3.84,6.91,0.04,0.12,97.29,2.05
Manchester,53.4808,-2.2426,2016-11-28,1.24,6.21,-1.51,0.01,95.4,1.92
Manchester,53.4808,-2.2426,2016-11-29,-0.77,2.23,-1.9,0.02,97.32,1.33
Manchester,53.4808,-2.2426,2016-11-30,3.09,6.35,0.25,0.05,98.9,2.22
Manchester,53.4808,-2.2426,2016-12-01,5.53,8.26,3.57,0.15,98.47,2.67
Manchester,53.4808,-2.2426,2016-12-02,3.81,6.88,1.47,0.24,97.83,1.26
Manchester,53.4808,-2.2426,2016-12-03,2.08,5.06,-0.48,0.32,95.62,1.89
Manchester,53.4808,-2.2426,2016-12-04,0.91,4.76,-1.03,0.01,96.62,3.12
Manchester,53.4808,-2.2426,2016-12-05,1.22,3.51,-0.57,0.06,97.19,2.77
Manchester,53.4808,-2.2426,2016-12-06,3.99,6.56,2.11,1.03,98.05,3.36
Manchester,53.4808,-2.2426,2016-12-07,9.06,11.7,6.41,0.7,96.15,4.49
Manchester,53.4808,-2.2426,2016-12-08,9.36,11.64,5.61,8.38,97.6,2.83
Manchester,53.4808,-2.2426,2016-12-09,10.01,11.29,6.91,8.46,96.36,3.64
Manchester,53.4808,-2.2426,2016-12-10,7.77,9.53,6.34,0.66,97.53,2.39
Manchester,53.4808,-2.2426,2016-12-11,6.55,7.86,5.07,0.33,97.29,3.12
Manchester,53.4808,-2.2426,2016-12-12,5.34,7.2,3.52,2.26,98.09,2.39
Manchester,53.4808,-2.2426,2016-12-13,7.38,9.3,5.2,3.12,97.58,2.67
Manchester,53.4808,-2.2426,2016-12-14,7.64,9.17,6.61,0.43,97.16,3.68
Manchester,53.4808,-2.2426,2016-12-15,7.57,8.68,6.45,2.8,96.96,3.94
Manchester,53.4808,-2.2426,2016-12-16,7.41,8.11,6.32,0.43,96.85,2.43
Manchester,53.4808,-2.2426,2016-12-17,4.85,6.33,3.94,0.11,97.75,1.54
Manchester,53.4808,-2.2426,2016-12-18,5.13,6.43,3.79,0.16,97.57,1.72
Manchester,53.4808,-2.2426,2016-12-19,6.3,7.31,5.78,0.71,98.56,0.97
Manchester,53.4808,-2.2426,2016-12-20,3.83,5.51,2.59,1.44,96.15,4.1
Manchester,53.4808,-2.2426,2016-12-21,4.72,6.83,2.05,2.18,93.9,3.58
Manchester,53.4808,-2.2426,2016-12-22,3.85,6.92,1.92,0.56,94.33,3.73
Manchester,53.4808,-2.2426,2016-12-23,5.99,9.89,3.32,5.19,91.34,6.24
Manchester,53.4808,-2.2426,2016-12-24,6.81,8.67,5.04,2.02,88.15,6.85
Manchester,53.4808,-2.2426,2016-12-25,9.75,11.25,6.41,3.55,93.27,6.65
Manchester,53.4808,-2.2426,2016-12-26,4.82,6.13,2.97,0.15,83.08,6.33
Manchester,53.4808,-2.2426,2016-12-27,2.04,5.29,-0.1,0.01,98.01,1.85
Manchester,53.4808,-2.2426,2016-12-28,1.23,2.29,-0.1,0.29,97.26,2.72
Manchester,53.4808,-2.2426,2016-12-29,2.49,3.82,0.6,0.23,98.13,2.62
Manchester,53.4808,-2.2426,2016-12-30,5.91,8.03,3.65,0.28,98.36,3.11
Manchester,53.4808,-2.2426,2016-12-31,7.19,8.84,6.31,1.04,96.56,3.76
Manchester,53.4808,-2.2426,2017-01-01,3.01,6.71,0.1,6.88,94.84,3.72
Manchester,53.4808,-2.2426,2017-01-02,0.15,3.07,-1.49,0.08,97.35,2.43
Manchester,53.4808,-2.2426,2017-01-03,4.76,6.39,1.69,0.63,95.17,4.78
Manchester,53.4808,-2.2426,2017-01-04,2.88,6.54,-2.07,0.17,94.08,2.95
Manchester,53.4808,-2.2426,2017-01-05,-1.05,2.2,-2.6,0.02,97.14,1.85
Manchester,53.4808,-2.2426,2017-01-06,2.17,4.9,-1.03,3.61,97.63,3.33
Manchester,53.4808,-2.2426,2017-01-07,5.7,7.61,4.53,1.3,99.7,1.32
Manchester,53.4808,-2.2426,2017-01-08,6.22,8.0,5.2,0.74,99.26,1.37
Manchester,53.4808,-2.2426,2017-01-09,5.9,7.62,3.7,5.17,93.25,4.67
Manchester,53.4808,-2.2426,2017-01-10,6.2,7.37,4.1,0.86,93.41,5.19
Manchester,53.4808,-2.2426,2017-01-11,5.91,9.09,3.91,0.57,79.87,8.67
Manchester,53.4808,-2.2426,2017-01-12,2.23,3.65,0.66,3.11,91.02,4.46
Manchester,53.4808,-2.2426,2017-01-13,1.76,3.72,0.21,0.75,83.63,6.39
Manchester,53.4808,-2.2426,2017-01-14,3.28,4.89,1.33,2.07,94.72,3.56
Manchester,53.4808,-2.2426,2017-01-15,6.46,8.01,4.08,8.84,97.76,3.88
Manchester,53.4808,-2.2426,2017-01-16,6.62,7.79,5.47,4.38,98.54,1.94
Manchester,53.4808,-2.2426,2017-01-17,5.08,5.88,4.51,1.54,98.64,1.3
Manchester,53.4808,-2.2426,2017-01-18,5.8,7.34,4.81,0.62,98.23,0.82
Manchester,53.4808,-2.2426,2017-01-19,5.58,7.6,4.05,0.29,95.7,0.62
Manchester,53.4808,-2.2426,2017-01-20,2.31,5.41,-0.7,0.12,94.89,1.82
Manchester,53.4808,-2.2426,2017-01-21,1.0,3.81,-0.67,0.25,95.8,2.91
Manchester,53.4808,-2.2426,2017-01-22,-0.44,1.69,-2.95,0.87,98.46,1.8
Manchester,53.4808,-2.2426,2017-01-23,1.14,3.85,-0.56,0.29,97.98,1.44
Manchester,53.4808,-2.2426,2017-01-24,2.8,4.76,0.97,0.62,97.86,3.21
Manchester,53.4808,-2.2426,2017-01-25,2.8,5.33,1.47,0.14,95.77,4.17
Manchester,53.4808,-2.2426,2017-01-26,-1.18,0.93,-2.71,0.15,91.54,5.53
Manchester,53.4808,-2.2426,2017-01-27,0.03,2.7,-2.79,1.84,95.46,4.56
Manchester,53.4808,-2.2426,2017-01-28,2.42,5.03,0.84,8.27,96.61,2.99
Manchester,53.4808,-2.2426,2017-01-29,2.17,4.77,-0.17,2.52,96.12,2.56
Manchester,53.4808,-2.2426,2017-01-30,3.77,5.78,2.01,0.28,95.49,3.72
Manchester,53.4808,-2.2426,2017-01-31,5.7,8.11,3.76,6.94,97.24,4.96
Manchester,53.4808,-2.2426,2017-02-01,7.34,9.34,6.18,2.08,95.15,3.92
Manchester,53.4808,-2.2426,2017-02-02,8.99,10.01,7.91,2.89,91.86,7.5
Manchester,53.4808,-2.2426,2017-02-03,6.18,7.9,4.55,5.35,91.05,5.61
Manchester,53.4808,-2.2426,2017-02-04,3.22,6.62,1.48,0.67,89.47,3.41
Manchester,53.4808,-2.2426,2017-02-05,3.01,5.68,1.42,0.45,93.48,1.85
Manchester,53.4808,-2.2426,2017-02-06,2.31,4.62,-0.33,6.84,95.16,4.44
Manchester,53.4808,-2.2426,2017-02-07,4.14,7.24,1.59,1.02,94.78,2.21
Manchester,53.4808,-2.2426,2017-02-08,1.67,4.72,-1.89,0.46,94.41,2.39
Manchester,53.4808,-2.2426,2017-02-09,-0.59,2.28,-2.52,0.1,90.82,3.15
Manchester,53.4808,-2.2426,2017-02-10,-0.66,2.68,-2.27,0.16,92.95,2.95
Manchester,53.4808,-2.2426,2017-02-11,0.99,3.53,-1.86,1.72,96.05,4.04
Manchester,53.4808,-2.2426,2017-02-12,1.49,2.86,0.32,1.63,92.92,6.4
Manchester,53.4808,-2.2426,2017-02-13,3.31,7.45,1.96,0.07,91.72,7.07
Manchester,53.4808,-2.2426,2017-02-14,4.08,7.38,1.26,0.47,93.35,4.58
Manchester,53.4808,-2.2426,2017-02-15,6.08,8.37,4.39,1.24,97.85,2.97
Manchester,53.4808,-2.2426,2017-02-16,6.25,9.18,3.93,1.08,93.78,4.35
Manchester,53.4808,-2.2426,2017-02-17,7.21,10.15,5.56,0.46,94.65,2.16
Manchester,53.4808,-2.2426,2017-02-18,7.31,10.3,5.21,1.39,94.47,3.7
Manchester,53.4808,-2.2426,2017-02-19,7.7,9.29,5.99,0.99,95.29,3.45
Manchester,53.4808,-2.2426,2017-02-20,9.29,11.34,6.52,1.64,95.29,5.33
Manchester,53.4808,-2.2426,2017-02-21,7.75,10.01,4.23,3.97,95.5,4.69
Manchester,53.4808,-2.2426,2017-02-22,6.95,9.6,4.89,6.08,93.4,4.87
Manchester,53.4808,-2.2426,2017-02-23,5.44,8.58,3.09,9.73,90.17,8.34
Manchester,53.4808,-2.2426,2017-02-24,4.02,6.55,1.64,1.29,87.0,3.7
Manchester,53.4808,-2.2426,2017-02-25,7.37,8.92,4.61,9.84,94.62,5.69
Manchester,53.4808,-2.2426,2017-02-26,7.55,9.51,5.12,2.08,90.87,5.5
Manchester,53.4808,-2.2426,2017-02-27,3.45,5.07,0.76,4.85,93.68,3.37
Manchester,53.4808,-2.2426,2017-02-28,3.24,5.27,1.02,6.18,92.94,3.37
Manchester,53.4808,-2.2426,2017-03-01,3.48,7.0,0.5,3.42,89.26,3.04
Manchester,53.4808,-2.2426,2017-03-02,4.45,7.0,3.08,5.03,88.2,5.18
Manchester,53.4808,-2.2426,2017-03-03,4.67,6.67,3.15,10.28,95.59,4.09
Manchester,53.4808,-2.2426,2017-03-04,6.28,9.15,3.38,1.53,90.98,3.4
Manchester,53.4808,-2.2426,2017-03-05,4.29,4.79,3.43,6.13,94.4,3.22
Manchester,53.4808,-2.2426,2017-03-06,4.92,8.16,2.07,1.1,89.52,2.74
Manchester,53.4808,-2.2426,2017-03-07,5.34,8.29,2.68,2.17,87.01,3.06
Manchester,53.4808,-2.2426,2017-03-08,7.2,10.24,4.14,2.02,91.85,3.51
Manchester,53.4808,-2.2426,2017-03-09,6.84,9.6,4.03,0.27,89.16,3.64
Manchester,53.4808,-2.2426,2017-03-10,6.99,11.23,3.47,0.94,94.99,2.73
Manchester,53.4808,-2.2426,2017-03-11,8.66,11.26,6.78,1.63,95.15,2.33
Manchester,53.4808,-2.2426,2017-03-12,8.22,11.01,4.56,0.96,93.43,2.51
Manchester,53.4808,-2.2426,2017-03-13,6.72,10.3,3.35,0.1,94.8,3.04
Manchester,53.4808,-2.2426,2017-03-14,8.75,12.4,5.73,0.73,95.07,4.06
Manchester,53.4808,-2.2426,2017-03-15,7.76,12.91,4.07,0.0,89.28,1.94
Manchester,53.4808,-2.2426,2017-03-16,7.2,10.33,3.15,1.57,93.67,3.8
Manchester,53.4808,-2.2426,2017-03-17,6.22,9.3,3.29,6.49,91.05,6.46
Manchester,53.4808,-2.2426,2017-03-18,9.88,11.09,8.92,3.95,93.43,5.77
Manchester,53.4808,-2.2426,2017-03-19,9.78,11.25,8.16,3.81,94.47,5.48
Manchester,53.4808,-2.2426,2017-03-20,7.69,9.08,4.46,9.18,87.7,4.72
Manchester,53.4808,-2.2426,2017-03-21,3.74,6.0,2.2,5.85,85.27,4.84
Manchester,53.4808,-2.2426,2017-03-22,4.21,6.31,2.0,13.95,94.81,3.39
Manchester,53.4808,-2.2426,2017-03-23,5.2,9.77,1.58,0.52,87.9,4.41
Manchester,53.4808,-2.2426,2017-03-24,5.23,11.46,0.62,0.01,85.0,3.44
Manchester,53.4808,-2.2426,2017-03-25,5.57,13.45,-1.24,0.03,78.02,1.77
Manchester,53.4808,-2.2426,2017-03-26,6.47,13.33,0.43,0.0,82.92,3.24
Manchester,53.4808,-2.2426,2017-03-27,6.15,11.79,2.1,0.03,89.28,2.54
Manchester,53.4808,-2.2426,2017-03-28,7.56,11.79,4.03,1.07,91.94,3.04
Manchester,53.4808,-2.2426,2017-03-29,10.74,13.58,6.74,8.56,94.19,3.84
Manchester,53.4808,-2.2426,2017-03-30,12.21,15.76,10.13,2.61,88.28,4.73
Manchester,53.4808,-2.2426,2017-03-31,10.8,13.89,8.36,2.37,86.82,4.45
Manchester,53.4808,-2.2426,2017-04-01,8.64,11.13,6.27,3.16,91.75,2.78
Manchester,53.4808,-2.2426,2017-04-02,8.12,12.0,4.54,0.2,82.03,1.91
Manchester,53.4808,-2.2426,2017-04-03,8.33,13.51,2.49,0.74,83.78,3.43
Manchester,53.4808,-2.2426,2017-04-04,8.27,11.14,4.35,0.35,85.8,3.52
Manchester,53.4808,-2.2426,2017-04-05,7.33,10.27,4.37,0.09,87.64,4.02
Manchester,53.4808,-2.2426,2017-04-06,6.9,10.62,3.84,0.18,90.6,2.6
Manchester,53.4808,-2.2426,2017-04-07,7.6,11.46,3.95,0.18,86.45,1.81
Manchester,53.4808,-2.2426,2017-04-08,9.21,16.63,1.53,0.0,84.98,1.89
Manchester,53.4808,-2.2426,2017-04-09,10.25,17.07,5.28,0.12,88.31,3.76
Manchester,53.4808,-2.2426,2017-04-10,7.62,10.57,4.83,0.39,83.69,4.44
Manchester,53.4808,-2.2426,2017-04-11,7.69,10.4,4.0,0.03,85.94,4.23
Manchester,53.4808,-2.2426,2017-04-12,8.08,10.79,5.14,1.1,89.95,5.21
Manchester,53.4808,-2.2426,2017-04-13,7.05,10.52,4.34,0.45,85.27,3.5
Manchester,53.4808,-2.2426,2017-04-14,8.22,11.33,5.36,3.79,93.22,3.56
Manchester,53.4808,-2.2426,2017-04-15,6.92,9.68,4.22,0.3,82.71,4.58
Manchester,53.4808,-2.2426,2017-04-16,7.15,10.76,4.07,4.46,91.63,3.59
Manchester,53.4808,-2.2426,2017-04-17,6.61,10.58,3.84,1.5,85.24,1.83
Manchester,53.4808,-2.2426,2017-04-18,5.41,10.29,-0.79,0.01,75.67,1.67
Manchester,53.4808,-2.2426,2017-04-19,6.87,9.64,2.81,0.57,86.55,1.94
Manchester,53.4808,-2.2426,2017-04-20,9.8,12.23,7.47,1.19,91.6,2.95
Manchester,53.4808,-2.2426,2017-04-21,9.39,11.68,6.66,0.64,90.97,3.9
Manchester,53.4808,-2.2426,2017-04-22,7.43,11.76,3.35,0.02,81.38,2.78
Manchester,53.4808,-2.2426,2017-04-23,7.2,11.59,2.63,0.06,82.23,2.58
Manchester,53.4808,-2.2426,2017-04-24,6.58,9.4,1.22,1.28,80.65,5.25
Manchester,53.4808,-2.2426,2017-04-25,3.83,6.87,0.38,1.6,82.44,4.02
Manchester,53.4808,-2.2426,2017-04-26,3.85,7.31,0.23,0.17,78.37,2.87
Manchester,53.4808,-2.2426,2017-04-27,6.79,9.91,1.45,2.02,87.78,3.91
Manchester,53.4808,-2.2426,2017-04-28,8.06,12.05,4.41,1.11,85.12,1.31
Manchester,53.4808,-2.2426,2017-04-29,8.53,12.84,3.13,0.32,81.07,2.97
Manchester,53.4808,-2.2426,2017-04-30,9.77,13.99,6.09,0.34,78.42,5.62
Manchester,53.4808,-2.2426,2017-05-01,9.67,13.87,6.09,1.59,85.56,3.61
Manchester,53.4808,-2.2426,2017-05-02,9.87,15.17,5.16,0.23,83.57,2.81
Manchester,53.4808,-2.2426,2017-05-03,9.19,14.23,4.0,0.02,76.1,4.67
Manchester,53.4808,-2.2426,2017-05-04,9.19,13.68,4.62,0.01,73.28,5.16
Manchester,53.4808,-2.2426,2017-05-05,8.75,14.01,4.24,0.01,74.56,4.87
Manchester,53.4808,-2.2426,2017-05-06,8.37,12.09,4.52,0.32,86.22,3.69
Manchester,53.4808,-2.2426,2017-05-07,9.78,15.85,3.79,0.01,79.44,2.2
Manchester,53.4808,-2.2426,2017-05-08,8.16,13.5,4.0,0.01,75.99,3.31
Manchester,53.4808,-2.2426,2017-05-09,8.4,13.05,4.18,0.04,75.09,1.33
Manchester,53.4808,-2.2426,2017-05-10,10.34,16.36,2.77,0.0,72.94,0.81
Manchester,53.4808,-2.2426,2017-05-11,11.46,18.07,4.98,0.04,76.32,3.44
Manchester,53.4808,-2.2426,2017-05-12,11.19,14.83,6.9,3.08,88.66,2.75
Manchester,53.4808,-2.2426,2017-05-13,11.87,15.59,9.61,2.62,82.19,4.1
Manchester,53.4808,-2.2426,2017-05-14,11.82,15.46,7.49,3.63,78.56,3.21
Manchester,53.4808,-2.2426,2017-05-15,12.44,16.38,6.83,13.01,92.28,4.93
Manchester,53.4808,-2.2426,2017-05-16,14.56,17.92,10.89,6.25,90.12,4.12
Manchester,53.4808,-2.2426,2017-05-17,10.79,12.76,6.73,1.87,86.88,1.57
Manchester,53.4808,-2.2426,2017-05-18,10.38,14.13,5.2,0.73,81.46,1.52
Manchester,53.4808,-2.2426,2017-05-19,10.15,13.0,7.25,1.58,82.15,1.66
Manchester,53.4808,-2.2426,2017-05-20,9.65,12.95,5.69,3.46,85.35,2.79
Manchester,53.4808,-2.2426,2017-05-21,11.99,16.4,6.94,0.33,82.82,3.16
Manchester,53.4808,-2.2426,2017-05-22,13.94,19.69,9.34,0.08,82.69,3.63
Manchester,53.4808,-2.2426,2017-05-23,13.98,17.86,9.49,0.09,83.15,2.54
Manchester,53.4808,-2.2426,2017-05-24,15.83,20.22,11.85,0.31,87.77,2.24
Manchester,53.4808,-2.2426,2017-05-25,18.32,24.07,11.16,0.01,81.69,1.86
Manchester,53.4808,-2.2426,2017-05-26,17.86,23.32,11.69,0.0,77.66,3.85
Manchester,53.4808,-2.2426,2017-05-27,16.51,21.79,11.78,2.17,83.65,4.56
Manchester,53.4808,-2.2426,2017-05-28,14.76,17.49,11.56,0.48,84.42,3.03
Manchester,53.4808,-2.2426,2017-05-29,14.1,17.44,11.59,6.94,89.25,3.14
Manchester,53.4808,-2.2426,2017-05-30,14.01,17.48,9.99,2.4,88.5,3.23
Manchester,53.4808,-2.2426,2017-05-31,14.43,19.12,7.6,0.34,76.77,1.45
Manchester,53.4808,-2.2426,2017-06-01,16.16,19.89,11.81,0.37,82.03,2.45
Manchester,53.4808,-2.2426,2017-06-02,13.85,16.53,10.69,4.2,88.11,1.7
Manchester,53.4808,-2.2426,2017-06-03,12.94,17.18,8.5,0.56,79.01,2.49
Manchester,53.4808,-2.2426,2017-06-04,12.31,15.97,8.17,0.75,78.07,3.05
Manchester,53.4808,-2.2426,2017-06-05,11.62,14.98,7.63,28.09,91.06,5.26
Manchester,53.4808,-2.2426,2017-06-06,11.1,11.85,10.18,14.13,87.48,7.64
Manchester,53.4808,-2.2426,2017-06-07,12.11,14.72,9.92,4.78,78.82,6.14
Manchester,53.4808,-2.2426,2017-06-08,14.01,18.36,10.18,10.43,87.01,4.81
Manchester,53.4808,-2.2426,2017-06-09,13.34,17.11,9.38,0.57,81.66,3.21
Manchester,53.4808,-2.2426,2017-06-10,14.97,19.91,10.94,12.2,89.31,4.78
Manchester,53.4808,-2.2426,2017-06-11,14.25,17.41,11.58,1.31,80.87,5.9
Manchester,53.4808,-2.2426,2017-06-12,13.13,15.76,11.25,1.23,84.41,5.17
Manchester,53.4808,-2.2426,2017-06-13,15.12,18.88,11.29,0.71,83.98,2.15
Manchester,53.4808,-2.2426,2017-06-14,16.91,21.85,10.86,0.02,82.42,2.03
Manchester,53.4808,-2.2426,2017-06-15,14.51,17.46,10.69,1.02,80.44,4.25
Manchester,53.4808,-2.2426,2017-06-16,14.82,18.05,10.58,0.85,87.0,3.83
Manchester,53.4808,-2.2426,2017-06-17,18.32,23.13,13.23,0.06,79.53,2.29
Manchester,53.4808,-2.2426,2017-06-18,18.7,24.16,12.1,0.01,76.55,1.47
Manchester,53.4808,-2.2426,2017-06-19,19.89,24.83,15.56,0.01,75.06,1.45
Manchester,53.4808,-2.2426,2017-06-20,18.43,23.12,14.39,0.06,83.3,2.68
Manchester,53.4808,-2.2426,2017-06-21,18.62,23.5,13.24,0.85,85.42,2.92
Manchester,53.4808,-2.2426,2017-06-22,15.34,17.15,11.89,1.01,86.96,3.37
Manchester,53.4808,-2.2426,2017-06-23,15.02,17.67,11.86,6.92,90.2,4.6
Manchester,53.4808,-2.2426,2017-06-24,14.95,17.52,12.74,1.51,85.23,4.0
Manchester,53.4808,-2.2426,2017-06-25,13.14,16.17,10.0,1.15,82.44,3.48
Manchester,53.4808,-2.2426,2017-06-26,14.08,17.35,9.22,0.41,71.06,1.22
Manchester,53.4808,-2.2426,2017-06-27,13.99,17.04,11.81,10.78,89.1,3.89
Manchester,53.4808,-2.2426,2017-06-28,11.8,13.11,9.63,16.35,90.18,4.09
Manchester,53.4808,-2.2426,2017-06-29,12.57,15.14,9.73,6.94,91.99,3.93
Manchester,53.4808,-2.2426,2017-06-30,14.74,18.08,12.08,2.19,89.18,2.93
Manchester,53.4808,-2.2426,2017-07-01,14.29,17.52,10.23,0.78,84.17,3.57
Manchester,53.4808,-2.2426,2017-07-02,13.91,17.13,10.86,0.5,77.86,3.57
Manchester,53.4808,-2.2426,2017-07-03,13.93,16.43,11.81,2.11,85.88,2.97
Manchester,53.4808,-2.2426,2017-07-04,15.0,19.06,11.26,3.9,86.05,2.59
Manchester,53.4808,-2.2426,2017-07-05,16.96,21.17,12.28,0.5,82.88,1.46
Manchester,53.4808,-2.2426,2017-07-06,17.78,23.68,12.76,0.22,83.47,2.58
Manchester,53.4808,-2.2426,2017-07-07,16.04,19.86,12.33,1.04,88.46,2.82
Manchester,53.4808,-2.2426,2017-07-08,14.83,18.83,10.27,0.04,79.04,1.99
Manchester,53.4808,-2.2426,2017-07-09,16.44,20.67,11.22,0.38,83.81,1.96
Manchester,53.4808,-2.2426,2017-07-10,14.37,17.22,11.25,3.02,86.95,2.43
Manchester,53.4808,-2.2426,2017-07-11,13.65,16.66,10.25,9.45,89.11,2.24
Manchester,53.4808,-2.2426,2017-07-12,14.81,19.17,8.95,0.05,73.18,1.92
Manchester,53.4808,-2.2426,2017-07-13,15.98,19.74,12.01,0.93,76.52,2.84
Manchester,53.4808,-2.2426,2017-07-14,13.85,16.13,10.93,2.8,82.2,3.82
Manchester,53.4808,-2.2426,2017-07-15,16.74,20.94,12.19,4.54,90.55,3.7
Manchester,53.4808,-2.2426,2017-07-16,15.51,18.13,10.57,1.37,83.38,3.45
Manchester,53.4808,-2.2426,2017-07-17,15.47,20.23,10.12,0.0,80.85,2.41
Manchester,53.4808,-2.2426,2017-07-18,17.43,22.94,11.57,0.04,79.57,3.6
Manchester,53.4808,-2.2426,2017-07-19,18.02,22.78,13.56,5.85,88.16,3.79
Manchester,53.4808,-2.2426,2017-07-20,13.71,15.7,10.67,6.42,80.82,3.63
Manchester,53.4808,-2.2426,2017-07-21,14.7,17.86,10.51,10.42,87.25,6.12
Manchester,53.4808,-2.2426,2017-07-22,14.61,17.82,11.3,6.66,81.33,1.47
Manchester,53.4808,-2.2426,2017-07-23,14.61,18.39,11.52,7.78,85.22,2.94
Manchester,53.4808,-2.2426,2017-07-24,15.72,19.05,12.42,0.17,84.7,3.38
Manchester,53.4808,-2.2426,2017-07-25,16.14,20.89,10.35,0.06,82.43,1.1
Manchester,53.4808,-2.2426,2017-07-26,15.56,18.7,11.95,9.42,86.77,4.41
Manchester,53.4808,-2.2426,2017-07-27,13.56,16.49,10.69,5.22,84.35,3.97
Manchester,53.4808,-2.2426,2017-07-28,14.9,18.95,10.67,5.76,85.04,4.37
Manchester,53.4808,-2.2426,2017-07-29,14.96,18.73,11.49,2.75,83.19,3.35
Manchester,53.4808,-2.2426,2017-07-30,14.27,16.99,12.0,6.84,84.89,3.47
Manchester,53.4808,-2.2426,2017-07-31,14.28,18.28,10.63,2.99,83.45,3.91
Manchester,53.4808,-2.2426,2017-08-01,13.96,17.85,10.21,4.54,85.97,3.3
Manchester,53.4808,-2.2426,2017-08-02,15.73,20.19,11.24,4.58,89.53,3.96
Manchester,53.4808,-2.2426,2017-08-03,15.62,18.34,12.91,5.24,86.05,5.26
Manchester,53.4808,-2.2426,2017-08-04,14.31,16.96,10.74,1.23,83.74,4.19
Manchester,53.4808,-2.2426,2017-08-05,12.75,15.75,9.32,0.61,82.92,2.81
Manchester,53.4808,-2.2426,2017-08-06,13.48,17.11,8.82,10.31,86.7,3.07
Manchester,53.4808,-2.2426,2017-08-07,13.9,16.7,11.21,2.98,83.79,2.52
Manchester,53.4808,-2.2426,2017-08-08,12.83,14.9,11.03,5.7,87.54,1.98
Manchester,53.4808,-2.2426,2017-08-09,14.16,17.96,10.93,2.04,81.7,3.59
Manchester,53.4808,-2.2426,2017-08-10,13.41,17.6,9.41,0.05,83.18,1.74
Manchester,53.4808,-2.2426,2017-08-11,14.22,18.17,8.87,1.76,91.3,3.45
Manchester,53.4808,-2.2426,2017-08-12,13.94,16.99,9.77,1.08,84.97,3.96
Manchester,53.4808,-2.2426,2017-08-13,13.9,18.32,7.84,0.02,77.9,1.52
Manchester,53.4808,-2.2426,2017-08-14,15.0,18.37,12.11,8.82,88.31,3.83
Manchester,53.4808,-2.2426,2017-08-15,14.71,17.92,10.75,1.09,83.41,3.22
Manchester,53.4808,-2.2426,2017-08-16,14.84,19.35,9.84,7.33,82.85,4.1
Manchester,53.4808,-2.2426,2017-08-17,16.38,20.4,12.65,11.85,84.34,3.43
Manchester,53.4808,-2.2426,2017-08-18,13.44,15.83,11.09,2.8,82.54,4.46
Manchester,53.4808,-2.2426,2017-08-19,12.98,15.39,10.89,1.77,83.43,5.38
Manchester,53.4808,-2.2426,2017-08-20,13.41,16.78,9.51,1.28,83.1,2.04
Manchester,53.4808,-2.2426,2017-08-21,15.17,18.8,11.46,1.86,92.31,2.33
Manchester,53.4808,-2.2426,2017-08-22,18.14,21.88,14.44,1.5,90.88,2.51
Manchester,53.4808,-2.2426,2017-08-23,16.01,18.75,11.75,2.34,87.86,2.91
Manchester,53.4808,-2.2426,2017-08-24,14.4,18.03,11.26,0.76,85.28,2.75
Manchester,53.4808,-2.2426,2017-08-25,14.51,17.85,10.92,0.63,88.06,1.77
Manchester,53.4808,-2.2426,2017-08-26,14.18,18.63,10.12,0.32,87.56,2.06
Manchester,53.4808,-2.2426,2017-08-27,15.7,21.11,9.85,0.11,84.86,1.49
Manchester,53.4808,-2.2426,2017-08-28,16.98,21.42,12.66,0.49,86.46,2.78
Manchester,53.4808,-2.2426,2017-08-29,13.33,15.3,10.3,0.75,84.36,2.44
Manchester,53.4808,-2.2426,2017-08-30,12.12,15.68,9.18,0.27,84.57,1.96
Manchester,53.4808,-2.2426,2017-08-31,11.39,14.98,8.48,2.71,89.62,1.68
Manchester,53.4808,-2.2426,2017-09-01,12.01,16.19,7.77,0.27,87.45,2.2
Manchester,53.4808,-2.2426,2017-09-02,13.45,17.88,9.1,0.07,81.92,1.59
Manchester,53.4808,-2.2426,2017-09-03,12.82,15.77,10.68,2.62,89.93,4.56
Manchester,53.4808,-2.2426,2017-09-04,15.89,20.92,11.61,1.68,90.93,2.82
Manchester,53.4808,-2.2426,2017-09-05,14.83,17.45,11.47,9.45,90.03,3.67
Manchester,53.4808,-2.2426,2017-09-06,12.5,14.67,10.57,0.66,83.48,3.75
Manchester,53.4808,-2.2426,2017-09-07,13.61,16.2,9.74,5.76,90.22,3.62
Manchester,53.4808,-2.2426,2017-09-08,13.12,15.08,11.08,6.17,86.43,4.14
Manchester,53.4808,-2.2426,2017-09-09,12.3,15.67,9.76,6.13,89.02,3.27
Manchester,53.4808,-2.2426,2017-09-10,12.11,15.18,9.87,6.4,90.69,4.77
Manchester,53.4808,-2.2426,2017-09-11,12.5,14.94,10.49,8.5,86.61,6.26
Manchester,53.4808,-2.2426,2017-09-12,12.15,14.73,10.04,11.98,84.2,4.82
Manchester,53.4808,-2.2426,2017-09-13,11.14,13.47,9.36,3.95,84.57,5.9
Manchester,53.4808,-2.2426,2017-09-14,11.24,14.02,9.33,3.49,85.29,4.39
Manchester,53.4808,-2.2426,2017-09-15,11.09,14.56,8.65,2.61,86.96,2.77
Manchester,53.4808,-2.2426,2017-09-16,10.09,13.62,7.02,0.93,87.62,2.25
Manchester,53.4808,-2.2426,2017-09-17,11.02,16.01,6.93,1.94,89.03,2.37
Manchester,53.4808,-2.2426,2017-09-18,9.72,12.52,7.04,4.8,93.71,1.52
Manchester,53.4808,-2.2426,2017-09-19,10.47,15.39,6.7,0.17,86.36,1.24
Manchester,53.4808,-2.2426,2017-09-20,13.54,17.62,8.7,1.47,91.84,3.45
Manchester,53.4808,-2.2426,2017-09-21,11.72,14.17,6.56,5.59,92.23,3.54
Manchester,53.4808,-2.2426,2017-09-22,10.94,14.54,5.74,1.78,90.34,3.76
Manchester,53.4808,-2.2426,2017-09-23,13.72,17.75,10.77,0.65,90.33,3.55
Manchester,53.4808,-2.2426,2017-09-24,13.51,17.18,9.34,2.95,89.7,3.28
Manchester,53.4808,-2.2426,2017-09-25,14.01,17.06,11.29,3.24,91.7,1.25
Manchester,53.4808,-2.2426,2017-09-26,13.12,17.38,9.14,0.13,89.78,2.15
Manchester,53.4808,-2.2426,2017-09-27,13.93,17.18,11.29,9.08,89.69,5.1
Manchester,53.4808,-2.2426,2017-09-28,13.36,17.2,10.05,0.52,88.21,2.47
Manchester,53.4808,-2.2426,2017-09-29,12.51,15.97,8.27,3.81,86.67,3.53
Manchester,53.4808,-2.2426,2017-09-30,10.92,13.82,8.17,4.65,93.18,2.41
Manchester,53.4808,-2.2426,2017-10-01,13.53,17.0,11.04,3.5,93.02,4.71
Manchester,53.4808,-2.2426,2017-10-02,11.83,13.67,10.29,1.18,81.65,6.9
Manchester,53.4808,-2.2426,2017-10-03,10.73,13.03,9.22,0.25,80.04,5.13
Manchester,53.4808,-2.2426,2017-10-04,11.23,13.18,9.09,9.61,87.39,5.81
Manchester,53.4808,-2.2426,2017-10-05,11.25,14.09,8.48,1.71,84.8,5.97
Manchester,53.4808,-2.2426,2017-10-06,9.55,12.53,6.75,0.26,86.77,2.81
Manchester,53.4808,-2.2426,2017-10-07,11.95,12.7,10.66,5.15,94.06,4.74
Manchester,53.4808,-2.2426,2017-10-08,11.53,14.58,9.68,0.98,93.65,2.09
Manchester,53.4808,-2.2426,2017-10-09,12.26,14.87,10.29,4.35,91.41,2.4
Manchester,53.4808,-2.2426,2017-10-10,13.06,15.66,11.47,1.83,88.44,4.1
Manchester,53.4808,-2.2426,2017-10-11,12.8,14.6,9.45,8.98,91.35,5.97
Manchester,53.4808,-2.2426,2017-10-12,10.82,14.46,8.02,0.08,85.27,3.87
Manchester,53.4808,-2.2426,2017-10-13,15.28,19.34,11.11,3.32,93.07,5.27
Manchester,53.4808,-2.2426,2017-10-14,15.72,19.02,12.68,2.01,92.22,3.92
Manchester,53.4808,-2.2426,2017-10-15,13.27,16.95,10.64,0.28,91.88,3.23
Manchester,53.4808,-2.2426,2017-10-16,13.68,18.96,11.53,0.21,83.94,6.63
Manchester,53.4808,-2.2426,2017-10-17,10.49,12.89,8.47,0.24,82.61,4.91
Manchester,53.4808,-2.2426,2017-10-18,9.56,12.11,5.85,0.82,90.96,2.23
Manchester,53.4808,-2.2426,2017-10-19,11.23,13.81,9.18,17.42,96.25,3.49
Manchester,53.4808,-2.2426,2017-10-20,10.82,12.6,8.85,4.15,93.35,3.57
Manchester,53.4808,-2.2426,2017-10-21,10.86,11.75,9.7,11.74,91.31,7.36
Manchester,53.4808,-2.2426,2017-10-22,9.16,10.58,8.08,3.19,87.56,6.59
Manchester,53.4808,-2.2426,2017-10-23,11.26,15.96,7.98,1.18,96.87,2.53
Manchester,53.4808,-2.2426,2017-10-24,13.53,16.32,10.1,10.88,95.52,4.02
Manchester,53.4808,-2.2426,2017-10-25,10.89,13.78,8.58,2.91,93.38,3.39
Manchester,53.4808,-2.2426,2017-10-26,9.63,12.31,6.85,0.63,97.8,1.54
Manchester,53.4808,-2.2426,2017-10-27,7.28,11.46,5.17,0.03,93.66,2.02
Manchester,53.4808,-2.2426,2017-10-28,11.68,13.53,7.73,2.38,95.76,6.1
Manchester,53.4808,-2.2426,2017-10-29,8.06,12.87,2.52,0.38,84.85,3.38
Manchester,53.4808,-2.2426,2017-10-30,4.39,7.71,1.3,0.93,91.83,1.42
Manchester,53.4808,-2.2426,2017-10-31,9.82,12.59,6.07,0.45,96.96,2.61
Manchester,53.4808,-2.2426,2017-11-01,9.34,11.48,8.06,0.22,95.75,2.27
Manchester,53.4808,-2.2426,2017-11-02,8.27,11.17,4.63,0.29,88.87,1.52
Manchester,53.4808,-2.2426,2017-11-03,7.77,10.82,5.16,0.85,95.24,1.86
Manchester,53.4808,-2.2426,2017-11-04,7.71,8.86,5.12,8.66,90.78,3.37
Manchester,53.4808,-2.2426,2017-11-05,5.42,8.68,2.93,1.77,91.79,2.97
Manchester,53.4808,-2.2426,2017-11-06,6.26,9.35,3.31,0.2,92.37,3.08
Manchester,53.4808,-2.2426,2017-11-07,6.93,9.39,2.65,5.64,94.12,3.87
Manchester,53.4808,-2.2426,2017-11-08,4.49,8.27,1.02,0.35,92.49,1.79
Manchester,53.4808,-2.2426,2017-11-09,8.98,10.71,6.88,0.55,89.92,3.95
Manchester,53.4808,-2.2426,2017-11-10,7.54,9.63,5.9,1.92,86.37,5.22
Manchester,53.4808,-2.2426,2017-11-11,5.63,8.02,4.03,1.95,93.91,1.44
Manchester,53.4808,-2.2426,2017-11-12,4.18,6.23,1.37,1.65,90.35,4.14
Manchester,53.4808,-2.2426,2017-11-13,3.35,6.45,-0.24,0.46,91.61,2.4
Manchester,53.4808,-2.2426,2017-11-14,9.53,11.56,7.01,2.29,96.98,3.05
Manchester,53.4808,-2.2426,2017-11-15,8.23,9.91,6.36,0.73,96.93,1.54
Manchester,53.4808,-2.2426,2017-11-16,6.28,8.95,1.95,1.52,91.12,3.21
Manchester,53.4808,-2.2426,2017-11-17,3.92,7.42,0.91,0.09,91.99,2.78
Manchester,53.4808,-2.2426,2017-11-18,6.06,8.31,2.24,0.35,90.51,3.63
Manchester,53.4808,-2.2426,2017-11-19,3.48,6.46,0.29,0.87,91.73,1.65
Manchester,53.4808,-2.2426,2017-11-20,9.79,12.04,5.76,6.04,95.95,4.15
Manchester,53.4808,-2.2426,2017-11-21,11.54,11.89,10.79,4.6,95.88,4.51
Manchester,53.4808,-2.2426,2017-11-22,12.15,13.42,11.07,16.9,93.58,6.38
Manchester,53.4808,-2.2426,2017-11-23,5.85,10.84,3.41,2.85,88.32,5.31
Manchester,53.4808,-2.2426,2017-11-24,3.22,6.26,0.97,1.05,90.0,2.48
Manchester,53.4808,-2.2426,2017-11-25,3.22,4.65,1.56,3.02,92.15,4.08
Manchester,53.4808,-2.2426,2017-11-26,4.74,6.89,3.13,3.87,92.13,4.36
Manchester,53.4808,-2.2426,2017-11-27,5.91,8.14,4.43,4.88,92.5,5.42
Manchester,53.4808,-2.2426,2017-11-28,2.81,4.68,1.2,0.35,94.51,3.15
Manchester,53.4808,-2.2426,2017-11-29,1.46,4.07,-0.94,0.09,95.07,3.68
Manchester,53.4808,-2.2426,2017-11-30,0.51,2.26,-0.77,0.08,90.83,4.39
Manchester,53.4808,-2.2426,2017-12-01,1.2,3.4,-0.05,0.15,95.18,3.16
Manchester,53.4808,-2.2426,2017-12-02,4.98,6.92,0.66,1.29,98.52,2.19
Manchester,53.4808,-2.2426,2017-12-03,6.62,8.05,4.23,0.42,94.96,2.94
Manchester,53.4808,-2.2426,2017-12-04,6.56,7.97,4.93,0.75,97.46,2.83
Manchester,53.4808,-2.2426,2017-12-05,5.82,6.65,5.05,0.56,95.78,3.1
Manchester,53.4808,-2.2426,2017-12-06,7.65,9.11,6.13,0.72,94.19,5.09
Manchester,53.4808,-2.2426,2017-12-07,6.78,11.53,2.36,7.75,87.72,6.73
Manchester,53.4808,-2.2426,2017-12-08,1.27,2.58,0.22,3.32,88.75,5.41
Manchester,53.4808,-2.2426,2017-12-09,0.74,2.91,-0.46,1.09,92.37,2.65
Manchester,53.4808,-2.2426,2017-12-10,-1.19,0.43,-2.81,1.53,96.14,2.84
Manchester,53.4808,-2.2426,2017-12-11,-1.79,1.12,-3.41,0.22,97.16,2.27
Manchester,53.4808,-2.2426,2017-12-12,0.82,3.43,-1.41,3.19,96.86,2.67
Manchester,53.4808,-2.2426,2017-12-13,3.23,4.78,2.29,6.6,95.09,4.46
Manchester,53.4808,-2.2426,2017-12-14,3.3,4.22,2.43,9.13,94.43,4.92
Manchester,53.4808,-2.2426,2017-12-15,1.57,3.69,-0.14,2.29,95.81,3.56
Manchester,53.4808,-2.2426,2017-12-16,1.58,3.45,0.29,1.01,95.68,2.13
Manchester,53.4808,-2.2426,2017-12-17,4.52,8.29,1.73,5.29,97.2,3.29
Manchester,53.4808,-2.2426,2017-12-18,3.35,4.53,2.45,0.16,98.83,1.59
Manchester,53.4808,-2.2426,2017-12-19,5.21,7.08,2.87,0.63,98.41,1.87
Manchester,53.4808,-2.2426,2017-12-20,8.31,9.85,7.26,0.99,98.24,1.94
Manchester,53.4808,-2.2426,2017-12-21,8.5,9.39,7.34,4.99,97.33,1.93
Manchester,53.4808,-2.2426,2017-12-22,7.34,8.67,6.1,0.59,98.47,1.42
Manchester,53.4808,-2.2426,2017-12-23,7.86,8.77,6.92,0.85,97.24,3.82
Manchester,53.4808,-2.2426,2017-12-24,9.28,10.41,8.6,0.75,94.89,5.74
Manchester,53.4808,-2.2426,2017-12-25,7.78,9.75,3.94,8.19,93.66,6.01
Manchester,53.4808,-2.2426,2017-12-26,3.18,4.74,2.04,2.69,95.49,3.59
Manchester,53.4808,-2.2426,2017-12-27,1.06,2.67,0.1,1.06,92.62,4.42
Manchester,53.4808,-2.2426,2017-12-28,1.52,4.12,-1.75,0.43,92.26,3.25
Manchester,53.4808,-2.2426,2017-12-29,1.89,4.06,-1.22,8.46,94.78,4.69
Manchester,53.4808,-2.2426,2017-12-30,4.78,7.49,1.05,6.95,93.38,4.63
Manchester,53.4808,-2.2426,2017-12-31,7.06,10.68,4.29,4.47,91.76,5.78
Manchester,53.4808,-2.2426,2018-01-01,5.11,6.33,4.35,3.06,92.97,5.65
Manchester,53.4808,-2.2426,2018-01-02,5.17,9.69,2.44,11.9,93.27,5.19
Manchester,53.4808,-2.2426,2018-01-03,6.31,6.94,4.95,4.19,88.7,9.19
Manchester,53.4808,-2.2426,2018-01-04,5.25,8.83,3.38,4.5,94.37,5.35
Manchester,53.4808,-2.2426,2018-01-05,2.54,4.17,1.41,1.51,97.37,1.51
Manchester,53.4808,-2.2426,2018-01-06,2.2,4.49,0.4,0.39,94.1,3.71
Manchester,53.4808,-2.2426,2018-01-07,-0.43,2.81,-1.93,0.01,95.36,3.01
Manchester,53.4808,-2.2426,2018-01-08,-0.12,2.5,-2.05,0.1,93.14,3.7
Manchester,53.4808,-2.2426,2018-01-09,1.67,3.74,0.5,0.61,97.71,3.93
Manchester,53.4808,-2.2426,2018-01-10,4.22,6.91,2.32,2.44,97.23,1.32
Manchester,53.4808,-2.2426,2018-01-11,2.26,3.27,0.75,0.21,98.33,1.31
Manchester,53.4808,-2.2426,2018-01-12,3.89,5.5,2.62,0.27,96.99,3.11
Manchester,53.4808,-2.2426,2018-01-13,4.12,5.34,2.98,0.25,94.9,4.96
Manchester,53.4808,-2.2426,2018-01-14,2.37,3.41,1.6,4.11,94.55,4.31
Manchester,53.4808,-2.2426,2018-01-15,5.74,7.83,3.74,9.97,94.46,5.77
Manchester,53.4808,-2.2426,2018-01-16,2.72,3.97,1.57,6.27,90.42,6.93
Manchester,53.4808,-2.2426,2018-01-17,2.9,3.96,0.96,8.35,90.32,6.87
Manchester,53.4808,-2.2426,2018-01-18,3.44,7.22,2.53,4.95,94.34,5.34
Manchester,53.4808,-2.2426,2018-01-19,2.43,3.3,1.68,1.79,93.39,4.6
Manchester,53.4808,-2.2426,2018-01-20,1.23,2.6,-0.02,4.57,96.45,1.82
Manchester,53.4808,-2.2426,2018-01-21,2.22,6.47,0.3,8.63,96.67,3.51
Manchester,53.4808,-2.2426,2018-01-22,4.99,6.79,3.75,0.24,95.82,3.88
Manchester,53.4808,-2.2426,2018-01-23,7.46,10.72,3.99,1.95,95.4,5.4
Manchester,53.4808,-2.2426,2018-01-24,6.91,10.82,4.35,8.01,90.63,7.03
Manchester,53.4808,-2.2426,2018-01-25,4.6,6.47,3.6,3.4,94.43,4.12
Manchester,53.4808,-2.2426,2018-01-26,3.79,6.46,2.12,0.68,93.72,1.71
Manchester,53.4808,-2.2426,2018-01-27,6.31,9.6,2.65,3.0,96.27,5.41
Manchester,53.4808,-2.2426,2018-01-28,9.29,10.98,6.98,1.38,94.37,6.2
Manchester,53.4808,-2.2426,2018-01-29,6.31,9.29,2.57,3.8,92.92,5.32
Manchester,53.4808,-2.2426,2018-01-30,3.35,5.51,1.6,1.27,93.32,3.16
Manchester,53.4808,-2.2426,2018-01-31,3.67,5.75,2.67,4.81,91.42,6.3
Manchester,53.4808,-2.2426,2018-02-01,3.3,4.97,1.97,0.72,90.71,5.91
Manchester,53.4808,-2.2426,2018-02-02,2.63,5.68,0.38,0.11,94.55,3.25
Manchester,53.4808,-2.2426,2018-02-03,2.02,3.45,0.79,6.4,97.55,1.97
Manchester,53.4808,-2.2426,2018-02-04,0.3,4.02,-2.17,0.17,94.93,2.13
Manchester,53.4808,-2.2426,2018-02-05,-0.39,2.52,-2.11,0.03,86.73,1.52
Manchester,53.4808,-2.2426,2018-02-06,-0.38,1.19,-1.58,1.42,92.3,2.14
Manchester,53.4808,-2.2426,2018-02-07,-0.72,1.88,-2.8,0.05,91.02,1.91
Manchester,53.4808,-2.2426,2018-02-08,3.28,5.1,0.22,7.15,97.2,4.43
Manchester,53.4808,-2.2426,2018-02-09,1.75,3.76,-1.14,1.65,92.8,4.17
Manchester,53.4808,-2.2426,2018-02-10,3.76,7.49,-0.95,8.62,96.83,4.68
Manchester,53.4808,-2.2426,2018-02-11,2.08,4.31,0.6,2.22,90.16,6.77
Manchester,53.4808,-2.2426,2018-02-12,1.51,4.21,-0.08,0.47,91.12,4.45
Manchester,53.4808,-2.2426,2018-02-13,1.0,3.0,-1.66,5.61,93.72,4.52
Manchester,53.4808,-2.2426,2018-02-14,1.63,4.38,-1.39,5.27,94.35,5.63
Manchester,53.4808,-2.2426,2018-02-15,3.42,4.72,1.58,1.27,87.95,5.27
Manchester,53.4808,-2.2426,2018-02-16,2.8,6.21,-0.16,0.03,93.82,3.35
Manchester,53.4808,-2.2426,2018-02-17,3.42,7.46,1.66,2.6,94.54,2.71
Manchester,53.4808,-2.2426,2018-02-18,4.35,6.16,1.88,2.54,97.75,2.74
Manchester,53.4808,-2.2426,2018-02-19,7.52,10.02,5.74,3.31,96.97,3.19
Manchester,53.4808,-2.2426,2018-02-20,5.53,8.03,1.92,0.5,93.03,4.09
Manchester,53.4808,-2.2426,2018-02-21,3.26,7.16,0.54,0.31,93.21,1.74
Manchester,53.4808,-2.2426,2018-02-22,1.12,4.25,-2.35,0.22,91.09,2.71
Manchester,53.4808,-2.2426,2018-02-23,-0.01,4.14,-2.92,0.03,89.48,4.05
Manchester,53.4808,-2.2426,2018-02-24,0.06,4.06,-2.46,0.01,86.96,4.36
Manchester,53.4808,-2.2426,2018-02-25,-0.43,3.48,-3.02,0.01,85.51,4.16
Manchester,53.4808,-2.2426,2018-02-26,-1.43,0.98,-3.17,0.13,86.23,3.43
Manchester,53.4808,-2.2426,2018-02-27,-1.51,0.42,-3.47,2.17,88.19,2.89
Manchester,53.4808,-2.2426,2018-02-28,-4.27,-2.31,-5.78,0.68,85.82,5.36
Manchester,53.4808,-2.2426,2018-03-01,-3.31,-2.04,-5.44,1.08,82.66,8.57
Manchester,53.4808,-2.2426,2018-03-02,-1.52,0.24,-2.54,0.72,81.0,9.31
Manchester,53.4808,-2.2426,2018-03-03,-0.72,2.06,-2.57,0.81,89.31,5.57
Manchester,53.4808,-2.2426,2018-03-04,1.41,3.75,-0.92,3.48,97.16,3.84
Manchester,53.4808,-2.2426,2018-03-05,2.64,5.61,0.62,4.93,96.59,2.76
Manchester,53.4808,-2.2426,2018-03-06,2.04,5.35,-0.09,3.12,95.1,1.82
Manchester,53.4808,-2.2426,2018-03-07,2.1,6.79,-0.13,0.84,92.96,2.26
Manchester,53.4808,-2.2426,2018-03-08,2.07,5.2,-0.01,6.96,94.56,2.89
Manchester,53.4808,-2.2426,2018-03-09,2.75,5.68,0.15,5.02,95.89,2.52
Manchester,53.4808,-2.2426,2018-03-10,7.12,12.4,2.65,8.09,95.14,3.29
Manchester,53.4808,-2.2426,2018-03-11,6.56,10.87,3.25,1.33,92.03,2.91
Manchester,53.4808,-2.2426,2018-03-12,4.14,5.71,2.59,16.21,95.67,3.2
Manchester,53.4808,-2.2426,2018-03-13,4.56,8.19,1.12,0.39,89.21,1.77
Manchester,53.4808,-2.2426,2018-03-14,5.29,9.71,1.02,0.09,88.68,6.11
Manchester,53.4808,-2.2426,2018-03-15,6.02,8.82,4.23,5.81,93.79,5.2
Manchester,53.4808,-2.2426,2018-03-16,5.29,8.89,1.65,3.61,93.02,4.74
Manchester,53.4808,-2.2426,2018-03-17,-0.31,1.4,-1.94,0.9,82.83,7.71
Manchester,53.4808,-2.2426,2018-03-18,-1.13,0.55,-2.02,0.75,80.97,7.32
Manchester,53.4808,-2.2426,2018-03-19,0.64,4.51,-1.75,0.09,82.56,5.08
Manchester,53.4808,-2.2426,2018-03-20,1.82,7.02,-1.7,0.13,90.47,2.53
Manchester,53.4808,-2.2426,2018-03-21,3.09,6.03,-1.8,0.45,89.18,3.71
Manchester,53.4808,-2.2426,2018-03-22,6.29,9.13,4.39,0.61,87.72,4.09
Manchester,53.4808,-2.2426,2018-03-23,6.24,8.9,3.69,4.45,88.97,4.14
Manchester,53.4808,-2.2426,2018-03-24,5.05,9.09,1.32,1.38,89.59,1.8
Manchester,53.4808,-2.2426,2018-03-25,4.06,8.98,-0.34,0.02,89.14,2.19
Manchester,53.4808,-2.2426,2018-03-26,5.8,10.07,1.97,0.85,85.8,1.67
Manchester,53.4808,-2.2426,2018-03-27,6.05,8.87,3.08,9.42,92.78,4.35
Manchester,53.4808,-2.2426,2018-03-28,3.36,5.49,0.84,1.58,93.36,2.57
Manchester,53.4808,-2.2426,2018-03-29,3.64,7.47,-0.25,4.95,90.08,3.66
Manchester,53.4808,-2.2426,2018-03-30,4.98,8.4,2.7,3.29,89.35,2.72
Manchester,53.4808,-2.2426,2018-03-31,3.79,6.98,0.81,3.79,90.31,4.74
Manchester,53.4808,-2.2426,2018-04-01,3.14,6.25,-0.41,1.35,87.01,2.73
Manchester,53.4808,-2.2426,2018-04-02,3.7,7.57,1.08,21.14,97.28,4.41
Manchester,53.4808,-2.2426,2018-04-03,7.84,11.4,5.37,4.05,91.31,3.4
Manchester,53.4808,-2.2426,2018-04-04,6.64,10.57,1.47,7.79,92.05,3.87
Manchester,53.4808,-2.2426,2018-04-05,4.73,9.63,-1.2,0.0,80.1,2.74
Manchester,53.4808,-2.2426,2018-04-06,7.1,11.42,2.97,0.09,88.21,4.64
Manchester,53.4808,-2.2426,2018-04-07,7.59,9.51,5.27,9.3,95.37,1.86
Manchester,53.4808,-2.2426,2018-04-08,7.48,11.37,4.42,0.15,87.78,0.94
Manchester,53.4808,-2.2426,2018-04-09,7.46,13.1,3.25,4.0,89.17,2.56
Manchester,53.4808,-2.2426,2018-04-10,6.74,8.67,4.9,5.58,94.51,3.71
Manchester,53.4808,-2.2426,2018-04-11,6.96,9.04,5.34,0.79,94.72,3.84
Manchester,53.4808,-2.2426,2018-04-12,6.42,8.31,5.1,1.06,94.59,3.7
Manchester,53.4808,-2.2426,2018-04-13,6.53,8.46,4.92,5.84,94.65,1.39
Manchester,53.4808,-2.2426,2018-04-14,9.74,14.25,4.87,0.05,85.84,1.84
Manchester,53.4808,-2.2426,2018-04-15,9.57,12.38,6.85,2.7,92.97,4.01
Manchester,53.4808,-2.2426,2018-04-16,9.71,12.95,7.35,0.59,83.06,4.31
Manchester,53.4808,-2.2426,2018-04-17,10.64,13.55,8.0,3.26,91.01,5.7
Manchester,53.4808,-2.2426,2018-04-18,14.11,18.69,10.05,0.46,86.04,4.45
Manchester,53.4808,-2.2426,2018-04-19,14.06,20.36,8.85,0.04,84.44,2.09
Manchester,53.4808,-2.2426,2018-04-20,10.02,14.88,6.46,0.08,84.79,1.97
Manchester,53.4808,-2.2426,2018-04-21,12.81,19.53,4.09,0.83,83.64,2.57
Manchester,53.4808,-2.2426,2018-04-22,11.25,13.19,7.95,0.89,87.65,3.68
Manchester,53.4808,-2.2426,2018-04-23,9.63,12.62,7.36,1.58,86.88,5.08
Manchester,53.4808,-2.2426,2018-04-24,8.44,10.85,6.19,12.23,92.11,3.21
Manchester,53.4808,-2.2426,2018-04-25,7.96,10.54,6.02,2.07,87.57,4.55
Manchester,53.4808,-2.2426,2018-04-26,7.62,10.55,5.35,0.92,84.26,4.75
Manchester,53.4808,-2.2426,2018-04-27,6.17,7.98,4.13,5.09,92.59,1.84
Manchester,53.4808,-2.2426,2018-04-28,6.4,9.78,3.45,0.34,84.3,2.11
Manchester,53.4808,-2.2426,2018-04-29,6.02,9.85,1.81,0.48,82.94,3.22
Manchester,53.4808,-2.2426,2018-04-30,5.63,10.43,1.04,0.01,80.76,3.96
Manchester,53.4808,-2.2426,2018-05-01,7.13,11.5,1.41,1.08,83.11,4.19
Manchester,53.4808,-2.2426,2018-05-02,7.91,10.07,4.9,10.23,85.07,5.27
Manchester,53.4808,-2.2426,2018-05-03,8.6,11.99,4.21,0.25,84.22,2.76
Manchester,53.4808,-2.2426,2018-05-04,12.4,17.54,7.77,0.21,86.05,1.89
Manchester,53.4808,-2.2426,2018-05-05,13.68,19.23,8.37,0.06,85.21,1.43
Manchester,53.4808,-2.2426,2018-05-06,15.05,20.91,8.29,0.0,78.65,1.61
Manchester,53.4808,-2.2426,2018-05-07,16.32,22.21,9.53,0.01,75.95,1.4
Manchester,53.4808,-2.2426,2018-05-08,12.54,17.43,7.36,0.33,85.78,2.32
Manchester,53.4808,-2.2426,2018-05-09,9.91,13.21,5.41,4.69,85.56,2.67
Manchester,53.4808,-2.2426,2018-05-10,9.33,12.59,5.95,0.24,77.93,3.17
Manchester,53.4808,-2.2426,2018-05-11,9.37,13.11,5.14,2.2,83.84,4.13
Manchester,53.4808,-2.2426,2018-05-12,9.67,13.77,6.08,1.32,82.5,0.72
Manchester,53.4808,-2.2426,2018-05-13,10.02,14.89,5.42,1.62,78.12,2.11
Manchester,53.4808,-2.2426,2018-05-14,10.53,16.48,3.83,0.0,77.62,1.67
Manchester,53.4808,-2.2426,2018-05-15,11.89,16.54,5.65,0.34,84.04,2.57
Manchester,53.4808,-2.2426,2018-05-16,9.93,13.89,3.62,2.65,83.12,3.3
Manchester,53.4808,-2.2426,2018-05-17,9.11,14.67,2.56,0.01,76.96,1.91
Manchester,53.4808,-2.2426,2018-05-18,10.68,15.84,4.24,0.0,76.36,1.3
Manchester,53.4808,-2.2426,2018-05-19,13.75,18.95,7.39,0.0,68.62,1.2
Manchester,53.4808,-2.2426,2018-05-20,14.86,20.01,8.66,0.0,72.81,1.6
Manchester,53.4808,-2.2426,2018-05-21,14.53,21.02,7.99,0.17,78.66,1.86
Manchester,53.4808,-2.2426,2018-05-22,13.1,18.2,7.61,0.09,80.53,2.95
Manchester,53.4808,-2.2426,2018-05-23,12.53,18.74,6.28,0.01,80.93,3.05
Manchester,53.4808,-2.2426,2018-05-24,13.28,19.53,6.99,0.42,79.63,3.57
Manchester,53.4808,-2.2426,2018-05-25,12.32,15.69,8.6,7.17,91.09,4.06
Manchester,53.4808,-2.2426,2018-05-26,14.36,18.94,10.1,0.14,77.37,4.66
Manchester,53.4808,-2.2426,2018-05-27,15.97,22.15,10.07,2.0,79.98,5.06
Manchester,53.4808,-2.2426,2018-05-28,16.94,22.72,11.09,0.33,81.21,2.59
Manchester,53.4808,-2.2426,2018-05-29,15.58,20.89,10.47,0.16,84.35,3.52
Manchester,53.4808,-2.2426,2018-05-30,15.13,20.24,8.88,1.62,87.38,1.63
Manchester,53.4808,-2.2426,2018-05-31,17.32,21.82,12.32,1.04,86.3,1.76
Manchester,53.4808,-2.2426,2018-06-01,17.95,22.17,12.89,3.12,83.0,1.44
Manchester,53.4808,-2.2426,2018-06-02,15.02,17.11,11.92,3.34,93.4,1.58
Manchester,53.4808,-2.2426,2018-06-03,16.24,21.02,10.63,0.33,82.95,1.64
Manchester,53.4808,-2.2426,2018-06-04,15.62,20.06,11.51,0.61,87.04,2.35
Manchester,53.4808,-2.2426,2018-06-05,14.11,18.52,10.19,0.05,77.98,2.11
Manchester,53.4808,-2.2426,2018-06-06,13.84,19.33,7.36,0.02,82.51,1.72
Manchester,53.4808,-2.2426,2018-06-07,15.39,20.98,8.76,0.07,80.06,1.81
Manchester,53.4808,-2.2426,2018-06-08,14.17,17.2,10.33,1.22,82.78,1.29
Manchester,53.4808,-2.2426,2018-06-09,15.96,20.68,10.62,0.31,82.35,1.35
Manchester,53.4808,-2.2426,2018-06-10,17.23,22.37,10.33,0.13,76.82,0.88
Manchester,53.4808,-2.2426,2018-06-11,15.48,19.32,11.53,0.29,80.1,2.15
Manchester,53.4808,-2.2426,2018-06-12,14.46,18.4,10.25,0.33,81.54,1.99
Manchester,53.4808,-2.2426,2018-06-13,14.28,18.79,9.09,1.59,80.26,2.98
Manchester,53.4808,-2.2426,2018-06-14,14.35,16.43,11.53,1.29,78.62,6.15
Manchester,53.4808,-2.2426,2018-06-15,12.18,14.95,8.79,0.23,79.95,2.65
Manchester,53.4808,-2.2426,2018-06-16,13.01,16.76,8.49,5.0,83.67,3.79
Manchester,53.4808,-2.2426,2018-06-17,14.33,16.57,10.6,1.31,85.73,3.65
Manchester,53.4808,-2.2426,2018-06-18,15.13,18.04,12.05,1.94,83.64,4.57
Manchester,53.4808,-2.2426,2018-06-19,15.33,18.45,9.88,0.58,83.29,3.05
Manchester,53.4808,-2.2426,2018-06-20,14.83,18.41,10.16,1.2,82.13,5.17
Manchester,53.4808,-2.2426,2018-06-21,11.96,15.03,8.44,0.07,72.73,5.09
Manchester,53.4808,-2.2426,2018-06-22,12.94,17.22,8.62,0.0,73.71,2.72
Manchester,53.4808,-2.2426,2018-06-23,12.43,15.53,9.07,0.01,82.9,2.81
Manchester,53.4808,-2.2426,2018-06-24,15.14,20.77,8.28,0.0,77.7,1.39
Manchester,53.4808,-2.2426,2018-06-25,17.82,23.64,10.13,0.0,71.18,1.3
Manchester,53.4808,-2.2426,2018-06-26,19.16,25.84,11.97,0.0,70.81,1.72
Manchester,53.4808,-2.2426,2018-06-27,17.38,23.79,10.52,0.01,72.8,2.51
Manchester,53.4808,-2.2426,2018-06-28,17.36,24.51,9.1,0.0,72.34,1.92
Manchester,53.4808,-2.2426,2018-06-29,17.51,24.31,9.95,0.0,73.83,2.74
Manchester,53.4808,-2.2426,2018-06-30,16.7,22.86,10.17,0.02,74.97,3.48
Manchester,53.4808,-2.2426,2018-07-01,17.78,23.85,10.51,0.02,75.07,2.71
Manchester,53.4808,-2.2426,2018-07-02,17.53,23.0,11.83,0.0,71.81,3.19
Manchester,53.4808,-2.2426,2018-07-03,16.5,21.81,10.57,0.01,74.75,2.96
Manchester,53.4808,-2.2426,2018-07-04,16.67,22.87,9.07,0.01,73.55,1.5
Manchester,53.4808,-2.2426,2018-07-05,17.25,22.91,11.28,0.01,79.21,2.23
Manchester,53.4808,-2.2426,2018-07-06,17.44,22.85,11.69,0.0,76.21,1.67
Manchester,53.4808,-2.2426,2018-07-07,18.47,23.35,13.13,0.01,78.49,1.64
Manchester,53.4808,-2.2426,2018-07-08,19.36,24.16,13.84,0.02,78.67,1.87
Manchester,53.4808,-2.2426,2018-07-09,18.07,21.7,13.6,0.16,82.2,2.29
Manchester,53.4808,-2.2426,2018-07-10,16.67,21.35,11.26,0.02,77.76,1.96
Manchester,53.4808,-2.2426,2018-07-11,17.15,22.52,10.93,0.07,76.83,1.2
Manchester,53.4808,-2.2426,2018-07-12,17.54,21.05,12.92,1.43,81.38,1.06
Manchester,53.4808,-2.2426,2018-07-13,17.36,20.87,13.98,3.41,84.43,1.71
Manchester,53.4808,-2.2426,2018-07-14,18.18,23.0,12.84,0.08,78.0,1.39
Manchester,53.4808,-2.2426,2018-07-15,18.15,23.0,12.88,0.03,80.51,1.84
Manchester,53.4808,-2.2426,2018-07-16,16.62,19.6,13.19,6.17,87.61,1.74
Manchester,53.4808,-2.2426,2018-07-17,15.14,18.31,11.26,0.94,78.88,2.4
Manchester,53.4808,-2.2426,2018-07-18,16.32,19.77,11.55,0.46,78.81,1.52
Manchester,53.4808,-2.2426,2018-07-19,16.56,20.94,12.37,0.02,76.61,1.65
Manchester,53.4808,-2.2426,2018-07-20,15.26,17.89,12.6,3.51,78.75,1.23
Manchester,53.4808,-2.2426,2018-07-21,15.86,19.77,12.43,1.09,86.82,1.85
Manchester,53.4808,-2.2426,2018-07-22,17.72,21.58,13.29,0.77,88.78,2.12
Manchester,53.4808,-2.2426,2018-07-23,19.81,24.55,14.89,1.74,87.1,2.01
Manchester,53.4808,-2.2426,2018-07-24,17.39,21.55,12.99,1.2,85.08,2.2
Manchester,53.4808,-2.2426,2018-07-25,17.64,22.1,12.13,0.0,68.95,0.55
Manchester,53.4808,-2.2426,2018-07-26,19.9,25.31,13.09,0.47,78.53,1.99
Manchester,53.4808,-2.2426,2018-07-27,20.17,24.97,15.27,3.0,77.87,2.09
Manchester,53.4808,-2.2426,2018-07-28,15.54,17.26,11.93,4.01,80.31,5.29
Manchester,53.4808,-2.2426,2018-07-29,16.16,21.75,11.72,14.92,89.22,5.37
Manchester,53.4808,-2.2426,2018-07-30,16.26,21.58,11.9,3.08,85.59,2.9
Manchester,53.4808,-2.2426,2018-07-31,15.88,20.53,11.02,0.38,77.79,3.03
Manchester,53.4808,-2.2426,2018-08-01,16.59,20.31,11.54,0.42,80.52,2.95
Manchester,53.4808,-2.2426,2018-08-02,19.17,23.74,15.0,1.6,85.67,2.84
Manchester,53.4808,-2.2426,2018-08-03,18.48,22.15,14.19,2.33,90.79,2.18
Manchester,53.4808,-2.2426,2018-08-04,16.28,20.52,12.66,0.06,84.8,2.31
Manchester,53.4808,-2.2426,2018-08-05,17.95,23.98,12.3,0.04,82.12,1.64
Manchester,53.4808,-2.2426,2018-08-06,17.55,21.86,12.91,0.02,84.2,1.71
Manchester,53.4808,-2.2426,2018-08-07,16.25,20.35,11.73,0.52,84.71,2.16
Manchester,53.4808,-2.2426,2018-08-08,14.65,18.17,10.85,0.8,78.29,2.76
Manchester,53.4808,-2.2426,2018-08-09,14.03,17.67,10.43,0.1,73.7,1.73
Manchester,53.4808,-2.2426,2018-08-10,12.32,14.86,9.67,4.63,82.19,3.05
Manchester,53.4808,-2.2426,2018-08-11,14.63,19.02,8.34,5.45,82.3,3.07
Manchester,53.4808,-2.2426,2018-08-12,17.25,21.6,14.9,6.74,90.93,2.65
Manchester,53.4808,-2.2426,2018-08-13,16.2,19.68,12.99,2.74,89.53,3.43
Manchester,53.4808,-2.2426,2018-08-14,16.61,20.32,12.56,0.67,87.29,3.08
Manchester,53.4808,-2.2426,2018-08-15,18.16,22.01,14.72,4.16,85.03,4.66
Manchester,53.4808,-2.2426,2018-08-16,14.95,17.49,11.73,4.87,82.27,3.77
Manchester,53.4808,-2.2426,2018-08-17,14.22,16.74,10.84,0.97,86.46,3.99
Manchester,53.4808,-2.2426,2018-08-18,17.78,21.47,14.62,0.9,86.43,3.93
Manchester,53.4808,-2.2426,2018-08-19,17.29,19.71,14.11,3.24,90.52,4.03
Manchester,53.4808,-2.2426,2018-08-20,17.77,22.33,13.54,2.75,90.03,1.54
Manchester,53.4808,-2.2426,2018-08-21,17.98,22.38,14.28,0.83,86.48,1.49
Manchester,53.4808,-2.2426,2018-08-22,16.49,20.58,11.87,1.99,89.72,3.25
Manchester,53.4808,-2.2426,2018-08-23,13.39,16.88,10.65,1.95,81.16,3.63
Manchester,53.4808,-2.2426,2018-08-24,11.68,13.77,10.22,3.39,81.53,4.88
Manchester,53.4808,-2.2426,2018-08-25,12.21,15.47,9.8,0.58,79.63,3.06
Manchester,53.4808,-2.2426,2018-08-26,12.03,16.97,8.86,10.11,91.92,4.13
Manchester,53.4808,-2.2426,2018-08-27,14.02,16.72,11.66,1.17,86.97,4.52
Manchester,53.4808,-2.2426,2018-08-28,14.99,18.84,11.76,0.15,84.59,2.18
Manchester,53.4808,-2.2426,2018-08-29,13.25,16.23,10.29,0.65,83.79,2.82
Manchester,53.4808,-2.2426,2018-08-30,12.12,15.98,7.91,0.02,77.93,1.08
Manchester,53.4808,-2.2426,2018-08-31,12.86,18.58,6.63,0.0,76.41,2.36
Manchester,53.4808,-2.2426,2018-09-01,15.71,21.05,10.11,0.17,83.3,2.34
Manchester,53.4808,-2.2426,2018-09-02,17.41,21.54,13.55,0.4,83.76,2.64
Manchester,53.4808,-2.2426,2018-09-03,15.23,16.96,10.96,4.91,90.52,2.58
Manchester,53.4808,-2.2426,2018-09-04,13.32,16.91,10.02,0.31,84.84,2.06
Manchester,53.4808,-2.2426,2018-09-05,13.17,17.61,9.34,0.03,81.33,1.84
Manchester,53.4808,-2.2426,2018-09-06,11.52,13.59,8.8,1.52,86.29,2.83
Manchester,53.4808,-2.2426,2018-09-07,11.24,14.54,8.4,1.08,83.64,4.03
Manchester,53.4808,-2.2426,2018-09-08,13.24,16.84,9.63,6.49,93.09,3.05
Manchester,53.4808,-2.2426,2018-09-09,14.24,17.44,11.72,1.68,84.97,4.44
Manchester,53.4808,-2.2426,2018-09-10,13.42,15.85,10.54,4.47,83.44,4.01
Manchester,53.4808,-2.2426,2018-09-11,14.05,15.48,11.78,6.86,85.75,4.04
Manchester,53.4808,-2.2426,2018-09-12,11.76,15.58,8.55,1.87,82.07,3.13
Manchester,53.4808,-2.2426,2018-09-13,11.82,15.88,7.89,0.68,84.29,3.34
Manchester,53.4808,-2.2426,2018-09-14,11.97,15.13,10.06,2.82,90.86,3.47
Manchester,53.4808,-2.2426,2018-09-15,12.9,16.78,9.28,1.2,86.76,3.0
Manchester,53.4808,-2.2426,2018-09-16,14.24,18.02,11.2,2.69,91.24,3.91
Manchester,53.4808,-2.2426,2018-09-17,15.32,21.37,9.74,0.59,88.37,3.81
Manchester,53.4808,-2.2426,2018-09-18,16.28,19.57,12.82,1.62,85.23,6.39
Manchester,53.4808,-2.2426,2018-09-19,14.23,18.87,10.86,1.28,79.66,6.18
Manchester,53.4808,-2.2426,2018-09-20,12.48,15.79,9.43,29.17,90.0,3.6
Manchester,53.4808,-2.2426,2018-09-21,9.77,11.97,8.18,6.79,85.53,6.41
Manchester,53.4808,-2.2426,2018-09-22,9.71,12.23,6.84,0.35,80.38,1.98
Manchester,53.4808,-2.2426,2018-09-23,8.5,12.02,6.06,0.38,82.09,3.27
Manchester,53.4808,-2.2426,2018-09-24,8.52,13.09,3.78,0.01,82.74,2.55
Manchester,53.4808,-2.2426,2018-09-25,9.93,15.24,3.49,0.02,79.26,3.28
Manchester,53.4808,-2.2426,2018-09-26,13.99,18.47,10.68,0.5,90.65,3.67
Manchester,53.4808,-2.2426,2018-09-27,13.28,17.38,8.77,0.17,84.08,3.31
Manchester,53.4808,-2.2426,2018-09-28,9.21,13.93,6.26,0.01,78.69,1.69
Manchester,53.4808,-2.2426,2018-09-29,8.83,14.23,3.88,0.0,84.53,2.45
Manchester,53.4808,-2.2426,2018-09-30,9.67,12.27,7.07,0.48,83.86,4.01
Manchester,53.4808,-2.2426,2018-10-01,8.73,12.29,4.64,2.06,84.59,3.48
Manchester,53.4808,-2.2426,2018-10-02,12.22,14.42,10.12,1.1,87.1,5.52
Manchester,53.4808,-2.2426,2018-10-03,12.23,15.15,9.59,0.65,91.02,3.18
Manchester,53.4808,-2.2426,2018-10-04,13.05,15.97,11.23,3.08,93.7,3.11
Manchester,53.4808,-2.2426,2018-10-05,11.11,12.75,7.67,6.7,93.78,2.35
Manchester,53.4808,-2.2426,2018-10-06,6.91,10.87,3.8,6.12,86.98,2.66
Manchester,53.4808,-2.2426,2018-10-07,8.2,12.24,3.44,0.05,85.26,3.0
Manchester,53.4808,-2.2426,2018-10-08,12.21,16.0,9.62,0.18,88.08,4.36
Manchester,53.4808,-2.2426,2018-10-09,12.2,16.87,8.87,0.06,84.72,3.72
Manchester,53.4808,-2.2426,2018-10-10,13.14,19.85,7.58,0.09,88.78,3.77
Manchester,53.4808,-2.2426,2018-10-11,12.81,16.75,8.29,4.38,91.32,4.25
Manchester,53.4808,-2.2426,2018-10-12,14.14,16.96,8.87,22.8,92.54,7.33
Manchester,53.4808,-2.2426,2018-10-13,16.82,20.59,12.7,13.67,89.57,7.19
Manchester,53.4808,-2.2426,2018-10-14,9.65,12.46,5.35,4.99,87.5,2.19
Manchester,53.4808,-2.2426,2018-10-15,8.28,12.28,4.53,0.5,89.34,2.48
Manchester,53.4808,-2.2426,2018-10-16,11.88,16.49,8.95,1.06,89.4,3.28
Manchester,53.4808,-2.2426,2018-10-17,10.13,12.98,5.75,0.29,94.76,1.93
Manchester,53.4808,-2.2426,2018-10-18,6.75,12.22,2.65,0.0,86.03,1.35
Manchester,53.4808,-2.2426,2018-10-19,8.24,13.81,3.52,0.07,92.83,2.03
Manchester,53.4808,-2.2426,2018-10-20,10.57,16.07,6.59,0.11,93.51,2.01
Manchester,53.4808,-2.2426,2018-10-21,9.99,14.8,5.9,0.85,92.94,3.12
Manchester,53.4808,-2.2426,2018-10-22,8.18,11.73,4.16,0.0,83.95,3.63
Manchester,53.4808,-2.2426,2018-10-23,10.86,12.75,9.1,0.35,87.93,6.39
Manchester,53.4808,-2.2426,2018-10-24,10.16,11.59,9.04,0.19,86.8,4.86
Manchester,53.4808,-2.2426,2018-10-25,9.8,11.68,8.84,0.91,91.64,3.68
Manchester,53.4808,-2.2426,2018-10-26,6.55,9.33,3.23,2.56,87.12,4.53
Manchester,53.4808,-2.2426,2018-10-27,3.17,5.21,1.8,0.43,86.76,4.17
Manchester,53.4808,-2.2426,2018-10-28,3.72,8.18,0.3,0.07,89.58,3.27
Manchester,53.4808,-2.2426,2018-10-29,2.15,7.14,-1.29,0.03,88.47,2.16
Manchester,53.4808,-2.2426,2018-10-30,3.12,7.26,-1.31,0.56,95.65,2.36
Manchester,53.4808,-2.2426,2018-10-31,4.71,9.04,0.37,0.99,90.44,3.61
Manchester,53.4808,-2.2426,2018-11-01,6.05,8.86,3.36,6.12,90.08,2.63
Manchester,53.4808,-2.2426,2018-11-02,5.57,9.8,2.31,0.13,88.23,2.61
Manchester,53.4808,-2.2426,2018-11-03,9.16,12.18,5.46,4.28,91.6,6.49
Manchester,53.4808,-2.2426,2018-11-04,10.32,12.88,7.7,1.98,94.44,3.91
Manchester,53.4808,-2.2426,2018-11-05,8.46,10.35,6.82,0.2,95.98,2.97
Manchester,53.4808,-2.2426,2018-11-06,10.66,13.86,8.19,1.48,92.16,5.19
Manchester,53.4808,-2.2426,2018-11-07,10.11,12.18,6.38,10.69,93.13,5.24
Manchester,53.4808,-2.2426,2018-11-08,7.0,10.7,4.5,2.36,94.49,4.74
Manchester,53.4808,-2.2426,2018-11-09,7.95,10.42,5.82,9.16,92.91,6.69
Manchester,53.4808,-2.2426,2018-11-10,8.26,10.07,6.82,1.61,96.39,3.92
Manchester,53.4808,-2.2426,2018-11-11,7.68,10.31,6.34,1.12,94.11,3.95
Manchester,53.4808,-2.2426,2018-11-12,8.16,10.63,6.68,3.44,94.88,4.89
Manchester,53.4808,-2.2426,2018-11-13,8.6,11.17,7.46,1.84,91.85,4.4
Manchester,53.4808,-2.2426,2018-11-14,9.32,11.55,7.6,1.62,94.7,4.76
Manchester,53.4808,-2.2426,2018-11-15,9.16,12.1,6.9,0.23,95.92,3.69
Manchester,53.4808,-2.2426,2018-11-16,10.39,12.56,8.6,0.27,94.82,2.82
Manchester,53.4808,-2.2426,2018-11-17,7.19,10.05,5.12,0.12,93.2,4.14
Manchester,53.4808,-2.2426,2018-11-18,5.91,10.05,3.51,0.07,91.58,4.12
Manchester,53.4808,-2.2426,2018-11-19,5.31,8.23,3.32,0.43,92.04,4.23
Manchester,53.4808,-2.2426,2018-11-20,4.34,5.79,3.29,4.09,95.69,4.45
Manchester,53.4808,-2.2426,2018-11-21,3.12,4.62,1.05,3.1,94.62,4.24
Manchester,53.4808,-2.2426,2018-11-22,2.08,5.32,-1.2,0.41,97.58,2.17
Manchester,53.4808,-2.2426,2018-11-23,3.78,5.77,1.7,0.31,97.29,2.67
Manchester,53.4808,-2.2426,2018-11-24,5.38,7.69,2.53,0.19,95.42,2.99
Manchester,53.4808,-2.2426,2018-11-25,4.1,6.51,2.92,0.93,97.3,2.8
Manchester,53.4808,-2.2426,2018-11-26,3.65,6.28,1.74,0.31,95.96,1.78
Manchester,53.4808,-2.2426,2018-11-27,3.0,4.87,0.98,8.78,97.69,4.37
Manchester,53.4808,-2.2426,2018-11-28,9.06,12.91,4.75,4.6,92.81,6.71
Manchester,53.4808,-2.2426,2018-11-29,8.66,12.18,6.78,7.5,91.86,6.66
Manchester,53.4808,-2.2426,2018-11-30,6.22,7.9,4.63,1.23,90.65,4.69
Manchester,53.4808,-2.2426,2018-12-01,7.73,10.47,4.62,5.92,96.83,3.55
Manchester,53.4808,-2.2426,2018-12-02,10.08,11.56,8.19,4.61,95.58,4.45
Manchester,53.4808,-2.2426,2018-12-03,6.13,9.0,2.84,3.14,94.92,2.81
Manchester,53.4808,-2.2426,2018-12-04,4.13,6.44,2.85,0.33,95.28,1.62
Manchester,53.4808,-2.2426,2018-12-05,6.18,9.5,2.5,19.04,97.0,3.77
Manchester,53.4808,-2.2426,2018-12-06,9.98,11.2,8.49,2.91,96.59,3.55
Manchester,53.4808,-2.2426,2018-12-07,7.94,11.09,5.5,11.13,86.31,6.82
Manchester,53.4808,-2.2426,2018-12-08,7.67,9.32,6.8,11.74,89.31,7.94
Manchester,53.4808,-2.2426,2018-12-09,6.52,8.07,5.22,2.72,92.92,4.23
Manchester,53.4808,-2.2426,2018-12-10,5.91,7.24,4.01,1.39,94.91,2.04
Manchester,53.4808,-2.2426,2018-12-11,4.77,7.05,3.02,0.51,97.75,3.04
Manchester,53.4808,-2.2426,2018-12-12,3.76,6.06,0.15,0.61,95.02,4.94
Manchester,53.4808,-2.2426,2018-12-13,1.02,4.09,-1.85,0.01,92.52,5.03
Manchester,53.4808,-2.2426,2018-12-14,-0.67,2.19,-2.27,0.03,95.76,3.63
Manchester,53.4808,-2.2426,2018-12-15,0.4,4.15,-1.57,16.25,91.77,7.86
Manchester,53.4808,-2.2426,2018-12-16,3.92,5.47,2.06,5.9,96.33,3.72
Manchester,53.4808,-2.2426,2018-12-17,4.74,6.65,1.82,0.41,97.07,3.58
Manchester,53.4808,-2.2426,2018-12-18,6.87,8.59,5.04,12.03,94.68,6.52
Manchester,53.4808,-2.2426,2018-12-19,5.43,6.78,4.83,2.69,97.35,3.9
Manchester,53.4808,-2.2426,2018-12-20,6.02,7.53,4.98,3.39,95.6,3.91
Manchester,53.4808,-2.2426,2018-12-21,5.76,7.52,4.81,11.03,96.83,2.44
Manchester,53.4808,-2.2426,2018-12-22,6.89,8.32,5.64,1.74,95.88,4.01
Manchester,53.4808,-2.2426,2018-12-23,5.0,5.88,3.96,8.28,97.3,1.62
Manchester,53.4808,-2.2426,2018-12-24,3.0,4.48,1.76,0.2,97.63,1.92
Manchester,53.4808,-2.2426,2018-12-25,5.53,7.0,3.05,0.47,98.52,1.86
Manchester,53.4808,-2.2426,2018-12-26,6.61,8.17,5.86,0.21,99.1,1.73
Manchester,53.4808,-2.2426,2018-12-27,6.0,7.74,5.38,0.28,99.08,1.09
Manchester,53.4808,-2.2426,2018-12-28,7.24,8.91,5.58,0.46,97.96,1.98
Manchester,53.4808,-2.2426,2018-12-29,8.11,10.3,4.77,0.85,96.13,4.04
Manchester,53.4808,-2.2426,2018-12-30,8.23,9.7,5.69,1.55,97.63,2.7
Manchester,53.4808,-2.2426,2018-12-31,7.31,8.57,5.63,0.28,94.84,3.43
Manchester,53.4808,-2.2426,2019-01-01,5.07,8.43,-1.39,0.19,95.11,3.15
Manchester,53.4808,-2.2426,2019-01-02,-0.08,2.78,-2.1,0.03,93.58,0.85
Manchester,53.4808,-2.2426,2019-01-03,-0.62,2.35,-2.62,0.0,93.26,0.96
Manchester,53.4808,-2.2426,2019-01-04,-0.03,2.71,-2.69,0.04,97.49,1.44
Manchester,53.4808,-2.2426,2019-01-05,2.64,4.65,0.75,0.22,97.51,1.71
Manchester,53.4808,-2.2426,2019-01-06,4.83,7.18,3.03,0.28,99.47,1.71
Manchester,53.4808,-2.2426,2019-01-07,7.64,9.57,5.94,1.43,93.57,5.53
Manchester,53.4808,-2.2426,2019-01-08,4.88,6.89,1.88,0.1,91.82,4.43
Manchester,53.4808,-2.2426,2019-01-09,0.21,3.28,-1.55,0.01,96.62,1.9
Manchester,53.4808,-2.2426,2019-01-10,3.19,6.11,-0.39,0.49,98.66,2.19
Manchester,53.4808,-2.2426,2019-01-11,4.93,6.63,3.32,0.31,98.14,2.66
Manchester,53.4808,-2.2426,2019-01-12,7.74,8.56,6.58,1.73,94.97,6.45
Manchester,53.4808,-2.2426,2019-01-13,7.56,8.99,6.25,0.93,89.99,7.95
Manchester,53.4808,-2.2426,2019-01-14,5.88,7.29,4.34,0.38,91.5,4.25
Manchester,53.4808,-2.2426,2019-01-15,6.91,8.37,5.73,0.69,95.96,4.35
Manchester,53.4808,-2.2426,2019-01-16,5.6,7.66,2.97,3.32,94.27,4.13
Manchester,53.4808,-2.2426,2019-01-17,1.13,3.3,-0.43,0.92,87.14,3.11
Manchester,53.4808,-2.2426,2019-01-18,0.32,2.0,-1.5,3.44,92.72,4.41
Manchester,53.4808,-2.2426,2019-01-19,1.59,2.78,0.35,1.5,96.82,3.19
Manchester,53.4808,-2.2426,2019-01-20,1.62,4.94,0.24,0.32,96.78,0.99
Manchester,53.4808,-2.2426,2019-01-21,1.55,3.7,-1.29,5.5,97.2,2.97
Manchester,53.4808,-2.2426,2019-01-22,1.43,2.74,-0.65,3.06,94.87,2.97
Manchester,53.4808,-2.2426,2019-01-23,-0.37,2.14,-1.6,0.48,95.75,1.81
Manchester,53.4808,-2.2426,2019-01-24,2.66,4.98,0.0,1.94,98.08,1.26
Manchester,53.4808,-2.2426,2019-01-25,7.64,8.85,4.07,1.92,97.51,4.8
Manchester,53.4808,-2.2426,2019-01-26,6.81,8.41,5.19,7.49,95.78,4.38
Manchester,53.4808,-2.2426,2019-01-27,3.09,5.06,1.09,2.9,84.82,7.91
Manchester,53.4808,-2.2426,2019-01-28,0.44,3.6,-1.78,0.1,89.9,2.94
Manchester,53.4808,-2.2426,2019-01-29,0.76,1.75,-0.62,6.98,96.74,3.12
Manchester,53.4808,-2.2426,2019-01-30,-0.03,2.49,-1.35,0.78,93.98,1.7
Manchester,53.4808,-2.2426,2019-01-31,-1.22,1.5,-2.75,0.16,94.84,3.34
Manchester,53.4808,-2.2426,2019-02-01,-0.15,2.2,-1.69,0.13,95.77,3.64
Manchester,53.4808,-2.2426,2019-02-02,-0.95,2.7,-2.5,0.13,94.01,2.72
Manchester,53.4808,-2.2426,2019-02-03,1.06,3.82,-2.32,1.81,95.19,3.33
Manchester,53.4808,-2.2426,2019-02-04,3.65,6.54,1.01,5.46,95.24,3.74
Manchester,53.4808,-2.2426,2019-02-05,3.56,8.14,-0.26,5.9,98.18,3.96
Manchester,53.4808,-2.2426,2019-02-06,4.44,6.8,2.4,0.54,97.84,3.2
Manchester,53.4808,-2.2426,2019-02-07,4.23,6.23,3.18,9.38,93.86,5.43
Manchester,53.4808,-2.2426,2019-02-08,6.87,9.88,4.26,6.92,90.52,7.16
Manchester,53.4808,-2.2426,2019-02-09,5.39,7.31,3.43,4.49,88.72,7.66
Manchester,53.4808,-2.2426,2019-02-10,4.0,5.84,3.21,2.81,91.97,3.44
Manchester,53.4808,-2.2426,2019-02-11,3.41,7.79,0.82,0.08,92.03,1.68
Manchester,53.4808,-2.2426,2019-02-12,6.05,9.63,1.04,0.61,95.77,3.65
Manchester,53.4808,-2.2426,2019-02-13,7.11,8.96,5.21,0.09,93.46,3.45
Manchester,53.4808,-2.2426,2019-02-14,5.52,9.96,3.2,0.08,91.61,2.99
Manchester,53.4808,-2.2426,2019-02-15,5.45,10.86,1.6,0.03,91.99,4.05
Manchester,53.4808,-2.2426,2019-02-16,8.37,11.23,5.31,0.22,91.98,4.11
Manchester,53.4808,-2.2426,2019-02-17,7.65,10.76,5.17,0.26,91.64,5.38
Manchester,53.4808,-2.2426,2019-02-18,6.55,8.49,5.34,0.66,91.65,4.87
Manchester,53.4808,-2.2426,2019-02-19,6.01,7.74,4.26,3.28,92.99,3.93
Manchester,53.4808,-2.2426,2019-02-20,7.78,11.0,5.72,3.35,91.43,4.63
Manchester,53.4808,-2.2426,2019-02-21,9.2,13.61,6.23,0.98,91.95,3.05
Manchester,53.4808,-2.2426,2019-02-22,7.6,12.81,4.11,0.01,89.8,3.51
Manchester,53.4808,-2.2426,2019-02-23,7.99,13.05,4.87,0.02,90.55,3.64
Manchester,53.4808,-2.2426,2019-02-24,8.13,13.68,4.91,0.11,93.7,2.01
Manchester,53.4808,-2.2426,2019-02-25,6.63,13.1,2.39,0.02,84.34,2.15
Manchester,53.4808,-2.2426,2019-02-26,7.23,15.1,2.65,0.0,82.03,1.7
Manchester,53.4808,-2.2426,2019-02-27,7.29,13.06,2.45,0.01,84.98,1.31
Manchester,53.4808,-2.2426,2019-02-28,5.53,7.92,3.5,7.34,97.43,1.11
Manchester,53.4808,-2.2426,2019-03-01,6.79,10.39,4.13,0.3,93.99,1.9
Manchester,53.4808,-2.2426,2019-03-02,7.92,10.38,5.43,5.02,89.72,5.16
Manchester,53.4808,-2.2426,2019-03-03,6.5,9.75,3.44,9.82,88.67,5.17
Manchester,53.4808,-2.2426,2019-03-04,4.81,7.82,2.98,2.1,88.45,5.92
Manchester,53.4808,-2.2426,2019-03-05,5.84,9.94,2.47,6.03,87.14,4.58
Manchester,53.4808,-2.2426,2019-03-06,7.76,11.86,4.55,15.23,92.2,5.06
Manchester,53.4808,-2.2426,2019-03-07,5.16,6.85,3.28,5.35,92.76,5.96
Manchester,53.4808,-2.2426,2019-03-08,5.0,7.65,1.75,5.11,91.78,4.4
Manchester,53.4808,-2.2426,2019-03-09,5.4,7.71,3.18,4.16,88.03,5.57
Manchester,53.4808,-2.2426,2019-03-10,3.21,5.51,1.77,8.59,86.46,5.5
Manchester,53.4808,-2.2426,2019-03-11,4.9,7.42,2.29,4.03,83.53,6.1
Manchester,53.4808,-2.2426,2019-03-12,5.56,7.81,3.74,14.2,89.63,7.07
Manchester,53.4808,-2.2426,2019-03-13,6.33,7.79,5.43,3.83,87.0,8.99
Manchester,53.4808,-2.2426,2019-03-14,7.19,9.07,5.39,11.07,87.56,7.27
Manchester,53.4808,-2.2426,2019-03-15,7.41,9.53,4.42,3.69,86.46,6.46
Manchester,53.4808,-2.2426,2019-03-16,7.37,10.8,3.85,21.48,93.21,5.84
Manchester,53.4808,-2.2426,2019-03-17,4.31,6.08,2.67,1.46,89.26,5.31
Manchester,53.4808,-2.2426,2019-03-18,5.23,6.95,2.61,1.68,94.9,2.44
Manchester,53.4808,-2.2426,2019-03-19,7.59,10.6,5.15,0.7,94.07,2.33
Manchester,53.4808,-2.2426,2019-03-20,10.27,15.2,6.69,0.17,92.6,2.45
Manchester,53.4808,-2.2426,2019-03-21,9.76,12.44,6.44,0.32,92.25,1.97
Manchester,53.4808,-2.2426,2019-03-22,9.47,12.06,6.73,0.87,88.8,3.97
Manchester,53.4808,-2.2426,2019-03-23,6.08,8.89,4.29,0.0,81.06,1.96
Manchester,53.4808,-2.2426,2019-03-24,5.63,8.83,0.62,0.43,85.97,4.48
Manchester,53.4808,-2.2426,2019-03-25,5.78,10.23,2.72,0.01,82.44,3.29
Manchester,53.4808,-2.2426,2019-03-26,6.25,10.13,2.54,0.04,88.23,3.05
Manchester,53.4808,-2.2426,2019-03-27,6.75,10.24,3.6,0.04,88.88,2.68
Manchester,53.4808,-2.2426,2019-03-28,7.48,12.69,3.15,0.01,84.59,1.51
Manchester,53.4808,-2.2426,2019-03-29,6.33,12.14,2.73,0.07,88.5,1.52
Manchester,53.4808,-2.2426,2019-03-30,6.06,9.39,3.12,0.23,93.19,1.29
Manchester,53.4808,-2.2426,2019-03-31,6.37,10.84,1.23,0.1,80.27,3.55
Manchester,53.4808,-2.2426,2019-04-01,6.05,11.01,1.18,2.55,82.78,3.08
Manchester,53.4808,-2.2426,2019-04-02,4.48,6.45,1.69,6.96,89.32,3.05
Manchester,53.4808,-2.2426,2019-04-03,2.55,3.99,0.98,3.84,92.59,2.27
Manchester,53.4808,-2.2426,2019-04-04,3.86,6.57,0.75,8.12,90.87,5.68
Manchester,53.4808,-2.2426,2019-04-05,7.23,11.2,3.73,0.46,84.28,4.9
Manchester,53.4808,-2.2426,2019-04-06,7.33,12.05,3.89,0.03,81.54,2.45
Manchester,53.4808,-2.2426,2019-04-07,8.65,13.55,4.55,0.19,88.74,2.39
Manchester,53.4808,-2.2426,2019-04-08,9.22,14.99,5.69,0.24,86.05,4.23
Manchester,53.4808,-2.2426,2019-04-09,6.64,11.37,1.99,0.03,80.69,4.49
Manchester,53.4808,-2.2426,2019-04-10,4.9,10.83,0.07,0.0,80.33,3.05
Manchester,53.4808,-2.2426,2019-04-11,4.44,10.37,-2.16,0.0,76.99,1.94
Manchester,53.4808,-2.2426,2019-04-12,4.23,9.93,-1.19,0.01,78.55,3.3
Manchester,53.4808,-2.2426,2019-04-13,3.51,8.71,-1.0,0.01,77.6,4.17
Manchester,53.4808,-2.2426,2019-04-14,3.37,7.61,-1.58,0.06,81.47,4.27
Manchester,53.4808,-2.2426,2019-04-15,6.78,11.89,1.78,0.0,78.93,5.72
Manchester,53.4808,-2.2426,2019-04-16,7.96,11.94,4.78,0.51,88.6,2.51
Manchester,53.4808,-2.2426,2019-04-17,9.93,16.52,4.43,0.02,82.25,3.22
Manchester,53.4808,-2.2426,2019-04-18,10.77,16.63,6.22,0.02,83.46,3.49
Manchester,53.4808,-2.2426,2019-04-19,12.32,19.72,5.54,0.0,76.47,2.41
Manchester,53.4808,-2.2426,2019-04-20,13.44,20.44,6.74,0.0,67.37,1.5
Manchester,53.4808,-2.2426,2019-04-21,13.31,19.96,6.83,0.0,72.53,2.12
Manchester,53.4808,-2.2426,2019-04-22,12.86,19.25,6.25,0.0,74.12,3.43
Manchester,53.4808,-2.2426,2019-04-23,12.42,18.39,7.49,0.0,79.01,3.73
Manchester,53.4808,-2.2426,2019-04-24,10.8,17.74,6.73,4.64,87.01,3.83
Manchester,53.4808,-2.2426,2019-04-25,9.66,13.68,6.25,4.44,86.93,4.12
Manchester,53.4808,-2.2426,2019-04-26,8.53,11.3,6.25,4.19,87.15,5.21
Manchester,53.4808,-2.2426,2019-04-27,6.46,6.85,5.74,14.53,91.26,7.45
Manchester,53.4808,-2.2426,2019-04-28,9.39,13.31,6.41,0.45,83.65,2.74
Manchester,53.4808,-2.2426,2019-04-29,9.64,14.37,5.28,0.1,83.47,2.31
Manchester,53.4808,-2.2426,2019-04-30,10.85,14.75,6.23,0.28,80.52,1.92
Manchester,53.4808,-2.2426,2019-05-01,10.27,13.3,6.11,1.78,87.27,1.56
Manchester,53.4808,-2.2426,2019-05-02,8.99,11.77,5.52,3.43,89.13,3.02
Manchester,53.4808,-2.2426,2019-05-03,7.76,10.75,4.52,4.05,86.2,1.84
Manchester,53.4808,-2.2426,2019-05-04,5.88,9.27,2.1,0.87,77.17,3.47
Manchester,53.4808,-2.2426,2019-05-05,6.65,10.52,3.39,0.23,75.75,2.58
Manchester,53.4808,-2.2426,2019-05-06,6.49,9.23,2.82,1.23,80.77,2.53
Manchester,53.4808,-2.2426,2019-05-07,7.56,10.57,4.35,1.09,79.53,1.87
Manchester,53.4808,-2.2426,2019-05-08,6.72,8.02,5.2,9.28,93.07,4.29
Manchester,53.4808,-2.2426,2019-05-09,6.94,9.78,4.71,5.54,87.23,2.81
Manchester,53.4808,-2.2426,2019-05-10,7.36,11.0,3.53,3.1,83.97,1.43
Manchester,53.4808,-2.2426,2019-05-11,8.09,12.52,4.15,0.91,81.48,2.36
Manchester,53.4808,-2.2426,2019-05-12,9.83,14.97,3.44,0.0,69.52,1.18
Manchester,53.4808,-2.2426,2019-05-13,12.03,17.71,5.26,0.0,72.78,1.67
Manchester,53.4808,-2.2426,2019-05-14,12.55,18.22,6.02,0.0,70.46,2.28
Manchester,53.4808,-2.2426,2019-05-15,12.67,18.63,6.3,0.0,71.36,2.42
Manchester,53.4808,-2.2426,2019-05-16,10.76,16.18,5.19,0.0,72.57,3.8
Manchester,53.4808,-2.2426,2019-05-17,11.9,16.92,6.61,0.73,76.7,3.56
Manchester,53.4808,-2.2426,2019-05-18,11.18,14.71,8.1,0.92,84.43,1.39
Manchester,53.4808,-2.2426,2019-05-19,10.87,14.9,6.9,0.83,85.9,1.94
Manchester,53.4808,-2.2426,2019-05-20,10.89,14.74,6.84,0.38,83.38,2.46
Manchester,53.4808,-2.2426,2019-05-21,10.58,14.92,6.64,0.03,80.77,2.98
Manchester,53.4808,-2.2426,2019-05-22,11.15,15.78,6.4,0.32,83.55,2.17
Manchester,53.4808,-2.2426,2019-05-23,11.64,16.26,7.03,0.07,83.29,2.31
Manchester,53.4808,-2.2426,2019-05-24,11.95,15.9,7.68,0.06,82.02,3.32
Manchester,53.4808,-2.2426,2019-05-25,12.52,16.17,7.16,0.55,84.99,3.03
Manchester,53.4808,-2.2426,2019-05-26,13.31,15.11,9.56,4.14,86.85,5.0
Manchester,53.4808,-2.2426,2019-05-27,11.11,13.68,9.05,4.58,84.84,4.46
Manchester,53.4808,-2.2426,2019-05-28,10.5,14.27,5.55,0.54,78.24,2.79
Manchester,53.4808,-2.2426,2019-05-29,10.98,14.0,5.21,5.22,85.57,3.58
Manchester,53.4808,-2.2426,2019-05-30,15.33,18.94,12.44,2.58,87.89,4.77
Manchester,53.4808,-2.2426,2019-05-31,15.0,18.23,11.9,0.67,84.13,4.0
Manchester,53.4808,-2.2426,2019-06-01,15.54,19.35,11.07,0.42,83.5,2.34
Manchester,53.4808,-2.2426,2019-06-02,15.09,19.39,10.98,1.06,82.6,4.97
Manchester,53.4808,-2.2426,2019-06-03,12.4,15.86,8.97,0.05,75.2,4.42
Manchester,53.4808,-2.2426,2019-06-04,11.62,14.77,7.6,17.36,90.52,2.59
Manchester,53.4808,-2.2426,2019-06-05,11.74,15.37,8.89,0.86,82.89,3.33
Manchester,53.4808,-2.2426,2019-06-06,11.91,15.45,6.98,1.21,76.58,2.23
Manchester,53.4808,-2.2426,2019-06-07,11.37,13.55,7.56,16.87,87.3,3.27
Manchester,53.4808,-2.2426,2019-06-08,10.55,12.25,8.69,11.83,89.77,3.87
Manchester,53.4808,-2.2426,2019-06-09,11.7,15.01,7.62,1.06,78.46,2.23
Manchester,53.4808,-2.2426,2019-06-10,11.34,14.13,7.19,4.1,83.46,2.55
Manchester,53.4808,-2.2426,2019-06-11,9.96,11.95,8.63,23.98,87.79,5.02
Manchester,53.4808,-2.2426,2019-06-12,11.12,13.4,8.37,19.5,92.36,3.79
Manchester,53.4808,-2.2426,2019-06-13,10.11,11.53,7.96,6.31,90.34,2.58
Manchester,53.4808,-2.2426,2019-06-14,11.55,14.96,8.26,4.59,87.04,2.44
Manchester,53.4808,-2.2426,2019-06-15,11.95,15.99,7.74,2.54,84.16,3.39
Manchester,53.4808,-2.2426,2019-06-16,12.71,17.41,6.18,3.92,83.81,3.98
Manchester,53.4808,-2.2426,2019-06-17,14.12,17.84,9.8,3.15,85.82,3.85
Manchester,53.4808,-2.2426,2019-06-18,13.61,17.87,8.29,2.75,83.52,1.61
Manchester,53.4808,-2.2426,2019-06-19,13.83,17.36,9.34,3.31,82.72,1.85
Manchester,53.4808,-2.2426,2019-06-20,11.93,15.12,8.62,0.95,80.79,3.2
Manchester,53.4808,-2.2426,2019-06-21,12.09,15.77,7.91,0.18,77.41,2.65
Manchester,53.4808,-2.2426,2019-06-22,15.0,20.2,7.02,0.01,73.96,2.14
Manchester,53.4808,-2.2426,2019-06-23,14.67,18.24,10.94,5.69,82.71,3.95
Manchester,53.4808,-2.2426,2019-06-24,16.97,21.88,13.23,2.95,88.48,1.73
Manchester,53.4808,-2.2426,2019-06-25,15.9,19.29,12.26,3.55,90.16,2.57
Manchester,53.4808,-2.2426,2019-06-26,15.17,19.97,10.15,0.29,83.92,2.58
Manchester,53.4808,-2.2426,2019-06-27,15.12,21.37,8.31,0.01,77.98,3.73
Manchester,53.4808,-2.2426,2019-06-28,16.4,21.99,9.68,0.01,80.0,4.13
Manchester,53.4808,-2.2426,2019-06-29,18.58,25.11,12.69,0.14,83.07,2.79
Manchester,53.4808,-2.2426,2019-06-30,16.13,19.34,12.9,0.52,81.84,4.84
Manchester,53.4808,-2.2426,2019-07-01,13.73,16.67,10.28,0.71,82.64,5.12
Manchester,53.4808,-2.2426,2019-07-02,13.35,17.03,8.75,0.19,79.79,3.09
Manchester,53.4808,-2.2426,2019-07-03,14.18,19.27,7.68,0.0,75.36,1.62
Manchester,53.4808,-2.2426,2019-07-04,14.39,18.62,9.87,0.03,84.2,2.35
Manchester,53.4808,-2.2426,2019-07-05,15.36,19.12,10.23,0.23,84.85,3.12
Manchester,53.4808,-2.2426,2019-07-06,14.79,18.23,9.87,1.43,82.24,3.11
Manchester,53.4808,-2.2426,2019-07-07,14.36,18.58,9.79,0.06,77.71,1.34
Manchester,53.4808,-2.2426,2019-07-08,14.62,18.9,9.0,0.14,78.59,1.66
Manchester,53.4808,-2.2426,2019-07-09,15.16,17.6,12.47,3.56,88.22,1.23
Manchester,53.4808,-2.2426,2019-07-10,16.66,20.26,13.7,1.66,87.17,2.19
Manchester,53.4808,-2.2426,2019-07-11,17.12,20.75,14.05,3.79,87.2,3.08
Manchester,53.4808,-2.2426,2019-07-12,16.01,18.93,13.19,1.88,87.35,3.89
Manchester,53.4808,-2.2426,2019-07-13,15.47,18.68,12.4,2.03,88.86,2.95
Manchester,53.4808,-2.2426,2019-07-14,16.02,20.24,10.88,0.43,82.69,1.59
Manchester,53.4808,-2.2426,2019-07-15,16.79,21.91,10.01,0.03,78.55,1.46
Manchester,53.4808,-2.2426,2019-07-16,17.65,21.32,13.54,0.07,76.07,1.58
Manchester,53.4808,-2.2426,2019-07-17,16.17,19.41,13.21,1.53,83.63,2.49
Manchester,53.4808,-2.2426,2019-07-18,15.65,18.72,12.6,1.76,82.57,3.37
Manchester,53.4808,-2.2426,2019-07-19,15.91,21.38,11.32,9.75,91.1,3.61
Manchester,53.4808,-2.2426,2019-07-20,15.97,19.2,12.9,3.16,84.44,4.33
Manchester,53.4808,-2.2426,2019-07-21,16.67,20.26,11.71,2.87,83.72,3.63
Manchester,53.4808,-2.2426,2019-07-22,19.42,23.41,15.28,0.62,84.01,4.62
Manchester,53.4808,-2.2426,2019-07-23,20.37,25.76,13.38,0.03,81.43,2.8
Manchester,53.4808,-2.2426,2019-07-24,20.31,23.76,16.93,12.91,81.41,2.18
Manchester,53.4808,-2.2426,2019-07-25,22.58,28.02,16.58,0.62,80.27,2.76
Manchester,53.4808,-2.2426,2019-07-26,19.33,21.88,16.31,4.15,82.99,1.72
Manchester,53.4808,-2.2426,2019-07-27,15.75,16.9,14.91,15.56,91.48,2.98
Manchester,53.4808,-2.2426,2019-07-28,15.21,17.31,14.12,28.88,93.49,4.34
Manchester,53.4808,-2.2426,2019-07-29,17.39,21.49,13.33,3.2,79.15,2.39
Manchester,53.4808,-2.2426,2019-07-30,17.2,20.95,14.05,12.15,86.34,2.73
Manchester,53.4808,-2.2426,2019-07-31,16.82,19.09,14.48,10.15,90.77,4.55
Manchester,53.4808,-2.2426,2019-08-01,17.3,21.12,13.41,0.73,85.99,2.25
Manchester,53.4808,-2.2426,2019-08-02,17.6,22.04,11.76,0.26,81.68,1.3
Manchester,53.4808,-2.2426,2019-08-03,17.54,20.99,13.18,0.5,85.78,2.14
Manchester,53.4808,-2.2426,2019-08-04,17.91,21.99,14.49,1.82,85.39,2.4
Manchester,53.4808,-2.2426,2019-08-05,16.56,20.03,12.97,1.8,81.13,3.64
Manchester,53.4808,-2.2426,2019-08-06,15.96,19.97,11.94,4.07,85.49,4.22
Manchester,53.4808,-2.2426,2019-08-07,15.26,18.32,12.65,1.5,85.73,3.72
Manchester,53.4808,-2.2426,2019-08-08,16.74,20.87,11.38,1.78,81.32,2.09
Manchester,53.4808,-2.2426,2019-08-09,18.17,21.78,15.12,39.36,86.21,5.39
Manchester,53.4808,-2.2426,2019-08-10,16.71,19.43,13.95,8.1,88.19,6.73
Manchester,53.4808,-2.2426,2019-08-11,14.31,16.81,10.51,2.52,86.3,4.49
Manchester,53.4808,-2.2426,2019-08-12,12.5,15.4,9.75,0.8,79.78,2.98
Manchester,53.4808,-2.2426,2019-08-13,12.92,16.08,9.3,1.56,79.81,2.57
Manchester,53.4808,-2.2426,2019-08-14,14.81,19.1,10.8,11.91,91.94,3.44
Manchester,53.4808,-2.2426,2019-08-15,14.6,16.46,12.08,2.32,83.35,4.78
Manchester,53.4808,-2.2426,2019-08-16,15.25,18.25,12.97,14.93,93.15,4.96
Manchester,53.4808,-2.2426,2019-08-17,14.82,18.04,11.76,0.97,81.06,4.52
Manchester,53.4808,-2.2426,2019-08-18,14.11,17.66,10.31,1.47,83.2,4.71
Manchester,53.4808,-2.2426,2019-08-19,13.83,16.59,11.4,2.1,83.94,3.87
Manchester,53.4808,-2.2426,2019-08-20,13.28,16.62,10.16,1.01,82.62,3.16
Manchester,53.4808,-2.2426,2019-08-21,14.57,18.33,11.14,1.71,86.17,3.49
Manchester,53.4808,-2.2426,2019-08-22,16.7,20.47,13.21,3.47,87.89,4.66
Manchester,53.4808,-2.2426,2019-08-23,17.96,22.35,13.69,0.16,87.04,2.16
Manchester,53.4808,-2.2426,2019-08-24,17.97,23.33,12.17,0.0,76.3,2.07
Manchester,53.4808,-2.2426,2019-08-25,19.26,26.26,13.94,0.09,78.68,2.09
Manchester,53.4808,-2.2426,2019-08-26,17.55,22.87,12.71,0.08,87.09,1.12
Manchester,53.4808,-2.2426,2019-08-27,18.54,22.99,14.78,1.57,85.69,1.05
Manchester,53.4808,-2.2426,2019-08-28,14.18,18.22,9.65,2.62,89.51,2.68
Manchester,53.4808,-2.2426,2019-08-29,14.45,18.76,9.36,0.42,84.95,4.16
Manchester,53.4808,-2.2426,2019-08-30,16.67,20.35,13.74,0.59,84.06,4.96
Manchester,53.4808,-2.2426,2019-08-31,14.21,17.1,10.85,3.35,85.31,4.91
Manchester,53.4808,-2.2426,2019-09-01,12.02,14.74,9.34,0.62,83.01,3.98
Manchester,53.4808,-2.2426,2019-09-02,13.41,16.42,9.53,1.77,88.41,3.91
Manchester,53.4808,-2.2426,2019-09-03,15.64,18.79,12.66,3.51,89.4,4.26
Manchester,53.4808,-2.2426,2019-09-04,13.21,15.27,10.34,7.52,85.37,5.83
Manchester,53.4808,-2.2426,2019-09-05,11.95,15.15,7.86,0.55,82.87,4.36
Manchester,53.4808,-2.2426,2019-09-06,12.88,15.26,11.19,3.28,85.48,4.97
Manchester,53.4808,-2.2426,2019-09-07,11.92,15.94,8.74,0.23,81.52,2.17
Manchester,53.4808,-2.2426,2019-09-08,11.89,16.14,6.48,0.39,78.61,1.08
Manchester,53.4808,-2.2426,2019-09-09,11.55,14.36,9.69,9.49,93.67,1.82
Manchester,53.4808,-2.2426,2019-09-10,12.03,15.63,8.94,1.35,86.08,2.6
Manchester,53.4808,-2.2426,2019-09-11,14.72,16.93,11.43,3.36,85.47,4.73
Manchester,53.4808,-2.2426,2019-09-12,14.69,20.06,10.34,2.17,90.52,3.99
Manchester,53.4808,-2.2426,2019-09-13,11.6,15.54,7.93,0.0,81.35,1.87
Manchester,53.4808,-2.2426,2019-09-14,12.73,18.72,5.45,0.01,81.79,2.73
Manchester,53.4808,-2.2426,2019-09-15,13.43,15.51,11.03,2.8,89.31,2.59
Manchester,53.4808,-2.2426,2019-09-16,11.9,16.05,8.45,1.8,85.24,1.83
Manchester,53.4808,-2.2426,2019-09-17,11.21,15.55,7.35,0.0,79.89,2.22
Manchester,53.4808,-2.2426,2019-09-18,11.51,16.32,7.05,0.0,84.19,1.45
Manchester,53.4808,-2.2426,2019-09-19,13.84,18.67,9.35,0.04,82.57,0.57
Manchester,53.4808,-2.2426,2019-09-20,13.44,19.03,8.08,0.01,85.61,3.13
Manchester,53.4808,-2.2426,2019-09-21,14.09,20.03,9.0,0.12,79.99,4.61
Manchester,53.4808,-2.2426,2019-09-22,15.04,18.77,12.04,5.91,93.26,3.02
Manchester,53.4808,-2.2426,2019-09-23,13.71,16.6,11.16,5.27,89.12,3.85
Manchester,53.4808,-2.2426,2019-09-24,14.51,17.04,12.31,11.97,94.74,3.03
Manchester,53.4808,-2.2426,2019-09-25,14.25,18.12,11.08,1.94,90.25,1.52
Manchester,53.4808,-2.2426,2019-09-26,13.95,16.1,12.22,7.23,88.11,4.56
Manchester,53.4808,-2.2426,2019-09-27,12.24,13.79,10.76,12.45,92.53,4.38
Manchester,53.4808,-2.2426,2019-09-28,13.16,16.1,10.29,12.9,90.46,4.74
Manchester,53.4808,-2.2426,2019-09-29,12.79,15.85,10.09,17.41,93.27,3.2
Manchester,53.4808,-2.2426,2019-09-30,11.64,14.28,8.25,13.23,93.41,2.45
Manchester,53.4808,-2.2426,2019-10-01,9.86,12.74,4.17,5.62,92.95,3.26
Manchester,53.4808,-2.2426,2019-10-02,7.21,11.52,3.94,0.03,80.91,2.06
Manchester,53.4808,-2.2426,2019-10-03,7.91,12.63,3.44,5.12,87.53,3.69
Manchester,53.4808,-2.2426,2019-10-04,11.44,14.74,8.05,4.87,91.52,2.59
Manchester,53.4808,-2.2426,2019-10-05,10.61,14.5,7.18,9.27,90.53,3.66
Manchester,53.4808,-2.2426,2019-10-06,11.73,13.91,10.22,11.84,92.08,3.76
Manchester,53.4808,-2.2426,2019-10-07,11.09,14.49,9.44,4.08,95.24,4.07
Manchester,53.4808,-2.2426,2019-10-08,11.12,13.83,9.43,1.37,86.64,4.88
Manchester,53.4808,-2.2426,2019-10-09,10.12,12.35,9.05,3.1,87.51,4.51
Manchester,53.4808,-2.2426,2019-10-10,11.55,14.0,8.99,3.7,89.61,5.51
Manchester,53.4808,-2.2426,2019-10-11,11.85,13.43,9.72,12.55,90.57,4.08
Manchester,53.4808,-2.2426,2019-10-12,10.57,14.21,8.01,0.5,89.89,2.58
Manchester,53.4808,-2.2426,2019-10-13,9.39,10.91,7.52,8.82,95.63,2.65
Manchester,53.4808,-2.2426,2019-10-14,9.07,13.05,7.42,5.33,93.6,2.9
Manchester,53.4808,-2.2426,2019-10-15,9.67,13.07,6.99,0.59,92.19,2.02
Manchester,53.4808,-2.2426,2019-10-16,9.15,12.43,4.9,3.3,89.95,3.46
Manchester,53.4808,-2.2426,2019-10-17,8.44,12.31,4.45,3.15,93.62,3.69
Manchester,53.4808,-2.2426,2019-10-18,8.7,11.4,6.53,10.54,95.49,2.5
Manchester,53.4808,-2.2426,2019-10-19,8.74,11.16,7.11,1.76,92.79,2.43
Manchester,53.4808,-2.2426,2019-10-20,7.42,10.38,4.82,0.37,92.38,3.44
Manchester,53.4808,-2.2426,2019-10-21,7.88,11.36,4.58,0.26,90.71,2.35
Manchester,53.4808,-2.2426,2019-10-22,7.8,11.18,4.29,0.01,92.51,2.28
Manchester,53.4808,-2.2426,2019-10-23,7.79,11.0,6.04,0.16,95.43,3.07
Manchester,53.4808,-2.2426,2019-10-24,8.8,11.41,7.16,2.35,95.15,2.64
Manchester,53.4808,-2.2426,2019-10-25,8.32,11.44,5.75,27.18,95.14,2.35
Manchester,53.4808,-2.2426,2019-10-26,4.6,6.66,3.15,13.32,91.47,2.57
Manchester,53.4808,-2.2426,2019-10-27,6.36,10.01,3.2,0.1,90.1,3.54
Manchester,53.4808,-2.2426,2019-10-28,3.64,7.97,1.54,0.04,93.51,2.04
Manchester,53.4808,-2.2426,2019-10-29,5.22,9.52,2.12,0.09,91.48,3.47
Manchester,53.4808,-2.2426,2019-10-30,5.93,9.39,3.36,0.04,89.83,4.2
Manchester,53.4808,-2.2426,2019-10-31,6.07,9.66,3.31,1.24,90.88,4.06
Manchester,53.4808,-2.2426,2019-11-01,10.31,12.67,6.7,14.15,96.45,4.2
Manchester,53.4808,-2.2426,2019-11-02,8.04,11.51,6.48,2.16,95.29,2.59
Manchester,53.4808,-2.2426,2019-11-03,6.81,10.32,4.77,1.16,96.61,1.81
Manchester,53.4808,-2.2426,2019-11-04,6.71,9.14,5.29,3.32,97.19,2.2
Manchester,53.4808,-2.2426,2019-11-05,7.02,8.94,4.05,0.89,95.23,3.56
Manchester,53.4808,-2.2426,2019-11-06,4.32,5.5,2.91,5.03,97.7,1.83
Manchester,53.4808,-2.2426,2019-11-07,4.81,6.57,3.0,24.59,95.72,4.09
Manchester,53.4808,-2.2426,2019-11-08,4.36,6.87,2.02,0.45,93.36,3.34
Manchester,53.4808,-2.2426,2019-11-09,2.51,3.93,1.18,5.32,95.62,3.5
Manchester,53.4808,-2.2426,2019-11-10,3.17,6.87,-0.68,4.07,91.14,2.78
Manchester,53.4808,-2.2426,2019-11-11,5.55,6.68,2.7,8.41,90.85,6.23
Manchester,53.4808,-2.2426,2019-11-12,5.72,7.29,4.54,5.75,92.46,5.56
Manchester,53.4808,-2.2426,2019-11-13,4.0,6.03,2.77,1.59,95.61,2.68
Manchester,53.4808,-2.2426,2019-11-14,4.02,5.45,2.99,10.68,93.74,5.83
Manchester,53.4808,-2.2426,2019-11-15,5.52,8.14,3.92,1.65,95.37,4.2
Manchester,53.4808,-2.2426,2019-11-16,5.98,8.18,4.76,2.05,97.25,1.84
Manchester,53.4808,-2.2426,2019-11-17,5.48,7.53,3.18,3.34,96.95,1.99
Manchester,53.4808,-2.2426,2019-11-18,2.46,5.72,0.23,0.04,94.31,1.4
Manchester,53.4808,-2.2426,2019-11-19,2.15,4.18,-0.03,0.09,97.9,3.05
Manchester,53.4808,-2.2426,2019-11-20,4.24,6.16,1.69,0.04,94.23,5.08
Manchester,53.4808,-2.2426,2019-11-21,3.2,4.94,1.33,0.21,93.85,4.86
Manchester,53.4808,-2.2426,2019-11-22,5.85,7.26,4.24,5.22,96.77,4.24
Manchester,53.4808,-2.2426,2019-11-23,7.29,8.05,6.77,6.31,96.43,3.87
Manchester,53.4808,-2.2426,2019-11-24,7.05,8.47,6.28,0.85,97.31,1.83
Manchester,53.4808,-2.2426,2019-11-25,8.15,9.23,7.27,5.98,96.97,3.48
Manchester,53.4808,-2.2426,2019-11-26,8.15,10.55,6.91,4.86,96.61,3.5
Manchester,53.4808,-2.2426,2019-11-27,7.17,8.28,6.54,5.07,97.35,3.01
Manchester,53.4808,-2.2426,2019-11-28,5.57,7.51,0.35,8.64,96.3,2.82
Manchester,53.4808,-2.2426,2019-11-29,1.12,3.95,-1.1,0.08,96.68,1.44
Manchester,53.4808,-2.2426,2019-11-30,0.64,2.81,-1.07,0.16,97.97,2.79
Manchester,53.4808,-2.2426,2019-12-01,-0.01,3.61,-1.47,0.02,97.58,1.51
Manchester,53.4808,-2.2426,2019-12-02,2.64,5.7,-1.29,0.11,97.48,1.96
Manchester,53.4808,-2.2426,2019-12-03,3.74,6.53,2.13,0.01,96.67,1.96
Manchester,53.4808,-2.2426,2019-12-04,2.77,5.41,1.13,0.44,98.48,3.0
Manchester,53.4808,-2.2426,2019-12-05,6.79,10.3,4.06,3.25,95.05,5.22
Manchester,53.4808,-2.2426,2019-12-06,9.31,10.82,7.6,4.78,95.1,5.57
Manchester,53.4808,-2.2426,2019-12-07,7.87,9.08,6.47,4.16,94.66,5.06
Manchester,53.4808,-2.2426,2019-12-08,6.73,10.9,5.32,5.82,88.86,7.5
Manchester,53.4808,-2.2426,2019-12-09,4.21,6.31,0.82,1.12,92.09,4.4
Manchester,53.4808,-2.2426,2019-12-10,5.99,11.76,1.34,10.58,94.96,6.89
Manchester,53.4808,-2.2426,2019-12-11,3.34,4.96,2.24,1.78,95.13,3.81
Manchester,53.4808,-2.2426,2019-12-12,2.99,5.53,1.05,10.84,97.13,3.5
Manchester,53.4808,-2.2426,2019-12-13,5.0,5.82,4.04,6.43,94.7,5.91
Manchester,53.4808,-2.2426,2019-12-14,3.44,4.43,1.18,9.31,89.29,6.07
Manchester,53.4808,-2.2426,2019-12-15,3.15,4.31,1.32,2.23,95.32,4.47
Manchester,53.4808,-2.2426,2019-12-16,3.19,4.47,2.35,0.76,97.15,3.18
Manchester,53.4808,-2.2426,2019-12-17,2.41,3.58,1.78,0.32,97.75,1.96
Manchester,53.4808,-2.2426,2019-12-18,3.96,8.1,1.22,9.17,96.68,5.28
Manchester,53.4808,-2.2426,2019-12-19,8.94,10.45,7.65,3.8,96.06,4.95
Manchester,53.4808,-2.2426,2019-12-20,5.97,7.4,3.16,3.54,96.5,2.73
Manchester,53.4808,-2.2426,2019-12-21,4.88,6.43,2.67,1.43,97.57,3.04
Manchester,53.4808,-2.2426,2019-12-22,5.51,6.4,4.65,1.35,96.23,2.37
Manchester,53.4808,-2.2426,2019-12-23,5.59,7.25,3.65,1.01,95.44,4.59
Manchester,53.4808,-2.2426,2019-12-24,5.67,8.21,3.79,4.74,96.48,3.44
Manchester,53.4808,-2.2426,2019-12-25,4.71,6.61,3.21,0.09,94.7,2.17
Manchester,53.4808,-2.2426,2019-12-26,3.37,3.89,2.72,5.02,96.83,3.67
Manchester,53.4808,-2.2426,2019-12-27,4.64,5.73,2.51,0.83,98.34,3.1
Manchester,53.4808,-2.2426,2019-12-28,6.88,7.44,5.84,0.14,97.26,3.73
Manchester,53.4808,-2.2426,2019-12-29,6.6,7.78,5.27,0.09,97.15,3.72
Manchester,53.4808,-2.2426,2019-12-30,5.66,8.37,3.2,0.42,97.98,2.83
Manchester,53.4808,-2.2426,2019-12-31,4.13,5.59,2.84,0.13,97.34,2.82
Manchester,53.4808,-2.2426,2020-01-01,4.38,5.2,3.03,0.24,96.85,2.35
Manchester,53.4808,-2.2426,2020-01-02,6.97,9.01,5.13,1.5,95.21,5.18
Manchester,53.4808,-2.2426,2020-01-03,5.47,8.8,3.32,1.33,92.79,4.07
Manchester,53.4808,-2.2426,2020-01-04,5.85,7.03,4.55,0.28,95.36,4.11
Manchester,53.4808,-2.2426,2020-01-05,6.78,8.49,5.48,0.35,96.27,3.68
Manchester,53.4808,-2.2426,2020-01-06,6.14,8.7,4.14,2.53,94.18,5.43
Manchester,53.4808,-2.2426,2020-01-07,7.42,10.86,3.79,2.71,96.81,5.05
Manchester,53.4808,-2.2426,2020-01-08,6.0,9.75,3.14,4.61,93.1,3.18
Manchester,53.4808,-2.2426,2020-01-09,5.04,8.95,1.64,9.11,95.03,4.44
Manchester,53.4808,-2.2426,2020-01-10,3.54,6.1,1.49,0.11,95.04,3.04
Manchester,53.4808,-2.2426,2020-01-11,7.84,9.7,4.42,10.59,93.99,6.33
Manchester,53.4808,-2.2426,2020-01-12,5.22,6.82,3.69,4.8,96.92,3.11
Manchester,53.4808,-2.2426,2020-01-13,5.1,7.39,2.93,5.91,94.6,6.44
Manchester,53.4808,-2.2426,2020-01-14,6.04,8.99,4.36,9.38,94.35,5.03
Manchester,53.4808,-2.2426,2020-01-15,4.93,6.87,3.68,0.1,91.31,4.81
Manchester,53.4808,-2.2426,2020-01-16,6.69,10.03,3.54,6.34,95.18,6.21
Manchester,53.4808,-2.2426,2020-01-17,4.48,5.99,3.4,4.9,94.93,3.33
Manchester,53.4808,-2.2426,2020-01-18,3.15,5.83,1.21,0.03,93.18,3.16
Manchester,53.4808,-2.2426,2020-01-19,1.89,3.66,0.71,0.11,99.16,1.41
Manchester,53.4808,-2.2426,2020-01-20,3.29,5.98,1.25,0.1,97.0,2.53
Manchester,53.4808,-2.2426,2020-01-21,5.27,6.4,3.77,0.49,97.69,1.93
Manchester,53.4808,-2.2426,2020-01-22,6.65,8.89,5.0,0.75,98.3,1.57
Manchester,53.4808,-2.2426,2020-01-23,5.08,5.71,4.59,0.52,98.0,1.23
Manchester,53.4808,-2.2426,2020-01-24,5.69,6.61,4.82,0.47,98.63,1.76
Manchester,53.4808,-2.2426,2020-01-25,4.87,5.94,4.02,0.6,96.53,3.0
Manchester,53.4808,-2.2426,2020-01-26,4.74,6.67,1.85,5.64,96.66,3.69
Manchester,53.4808,-2.2426,2020-01-27,3.8,5.66,2.64,2.8,95.64,3.93
Manchester,53.4808,-2.2426,2020-01-28,3.09,4.29,1.41,3.95,92.82,5.64
Manchester,53.4808,-2.2426,2020-01-29,5.09,7.09,2.87,0.89,92.26,5.82
Manchester,53.4808,-2.2426,2020-01-30,7.39,9.7,5.77,0.52,94.4,5.33
Manchester,53.4808,-2.2426,2020-01-31,9.11,10.81,6.31,2.51,95.27,5.46
Manchester,53.4808,-2.2426,2020-02-01,7.03,8.78,5.28,1.25,91.15,6.58
Manchester,53.4808,-2.2426,2020-02-02,6.82,9.49,3.79,6.89,94.59,4.59
Manchester,53.4808,-2.2426,2020-02-03,5.55,7.45,3.61,1.01,89.09,6.23
Manchester,53.4808,-2.2426,2020-02-04,5.16,7.78,3.7,1.47,91.77,5.93
Manchester,53.4808,-2.2426,2020-02-05,4.13,7.0,1.48,0.08,95.92,1.5
Manchester,53.4808,-2.2426,2020-02-06,2.23,5.88,0.56,0.11,97.6,1.66
Manchester,53.4808,-2.2426,2020-02-07,3.49,8.02,0.24,0.74,94.01,5.25
Manchester,53.4808,-2.2426,2020-02-08,6.39,8.12,4.07,5.06,89.28,6.55
Manchester,53.4808,-2.2426,2020-02-09,9.04,11.75,5.77,25.3,89.44,10.19
Manchester,53.4808,-2.2426,2020-02-10,4.0,5.71,2.71,6.62,86.47,8.76
Manchester,53.4808,-2.2426,2020-02-11,2.95,3.52,2.2,3.08,85.22,9.11
Manchester,53.4808,-2.2426,2020-02-12,2.71,4.58,1.14,1.15,91.31,5.32
Manchester,53.4808,-2.2426,2020-02-13,3.59,6.24,1.77,10.62,95.43,3.31
Manchester,53.4808,-2.2426,2020-02-14,4.95,9.02,1.46,1.53,97.31,4.08
Manchester,53.4808,-2.2426,2020-02-15,8.41,10.68,4.54,21.01,94.1,7.3
Manchester,53.4808,-2.2426,2020-02-16,6.84,10.34,4.19,12.97,85.78,8.34
Manchester,53.4808,-2.2426,2020-02-17,5.22,7.87,3.56,1.48,87.12,7.53
Manchester,53.4808,-2.2426,2020-02-18,4.72,7.22,3.28,3.28,91.56,6.43
Manchester,53.4808,-2.2426,2020-02-19,4.99,7.97,2.37,7.14,93.82,5.11
Manchester,53.4808,-2.2426,2020-02-20,5.68,8.25,3.27,7.09,89.98,6.91
Manchester,53.4808,-2.2426,2020-02-21,6.55,8.42,3.22,8.73,90.86,7.61
Manchester,53.4808,-2.2426,2020-02-22,7.25,9.53,5.51,8.33,88.41,8.09
Manchester,53.4808,-2.2426,2020-02-23,4.62,5.87,2.8,9.87,90.7,4.42
Manchester,53.4808,-2.2426,2020-02-24,4.76,9.23,1.2,18.8,93.56,6.3
Manchester,53.4808,-2.2426,2020-02-25,3.16,4.88,1.64,4.72,92.81,4.67
Manchester,53.4808,-2.2426,2020-02-26,3.01,5.08,1.88,1.66,90.71,4.81
Manchester,53.4808,-2.2426,2020-02-27,2.43,4.11,1.21,2.42,91.94,3.86
Manchester,53.4808,-2.2426,2020-02-28,3.98,8.11,0.94,11.36,96.07,4.85
Manchester,53.4808,-2.2426,2020-02-29,5.18,8.51,3.32,8.45,87.15,7.69
Manchester,53.4808,-2.2426,2020-03-01,3.82,5.83,1.18,2.04,88.39,6.53
Manchester,53.4808,-2.2426,2020-03-02,3.01,5.41,0.88,0.94,90.06,3.7
Manchester,53.4808,-2.2426,2020-03-03,3.71,6.52,1.36,2.69,93.03,4.33
Manchester,53.4808,-2.2426,2020-03-04,3.45,6.74,0.5,0.44,91.85,1.37
Manchester,53.4808,-2.2426,2020-03-05,2.99,6.95,0.79,0.09,88.73,2.01
Manchester,53.4808,-2.2426,2020-03-06,3.5,7.52,0.44,0.2,88.16,1.35
Manchester,53.4808,-2.2426,2020-03-07,6.96,11.34,1.85,3.06,92.88,5.38
Manchester,53.4808,-2.2426,2020-03-08,7.16,8.95,4.59,5.78,90.43,5.49
Manchester,53.4808,-2.2426,2020-03-09,6.31,9.16,4.58,8.49,93.33,5.71
Manchester,53.4808,-2.2426,2020-03-10,8.91,11.62,4.76,6.75,93.47,5.88
Manchester,53.4808,-2.2426,2020-03-11,6.86,10.36,3.75,4.71,91.02,5.98
Manchester,53.4808,-2.2426,2020-03-12,4.66,7.3,1.95,2.73,85.84,7.83
Manchester,53.4808,-2.2426,2020-03-13,5.88,8.31,4.35,1.71,89.61,3.24
Manchester,53.4808,-2.2426,2020-03-14,6.93,10.56,3.67,3.63,92.45,4.91
Manchester,53.4808,-2.2426,2020-03-15,6.89,8.88,3.76,6.93,91.04,4.79
Manchester,53.4808,-2.2426,2020-03-16,5.59,9.2,2.28,0.26,86.67,3.62
Manchester,53.4808,-2.2426,2020-03-17,9.53,12.25,5.82,3.16,92.25,5.67
Manchester,53.4808,-2.2426,2020-03-18,6.33,9.76,3.82,4.01,90.07,2.52
Manchester,53.4808,-2.2426,2020-03-19,5.16,8.52,2.75,0.43,81.62,1.17
Manchester,53.4808,-2.2426,2020-03-20,3.7,8.06,0.52,0.03,86.98,3.86
Manchester,53.4808,-2.2426,2020-03-21,3.36,8.03,0.07,0.03,85.07,4.95
Manchester,53.4808,-2.2426,2020-03-22,3.49,9.19,-0.7,0.0,86.02,3.48
Manchester,53.4808,-2.2426,2020-03-23,4.0,9.47,-1.43,0.0,86.1,3.63
Manchester,53.4808,-2.2426,2020-03-24,7.23,14.45,-0.25,0.01,90.04,3.81
Manchester,53.4808,-2.2426,2020-03-25,8.32,14.97,2.78,0.0,80.99,1.88
Manchester,53.4808,-2.2426,2020-03-26,5.53,12.15,-0.03,0.0,78.78,1.97
Manchester,53.4808,-2.2426,2020-03-27,4.07,10.41,-0.87,0.03,84.58,2.8
Manchester,53.4808,-2.2426,2020-03-28,5.11,9.14,1.23,0.17,83.7,5.09
Manchester,53.4808,-2.2426,2020-03-29,2.48,6.13,-0.52,0.03,78.65,4.41
Manchester,53.4808,-2.2426,2020-03-30,4.31,9.34,0.18,0.36,89.13,3.09
Manchester,53.4808,-2.2426,2020-03-31,5.26,9.62,1.56,0.35,87.62,2.02
Manchester,53.4808,-2.2426,2020-04-01,5.34,8.2,2.66,0.61,89.51,3.14
Manchester,53.4808,-2.2426,2020-04-02,6.56,9.91,2.44,0.44,89.79,5.01
Manchester,53.4808,-2.2426,2020-04-03,5.67,9.55,1.76,0.25,87.05,2.98
Manchester,53.4808,-2.2426,2020-04-04,7.45,11.58,3.93,0.17,87.49,3.37
Manchester,53.4808,-2.2426,2020-04-05,10.01,15.79,3.26,0.08,80.59,5.69
Manchester,53.4808,-2.2426,2020-04-06,9.36,12.09,4.08,1.01,83.1,3.7
Manchester,53.4808,-2.2426,2020-04-07,8.57,14.63,1.89,0.0,80.79,2.11
Manchester,53.4808,-2.2426,2020-04-08,11.12,16.62,7.18,0.0,78.8,1.22
Manchester,53.4808,-2.2426,2020-04-09,10.66,15.85,5.88,0.04,87.79,3.09
Manchester,53.4808,-2.2426,2020-04-10,12.15,18.26,6.46,0.16,86.13,3.12
Manchester,53.4808,-2.2426,2020-04-11,12.4,17.69,7.7,0.18,87.51,1.82
Manchester,53.4808,-2.2426,2020-04-12,10.6,16.38,6.08,1.82,86.31,2.65
Manchester,53.4808,-2.2426,2020-04-13,5.24,9.35,0.95,0.47,75.18,4.03
Manchester,53.4808,-2.2426,2020-04-14,5.64,11.39,-0.52,0.0,72.3,0.93
Manchester,53.4808,-2.2426,2020-04-15,8.25,13.89,3.07,0.0,77.55,0.98
Manchester,53.4808,-2.2426,2020-04-16,9.89,16.74,3.84,0.02,80.18,2.85
Manchester,53.4808,-2.2426,2020-04-17,8.11,13.05,4.29,0.58,82.22,4.9
Manchester,53.4808,-2.2426,2020-04-18,6.7,9.68,3.88,0.87,84.15,3.13
Manchester,53.4808,-2.2426,2020-04-19,8.17,14.18,3.36,0.02,77.47,3.76
Manchester,53.4808,-2.2426,2020-04-20,7.55,12.87,2.93,0.01,77.28,5.37
Manchester,53.4808,-2.2426,2020-04-21,8.59,14.64,3.93,0.0,78.49,5.51
Manchester,53.4808,-2.2426,2020-04-22,9.71,16.14,4.32,0.03,80.89,4.04
Manchester,53.4808,-2.2426,2020-04-23,10.13,16.68,4.37,0.0,79.51,2.84
Manchester,53.4808,-2.2426,2020-04-24,10.18,17.28,2.72,0.0,75.57,1.94
Manchester,53.4808,-2.2426,2020-04-25,9.8,16.42,2.95,0.01,80.1,2.15
Manchester,53.4808,-2.2426,2020-04-26,10.0,13.7,6.95,0.56,87.38,2.21
Manchester,53.4808,-2.2426,2020-04-27,8.98,13.35,5.44,0.6,75.91,1.98
Manchester,53.4808,-2.2426,2020-04-28,6.63,9.37,4.83,4.44,88.1,2.9
Manchester,53.4808,-2.2426,2020-04-29,7.0,10.62,4.51,5.68,88.88,3.43
Manchester,53.4808,-2.2426,2020-04-30,7.18,9.49,5.36,4.19,88.68,4.09
Manchester,53.4808,-2.2426,2020-05-01,7.89,9.97,5.67,2.66,87.26,3.53
Manchester,53.4808,-2.2426,2020-05-02,9.12,12.84,5.92,0.24,83.65,2.85
Manchester,53.4808,-2.2426,2020-05-03,10.21,14.07,5.73,0.95,82.33,0.83
Manchester,53.4808,-2.2426,2020-05-04,9.9,14.22,5.69,0.18,81.53,2.83
Manchester,53.4808,-2.2426,2020-05-05,8.36,13.32,3.87,0.01,74.68,4.25
Manchester,53.4808,-2.2426,2020-05-06,8.63,14.85,0.94,0.0,74.01,2.2
Manchester,53.4808,-2.2426,2020-05-07,12.06,18.58,4.23,0.17,79.07,1.99
Manchester,53.4808,-2.2426,2020-05-08,12.76,17.77,7.85,0.17,83.74,1.33
Manchester,53.4808,-2.2426,2020-05-09,14.78,20.65,7.31,0.22,74.35,1.02
Manchester,53.4808,-2.2426,2020-05-10,7.44,10.5,1.97,1.29,78.68,5.16
Manchester,53.4808,-2.2426,2020-05-11,5.7,9.96,1.03,0.09,71.09,3.55
Manchester,53.4808,-2.2426,2020-05-12,7.33,11.26,2.54,0.49,79.98,3.51
Manchester,53.4808,-2.2426,2020-05-13,6.2,10.15,1.37,0.14,71.93,3.0
Manchester,53.4808,-2.2426,2020-05-14,7.04,12.4,0.97,0.0,73.47,1.97
Manchester,53.4808,-2.2426,2020-05-15,8.63,12.86,3.85,0.02,80.92,3.16
Manchester,53.4808,-2.2426,2020-05-16,9.41,12.77,6.0,0.15,80.1,2.8
Manchester,53.4808,-2.2426,2020-05-17,10.62,14.6,6.31,1.26,87.59,3.09
Manchester,53.4808,-2.2426,2020-05-18,11.83,14.36,8.72,1.04,89.71,3.75
Manchester,53.4808,-2.2426,2020-05-19,13.71,17.07,10.25,0.61,87.25,2.87
Manchester,53.4808,-2.2426,2020-05-20,15.34,21.92,8.54,0.0,78.16,1.84
Manchester,53.4808,-2.2426,2020-05-21,14.07,17.42,9.53,0.12,80.09,2.45
Manchester,53.4808,-2.2426,2020-05-22,13.05,15.66,9.72,3.89,74.7,7.19
Manchester,53.4808,-2.2426,2020-05-23,11.39,13.89,9.1,1.24,76.41,7.22
Manchester,53.4808,-2.2426,2020-05-24,12.2,15.45,8.03,0.72,85.17,4.81
Manchester,53.4808,-2.2426,2020-05-25,12.36,17.74,5.79,0.01,76.02,2.32
Manchester,53.4808,-2.2426,2020-05-26,13.12,17.67,8.69,0.04,82.73,2.36
Manchester,53.4808,-2.2426,2020-05-27,13.83,19.38,6.92,0.0,77.03,1.73
Manchester,53.4808,-2.2426,2020-05-28,15.31,21.07,8.39,0.0,76.81,2.32
Manchester,53.4808,-2.2426,2020-05-29,15.29,20.91,9.43,0.0,70.67,3.1
Manchester,53.4808,-2.2426,2020-05-30,14.31,20.33,7.76,0.01,74.24,3.65
Manchester,53.4808,-2.2426,2020-05-31,14.82,20.77,7.96,0.01,74.51,3.65
Manchester,53.4808,-2.2426,2020-06-01,14.88,20.59,7.75,0.0,74.09,2.51
Manchester,53.4808,-2.2426,2020-06-02,15.06,20.74,8.57,1.44,72.81,1.57
Manchester,53.4808,-2.2426,2020-06-03,11.97,13.3,7.06,8.34,86.56,3.31
Manchester,53.4808,-2.2426,2020-06-04,10.2,13.15,6.48,2.83,83.58,3.2
Manchester,53.4808,-2.2426,2020-06-05,9.09,11.4,6.87,2.31,77.71,5.62
Manchester,53.4808,-2.2426,2020-06-06,10.66,14.4,6.49,5.82,81.91,5.27
Manchester,53.4808,-2.2426,2020-06-07,11.9,14.48,8.44,2.73,86.48,2.84
Manchester,53.4808,-2.2426,2020-06-08,10.93,14.76,7.55,0.47,79.78,1.03
Manchester,53.4808,-2.2426,2020-06-09,11.32,14.77,7.91,0.63,81.47,1.61
Manchester,53.4808,-2.2426,2020-06-10,11.51,14.32,8.0,5.27,86.34,2.15
Manchester,53.4808,-2.2426,2020-06-11,11.94,16.83,9.2,7.08,86.52,5.88
Manchester,53.4808,-2.2426,2020-06-12,13.59,16.37,10.81,3.74,90.03,4.91
Manchester,53.4808,-2.2426,2020-06-13,16.04,20.66,11.03,1.53,83.14,3.1
Manchester,53.4808,-2.2426,2020-06-14,16.38,19.99,12.23,3.87,84.41,2.47
Manchester,53.4808,-2.2426,2020-06-15,16.66,20.33,13.06,2.96,83.37,0.75
Manchester,53.4808,-2.2426,2020-06-16,16.31,19.48,11.88,5.89,86.05,0.99
Manchester,53.4808,-2.2426,2020-06-17,16.19,20.04,11.59,4.46,86.72,1.89
Manchester,53.4808,-2.2426,2020-06-18,13.3,15.64,10.81,12.96,92.58,2.63
Manchester,53.4808,-2.2426,2020-06-19,13.43,17.25,10.61,4.35,87.61,3.45
Manchester,53.4808,-2.2426,2020-06-20,15.09,19.3,9.51,0.66,81.58,3.39
Manchester,53.4808,-2.2426,2020-06-21,14.52,17.84,10.27,8.07,81.03,4.74
Manchester,53.4808,-2.2426,2020-06-22,15.13,20.29,8.93,0.16,79.85,4.15
Manchester,53.4808,-2.2426,2020-06-23,17.43,21.79,12.55,0.49,83.44,3.06
Manchester,53.4808,-2.2426,2020-06-24,20.12,25.84,12.93,0.03,78.75,2.03
Manchester,53.4808,-2.2426,2020-06-25,20.58,25.61,14.07,0.03,76.95,3.59
Manchester,53.4808,-2.2426,2020-06-26,19.04,24.39,13.44,2.99,83.0,2.66
Manchester,53.4808,-2.2426,2020-06-27,15.07,19.15,11.83,13.09,85.12,4.63
Manchester,53.4808,-2.2426,2020-06-28,12.74,15.25,10.69,6.2,81.76,6.67
Manchester,53.4808,-2.2426,2020-06-29,12.29,13.79,10.66,6.47,89.14,6.8
Manchester,53.4808,-2.2426,2020-06-30,13.7,16.62,11.59,2.1,84.46,2.79
Manchester,53.4808,-2.2426,2020-07-01,14.78,17.85,11.74,5.05,85.94,1.41
Manchester,53.4808,-2.2426,2020-07-02,13.88,17.23,10.97,5.06,86.56,1.8
Manchester,53.4808,-2.2426,2020-07-03,13.73,15.69,11.36,9.99,91.18,5.08
Manchester,53.4808,-2.2426,2020-07-04,15.94,17.59,14.13,6.05,89.93,4.66
Manchester,53.4808,-2.2426,2020-07-05,13.96,16.05,11.16,3.81,79.12,7.57
Manchester,53.4808,-2.2426,2020-07-06,12.75,15.93,9.94,1.14,80.51,5.3
Manchester,53.4808,-2.2426,2020-07-07,11.7,13.9,9.33,9.14,88.09,2.24
Manchester,53.4808,-2.2426,2020-07-08,13.09,15.88,10.59,13.24,89.7,2.67
Manchester,53.4808,-2.2426,2020-07-09,12.75,14.0,11.07,9.82,90.03,2.72
Manchester,53.4808,-2.2426,2020-07-10,12.43,15.03,9.88,1.14,81.71,4.32
Manchester,53.4808,-2.2426,2020-07-11,12.19,15.91,8.42,0.3,81.0,3.12
Manchester,53.4808,-2.2426,2020-07-12,13.67,18.61,8.09,0.0,76.82,1.56
Manchester,53.4808,-2.2426,2020-07-13,14.54,17.77,11.56,3.48,90.5,3.3
Manchester,53.4808,-2.2426,2020-07-14,12.81,15.06,10.16,1.3,85.85,3.15
Manchester,53.4808,-2.2426,2020-07-15,13.66,16.02,11.38,2.83,90.22,3.57
Manchester,53.4808,-2.2426,2020-07-16,16.03,19.31,12.95,0.63,88.59,3.41
Manchester,53.4808,-2.2426,2020-07-17,16.72,20.33,11.97,0.61,86.38,3.28
Manchester,53.4808,-2.2426,2020-07-18,14.71,17.63,10.12,4.08,90.1,3.09
Manchester,53.4808,-2.2426,2020-07-19,12.88,17.02,8.9,0.06,79.11,3.0
Manchester,53.4808,-2.2426,2020-07-20,12.36,16.3,7.75,0.03,78.86,2.96
Manchester,53.4808,-2.2426,2020-07-21,13.8,18.09,7.91,0.02,76.43,1.79
Manchester,53.4808,-2.2426,2020-07-22,14.14,18.04,10.3,1.71,83.95,2.72
Manchester,53.4808,-2.2426,2020-07-23,15.34,19.13,12.47,3.73,89.66,3.31
Manchester,53.4808,-2.2426,2020-07-24,16.25,20.79,11.42,3.96,85.97,2.08
Manchester,53.4808,-2.2426,2020-07-25,15.75,18.7,12.31,4.52,90.27,3.27
Manchester,53.4808,-2.2426,2020-07-26,15.2,18.6,12.35,3.0,85.05,4.1
Manchester,53.4808,-2.2426,2020-07-27,14.89,19.77,12.27,17.15,87.69,5.67
Manchester,53.4808,-2.2426,2020-07-28,12.94,15.08,10.84,1.05,80.96,5.49
Manchester,53.4808,-2.2426,2020-07-29,13.64,17.06,10.11,0.33,78.1,2.71
Manchester,53.4808,-2.2426,2020-07-30,16.87,23.03,11.63,1.82,81.31,2.35
Manchester,53.4808,-2.2426,2020-07-31,19.81,27.62,12.83,0.47,78.44,3.44
Manchester,53.4808,-2.2426,2020-08-01,15.27,17.84,11.57,1.61,85.95,3.09
Manchester,53.4808,-2.2426,2020-08-02,13.9,16.99,10.99,1.5,84.75,3.11
Manchester,53.4808,-2.2426,2020-08-03,13.08,16.63,9.72,0.73,81.03,2.42
Manchester,53.4808,-2.2426,2020-08-04,14.18,18.48,9.35,2.44,88.1,4.65
Manchester,53.4808,-2.2426,2020-08-05,18.06,22.06,15.52,5.9,86.69,4.93
Manchester,53.4808,-2.2426,2020-08-06,18.47,22.6,13.52,0.39,87.39,1.93
Manchester,53.4808,-2.2426,2020-08-07,19.4,24.03,14.94,0.1,86.49,1.89
Manchester,53.4808,-2.2426,2020-08-08,18.22,23.57,13.88,0.15,83.42,2.63
Manchester,53.4808,-2.2426,2020-08-09,17.84,23.46,13.02,0.23,84.86,3.33
Manchester,53.4808,-2.2426,2020-08-10,18.0,22.11,13.73,2.14,87.51,2.79
Manchester,53.4808,-2.2426,2020-08-11,20.62,25.82,15.11,5.05,83.77,1.75
Manchester,53.4808,-2.2426,2020-08-12,22.03,27.38,17.28,4.89,81.9,1.7
Manchester,53.4808,-2.2426,2020-08-13,19.5,23.69,15.26,1.14,85.04,3.13
Manchester,53.4808,-2.2426,2020-08-14,17.9,22.51,13.95,0.07,84.85,2.22
Manchester,53.4808,-2.2426,2020-08-15,16.99,21.77,12.34,0.37,81.55,2.92
Manchester,53.4808,-2.2426,2020-08-16,17.06,21.31,13.99,5.85,89.58,3.5
Manchester,53.4808,-2.2426,2020-08-17,16.81,20.63,13.68,8.45,87.73,1.93
Manchester,53.4808,-2.2426,2020-08-18,16.47,19.7,13.91,4.52,89.49,2.71
Manchester,53.4808,-2.2426,2020-08-19,17.06,20.23,12.57,7.17,92.6,3.86
Manchester,53.4808,-2.2426,2020-08-20,17.44,21.05,13.39,1.45,76.9,5.36
Manchester,53.4808,-2.2426,2020-08-21,16.52,20.18,13.94,5.67,83.74,7.24
Manchester,53.4808,-2.2426,2020-08-22,15.63,18.42,13.24,7.62,85.72,5.41
Manchester,53.4808,-2.2426,2020-08-23,15.27,17.73,13.26,3.91,86.97,4.31
Manchester,53.4808,-2.2426,2020-08-24,14.49,17.99,10.66,0.52,81.32,2.14
Manchester,53.4808,-2.2426,2020-08-25,15.76,18.71,13.94,29.77,88.93,7.08
Manchester,53.4808,-2.2426,2020-08-26,14.73,17.5,11.68,2.54,85.83,4.53
Manchester,53.4808,-2.2426,2020-08-27,13.32,17.01,11.06,5.99,89.31,2.08
Manchester,53.4808,-2.2426,2020-08-28,12.01,13.91,9.08,9.41,88.84,4.06
Manchester,53.4808,-2.2426,2020-08-29,11.29,15.19,7.21,0.42,81.51,4.26
Manchester,53.4808,-2.2426,2020-08-30,10.75,15.5,5.41,0.0,75.08,2.0
Manchester,53.4808,-2.2426,2020-08-31,12.46,16.73,7.38,0.0,73.18,1.21
Manchester,53.4808,-2.2426,2020-09-01,13.62,18.74,8.34,0.0,75.26,1.48
Manchester,53.4808,-2.2426,2020-09-02,13.96,16.56,10.34,5.78,86.96,4.07
Manchester,53.4808,-2.2426,2020-09-03,15.68,18.2,12.09,3.67,85.94,4.35
Manchester,53.4808,-2.2426,2020-09-04,12.72,14.87,10.44,0.58,85.19,3.71
Manchester,53.4808,-2.2426,2020-09-05,11.9,14.93,9.91,0.81,85.69,4.02
Manchester,53.4808,-2.2426,2020-09-06,13.1,17.21,10.33,1.14,88.29,2.32
Manchester,53.4808,-2.2426,2020-09-07,13.94,16.73,10.16,4.89,94.33,3.44
Manchester,53.4808,-2.2426,2020-09-08,17.71,21.78,14.56,1.09,89.81,3.69
Manchester,53.4808,-2.2426,2020-09-09,14.35,16.34,10.1,0.8,82.4,4.04
Manchester,53.4808,-2.2426,2020-09-10,11.57,14.23,8.86,0.03,79.38,1.91
Manchester,53.4808,-2.2426,2020-09-11,13.34,17.15,9.91,1.31,84.09,4.42
Manchester,53.4808,-2.2426,2020-09-12,13.22,16.58,10.3,0.43,82.22,4.04
Manchester,53.4808,-2.2426,2020-09-13,15.8,20.6,11.18,0.11,86.17,3.81
Manchester,53.4808,-2.2426,2020-09-14,15.59,22.29,8.96,0.04,83.21,1.69
Manchester,53.4808,-2.2426,2020-09-15,16.65,23.85,12.68,0.01,80.77,1.17
Manchester,53.4808,-2.2426,2020-09-16,14.76,19.71,10.71,0.15,89.23,2.9
Manchester,53.4808,-2.2426,2020-09-17,12.64,18.19,8.47,0.01,82.93,2.74
Manchester,53.4808,-2.2426,2020-09-18,11.65,17.07,7.96,0.02,84.24,3.85
Manchester,53.4808,-2.2426,2020-09-19,12.43,17.66,9.41,0.05,83.44,4.46
Manchester,53.4808,-2.2426,2020-09-20,12.27,17.88,7.61,0.14,87.46,2.96
Manchester,53.4808,-2.2426,2020-09-21,12.41,18.69,6.89,0.09,90.21,1.78
Manchester,53.4808,-2.2426,2020-09-22,13.86,18.91,9.0,0.66,90.08,2.8
Manchester,53.4808,-2.2426,2020-09-23,11.35,13.13,8.36,9.03,90.77,2.32
Manchester,53.4808,-2.2426,2020-09-24,8.79,11.72,6.71,8.49,87.5,2.58
Manchester,53.4808,-2.2426,2020-09-25,9.07,13.01,6.2,1.03,82.03,5.32
Manchester,53.4808,-2.2426,2020-09-26,7.96,12.55,4.37,0.11,81.12,4.4
Manchester,53.4808,-2.2426,2020-09-27,7.85,12.99,4.51,0.02,82.19,2.67
Manchester,53.4808,-2.2426,2020-09-28,10.4,16.92,4.03,1.29,92.64,1.71
Manchester,53.4808,-2.2426,2020-09-29,10.68,15.38,7.06,0.09,84.5,1.42
Manchester,53.4808,-2.2426,2020-09-30,10.22,13.08,7.67,11.56,96.39,3.92
Manchester,53.4808,-2.2426,2020-10-01,9.31,12.3,5.87,1.23,81.91,2.24
Manchester,53.4808,-2.2426,2020-10-02,9.9,13.84,5.86,0.87,89.16,4.89
Manchester,53.4808,-2.2426,2020-10-03,11.01,12.61,9.57,33.78,95.76,4.75
Manchester,53.4808,-2.2426,2020-10-04,10.82,14.24,9.16,8.98,90.79,3.63
Manchester,53.4808,-2.2426,2020-10-05,11.3,14.72,8.94,5.6,93.15,3.57
Manchester,53.4808,-2.2426,2020-10-06,10.82,12.68,8.76,6.02,91.97,3.9
Manchester,53.4808,-2.2426,2020-10-07,10.38,12.85,8.63,6.99,85.92,3.96
Manchester,53.4808,-2.2426,2020-10-08,9.53,12.27,6.73,8.64,91.23,2.43
Manchester,53.4808,-2.2426,2020-10-09,8.48,10.34,6.86,3.31,85.51,4.32
Manchester,53.4808,-2.2426,2020-10-10,9.69,12.52,7.82,3.68,89.4,4.83
Manchester,53.4808,-2.2426,2020-10-11,8.27,12.28,5.83,0.1,89.68,2.36
Manchester,53.4808,-2.2426,2020-10-12,8.28,10.86,6.14,5.27,94.85,3.16
Manchester,53.4808,-2.2426,2020-10-13,8.74,11.35,6.42,2.18,92.42,3.49
Manchester,53.4808,-2.2426,2020-10-14,9.36,13.51,5.84,1.02,91.72,2.97
Manchester,53.4808,-2.2426,2020-10-15,7.52,11.55,5.11,0.39,90.6,2.46
Manchester,53.4808,-2.2426,2020-10-16,7.72,12.17,4.33,0.08,89.22,2.2
Manchester,53.4808,-2.2426,2020-10-17,7.93,11.62,4.81,0.4,93.15,1.64
Manchester,53.4808,-2.2426,2020-10-18,7.81,11.71,5.49,0.42,91.86,1.39
Manchester,53.4808,-2.2426,2020-10-19,8.19,11.4,4.94,1.26,92.71,4.08
Manchester,53.4808,-2.2426,2020-10-20,12.13,15.87,8.39,2.5,90.02,4.84
Manchester,53.4808,-2.2426,2020-10-21,11.65,13.46,9.6,1.56,96.01,2.8
Manchester,53.4808,-2.2426,2020-10-22,8.21,10.64,4.96,1.07,90.16,3.77
Manchester,53.4808,-2.2426,2020-10-23,6.47,10.79,3.68,1.76,91.63,3.0
Manchester,53.4808,-2.2426,2020-10-24,8.51,12.63,4.89,12.83,95.77,4.65
Manchester,53.4808,-2.2426,2020-10-25,7.6,10.63,6.18,1.62,94.28,4.26
Manchester,53.4808,-2.2426,2020-10-26,8.27,10.42,6.2,3.92,92.51,4.91
Manchester,53.4808,-2.2426,2020-10-27,7.67,11.07,5.95,4.98,92.98,4.46
Manchester,53.4808,-2.2426,2020-10-28,7.36,9.5,6.38,2.54,91.63,4.49
Manchester,53.4808,-2.2426,2020-10-29,9.77,13.1,5.99,9.89,94.56,4.96
Manchester,53.4808,-2.2426,2020-10-30,10.9,12.85,6.67,2.28,93.76,3.39
Manchester,53.4808,-2.2426,2020-10-31,10.54,13.84,7.17,4.96,90.54,6.49
Manchester,53.4808,-2.2426,2020-11-01,11.56,15.48,6.97,22.38,88.96,7.24
Manchester,53.4808,-2.2426,2020-11-02,9.61,14.65,5.97,8.34,88.21,6.31
Manchester,53.4808,-2.2426,2020-11-03,5.69,7.34,4.36,2.16,90.69,3.11
Manchester,53.4808,-2.2426,2020-11-04,6.02,9.91,3.78,0.44,94.18,2.04
Manchester,53.4808,-2.2426,2020-11-05,7.37,9.66,5.03,0.4,95.3,1.63
Manchester,53.4808,-2.2426,2020-11-06,6.97,9.87,4.88,0.1,94.73,2.31
Manchester,53.4808,-2.2426,2020-11-07,6.87,10.77,3.67,0.08,94.72,3.02
Manchester,53.4808,-2.2426,2020-11-08,8.52,10.81,7.1,3.13,97.64,2.54
Manchester,53.4808,-2.2426,2020-11-09,10.36,13.91,8.03,0.56,96.95,2.44
Manchester,53.4808,-2.2426,2020-11-10,9.57,12.01,7.86,0.62,95.97,2.51
Manchester,53.4808,-2.2426,2020-11-11,9.52,11.18,7.54,7.25,95.75,5.49
Manchester,53.4808,-2.2426,2020-11-12,8.85,10.57,7.36,1.1,90.75,4.58
Manchester,53.4808,-2.2426,2020-11-13,7.88,9.56,6.1,4.99,91.14,4.62
Manchester,53.4808,-2.2426,2020-11-14,9.71,12.93,6.22,4.7,94.78,5.35
Manchester,53.4808,-2.2426,2020-11-15,8.31,9.53,6.1,9.99,91.44,6.44
Manchester,53.4808,-2.2426,2020-11-16,9.22,11.69,7.31,3.68,91.46,5.54
Manchester,53.4808,-2.2426,2020-11-17,11.92,13.71,10.16,1.29,94.31,5.35
Manchester,53.4808,-2.2426,2020-11-18,9.63,12.47,7.27,4.14,89.69,6.43
Manchester,53.4808,-2.2426,2020-11-19,5.68,8.15,3.24,2.3,86.04,3.79
Manchester,53.4808,-2.2426,2020-11-20,7.32,10.25,3.72,4.81,95.3,3.92
Manchester,53.4808,-2.2426,2020-11-21,9.34,10.82,7.46,1.93,92.31,4.96
Manchester,53.4808,-2.2426,2020-11-22,6.3,8.01,5.18,0.36,86.85,3.17
Manchester,53.4808,-2.2426,2020-11-23,6.4,9.92,2.78,0.67,95.04,3.91
Manchester,53.4808,-2.2426,2020-11-24,9.3,10.06,8.41,1.9,94.6,5.12
Manchester,53.4808,-2.2426,2020-11-25,6.36,9.26,3.73,2.13,94.11,2.24
Manchester,53.4808,-2.2426,2020-11-26,6.25,8.21,4.65,0.53,93.16,1.13
Manchester,53.4808,-2.2426,2020-11-27,3.63,6.33,-0.42,0.17,90.79,1.24
Manchester,53.4808,-2.2426,2020-11-28,4.69,7.46,-0.63,1.79,97.66,2.72
Manchester,53.4808,-2.2426,2020-11-29,6.54,7.51,5.67,0.56,98.11,1.02
Manchester,53.4808,-2.2426,2020-11-30,7.3,9.34,3.74,2.15,94.98,4.58
Manchester,53.4808,-2.2426,2020-12-01,3.6,6.09,0.38,0.1,95.11,1.65
Manchester,53.4808,-2.2426,2020-12-02,5.89,7.62,3.7,1.17,93.86,3.02
Manchester,53.4808,-2.2426,2020-12-03,2.76,4.25,1.49,10.53,96.69,2.87
Manchester,53.4808,-2.2426,2020-12-04,2.72,3.59,1.74,7.3,96.54,3.73
Manchester,53.4808,-2.2426,2020-12-05,2.4,4.9,1.15,0.93,97.82,2.94
Manchester,53.4808,-2.2426,2020-12-06,2.91,5.19,1.27,1.49,97.91,1.26
Manchester,53.4808,-2.2426,2020-12-07,2.02,3.5,0.64,0.43,95.48,1.26
Manchester,53.4808,-2.2426,2020-12-08,4.45,5.82,2.38,8.87,96.73,3.13
Manchester,53.4808,-2.2426,2020-12-09,4.37,5.73,2.68,1.68,95.29,2.9
Manchester,53.4808,-2.2426,2020-12-10,3.9,5.24,2.65,5.34,97.13,4.75
Manchester,53.4808,-2.2426,2020-12-11,5.98,7.23,4.93,4.14,98.06,1.89
Manchester,53.4808,-2.2426,2020-12-12,6.18,7.4,4.24,4.31,95.29,2.98
Manchester,53.4808,-2.2426,2020-12-13,6.01,9.52,2.99,14.06,96.1,5.06
Manchester,53.4808,-2.2426,2020-12-14,7.84,9.34,5.83,4.26,94.21,5.4
Manchester,53.4808,-2.2426,2020-12-15,5.94,6.81,5.49,0.54,97.27,3.97
Manchester,53.4808,-2.2426,2020-12-16,6.62,8.01,4.6,7.18,97.0,5.21
Manchester,53.4808,-2.2426,2020-12-17,6.37,9.15,4.4,6.57,97.04,4.4
Manchester,53.4808,-2.2426,2020-12-18,10.5,11.39,9.57,14.5,94.77,6.48
Manchester,53.4808,-2.2426,2020-12-19,7.95,10.08,6.12,3.25,93.71,5.34
Manchester,53.4808,-2.2426,2020-12-20,5.55,7.07,3.67,1.7,95.77,3.97
Manchester,53.4808,-2.2426,2020-12-21,6.06,8.9,3.41,4.38,97.44,3.11
Manchester,53.4808,-2.2426,2020-12-22,4.18,6.09,2.16,4.06,94.51,1.66
Manchester,53.4808,-2.2426,2020-12-23,3.81,4.73,3.0,11.87,96.12,5.32
Manchester,53.4808,-2.2426,2020-12-24,0.91,3.28,-1.63,0.08,95.15,3.76
Manchester,53.4808,-2.2426,2020-12-25,1.31,4.97,-1.8,0.83,94.56,2.54
Manchester,53.4808,-2.2426,2020-12-26,6.45,7.8,4.96,11.14,93.72,6.31
Manchester,53.4808,-2.2426,2020-12-27,3.56,6.75,0.54,9.52,93.47,4.6
Manchester,53.4808,-2.2426,2020-12-28,0.5,2.14,-0.2,1.45,95.94,2.34
Manchester,53.4808,-2.2426,2020-12-29,1.31,2.86,-0.83,1.35,97.57,2.58
Manchester,53.4808,-2.2426,2020-12-30,0.9,2.98,-1.19,0.96,95.21,1.77
Manchester,53.4808,-2.2426,2020-12-31,0.58,2.76,-0.68,1.51,96.08,1.39
Manchester,53.4808,-2.2426,2021-01-01,0.91,3.2,-0.89,0.57,97.82,2.38
Manchester,53.4808,-2.2426,2021-01-02,0.19,2.09,-1.09,0.71,96.18,2.26
Manchester,53.4808,-2.2426,2021-01-03,1.47,3.07,0.33,0.67,96.77,3.39
Manchester,53.4808,-2.2426,2021-01-04,0.74,3.24,-0.87,0.33,95.49,3.69
Manchester,53.4808,-2.2426,2021-01-05,0.39,2.76,-0.87,0.3,96.3,3.1
Manchester,53.4808,-2.2426,2021-01-06,0.02,2.57,-0.97,0.15,97.7,1.7
Manchester,53.4808,-2.2426,2021-01-07,0.38,2.32,-0.88,1.31,97.06,1.36
Manchester,53.4808,-2.2426,2021-01-08,0.38,1.31,-1.58,4.99,96.79,2.92
Manchester,53.4808,-2.2426,2021-01-09,-0.37,1.91,-2.27,0.07,95.96,1.74
Manchester,53.4808,-2.2426,2021-01-10,3.13,4.27,1.07,1.02,98.34,3.11
Manchester,53.4808,-2.2426,2021-01-11,6.09,7.71,4.38,8.98,96.59,5.92
Manchester,53.4808,-2.2426,2021-01-12,2.16,6.87,-0.38,2.27,92.43,1.9
Manchester,53.4808,-2.2426,2021-01-13,1.97,4.05,-0.17,13.36,96.51,0.98
Manchester,53.4808,-2.2426,2021-01-14,0.88,3.64,-1.64,19.02,97.74,2.77
Manchester,53.4808,-2.2426,2021-01-15,-1.09,0.74,-2.3,0.58,97.93,2.45
Manchester,53.4808,-2.2426,2021-01-16,3.26,5.36,-0.27,11.95,94.43,5.21
Manchester,53.4808,-2.2426,2021-01-17,3.91,5.21,2.99,0.48,94.99,3.9
Manchester,53.4808,-2.2426,2021-01-18,4.78,7.54,3.55,4.87,94.86,4.01
Manchester,53.4808,-2.2426,2021-01-19,8.21,9.49,6.96,19.42,95.85,5.05
Manchester,53.4808,-2.2426,2021-01-20,7.71,9.5,1.83,29.0,95.97,4.61
Manchester,53.4808,-2.2426,2021-01-21,3.2,4.53,2.01,2.31,92.5,5.93
Manchester,53.4808,-2.2426,2021-01-22,2.9,4.81,1.31,0.51,90.06,3.47
Manchester,53.4808,-2.2426,2021-01-23,0.68,2.14,-1.45,2.25,93.47,2.22
Manchester,53.4808,-2.2426,2021-01-24,-0.54,1.26,-1.94,0.52,92.81,1.85
Manchester,53.4808,-2.2426,2021-01-25,1.04,4.15,-1.05,0.41,92.17,3.32
Manchester,53.4808,-2.2426,2021-01-26,1.72,5.31,-0.52,3.78,96.53,3.0
Manchester,53.4808,-2.2426,2021-01-27,5.65,7.65,4.63,5.65,97.63,2.01
Manchester,53.4808,-2.2426,2021-01-28,5.86,8.63,2.15,24.48,97.03,3.09
Manchester,53.4808,-2.2426,2021-01-29,6.0,7.5,2.87,1.42,96.74,3.88
Manchester,53.4808,-2.2426,2021-01-30,0.87,2.32,-1.88,1.36,92.23,5.83
Manchester,53.4808,-2.2426,2021-01-31,-0.5,1.22,-1.82,0.0,92.88,3.58
Manchester,53.4808,-2.2426,2021-02-01,0.43,3.79,-1.79,0.33,90.85,2.44
Manchester,53.4808,-2.2426,2021-02-02,2.97,5.37,0.29,16.49,97.54,3.84
Manchester,53.4808,-2.2426,2021-02-03,4.74,7.35,2.19,2.66,95.58,1.81
Manchester,53.4808,-2.2426,2021-02-04,4.55,6.03,2.75,3.48,97.17,3.0
Manchester,53.4808,-2.2426,2021-02-05,4.88,6.85,3.29,3.8,96.54,2.03
Manchester,53.4808,-2.2426,2021-02-06,3.04,4.53,1.08,14.9,95.52,4.18
Manchester,53.4808,-2.2426,2021-02-07,0.14,1.5,-1.53,0.32,88.4,6.08
Manchester,53.4808,-2.2426,2021-02-08,-0.96,0.57,-2.55,0.34,89.41,5.51
Manchester,53.4808,-2.2426,2021-02-09,-1.49,0.7,-2.88,0.16,90.49,4.19
Manchester,53.4808,-2.2426,2021-02-10,-1.81,0.71,-3.81,0.14,89.98,2.98
Manchester,53.4808,-2.2426,2021-02-11,-2.41,0.72,-4.63,0.0,89.85,4.22
Manchester,53.4808,-2.2426,2021-02-12,-2.68,0.72,-4.54,0.05,88.09,5.45
Manchester,53.4808,-2.2426,2021-02-13,-3.3,-1.89,-4.81,0.15,84.82,7.17
Manchester,53.4808,-2.2426,2021-02-14,0.85,2.65,-1.62,8.04,91.63,7.75
Manchester,53.4808,-2.2426,2021-02-15,4.25,6.42,2.37,1.11,98.26,3.41
Manchester,53.4808,-2.2426,2021-02-16,6.5,8.61,4.64,3.29,95.64,4.07
Manchester,53.4808,-2.2426,2021-02-17,6.42,8.14,3.63,4.74,93.9,4.81
Manchester,53.4808,-2.2426,2021-02-18,6.2,7.93,2.87,4.98,90.95,6.24
Manchester,53.4808,-2.2426,2021-02-19,6.47,9.41,2.13,5.98,94.39,6.87
Manchester,53.4808,-2.2426,2021-02-20,9.54,10.33,8.09,9.68,93.19,6.97
Manchester,53.4808,-2.2426,2021-02-21,7.23,9.25,5.84,1.39,95.18,2.52
Manchester,53.4808,-2.2426,2021-02-22,6.27,9.22,4.22,4.31,90.61,1.84
Manchester,53.4808,-2.2426,2021-02-23,8.06,10.73,4.17,5.1,91.42,7.68
Manchester,53.4808,-2.2426,2021-02-24,10.06,11.47,6.15,7.68,94.72,4.87
Manchester,53.4808,-2.2426,2021-02-25,5.67,7.9,2.43,0.43,91.9,3.2
Manchester,53.4808,-2.2426,2021-02-26,4.63,8.98,1.9,0.03,93.16,2.03
Manchester,53.4808,-2.2426,2021-02-27,5.36,9.1,1.63,0.03,90.16,1.32
Manchester,53.4808,-2.2426,2021-02-28,5.29,10.28,1.24,0.02,86.13,0.91
Manchester,53.4808,-2.2426,2021-03-01,3.3,7.51,0.86,0.18,95.59,2.83
Manchester,53.4808,-2.2426,2021-03-02,2.5,6.85,-0.23,0.1,93.69,2.27
Manchester,53.4808,-2.2426,2021-03-03,3.44,5.95,1.56,0.29,93.92,1.35
Manchester,53.4808,-2.2426,2021-03-04,2.88,7.12,-0.81,0.55,91.6,2.43
Manchester,53.4808,-2.2426,2021-03-05,1.89,5.84,-1.11,0.05,85.62,1.74
Manchester,53.4808,-2.2426,2021-03-06,1.63,4.55,-1.29,0.11,80.04,0.85
Manchester,53.4808,-2.2426,2021-03-07,2.25,7.01,-1.18,0.01,86.22,1.64
Manchester,53.4808,-2.2426,2021-03-08,4.06,7.4,0.17,1.17,95.5,2.89
Manchester,53.4808,-2.2426,2021-03-09,5.09,8.26,2.79,2.64,93.29,3.32
Manchester,53.4808,-2.2426,2021-03-10,7.28,10.64,3.67,19.49,93.86,6.99
Manchester,53.4808,-2.2426,2021-03-11,6.05,7.75,3.79,6.03,86.98,7.98
Manchester,53.4808,-2.2426,2021-03-12,4.67,6.34,3.4,8.1,90.46,5.82
Manchester,53.4808,-2.2426,2021-03-13,4.63,5.83,3.54,6.63,90.44,6.76
Manchester,53.4808,-2.2426,2021-03-14,5.95,7.79,4.44,3.36,93.05,5.97
Manchester,53.4808,-2.2426,2021-03-15,6.9,9.18,5.56,1.24,91.85,3.67
Manchester,53.4808,-2.2426,2021-03-16,8.18,11.78,3.84,1.77,93.93,3.79
Manchester,53.4808,-2.2426,2021-03-17,6.17,10.09,3.19,0.05,90.36,2.35
Manchester,53.4808,-2.2426,2021-03-18,6.99,11.04,2.7,0.23,95.81,2.46
Manchester,53.4808,-2.2426,2021-03-19,7.39,9.44,5.71,0.3,93.8,2.34
Manchester,53.4808,-2.2426,2021-03-20,7.2,9.06,5.88,0.32,95.6,3.0
Manchester,53.4808,-2.2426,2021-03-21,6.56,10.23,4.22,0.1,90.56,1.73
Manchester,53.4808,-2.2426,2021-03-22,6.14,8.5,3.78,0.32,91.23,2.01
Manchester,53.4808,-2.2426,2021-03-23,7.13,10.29,4.01,0.54,86.6,3.98
Manchester,53.4808,-2.2426,2021-03-24,7.7,10.36,5.33,0.57,85.93,3.72
Manchester,53.4808,-2.2426,2021-03-25,7.88,11.37,5.44,0.59,86.13,3.93
Manchester,53.4808,-2.2426,2021-03-26,6.0,7.37,2.97,4.23,86.7,5.53
Manchester,53.4808,-2.2426,2021-03-27,5.49,8.12,2.06,2.55,83.21,5.78
Manchester,53.4808,-2.2426,2021-03-28,9.84,11.9,6.71,7.38,91.21,7.56
Manchester,53.4808,-2.2426,2021-03-29,11.4,14.59,7.74,0.72,90.44,5.91
Manchester,53.4808,-2.2426,2021-03-30,10.58,16.61,4.5,0.01,82.34,1.94
Manchester,53.4808,-2.2426,2021-03-31,11.44,16.14,6.99,0.01,84.74,1.92
Manchester,53.4808,-2.2426,2021-04-01,6.49,9.82,2.63,0.09,87.94,4.32
Manchester,53.4808,-2.2426,2021-04-02,5.3,10.61,1.23,0.04,82.64,2.56
Manchester,53.4808,-2.2426,2021-04-03,5.42,10.94,0.21,0.0,83.05,1.87
Manchester,53.4808,-2.2426,2021-04-04,6.45,11.12,1.31,0.29,89.92,4.27
Manchester,53.4808,-2.2426,2021-04-05,2.39,5.64,0.07,0.06,73.72,5.36
Manchester,53.4808,-2.2426,2021-04-06,0.98,3.27,-1.69,0.52,80.16,4.3
Manchester,53.4808,-2.2426,2021-04-07,1.49,4.57,-2.06,0.22,80.09,3.04
Manchester,53.4808,-2.2426,2021-04-08,6.03,8.97,1.57,1.7,89.85,5.0
Manchester,53.4808,-2.2426,2021-04-09,4.77,7.87,-0.13,1.1,81.49,2.81
Manchester,53.4808,-2.2426,2021-04-10,2.19,6.12,-2.48,0.54,82.4,1.47
Manchester,53.4808,-2.2426,2021-04-11,1.95,5.78,-2.15,0.32,81.18,2.29
Manchester,53.4808,-2.2426,2021-04-12,3.07,7.49,-0.98,0.06,73.79,1.57
Manchester,53.4808,-2.2426,2021-04-13,4.96,9.29,0.76,0.3,79.16,0.99
Manchester,53.4808,-2.2426,2021-04-14,5.93,9.86,1.12,0.43,83.65,1.13
Manchester,53.4808,-2.2426,2021-04-15,5.04,10.97,-1.34,0.0,75.66,1.41
Manchester,53.4808,-2.2426,2021-04-16,6.23,11.74,0.27,0.03,76.2,0.96
Manchester,53.4808,-2.2426,2021-04-17,7.09,12.36,1.94,0.01,78.36,1.03
Manchester,53.4808,-2.2426,2021-04-18,7.94,12.99,3.69,0.0,76.04,0.53
Manchester,53.4808,-2.2426,2021-04-19,8.14,14.15,0.76,0.0,75.35,1.68
Manchester,53.4808,-2.2426,2021-04-20,9.16,14.11,4.66,0.33,84.03,1.45
Manchester,53.4808,-2.2426,2021-04-21,7.7,11.94,1.59,1.42,82.7,3.24
Manchester,53.4808,-2.2426,2021-04-22,6.33,13.27,-1.22,0.0,72.37,1.58
Manchester,53.4808,-2.2426,2021-04-23,8.38,15.06,0.48,0.0,73.41,2.37
Manchester,53.4808,-2.2426,2021-04-24,8.97,15.09,3.51,0.0,74.46,2.33
Manchester,53.4808,-2.2426,2021-04-25,7.41,13.06,2.73,0.01,81.02,2.83
Manchester,53.4808,-2.2426,2021-04-26,6.9,12.84,0.0,0.18,76.46,1.12
Manchester,53.4808,-2.2426,2021-04-27,8.12,11.49,4.76,3.6,83.96,2.37
Manchester,53.4808,-2.2426,2021-04-28,6.38,9.67,2.28,1.12,81.42,3.89
Manchester,53.4808,-2.2426,2021-04-29,5.32,9.03,1.24,0.96,81.6,2.18
Manchester,53.4808,-2.2426,2021-04-30,5.47,8.71,1.56,1.15,80.05,1.37
Manchester,53.4808,-2.2426,2021-05-01,6.13,9.58,1.99,0.19,75.92,1.55
Manchester,53.4808,-2.2426,2021-05-02,7.06,10.97,2.41,0.6,79.04,1.98
Manchester,53.4808,-2.2426,2021-05-03,6.93,9.13,4.61,23.7,92.88,5.21
Manchester,53.4808,-2.2426,2021-05-04,5.98,7.43,4.11,6.28,87.76,6.23
Manchester,53.4808,-2.2426,2021-05-05,4.57,6.93,1.77,1.66,83.14,2.81
Manchester,53.4808,-2.2426,2021-05-06,4.88,7.5,1.52,2.68,84.62,3.3
Manchester,53.4808,-2.2426,2021-05-07,6.4,9.48,3.26,0.49,78.57,2.45
Manchester,53.4808,-2.2426,2021-05-08,8.47,13.78,2.56,25.89,92.68,4.25
Manchester,53.4808,-2.2426,2021-05-09,11.58,14.65,8.6,2.0,85.95,3.69
Manchester,53.4808,-2.2426,2021-05-10,10.51,13.88,6.95,2.04,84.22,4.85
Manchester,53.4808,-2.2426,2021-05-11,9.29,12.82,5.54,4.0,85.57,2.8
Manchester,53.4808,-2.2426,2021-05-12,9.43,13.34,4.08,2.6,83.69,1.84
Manchester,53.4808,-2.2426,2021-05-13,9.73,12.95,6.55,3.12,88.81,1.83
Manchester,53.4808,-2.2426,2021-05-14,9.74,13.59,5.33,0.92,82.07,1.31
Manchester,53.4808,-2.2426,2021-05-15,9.37,11.41,6.93,6.97,89.52,2.52
Manchester,53.4808,-2.2426,2021-05-16,9.83,13.28,6.25,3.5,87.08,1.62
Manchester,53.4808,-2.2426,2021-05-17,9.12,11.83,6.25,3.11,88.4,2.7
Manchester,53.4808,-2.2426,2021-05-18,9.61,13.37,5.52,2.26,83.86,2.21
Manchester,53.4808,-2.2426,2021-05-19,9.33,12.64,5.24,1.33,83.08,2.51
Manchester,53.4808,-2.2426,2021-05-20,9.03,11.72,5.22,14.71,90.97,5.74
Manchester,53.4808,-2.2426,2021-05-21,10.27,12.21,7.44,14.91,90.45,4.93
Manchester,53.4808,-2.2426,2021-05-22,7.69,10.8,4.33,0.64,81.15,3.6
Manchester,53.4808,-2.2426,2021-05-23,8.08,11.23,4.45,7.83,89.66,4.33
Manchester,53.4808,-2.2426,2021-05-24,8.5,10.73,5.7,3.45,85.93,2.44
Manchester,53.4808,-2.2426,2021-05-25,9.81,12.13,7.27,2.26,83.96,4.95
Manchester,53.4808,-2.2426,2021-05-26,9.12,12.96,4.66,1.88,89.36,2.54
Manchester,53.4808,-2.2426,2021-05-27,12.35,16.62,6.02,0.09,80.86,1.2
Manchester,53.4808,-2.2426,2021-05-28,12.98,15.9,9.43,0.42,76.38,0.71
Manchester,53.4808,-2.2426,2021-05-29,14.61,18.08,10.67,0.86,80.08,1.18
Manchester,53.4808,-2.2426,2021-05-30,13.53,19.16,7.52,0.0,76.88,2.6
Manchester,53.4808,-2.2426,2021-05-31,13.41,19.59,6.41,0.0,81.19,3.23
Manchester,53.4808,-2.2426,2021-06-01,15.54,21.61,8.33,0.02,77.47,3.32
Manchester,53.4808,-2.2426,2021-06-02,15.72,21.8,9.33,0.8,80.29,4.22
Manchester,53.4808,-2.2426,2021-06-03,15.13,19.57,10.02,1.07,85.0,2.53
Manchester,53.4808,-2.2426,2021-06-04,13.53,18.06,7.5,0.0,73.05,1.08
Manchester,53.4808,-2.2426,2021-06-05,15.09,19.72,9.64,0.16,75.12,1.56
Manchester,53.4808,-2.2426,2021-06-06,14.67,18.66,10.12,0.78,82.89,1.41
Manchester,53.4808,-2.2426,2021-06-07,14.55,18.8,9.84,0.23,83.37,1.83
Manchester,53.4808,-2.2426,2021-06-08,14.72,19.83,8.47,0.0,77.97,1.71
Manchester,53.4808,-2.2426,2021-06-09,16.37,20.85,10.74,0.31,83.41,2.56
Manchester,53.4808,-2.2426,2021-06-10,17.58,21.45,12.28,0.69,85.63,3.55
Manchester,53.4808,-2.2426,2021-06-11,15.15,17.58,11.22,0.9,86.42,3.85
Manchester,53.4808,-2.2426,2021-06-12,13.26,16.11,10.38,0.03,81.02,2.99
Manchester,53.4808,-2.2426,2021-06-13,17.55,22.98,10.38,0.08,82.68,1.7
Manchester,53.4808,-2.2426,2021-06-14,13.08,15.37,8.63,0.38,85.73,3.06
Manchester,53.4808,-2.2426,2021-06-15,14.65,19.86,8.38,0.0,77.53,1.69
Manchester,53.4808,-2.2426,2021-06-16,15.63,20.37,11.32,0.7,83.77,2.59
Manchester,53.4808,-2.2426,2021-06-17,14.05,17.22,10.94,0.79,81.89,2.41
Manchester,53.4808,-2.2426,2021-06-18,12.8,15.83,9.76,1.19,85.59,2.58
Manchester,53.4808,-2.2426,2021-06-19,13.68,17.93,9.46,0.64,83.89,2.37
Manchester,53.4808,-2.2426,2021-06-20,13.05,17.05,9.12,1.31,80.13,2.49
Manchester,53.4808,-2.2426,2021-06-21,11.9,16.49,7.28,1.05,82.78,2.55
Manchester,53.4808,-2.2426,2021-06-22,12.05,17.27,5.67,0.0,75.86,2.05
Manchester,53.4808,-2.2426,2021-06-23,11.83,14.58,7.28,1.77,88.2,1.99
Manchester,53.4808,-2.2426,2021-06-24,14.99,18.95,10.5,5.27,87.96,2.75
Manchester,53.4808,-2.2426,2021-06-25,12.5,14.2,9.73,7.37,88.43,3.15
Manchester,53.4808,-2.2426,2021-06-26,14.35,19.2,8.71,0.24,81.89,2.26
Manchester,53.4808,-2.2426,2021-06-27,15.23,19.43,9.91,0.19,84.47,2.79
Manchester,53.4808,-2.2426,2021-06-28,15.71,20.53,10.36,2.98,84.96,1.53
Manchester,53.4808,-2.2426,2021-06-29,16.33,19.91,12.58,0.43,80.35,1.4
Manchester,53.4808,-2.2426,2021-06-30,15.81,20.27,10.97,0.05,81.93,1.65
Manchester,53.4808,-2.2426,2021-07-01,14.93,19.46,10.84,0.06,75.88,1.04
Manchester,53.4808,-2.2426,2021-07-02,15.99,19.48,11.58,0.43,79.41,0.99
Manchester,53.4808,-2.2426,2021-07-03,16.58,20.03,13.71,5.9,87.76,1.89
Manchester,53.4808,-2.2426,2021-07-04,15.57,18.54,12.3,11.77,90.86,1.83
Manchester,53.4808,-2.2426,2021-07-05,14.86,17.96,11.5,4.61,82.22,2.72
Manchester,53.4808,-2.2426,2021-07-06,14.2,17.09,11.57,14.68,85.56,3.43
Manchester,53.4808,-2.2426,2021-07-07,15.34,18.88,11.66,3.5,87.6,2.21
Manchester,53.4808,-2.2426,2021-07-08,15.29,18.84,10.79,0.44,84.9,1.98
Manchester,53.4808,-2.2426,2021-07-09,16.6,20.17,12.22,0.56,79.95,0.96
Manchester,53.4808,-2.2426,2021-07-10,17.22,20.73,13.75,2.4,81.16,0.97
Manchester,53.4808,-2.2426,2021-07-11,16.46,20.4,11.9,2.42,85.34,1.92
Manchester,53.4808,-2.2426,2021-07-12,15.68,18.27,13.59,9.35,91.48,1.4
Manchester,53.4808,-2.2426,2021-07-13,16.59,20.68,12.28,0.35,85.17,2.69
Manchester,53.4808,-2.2426,2021-07-14,16.23,19.98,12.57,0.07,84.98,3.49
Manchester,53.4808,-2.2426,2021-07-15,17.42,21.65,13.49,0.08,81.76,2.32
Manchester,53.4808,-2.2426,2021-07-16,18.44,23.33,12.18,0.06,83.62,2.15
Manchester,53.4808,-2.2426,2021-07-17,19.92,25.16,14.32,0.02,82.29,1.61
Manchester,53.4808,-2.2426,2021-07-18,19.94,25.01,14.78,0.02,81.51,1.74
Manchester,53.4808,-2.2426,2021-07-19,20.45,24.96,15.15,0.09,79.57,1.19
Manchester,53.4808,-2.2426,2021-07-20,20.49,25.13,16.09,0.12,78.8,1.41
Manchester,53.4808,-2.2426,2021-07-21,20.72,26.09,14.09,0.06,78.83,1.11
Manchester,53.4808,-2.2426,2021-07-22,21.54,27.32,14.56,0.15,77.17,1.3
Manchester,53.4808,-2.2426,2021-07-23,18.66,23.3,13.73,0.06,83.04,3.15
Manchester,53.4808,-2.2426,2021-07-24,15.82,20.32,11.64,0.0,81.72,2.89
Manchester,53.4808,-2.2426,2021-07-25,17.15,21.41,11.73,0.04,80.66,1.55
Manchester,53.4808,-2.2426,2021-07-26,17.65,21.68,13.05,0.22,83.6,1.9
Manchester,53.4808,-2.2426,2021-07-27,15.77,18.62,12.97,5.66,91.51,1.51
Manchester,53.4808,-2.2426,2021-07-28,14.47,16.72,12.52,7.97,87.6,3.79
Manchester,53.4808,-2.2426,2021-07-29,14.48,17.23,12.09,1.49,82.47,4.65
Manchester,53.4808,-2.2426,2021-07-30,13.96,15.89,11.63,10.03,89.47,3.23
Manchester,53.4808,-2.2426,2021-07-31,15.22,18.0,13.22,2.28,87.57,3.38
Manchester,53.4808,-2.2426,2021-08-01,14.91,18.14,11.59,0.71,80.44,1.39
Manchester,53.4808,-2.2426,2021-08-02,13.85,17.13,9.7,0.16,80.39,1.65
Manchester,53.4808,-2.2426,2021-08-03,15.15,19.74,9.55,0.04,75.24,0.97
Manchester,53.4808,-2.2426,2021-08-04,16.33,20.06,11.4,0.78,79.27,1.28
Manchester,53.4808,-2.2426,2021-08-05,15.63,18.21,12.09,4.92,85.47,4.41
Manchester,53.4808,-2.2426,2021-08-06,15.68,18.6,12.82,6.42,86.22,4.24
Manchester,53.4808,-2.2426,2021-08-07,14.77,17.1,12.3,9.72,90.02,4.31
Manchester,53.4808,-2.2426,2021-08-08,15.47,17.6,13.23,8.19,87.01,5.11
Manchester,53.4808,-2.2426,2021-08-09,14.94,18.63,11.09,0.98,84.45,3.0
Manchester,53.4808,-2.2426,2021-08-10,15.4,19.03,11.52,0.72,85.17,2.44
Manchester,53.4808,-2.2426,2021-08-11,16.39,20.67,11.95,2.3,87.31,3.16
Manchester,53.4808,-2.2426,2021-08-12,14.96,18.97,10.34,0.13,80.98,3.08
Manchester,53.4808,-2.2426,2021-08-13,15.36,19.32,11.65,0.21,82.02,4.41
Manchester,53.4808,-2.2426,2021-08-14,15.19,18.2,11.91,0.91,86.34,2.24
Manchester,53.4808,-2.2426,2021-08-15,15.51,18.68,12.3,1.71,85.93,3.49
Manchester,53.4808,-2.2426,2021-08-16,13.79,15.99,12.18,0.95,85.59,4.66
Manchester,53.4808,-2.2426,2021-08-17,14.79,17.12,13.06,4.4,90.09,4.85
Manchester,53.4808,-2.2426,2021-08-18,14.78,17.4,13.12,1.51,90.39,3.85
Manchester,53.4808,-2.2426,2021-08-19,15.51,19.04,12.53,2.71,89.97,1.76
Manchester,53.4808,-2.2426,2021-08-20,17.0,21.64,12.02,3.14,87.57,1.68
Manchester,53.4808,-2.2426,2021-08-21,16.08,18.41,14.53,4.91,92.4,1.99
Manchester,53.4808,-2.2426,2021-08-22,16.26,19.79,13.1,2.49,89.8,2.23
Manchester,53.4808,-2.2426,2021-08-23,16.87,21.47,12.72,0.14,84.89,1.71
Manchester,53.4808,-2.2426,2021-08-24,16.18,21.03,11.25,0.07,85.15,1.55
Manchester,53.4808,-2.2426,2021-08-25,16.07,20.91,10.84,0.06,86.48,1.56
Manchester,53.4808,-2.2426,2021-08-26,15.02,19.26,11.05,0.05,83.11,2.38
Manchester,53.4808,-2.2426,2021-08-27,13.68,18.36,9.57,0.11,82.68,1.99
Manchester,53.4808,-2.2426,2021-08-28,14.04,19.68,8.68,0.03,82.88,1.45
Manchester,53.4808,-2.2426,2021-08-29,14.13,18.74,9.96,0.08,83.12,2.35
Manchester,53.4808,-2.2426,2021-08-30,13.61,18.71,8.74,0.08,83.92,2.67
Manchester,53.4808,-2.2426,2021-08-31,13.07,16.2,10.35,0.29,86.44,2.74
Manchester,53.4808,-2.2426,2021-09-01,13.21,18.37,9.31,0.18,87.4,2.58
Manchester,53.4808,-2.2426,2021-09-02,13.71,19.42,9.08,0.12,85.3,2.62
Manchester,53.4808,-2.2426,2021-09-03,13.95,18.42,10.02,0.14,85.94,2.69
Manchester,53.4808,-2.2426,2021-09-04,14.43,18.18,11.05,0.29,84.19,2.64
Manchester,53.4808,-2.2426,2021-09-05,16.3,21.37,10.78,0.05,84.58,2.07
Manchester,53.4808,-2.2426,2021-09-06,17.94,22.36,14.73,0.75,87.42,1.17
Manchester,53.4808,-2.2426,2021-09-07,18.9,25.03,13.19,0.01,80.6,1.46
Manchester,53.4808,-2.2426,2021-09-08,18.74,24.74,12.82,0.08,80.86,2.56
Manchester,53.4808,-2.2426,2021-09-09,18.15,21.79,15.34,5.29,88.61,1.24
Manchester,53.4808,-2.2426,2021-09-10,17.38,21.15,14.65,2.98,90.57,1.59
Manchester,53.4808,-2.2426,2021-09-11,15.65,18.52,11.81,0.6,90.14,3.05
Manchester,53.4808,-2.2426,2021-09-12,13.58,16.24,11.41,1.4,88.13,1.46
Manchester,53.4808,-2.2426,2021-09-13,14.25,18.11,11.28,1.24,86.49,3.14
Manchester,53.4808,-2.2426,2021-09-14,13.81,17.51,11.01,2.89,91.17,2.4
Manchester,53.4808,-2.2426,2021-09-15,14.45,19.08,10.9,0.17,87.39,1.27
Manchester,53.4808,-2.2426,2021-09-16,15.22,19.3,11.11,0.2,84.07,1.67
Manchester,53.4808,-2.2426,2021-09-17,14.68,19.05,10.88,0.06,86.34,2.37
Manchester,53.4808,-2.2426,2021-09-18,15.61,19.86,11.16,0.74,86.92,1.55
Manchester,53.4808,-2.2426,2021-09-19,14.0,17.91,9.66,1.18,88.48,1.98
Manchester,53.4808,-2.2426,2021-09-20,12.89,18.27,8.63,0.05,86.88,1.97
Manchester,53.4808,-2.2426,2021-09-21,13.59,17.86,10.04,0.19,90.03,1.98
Manchester,53.4808,-2.2426,2021-09-22,13.82,18.23,9.68,0.28,88.51,3.23
Manchester,53.4808,-2.2426,2021-09-23,14.17,16.75,11.27,0.5,88.43,4.09
Manchester,53.4808,-2.2426,2021-09-24,15.54,19.65,10.63,1.02,92.92,3.87
Manchester,53.4808,-2.2426,2021-09-25,16.97,21.03,14.1,0.48,90.19,1.61
Manchester,53.4808,-2.2426,2021-09-26,15.68,19.4,13.17,0.47,87.03,3.44
Manchester,53.4808,-2.2426,2021-09-27,12.73,15.05,9.4,14.66,83.71,5.2
Manchester,53.4808,-2.2426,2021-09-28,11.24,14.41,9.31,13.12,91.57,3.73
Manchester,53.4808,-2.2426,2021-09-29,10.24,12.42,8.31,2.16,81.21,4.47
Manchester,53.4808,-2.2426,2021-09-30,12.09,16.45,8.11,10.58,93.39,4.73
Manchester,53.4808,-2.2426,2021-10-01,11.7,13.5,8.23,2.44,82.36,4.99
Manchester,53.4808,-2.2426,2021-10-02,9.83,12.99,7.68,12.45,92.98,4.25
Manchester,53.4808,-2.2426,2021-10-03,10.11,14.17,6.67,2.94,88.52,4.53
Manchester,53.4808,-2.2426,2021-10-04,10.55,13.4,8.71,8.41,90.54,3.71
Manchester,53.4808,-2.2426,2021-10-05,10.79,12.14,9.48,6.38,88.7,5.5
Manchester,53.4808,-2.2426,2021-10-06,11.3,14.67,8.66,0.35,82.71,3.31
Manchester,53.4808,-2.2426,2021-10-07,14.43,18.73,10.55,0.76,93.79,2.97
Manchester,53.4808,-2.2426,2021-10-08,13.66,18.0,10.4,0.05,91.55,1.86
Manchester,53.4808,-2.2426,2021-10-09,12.56,15.8,9.71,0.97,96.08,1.43
Manchester,53.4808,-2.2426,2021-10-10,11.45,14.53,8.77,0.14,88.03,2.84
Manchester,53.4808,-2.2426,2021-10-11,10.57,14.45,7.53,0.12,90.14,2.81
Manchester,53.4808,-2.2426,2021-10-12,12.13,14.81,10.27,0.51,93.04,2.69
Manchester,53.4808,-2.2426,2021-10-13,11.64,13.89,10.11,0.66,92.6,2.72
Manchester,53.4808,-2.2426,2021-10-14,12.21,14.28,10.39,2.23,88.03,4.01
Manchester,53.4808,-2.2426,2021-10-15,8.01,12.15,3.89,0.27,83.18,1.71
Manchester,53.4808,-2.2426,2021-10-16,8.71,13.24,3.38,0.48,92.54,1.97
Manchester,53.4808,-2.2426,2021-10-17,12.48,16.12,9.81,3.53,93.91,3.23
Manchester,53.4808,-2.2426,2021-10-18,12.47,15.5,9.58,2.09,96.63,3.2
Manchester,53.4808,-2.2426,2021-10-19,14.8,18.49,11.84,7.22,94.92,3.79
Manchester,53.4808,-2.2426,2021-10-20,10.41,13.29,6.56,3.94,91.48,2.64
Manchester,53.4808,-2.2426,2021-10-21,7.81,10.51,4.3,1.48,78.64,4.66
Manchester,53.4808,-2.2426,2021-10-22,9.11,11.2,7.62,1.45,88.46,4.18
Manchester,53.4808,-2.2426,2021-10-23,9.26,12.33,7.46,0.22,88.17,4.14
Manchester,53.4808,-2.2426,2021-10-24,10.38,13.46,8.72,5.39,92.48,4.91
Manchester,53.4808,-2.2426,2021-10-25,9.27,12.69,6.6,0.71,91.25,3.13
Manchester,53.4808,-2.2426,2021-10-26,11.34,15.08,7.76,1.15,92.69,4.77
Manchester,53.4808,-2.2426,2021-10-27,13.99,16.65,12.57,3.48,90.45,6.44
Manchester,53.4808,-2.2426,2021-10-28,13.38,15.31,12.3,12.65,92.84,5.89
Manchester,53.4808,-2.2426,2021-10-29,10.94,13.55,8.03,10.63,91.3,4.94
Manchester,53.4808,-2.2426,2021-10-30,8.82,11.54,6.31,9.84,91.6,3.92
Manchester,53.4808,-2.2426,2021-10-31,9.06,12.1,6.09,15.82,90.8,6.27
Manchester,53.4808,-2.2426,2021-11-01,8.2,9.48,7.18,11.25,90.59,5.9
Manchester,53.4808,-2.2426,2021-11-02,7.52,9.53,5.97,0.67,90.98,1.84
Manchester,53.4808,-2.2426,2021-11-03,6.36,9.39,3.83,1.56,94.04,2.46
Manchester,53.4808,-2.2426,2021-11-04,4.09,8.09,1.37,0.01,91.47,2.8
Manchester,53.4808,-2.2426,2021-11-05,7.15,11.14,1.53,0.68,96.52,2.63
Manchester,53.4808,-2.2426,2021-11-06,10.0,12.28,8.82,3.02,90.72,5.43
Manchester,53.4808,-2.2426,2021-11-07,8.58,10.49,5.81,0.41,80.02,5.49
Manchester,53.4808,-2.2426,2021-11-08,8.66,11.48,4.64,1.35,95.92,2.49
Manchester,53.4808,-2.2426,2021-11-09,11.19,13.73,8.98,1.97,95.72,3.23
Manchester,53.4808,-2.2426,2021-11-10,9.73,11.98,8.33,1.24,93.16,1.08
Manchester,53.4808,-2.2426,2021-11-11,8.91,11.76,6.23,0.5,96.0,2.54
Manchester,53.4808,-2.2426,2021-11-12,10.46,11.81,8.61,5.93,93.35,5.75
Manchester,53.4808,-2.2426,2021-11-13,8.85,11.95,5.78,0.2,94.59,2.73
Manchester,53.4808,-2.2426,2021-11-14,6.89,11.21,5.23,0.14,97.32,1.28
Manchester,53.4808,-2.2426,2021-11-15,7.95,9.86,6.23,0.92,97.57,1.44
Manchester,53.4808,-2.2426,2021-11-16,8.64,9.71,7.07,0.88,96.3,2.35
Manchester,53.4808,-2.2426,2021-11-17,8.14,10.43,6.3,0.18,88.64,3.86
Manchester,53.4808,-2.2426,2021-11-18,10.59,13.19,8.14,0.61,96.16,4.2
Manchester,53.4808,-2.2426,2021-11-19,10.3,12.46,8.47,0.38,96.38,2.79
Manchester,53.4808,-2.2426,2021-11-20,8.46,10.73,5.98,0.63,92.16,3.61
Manchester,53.4808,-2.2426,2021-11-21,3.74,5.72,1.93,0.11,92.66,3.31
Manchester,53.4808,-2.2426,2021-11-22,3.52,7.17,2.11,0.04,95.48,1.79
Manchester,53.4808,-2.2426,2021-11-23,5.52,8.24,3.16,0.24,97.05,1.58
Manchester,53.4808,-2.2426,2021-11-24,5.8,7.88,2.2,1.46,94.96,2.26
Manchester,53.4808,-2.2426,2021-11-25,2.94,5.24,0.78,0.85,92.93,2.8
Manchester,53.4808,-2.2426,2021-11-26,5.26,7.44,3.4,9.06,87.26,7.53
Manchester,53.4808,-2.2426,2021-11-27,1.9,3.56,-1.0,1.54,80.6,8.57
Manchester,53.4808,-2.2426,2021-11-28,-0.32,2.98,-2.24,1.86,95.11,2.2
Manchester,53.4808,-2.2426,2021-11-29,2.63,8.07,-2.25,1.16,95.16,2.77
Manchester,53.4808,-2.2426,2021-11-30,9.13,9.92,8.33,6.62,96.18,5.36
Manchester,53.4808,-2.2426,2021-12-01,5.01,8.21,0.5,6.56,92.46,5.57
Manchester,53.4808,-2.2426,2021-12-02,1.41,3.47,-0.3,1.77,88.56,2.89
Manchester,53.4808,-2.2426,2021-12-03,4.8,7.11,1.43,3.07,96.37,2.67
Manchester,53.4808,-2.2426,2021-12-04,4.78,5.51,4.31,12.37,92.83,6.33
Manchester,53.4808,-2.2426,2021-12-05,3.75,5.23,2.64,2.63,92.76,4.32
Manchester,53.4808,-2.2426,2021-12-06,3.21,5.34,2.1,6.43,93.78,4.22
Manchester,53.4808,-2.2426,2021-12-07,3.07,5.78,1.0,9.28,94.19,6.48
Manchester,53.4808,-2.2426,2021-12-08,5.06,6.04,4.03,8.4,93.45,6.67
Manchester,53.4808,-2.2426,2021-12-09,5.58,6.84,4.3,6.38,93.6,4.18
Manchester,53.4808,-2.2426,2021-12-10,4.34,5.83,2.98,0.4,91.02,4.46
Manchester,53.4808,-2.2426,2021-12-11,5.68,9.48,2.84,5.74,96.34,2.9
Manchester,53.4808,-2.2426,2021-12-12,9.76,11.67,8.11,0.96,95.87,3.7
Manchester,53.4808,-2.2426,2021-12-13,6.91,9.8,4.19,9.2,95.56,1.76
Manchester,53.4808,-2.2426,2021-12-14,7.33,9.39,4.68,0.6,97.43,2.4
Manchester,53.4808,-2.2426,2021-12-15,7.96,9.94,5.68,0.14,95.83,3.13
Manchester,53.4808,-2.2426,2021-12-16,7.21,9.46,5.75,0.34,97.75,1.05
Manchester,53.4808,-2.2426,2021-12-17,5.84,7.37,4.39,0.2,96.52,1.19
Manchester,53.4808,-2.2426,2021-12-18,5.3,6.5,4.59,0.36,97.29,2.12
Manchester,53.4808,-2.2426,2021-12-19,3.48,4.82,2.68,0.46,97.06,1.35
Manchester,53.4808,-2.2426,2021-12-20,2.95,5.24,1.16,0.22,93.95,1.64
Manchester,53.4808,-2.2426,2021-12-21,0.11,3.17,-1.92,0.04,93.75,1.6
Manchester,53.4808,-2.2426,2021-12-22,0.56,2.46,-1.5,3.52,96.73,3.74
Manchester,53.4808,-2.2426,2021-12-23,5.32,8.42,2.2,1.57,98.59,3.11
Manchester,53.4808,-2.2426,2021-12-24,5.95,7.18,4.06,4.37,97.84,3.17
Manchester,53.4808,-2.2426,2021-12-25,2.48,4.11,0.59,4.16,89.97,6.41
Manchester,53.4808,-2.2426,2021-12-26,2.41,4.83,0.7,5.7,96.7,3.89
Manchester,53.4808,-2.2426,2021-12-27,5.54,6.23,4.84,0.97,98.04,3.07
Manchester,53.4808,-2.2426,2021-12-28,6.28,7.64,5.46,5.04,98.15,2.05
Manchester,53.4808,-2.2426,2021-12-29,7.75,11.92,5.29,4.87,95.96,4.67
Manchester,53.4808,-2.2426,2021-12-30,11.34,12.57,9.45,9.8,95.7,4.62
Manchester,53.4808,-2.2426,2021-12-31,11.01,12.28,9.15,2.05,94.7,4.85
Manchester,53.4808,-2.2426,2022-01-01,10.39,12.34,8.91,1.45,92.46,5.07
Manchester,53.4808,-2.2426,2022-01-02,8.01,9.7,6.34,3.75,93.78,4.61
Manchester,53.4808,-2.2426,2022-01-03,7.01,8.91,5.32,2.24,91.53,5.09
Manchester,53.4808,-2.2426,2022-01-04,1.92,4.47,0.14,0.71,88.85,4.13
Manchester,53.4808,-2.2426,2022-01-05,1.79,4.26,-0.57,0.21,90.12,3.32
Manchester,53.4808,-2.2426,2022-01-06,1.52,4.93,-1.41,3.93,94.74,4.43
Manchester,53.4808,-2.2426,2022-01-07,2.27,3.47,0.46,3.05,91.5,4.62
Manchester,53.4808,-2.2426,2022-01-08,4.52,8.24,1.64,8.01,94.13,4.85
Manchester,53.4808,-2.2426,2022-01-09,4.46,6.17,3.62,0.4,93.66,3.75
Manchester,53.4808,-2.2426,2022-01-10,5.73,8.06,4.11,1.53,97.14,2.89
Manchester,53.4808,-2.2426,2022-01-11,4.84,8.06,1.19,1.1,96.97,1.31
Manchester,53.4808,-2.2426,2022-01-12,4.61,7.95,1.57,0.55,98.68,2.23
Manchester,53.4808,-2.2426,2022-01-13,4.44,6.62,2.8,0.66,96.99,2.39
Manchester,53.4808,-2.2426,2022-01-14,2.79,5.06,-0.01,0.32,95.99,0.93
Manchester,53.4808,-2.2426,2022-01-15,1.52,3.77,-0.64,0.27,98.14,2.04
Manchester,53.4808,-2.2426,2022-01-16,3.64,6.88,1.85,0.36,97.71,2.58
Manchester,53.4808,-2.2426,2022-01-17,2.97,6.97,0.99,0.04,97.59,1.87
Manchester,53.4808,-2.2426,2022-01-18,1.94,4.62,-0.03,0.19,97.52,2.25
Manchester,53.4808,-2.2426,2022-01-19,5.15,7.28,2.06,0.92,93.99,4.48
Manchester,53.4808,-2.2426,2022-01-20,0.29,4.05,-1.84,0.0,94.26,1.8
Manchester,53.4808,-2.2426,2022-01-21,3.09,5.89,-0.84,0.08,95.58,2.71
Manchester,53.4808,-2.2426,2022-01-22,4.61,6.55,3.37,0.31,96.07,2.38
Manchester,53.4808,-2.2426,2022-01-23,3.24,5.18,-0.14,0.3,95.92,1.69
Manchester,53.4808,-2.2426,2022-01-24,0.23,2.86,-1.42,0.15,97.39,1.3
Manchester,53.4808,-2.2426,2022-01-25,0.2,1.87,-1.35,0.22,96.8,1.28
Manchester,53.4808,-2.2426,2022-01-26,4.44,7.37,0.75,0.37,94.34,3.87
Manchester,53.4808,-2.2426,2022-01-27,7.06,8.68,4.63,1.08,95.84,4.58
Manchester,53.4808,-2.2426,2022-01-28,6.1,9.0,3.51,0.47,97.58,3.67
Manchester,53.4808,-2.2426,2022-01-29,7.48,10.35,2.36,0.68,88.27,7.03
Manchester,53.4808,-2.2426,2022-01-30,4.1,7.3,0.78,2.99,89.57,4.13
Manchester,53.4808,-2.2426,2022-01-31,4.96,6.2,3.41,0.61,84.07,6.66
Manchester,53.4808,-2.2426,2022-02-01,8.35,9.63,6.65,1.47,93.37,7.3
Manchester,53.4808,-2.2426,2022-02-02,8.05,9.61,6.45,0.57,95.39,4.36
Manchester,53.4808,-2.2426,2022-02-03,7.43,9.42,5.76,2.75,94.78,4.46
Manchester,53.4808,-2.2426,2022-02-04,3.74,6.94,2.15,4.79,89.0,5.09
Manchester,53.4808,-2.2426,2022-02-05,5.45,7.83,2.18,10.88,93.28,6.81
Manchester,53.4808,-2.2426,2022-02-06,5.7,7.79,2.76,5.47,87.3,7.64
Manchester,53.4808,-2.2426,2022-02-07,5.38,8.84,0.4,1.06,93.76,4.05
Manchester,53.4808,-2.2426,2022-02-08,9.33,10.52,8.33,3.87,94.84,5.13
Manchester,53.4808,-2.2426,2022-02-09,6.19,8.97,4.01,2.34,89.28,3.62
Manchester,53.4808,-2.2426,2022-02-10,3.91,5.72,2.16,0.35,86.86,4.99
Manchester,53.4808,-2.2426,2022-02-11,3.36,6.45,1.66,0.26,90.83,2.65
Manchester,53.4808,-2.2426,2022-02-12,4.85,7.1,2.01,5.04,94.31,6.15
Manchester,53.4808,-2.2426,2022-02-13,7.3,8.01,5.93,12.96,95.84,5.21
Manchester,53.4808,-2.2426,2022-02-14,5.24,6.39,3.36,4.24,93.53,4.76
Manchester,53.4808,-2.2426,2022-02-15,4.96,7.55,1.86,4.82,91.99,4.4
Manchester,53.4808,-2.2426,2022-02-16,9.63,12.33,5.34,10.02,89.47,8.94
Manchester,53.4808,-2.2426,2022-02-17,5.44,6.87,3.57,1.63,87.5,5.86
Manchester,53.4808,-2.2426,2022-02-18,4.69,7.86,2.79,10.41,89.38,8.15
Manchester,53.4808,-2.2426,2022-02-19,2.49,3.89,1.42,8.33,93.8,3.93
Manchester,53.4808,-2.2426,2022-02-20,7.23,10.49,3.01,23.01,90.75,9.04
Manchester,53.4808,-2.2426,2022-02-21,5.84,8.36,3.14,3.42,88.04,8.41
Manchester,53.4808,-2.2426,2022-02-22,6.74,9.25,3.73,2.86,90.57,5.86
Manchester,53.4808,-2.2426,2022-02-23,6.13,9.73,2.89,3.72,92.27,5.83
Manchester,53.4808,-2.2426,2022-02-24,3.39,4.56,2.65,3.11,87.68,5.97
Manchester,53.4808,-2.2426,2022-02-25,4.71,7.96,1.54,0.34,89.9,4.18
Manchester,53.4808,-2.2426,2022-02-26,4.38,8.98,1.86,0.01,89.82,4.75
Manchester,53.4808,-2.2426,2022-02-27,3.61,8.25,-0.05,0.03,87.07,5.19
Manchester,53.4808,-2.2426,2022-02-28,6.22,8.96,3.82,11.58,96.41,3.67
Manchester,53.4808,-2.2426,2022-03-01,4.46,8.39,1.54,0.09,87.59,2.98
Manchester,53.4808,-2.2426,2022-03-02,4.82,6.39,2.96,3.52,95.4,5.21
Manchester,53.4808,-2.2426,2022-03-03,5.88,8.61,3.86,9.81,95.33,2.88
Manchester,53.4808,-2.2426,2022-03-04,4.75,7.76,1.79,4.04,92.67,3.05
Manchester,53.4808,-2.2426,2022-03-05,2.92,7.54,0.06,0.11,89.51,3.47
Manchester,53.4808,-2.2426,2022-03-06,3.0,8.07,-1.13,0.1,88.27,2.72
Manchester,53.4808,-2.2426,2022-03-07,1.91,7.04,-2.13,0.01,88.29,3.33
Manchester,53.4808,-2.2426,2022-03-08,3.85,9.46,-2.24,0.12,87.59,5.79
Manchester,53.4808,-2.2426,2022-03-09,7.41,10.66,4.94,0.77,88.68,5.71
Manchester,53.4808,-2.2426,2022-03-10,8.06,11.52,5.36,0.33,90.21,4.72
Manchester,53.4808,-2.2426,2022-03-11,8.25,10.72,6.44,2.78,93.22,5.63
Manchester,53.4808,-2.2426,2022-03-12,7.44,10.42,5.92,3.43,87.11,5.25
Manchester,53.4808,-2.2426,2022-03-13,7.59,10.81,4.6,1.02,90.56,5.29
Manchester,53.4808,-2.2426,2022-03-14,5.81,10.21,2.5,0.21,89.31,3.19
Manchester,53.4808,-2.2426,2022-03-15,5.98,11.84,0.5,0.04,88.96,2.61
Manchester,53.4808,-2.2426,2022-03-16,6.1,9.63,3.17,3.49,94.68,2.67
Manchester,53.4808,-2.2426,2022-03-17,6.25,10.6,2.13,1.04,92.72,3.59
Manchester,53.4808,-2.2426,2022-03-18,7.68,13.46,3.3,0.05,85.45,2.48
Manchester,53.4808,-2.2426,2022-03-19,7.02,12.88,3.51,0.04,83.21,5.6
Manchester,53.4808,-2.2426,2022-03-20,4.75,9.51,0.64,0.02,84.43,3.52
Manchester,53.4808,-2.2426,2022-03-21,5.32,11.52,-1.47,0.01,84.23,2.27
Manchester,53.4808,-2.2426,2022-03-22,9.4,15.69,4.03,0.0,86.19,3.12
Manchester,53.4808,-2.2426,2022-03-23,9.84,15.68,3.5,0.0,75.61,1.73
Manchester,53.4808,-2.2426,2022-03-24,10.87,16.46,6.71,0.0,62.11,0.66
Manchester,53.4808,-2.2426,2022-03-25,10.98,16.07,6.84,0.0,60.88,1.0
Manchester,53.4808,-2.2426,2022-03-26,10.13,16.34,5.33,0.0,73.23,1.66
Manchester,53.4808,-2.2426,2022-03-27,9.58,15.15,4.5,0.04,89.1,2.26
Manchester,53.4808,-2.2426,2022-03-28,9.48,13.48,5.93,0.27,84.81,1.1
Manchester,53.4808,-2.2426,2022-03-29,7.8,13.05,4.53,0.37,88.53,1.79
Manchester,53.4808,-2.2426,2022-03-30,4.15,6.64,-0.19,4.86,89.5,3.13
Manchester,53.4808,-2.2426,2022-03-31,2.24,5.09,-0.7,0.73,84.86,4.04
Manchester,53.4808,-2.2426,2022-04-01,2.7,6.11,-0.8,0.4,85.19,2.82
Manchester,53.4808,-2.2426,2022-04-02,3.75,7.48,0.95,0.28,78.16,1.38
Manchester,53.4808,-2.2426,2022-04-03,4.48,8.32,-0.69,1.82,82.98,3.28
Manchester,53.4808,-2.2426,2022-04-04,8.91,10.47,5.46,4.84,95.82,6.05
Manchester,53.4808,-2.2426,2022-04-05,9.31,11.24,8.25,3.04,89.44,6.24
Manchester,53.4808,-2.2426,2022-04-06,8.36,10.58,6.05,5.2,87.13,6.29
Manchester,53.4808,-2.2426,2022-04-07,5.61,7.47,2.79,5.46,84.19,6.9
Manchester,53.4808,-2.2426,2022-04-08,4.51,8.37,1.02,0.43,81.34,2.34
Manchester,53.4808,-2.2426,2022-04-09,4.05,7.27,0.73,0.34,82.84,3.15
Manchester,53.4808,-2.2426,2022-04-10,5.72,9.88,0.9,0.03,78.05,1.98
Manchester,53.4808,-2.2426,2022-04-11,7.83,11.81,3.82,0.34,76.59,4.85
Manchester,53.4808,-2.2426,2022-04-12,9.83,13.97,6.28,7.96,92.92,2.99
Manchester,53.4808,-2.2426,2022-04-13,10.14,13.47,7.22,0.99,90.2,2.47
Manchester,53.4808,-2.2426,2022-04-14,10.64,15.02,5.64,0.04,84.13,1.39
Manchester,53.4808,-2.2426,2022-04-15,12.88,17.33,7.93,0.01,81.55,1.87
Manchester,53.4808,-2.2426,2022-04-16,12.99,18.27,7.29,0.04,84.48,2.58
Manchester,53.4808,-2.2426,2022-04-17,12.18,17.07,7.82,0.56,81.32,3.43
Manchester,53.4808,-2.2426,2022-04-18,9.32,12.69,6.44,0.58,82.03,2.15
Manchester,53.4808,-2.2426,2022-04-19,8.66,11.91,5.47,0.53,83.07,1.13
Manchester,53.4808,-2.2426,2022-04-20,9.31,15.22,4.12,0.06,78.34,3.05
Manchester,53.4808,-2.2426,2022-04-21,9.58,15.64,4.8,0.0,75.88,4.13
Manchester,53.4808,-2.2426,2022-04-22,9.04,14.7,4.96,0.01,79.5,5.09
Manchester,53.4808,-2.2426,2022-04-23,9.22,13.64,5.33,0.14,81.79,5.86
Manchester,53.4808,-2.2426,2022-04-24,8.92,13.77,4.79,0.02,79.88,4.64
Manchester,53.4808,-2.2426,2022-04-25,7.92,12.28,3.63,0.1,80.61,2.45
Manchester,53.4808,-2.2426,2022-04-26,8.48,13.66,3.68,0.03,78.98,1.98
Manchester,53.4808,-2.2426,2022-04-27,7.48,12.41,3.52,0.02,77.42,2.26
Manchester,53.4808,-2.2426,2022-04-28,6.96,11.1,1.73,0.01,77.02,1.46
Manchester,53.4808,-2.2426,2022-04-29,8.42,14.16,2.39,0.0,74.81,1.45
Manchester,53.4808,-2.2426,2022-04-30,8.67,13.91,2.45,2.08,80.4,2.03
Manchester,53.4808,-2.2426,2022-05-01,10.38,13.53,7.45,2.82,89.2,1.66
Manchester,53.4808,-2.2426,2022-05-02,11.81,15.77,7.85,1.69,86.88,1.37
Manchester,53.4808,-2.2426,2022-05-03,10.64,13.65,8.42,2.06,87.86,1.44
Manchester,53.4808,-2.2426,2022-05-04,10.66,12.84,8.39,7.4,90.95,3.4
Manchester,53.4808,-2.2426,2022-05-05,11.13,15.38,6.68,0.23,87.5,1.93
Manchester,53.4808,-2.2426,2022-05-06,11.48,15.03,8.43,4.69,91.07,2.71
Manchester,53.4808,-2.2426,2022-05-07,11.87,16.6,6.69,0.27,82.34,2.1
Manchester,53.4808,-2.2426,2022-05-08,12.01,16.78,7.5,0.03,81.1,2.83
Manchester,53.4808,-2.2426,2022-05-09,12.07,15.86,7.91,0.51,82.82,4.17
Manchester,53.4808,-2.2426,2022-05-10,12.71,15.96,9.85,1.15,79.17,4.91
Manchester,53.4808,-2.2426,2022-05-11,11.08,14.09,8.15,3.45,84.63,3.98
Manchester,53.4808,-2.2426,2022-05-12,10.77,14.45,6.96,1.59,81.65,4.09
Manchester,53.4808,-2.2426,2022-05-13,12.12,15.55,8.8,0.11,82.14,4.89
Manchester,53.4808,-2.2426,2022-05-14,13.66,18.94,8.27,0.05,77.85,1.37
Manchester,53.4808,-2.2426,2022-05-15,13.93,19.59,10.44,8.63,84.8,4.02
Manchester,53.4808,-2.2426,2022-05-16,14.47,19.49,11.03,12.04,87.56,3.02
Manchester,53.4808,-2.2426,2022-05-17,14.39,19.67,9.18,3.71,85.14,3.75
Manchester,53.4808,-2.2426,2022-05-18,13.13,17.5,8.47,1.35,81.14,3.79
Manchester,53.4808,-2.2426,2022-05-19,13.18,17.19,9.32,0.17,77.44,2.09
Manchester,53.4808,-2.2426,2022-05-20,11.83,15.8,8.15,3.55,82.88,3.36
Manchester,53.4808,-2.2426,2022-05-21,12.42,16.61,8.87,0.4,82.06,2.84
Manchester,53.4808,-2.2426,2022-05-22,12.77,16.31,8.89,1.12,89.25,2.79
Manchester,53.4808,-2.2426,2022-05-23,11.14,13.46,8.62,2.18,88.61,2.52
Manchester,53.4808,-2.2426,2022-05-24,11.0,13.55,8.28,1.75,82.19,3.65
Manchester,53.4808,-2.2426,2022-05-25,12.14,15.77,8.4,1.67,86.04,4.83
Manchester,53.4808,-2.2426,2022-05-26,12.44,16.41,9.01,2.39,86.24,4.79
Manchester,53.4808,-2.2426,2022-05-27,11.04,14.12,7.46,0.26,75.1,4.95
Manchester,53.4808,-2.2426,2022-05-28,11.54,15.65,6.08,0.07,78.35,2.37
Manchester,53.4808,-2.2426,2022-05-29,10.39,13.43,7.36,0.6,76.89,1.81
Manchester,53.4808,-2.2426,2022-05-30,9.64,12.14,6.7,3.73,84.03,2.3
Manchester,53.4808,-2.2426,2022-05-31,9.46,12.05,6.78,6.45,87.51,2.16
Manchester,53.4808,-2.2426,2022-06-01,11.66,15.52,6.46,1.26,79.12,1.39
Manchester,53.4808,-2.2426,2022-06-02,13.33,17.26,7.67,4.07,80.93,1.64
Manchester,53.4808,-2.2426,2022-06-03,13.31,17.59,9.17,4.09,78.32,3.38
Manchester,53.4808,-2.2426,2022-06-04,12.16,17.18,7.81,0.37,78.61,4.49
Manchester,53.4808,-2.2426,2022-06-05,10.05,11.6,8.01,8.73,88.49,3.73
Manchester,53.4808,-2.2426,2022-06-06,11.64,14.68,9.05,1.98,84.32,1.45
Manchester,53.4808,-2.2426,2022-06-07,14.41,19.05,7.84,2.26,79.16,1.67
Manchester,53.4808,-2.2426,2022-06-08,14.59,17.38,10.89,4.8,84.12,4.03
Manchester,53.4808,-2.2426,2022-06-09,13.94,16.93,8.9,0.65,85.4,3.55
Manchester,53.4808,-2.2426,2022-06-10,14.79,19.06,10.39,0.07,77.37,4.54
Manchester,53.4808,-2.2426,2022-06-11,14.28,17.83,10.75,0.68,79.39,5.1
Manchester,53.4808,-2.2426,2022-06-12,12.9,15.96,9.96,0.72,80.64,4.57
Manchester,53.4808,-2.2426,2022-06-13,12.43,16.28,8.21,0.12,80.43,2.73
Manchester,53.4808,-2.2426,2022-06-14,13.35,18.09,7.35,0.0,75.33,1.43
Manchester,53.4808,-2.2426,2022-06-15,14.7,20.29,8.45,0.01,74.82,1.35
Manchester,53.4808,-2.2426,2022-06-16,16.12,21.37,9.85,0.01,71.66,1.23
Manchester,53.4808,-2.2426,2022-06-17,17.86,23.25,13.14,0.5,77.94,3.45
Manchester,53.4808,-2.2426,2022-06-18,12.24,14.89,9.2,1.03,79.52,2.66
Manchester,53.4808,-2.2426,2022-06-19,13.46,17.78,7.54,0.24,80.0,2.89
Manchester,53.4808,-2.2426,2022-06-20,13.32,18.26,7.35,0.01,77.23,1.64
Manchester,53.4808,-2.2426,2022-06-21,15.69,21.11,9.86,0.0,77.3,1.54
Manchester,53.4808,-2.2426,2022-06-22,16.41,20.94,11.29,0.04,82.32,1.71
Manchester,53.4808,-2.2426,2022-06-23,18.4,24.31,12.07,0.61,76.67,1.71
Manchester,53.4808,-2.2426,2022-06-24,16.84,20.53,12.58,2.25,81.6,3.11
Manchester,53.4808,-2.2426,2022-06-25,14.27,17.84,10.64,1.07,76.48,4.98
Manchester,53.4808,-2.2426,2022-06-26,14.11,18.51,9.41,0.85,77.65,5.64
Manchester,53.4808,-2.2426,2022-06-27,12.89,15.83,9.92,4.49,79.37,3.45
Manchester,53.4808,-2.2426,2022-06-28,14.05,18.4,9.9,2.47,80.82,5.26
Manchester,53.4808,-2.2426,2022-06-29,15.21,18.85,12.2,4.37,84.03,2.92
Manchester,53.4808,-2.2426,2022-06-30,14.81,18.4,11.32,1.87,79.83,1.33
Manchester,53.4808,-2.2426,2022-07-01,14.1,17.46,10.41,4.45,84.07,2.95
Manchester,53.4808,-2.2426,2022-07-02,14.39,17.85,10.5,4.13,81.18,3.56
Manchester,53.4808,-2.2426,2022-07-03,13.82,16.73,9.73,1.03,83.13,3.2
Manchester,53.4808,-2.2426,2022-07-04,14.0,16.42,11.43,0.44,79.75,4.38
Manchester,53.4808,-2.2426,2022-07-05,14.21,17.14,11.06,0.12,80.4,3.6
Manchester,53.4808,-2.2426,2022-07-06,15.89,18.36,12.91,1.16,87.38,5.05
Manchester,53.4808,-2.2426,2022-07-07,15.72,19.14,12.54,0.23,84.16,3.59
Manchester,53.4808,-2.2426,2022-07-08,15.53,20.02,11.18,0.14,86.34,2.93
Manchester,53.4808,-2.2426,2022-07-09,15.7,19.15,11.83,0.14,81.57,3.17
Manchester,53.4808,-2.2426,2022-07-10,17.55,23.61,10.43,0.03,80.81,1.44
Manchester,53.4808,-2.2426,2022-07-11,19.57,24.73,13.54,0.0,74.01,1.44
Manchester,53.4808,-2.2426,2022-07-12,18.79,22.61,14.79,0.04,76.99,2.49
Manchester,53.4808,-2.2426,2022-07-13,15.06,18.1,10.94,0.11,77.03,2.93
Manchester,53.4808,-2.2426,2022-07-14,14.64,17.56,11.07,0.25,79.8,3.2
Manchester,53.4808,-2.2426,2022-07-15,14.77,18.59,10.06,0.28,84.44,3.49
Manchester,53.4808,-2.2426,2022-07-16,15.98,21.38,9.78,1.5,78.76,1.43
Manchester,53.4808,-2.2426,2022-07-17,19.47,24.67,14.19,0.08,74.8,2.14
Manchester,53.4808,-2.2426,2022-07-18,22.04,30.39,14.21,0.0,64.84,1.62
Manchester,53.4808,-2.2426,2022-07-19,22.4,30.4,16.86,0.11,73.67,2.44
Manchester,53.4808,-2.2426,2022-07-20,17.16,20.33,14.03,0.22,82.94,3.92
Manchester,53.4808,-2.2426,2022-07-21,16.36,19.52,13.68,1.49,84.59,1.59
Manchester,53.4808,-2.2426,2022-07-22,15.71,18.6,13.66,5.09,88.66,2.7
Manchester,53.4808,-2.2426,2022-07-23,16.58,20.41,12.02,2.02,85.37,3.41
Manchester,53.4808,-2.2426,2022-07-24,18.86,22.15,15.63,3.41,86.1,4.92
Manchester,53.4808,-2.2426,2022-07-25,16.03,19.03,13.82,4.09,86.96,4.75
Manchester,53.4808,-2.2426,2022-07-26,14.27,17.61,10.55,1.59,82.19,1.71
Manchester,53.4808,-2.2426,2022-07-27,15.75,20.14,10.61,0.51,75.25,1.0
Manchester,53.4808,-2.2426,2022-07-28,15.88,19.25,12.56,2.01,81.52,2.45
Manchester,53.4808,-2.2426,2022-07-29,17.05,20.73,12.92,2.9,80.4,2.04
Manchester,53.4808,-2.2426,2022-07-30,17.52,20.55,14.28,7.22,88.96,2.66
Manchester,53.4808,-2.2426,2022-07-31,16.68,20.14,11.37,7.0,83.88,3.05
Manchester,53.4808,-2.2426,2022-08-01,16.77,21.88,10.39,2.48,78.89,2.31
Manchester,53.4808,-2.2426,2022-08-02,19.88,23.38,17.34,5.16,86.49,5.16
Manchester,53.4808,-2.2426,2022-08-03,18.0,21.28,14.99,0.67,79.86,4.16
Manchester,53.4808,-2.2426,2022-08-04,14.66,17.21,11.55,0.42,79.55,3.5
Manchester,53.4808,-2.2426,2022-08-05,13.27,16.3,10.24,0.71,78.07,3.33
Manchester,53.4808,-2.2426,2022-08-06,14.03,18.51,8.94,0.03,78.14,2.3
Manchester,53.4808,-2.2426,2022-08-07,15.46,19.42,11.31,0.03,82.48,2.72
Manchester,53.4808,-2.2426,2022-08-08,16.83,22.05,11.87,0.04,80.49,1.42
Manchester,53.4808,-2.2426,2022-08-09,17.66,23.12,11.62,0.0,71.39,1.0
Manchester,53.4808,-2.2426,2022-08-10,20.23,25.84,13.72,0.0,68.58,1.02
Manchester,53.4808,-2.2426,2022-08-11,20.7,27.64,12.98,0.0,68.62,0.85
Manchester,53.4808,-2.2426,2022-08-12,20.47,27.14,13.42,0.01,75.09,2.11
Manchester,53.4808,-2.2426,2022-08-13,20.4,26.92,13.59,0.01,74.48,2.42
Manchester,53.4808,-2.2426,2022-08-14,21.3,27.93,15.44,0.22,70.14,1.68
Manchester,53.4808,-2.2426,2022-08-15,18.19,22.21,15.22,1.42,87.07,1.52
Manchester,53.4808,-2.2426,2022-08-16,16.72,19.95,13.06,0.77,87.4,2.33
Manchester,53.4808,-2.2426,2022-08-17,16.1,19.7,13.42,1.51,82.43,3.32
Manchester,53.4808,-2.2426,2022-08-18,17.04,20.32,12.37,1.74,85.67,3.51
Manchester,53.4808,-2.2426,2022-08-19,15.48,19.05,11.4,0.18,78.83,3.14
Manchester,53.4808,-2.2426,2022-08-20,16.25,20.74,11.73,1.71,80.96,4.46
Manchester,53.4808,-2.2426,2022-08-21,15.64,19.36,11.97,0.6,77.56,2.1
Manchester,53.4808,-2.2426,2022-08-22,16.91,20.7,13.51,9.3,89.04,2.26
Manchester,53.4808,-2.2426,2022-08-23,18.23,21.89,14.64,0.62,85.8,1.73
Manchester,53.4808,-2.2426,2022-08-24,17.96,20.07,15.42,4.98,87.24,2.58
Manchester,53.4808,-2.2426,2022-08-25,15.48,19.38,11.7,2.2,81.31,2.1
Manchester,53.4808,-2.2426,2022-08-26,16.09,20.75,11.74,0.24,78.38,1.08
Manchester,53.4808,-2.2426,2022-08-27,16.8,21.41,12.94,0.17,79.35,0.77
Manchester,53.4808,-2.2426,2022-08-28,15.71,19.93,11.05,2.08,84.54,1.6
Manchester,53.4808,-2.2426,2022-08-29,15.64,19.58,11.54,0.16,83.31,2.84
Manchester,53.4808,-2.2426,2022-08-30,14.01,19.02,9.95,0.01,78.91,2.77
Manchester,53.4808,-2.2426,2022-08-31,15.13,20.17,10.04,0.08,81.4,3.16
Manchester,53.4808,-2.2426,2022-09-01,15.84,20.58,11.47,0.08,80.94,3.41
Manchester,53.4808,-2.2426,2022-09-02,15.95,20.13,11.24,0.33,83.27,2.95
Manchester,53.4808,-2.2426,2022-09-03,16.57,19.91,13.7,1.11,88.21,2.82
Manchester,53.4808,-2.2426,2022-09-04,17.2,20.48,14.24,7.65,88.41,4.05
Manchester,53.4808,-2.2426,2022-09-05,17.79,21.38,14.42,5.0,84.6,3.49
Manchester,53.4808,-2.2426,2022-09-06,16.38,18.81,13.79,7.61,87.46,3.29
Manchester,53.4808,-2.2426,2022-09-07,16.05,20.4,12.64,3.31,86.21,3.44
Manchester,53.4808,-2.2426,2022-09-08,15.1,19.34,11.79,3.23,86.31,2.48
Manchester,53.4808,-2.2426,2022-09-09,14.65,19.14,11.03,3.44,89.02,2.24
Manchester,53.4808,-2.2426,2022-09-10,15.35,19.67,12.04,1.69,86.7,2.19
Manchester,53.4808,-2.2426,2022-09-11,15.17,18.32,10.94,5.89,89.33,2.96
Manchester,53.4808,-2.2426,2022-09-12,15.4,18.49,10.26,10.0,94.36,2.85
Manchester,53.4808,-2.2426,2022-09-13,13.13,18.06,8.64,0.15,85.97,1.58
Manchester,53.4808,-2.2426,2022-09-14,12.89,17.13,8.17,0.03,86.37,2.62
Manchester,53.4808,-2.2426,2022-09-15,12.27,16.17,8.57,0.14,81.74,2.86
Manchester,53.4808,-2.2426,2022-09-16,10.62,14.53,7.35,0.3,78.16,2.93
Manchester,53.4808,-2.2426,2022-09-17,10.22,14.85,4.57,0.02,77.95,2.75
Manchester,53.4808,-2.2426,2022-09-18,12.38,15.61,9.9,1.41,86.02,3.32
Manchester,53.4808,-2.2426,2022-09-19,12.85,16.43,9.99,0.95,87.09,1.24
Manchester,53.4808,-2.2426,2022-09-20,13.73,17.68,10.5,0.21,83.35,1.14
Manchester,53.4808,-2.2426,2022-09-21,13.55,18.22,9.42,0.0,82.49,2.21
Manchester,53.4808,-2.2426,2022-09-22,12.92,15.91,10.31,11.43,90.32,3.02
Manchester,53.4808,-2.2426,2022-09-23,11.94,16.44,7.84,0.34,87.24,2.32
Manchester,53.4808,-2.2426,2022-09-24,10.47,15.4,6.77,0.32,84.95,2.27
Manchester,53.4808,-2.2426,2022-09-25,10.98,14.11,6.64,1.68,85.15,3.45
Manchester,53.4808,-2.2426,2022-09-26,11.23,13.63,7.96,2.39,79.67,5.32
Manchester,53.4808,-2.2426,2022-09-27,9.87,12.43,7.52,2.47,83.14,4.28
Manchester,53.4808,-2.2426,2022-09-28,9.62,13.2,6.38,4.36,85.94,2.98
Manchester,53.4808,-2.2426,2022-09-29,11.34,16.25,7.44,0.88,89.09,2.65
Manchester,53.4808,-2.2426,2022-09-30,10.9,14.66,7.58,16.85,95.4,4.63
Manchester,53.4808,-2.2426,2022-10-01,12.64,15.79,10.35,3.39,86.15,4.74
Manchester,53.4808,-2.2426,2022-10-02,11.34,15.63,8.43,0.17,87.3,2.68
Manchester,53.4808,-2.2426,2022-10-03,11.31,15.9,7.49,0.04,88.72,2.56
Manchester,53.4808,-2.2426,2022-10-04,13.97,16.67,11.34,3.81,94.38,4.69
Manchester,53.4808,-2.2426,2022-10-05,13.11,14.93,10.21,9.4,86.42,5.78
Manchester,53.4808,-2.2426,2022-10-06,12.44,16.66,8.88,2.01,87.17,5.44
Manchester,53.4808,-2.2426,2022-10-07,12.3,14.48,9.63,9.13,87.68,5.33
Manchester,53.4808,-2.2426,2022-10-08,10.45,14.35,7.4,0.7,84.23,2.99
Manchester,53.4808,-2.2426,2022-10-09,9.94,14.59,5.85,4.34,87.41,4.47
Manchester,53.4808,-2.2426,2022-10-10,9.74,13.22,6.92,1.25,82.72,3.46
Manchester,53.4808,-2.2426,2022-10-11,9.16,14.08,5.38,0.01,84.63,1.97
Manchester,53.4808,-2.2426,2022-10-12,10.0,13.25,6.77,4.25,93.66,3.04
Manchester,53.4808,-2.2426,2022-10-13,9.88,14.25,7.34,0.13,88.16,1.52
Manchester,53.4808,-2.2426,2022-10-14,10.58,14.69,7.64,3.63,92.81,2.37
Manchester,53.4808,-2.2426,2022-10-15,10.65,13.73,8.72,5.53,85.87,4.88
Manchester,53.4808,-2.2426,2022-10-16,10.17,13.37,6.61,2.03,81.7,4.26
Manchester,53.4808,-2.2426,2022-10-17,11.73,15.38,7.74,0.98,86.65,4.36
Manchester,53.4808,-2.2426,2022-10-18,9.93,15.02,6.84,0.09,88.11,2.1
Manchester,53.4808,-2.2426,2022-10-19,10.52,13.49,8.45,4.16,88.45,5.86
Manchester,53.4808,-2.2426,2022-10-20,11.13,13.01,9.15,11.84,96.83,2.15
Manchester,53.4808,-2.2426,2022-10-21,12.23,16.16,8.56,5.69,95.01,3.94
Manchester,53.4808,-2.2426,2022-10-22,12.48,15.46,9.56,1.1,92.2,3.39
Manchester,53.4808,-2.2426,2022-10-23,12.51,15.19,10.96,5.87,96.32,2.67
Manchester,53.4808,-2.2426,2022-10-24,11.6,15.07,9.84,3.24,93.73,2.98
Manchester,53.4808,-2.2426,2022-10-25,11.77,14.95,8.93,3.4,91.54,3.6
Manchester,53.4808,-2.2426,2022-10-26,13.41,16.57,10.46,0.84,88.64,5.17
Manchester,53.4808,-2.2426,2022-10-27,13.63,16.98,10.56,1.71,94.46,3.7
Manchester,53.4808,-2.2426,2022-10-28,13.38,15.33,10.56,2.45,88.68,4.45
Manchester,53.4808,-2.2426,2022-10-29,12.56,16.03,9.67,4.74,95.41,3.96
Manchester,53.4808,-2.2426,2022-10-30,11.75,14.39,10.34,1.16,93.13,4.47
Manchester,53.4808,-2.2426,2022-10-31,11.91,14.87,10.42,11.67,93.15,4.29
Manchester,53.4808,-2.2426,2022-11-01,9.95,11.92,7.48,9.01,91.96,3.85
Manchester,53.4808,-2.2426,2022-11-02,9.53,12.48,6.01,6.67,88.59,6.41
Manchester,53.4808,-2.2426,2022-11-03,7.91,11.34,4.75,1.36,91.06,1.95
Manchester,53.4808,-2.2426,2022-11-04,7.03,10.83,2.85,0.6,92.23,2.87
Manchester,53.4808,-2.2426,2022-11-05,8.72,12.3,7.47,3.96,97.08,3.07
Manchester,53.4808,-2.2426,2022-11-06,8.86,11.4,6.89,1.66,95.49,3.52
Manchester,53.4808,-2.2426,2022-11-07,10.57,12.98,7.87,3.68,94.94,5.25
Manchester,53.4808,-2.2426,2022-11-08,10.3,12.29,8.59,5.81,92.31,5.1
Manchester,53.4808,-2.2426,2022-11-09,9.44,11.37,8.18,2.63,92.46,3.85
Manchester,53.4808,-2.2426,2022-11-10,12.17,14.07,9.83,0.83,91.06,6.0
Manchester,53.4808,-2.2426,2022-11-11,13.1,15.75,10.42,0.21,89.6,5.42
Manchester,53.4808,-2.2426,2022-11-12,9.73,12.87,7.76,0.16,96.48,3.44
Manchester,53.4808,-2.2426,2022-11-13,9.99,13.79,8.08,0.17,95.36,4.04
Manchester,53.4808,-2.2426,2022-11-14,9.34,12.86,7.09,0.78,97.03,2.89
Manchester,53.4808,-2.2426,2022-11-15,7.32,10.46,4.24,17.03,94.92,3.87
Manchester,53.4808,-2.2426,2022-11-16,6.26,7.91,4.78,2.26,96.78,3.08
Manchester,53.4808,-2.2426,2022-11-17,7.77,8.54,6.39,18.28,96.5,4.36
Manchester,53.4808,-2.2426,2022-11-18,8.32,9.64,7.28,2.39,92.73,4.69
Manchester,53.4808,-2.2426,2022-11-19,6.68,8.94,5.05,1.1,93.4,1.94
Manchester,53.4808,-2.2426,2022-11-20,6.12,8.26,3.77,4.93,92.95,3.2
Manchester,53.4808,-2.2426,2022-11-21,4.27,5.43,3.13,14.82,96.8,3.43
Manchester,53.4808,-2.2426,2022-11-22,5.68,8.69,3.42,2.32,95.46,1.96
Manchester,53.4808,-2.2426,2022-11-23,6.27,8.96,3.89,8.98,93.73,4.56
Manchester,53.4808,-2.2426,2022-11-24,6.67,9.59,4.89,6.8,95.56,5.19
Manchester,53.4808,-2.2426,2022-11-25,7.4,10.35,5.59,1.45,94.32,3.76
Manchester,53.4808,-2.2426,2022-11-26,8.55,10.73,6.27,6.43,94.7,5.63
Manchester,53.4808,-2.2426,2022-11-27,8.27,11.03,5.91,0.5,96.32,3.05
Manchester,53.4808,-2.2426,2022-11-28,6.74,8.73,5.52,0.53,95.93,1.85
Manchester,53.4808,-2.2426,2022-11-29,5.69,6.92,3.43,0.36,96.6,1.36
Manchester,53.4808,-2.2426,2022-11-30,3.66,4.49,3.09,0.31,96.63,2.07
Manchester,53.4808,-2.2426,2022-12-01,4.27,5.91,3.51,0.22,96.71,1.77
Manchester,53.4808,-2.2426,2022-12-02,3.87,6.02,3.15,0.11,96.63,1.84
Manchester,53.4808,-2.2426,2022-12-03,3.73,6.35,2.95,0.25,96.02,3.18
Manchester,53.4808,-2.2426,2022-12-04,3.38,5.79,2.15,1.37,97.39,3.24
Manchester,53.4808,-2.2426,2022-12-05,3.72,6.14,0.63,0.34,96.61,3.26
Manchester,53.4808,-2.2426,2022-12-06,1.19,3.91,-0.11,0.1,98.64,2.2
Manchester,53.4808,-2.2426,2022-12-07,-0.1,2.93,-1.39,0.06,97.41,1.83
Manchester,53.4808,-2.2426,2022-12-08,-0.83,1.73,-1.96,0.27,96.74,1.53
Manchester,53.4808,-2.2426,2022-12-09,0.29,3.33,-1.68,0.65,96.05,1.73
Manchester,53.4808,-2.2426,2022-12-10,1.04,1.85,0.11,2.12,96.6,1.29
Manchester,53.4808,-2.2426,2022-12-11,-0.01,1.93,-1.62,0.32,93.76,0.93
Manchester,53.4808,-2.2426,2022-12-12,-1.29,0.28,-2.58,0.15,95.64,1.3
Manchester,53.4808,-2.2426,2022-12-13,-1.46,0.45,-3.09,0.18,97.11,1.34
Manchester,53.4808,-2.2426,2022-12-14,-2.98,0.16,-5.15,0.04,97.7,2.24
Manchester,53.4808,-2.2426,2022-12-15,-2.48,0.86,-4.79,1.79,99.04,1.69
Manchester,53.4808,-2.2426,2022-12-16,-1.32,1.22,-2.47,14.75,98.52,1.99
Manchester,53.4808,-2.2426,2022-12-17,0.34,1.33,-1.64,4.76,97.65,3.46
Manchester,53.4808,-2.2426,2022-12-18,0.41,4.82,-2.21,4.49,97.14,5.46
Manchester,53.4808,-2.2426,2022-12-19,8.08,10.6,5.2,2.24,97.79,4.92
Manchester,53.4808,-2.2426,2022-12-20,4.75,6.52,3.17,3.76,97.2,3.04
Manchester,53.4808,-2.2426,2022-12-21,4.55,6.88,3.11,3.27,96.43,4.07
Manchester,53.4808,-2.2426,2022-12-22,4.18,5.08,3.48,1.46,98.39,1.41
Manchester,53.4808,-2.2426,2022-12-23,4.29,6.66,3.19,11.25,97.12,2.87
Manchester,53.4808,-2.2426,2022-12-24,5.67,7.12,3.6,2.63,97.6,3.75
Manchester,53.4808,-2.2426,2022-12-25,6.76,8.04,5.77,1.69,97.7,4.12
Manchester,53.4808,-2.2426,2022-12-26,3.85,6.63,2.03,2.52,91.27,4.44
Manchester,53.4808,-2.2426,2022-12-27,4.71,8.25,1.13,8.38,96.39,4.49
Manchester,53.4808,-2.2426,2022-12-28,6.78,9.81,3.63,6.42,94.72,4.97
Manchester,53.4808,-2.2426,2022-12-29,5.99,8.03,3.75,3.03,90.55,5.9
Manchester,53.4808,-2.2426,2022-12-30,6.79,9.88,3.66,3.26,93.23,6.5
Manchester,53.4808,-2.2426,2022-12-31,7.84,8.83,5.84,15.28,96.89,3.21
Leeds,53.8008,-1.5491,2016-01-01,2.16,5.83,-1.17,3.13,96.73,3.62
Leeds,53.8008,-1.5491,2016-01-02,7.2,8.41,6.06,5.85,96.64,4.91
Leeds,53.8008,-1.5491,2016-01-03,5.74,7.17,4.77,12.36,97.23,3.27
Leeds,53.8008,-1.5491,2016-01-04,5.4,6.22,4.55,3.79,97.88,2.86
Leeds,53.8008,-1.5491,2016-01-05,6.58,7.35,6.15,5.93,97.84,2.83
Leeds,53.8008,-1.5491,2016-01-06,5.7,6.0,5.07,3.88,96.88,3.78
Leeds,53.8008,-1.5491,2016-01-07,4.52,5.44,2.37,13.98,91.61,5.64
Leeds,53.8008,-1.5491,2016-01-08,1.77,4.75,-0.72,2.34,97.62,2.81
Leeds,53.8008,-1.5491,2016-01-09,5.12,7.08,2.02,9.95,97.3,3.6
Leeds,53.8008,-1.5491,2016-01-10,4.05,5.61,2.66,1.91,93.0,5.58
Leeds,53.8008,-1.5491,2016-01-11,3.12,3.54,2.54,3.93,97.18,2.28
Leeds,53.8008,-1.5491,2016-01-12,3.64,4.91,2.16,1.29,94.9,3.55
Leeds,53.8008,-1.5491,2016-01-13,1.77,4.13,-0.73,4.26,95.67,3.04
Leeds,53.8008,-1.5491,2016-01-14,0.77,1.92,-1.72,2.9,91.11,5.38
Leeds,53.8008,-1.5491,2016-01-15,-0.5,3.13,-2.13,0.24,96.48,3.76
Leeds,53.8008,-1.5491,2016-01-16,-0.8,1.8,-2.41,0.27,91.07,2.05
Leeds,53.8008,-1.5491,2016-01-17,-0.52,2.52,-2.96,0.32,90.79,2.75
Leeds,53.8008,-1.5491,2016-01-18,0.15,1.98,-1.4,0.73,97.82,2.14
Leeds,53.8008,-1.5491,2016-01-19,1.05,3.93,-1.32,0.46,96.25,1.04
Leeds,53.8008,-1.5491,2016-01-20,0.71,3.37,-1.71,0.25,95.21,0.84
Leeds,53.8008,-1.5491,2016-01-21,0.24,1.68,-1.5,0.77,97.85,3.41
Leeds,53.8008,-1.5491,2016-01-22,4.3,8.33,1.16,8.17,96.53,4.88
Leeds,53.8008,-1.5491,2016-01-23,5.53,7.29,3.46,5.74,96.78,4.12
Leeds,53.8008,-1.5491,2016-01-24,9.89,12.05,7.31,1.14,96.57,3.76
Leeds,53.8008,-1.5491,2016-01-25,8.33,11.93,3.91,0.38,92.83,5.34
Leeds,53.8008,-1.5491,2016-01-26,7.72,10.75,4.28,3.03,92.94,7.23
Leeds,53.8008,-1.5491,2016-01-27,8.46,12.9,2.35,3.63,89.19,6.7
Leeds,53.8008,-1.5491,2016-01-28,4.55,8.22,1.32,1.51,89.85,5.69
Leeds,53.8008,-1.5491,2016-01-29,8.47,10.74,6.31,1.2,82.09,8.48
Leeds,53.8008,-1.5491,2016-01-30,3.25,6.19,2.22,0.65,79.24,6.65
Leeds,53.8008,-1.5491,2016-01-31,4.55,9.95,1.73,2.74,93.62,3.77
Leeds,53.8008,-1.5491,2016-02-01,8.77,11.94,5.65,0.51,82.36,8.92
Leeds,53.8008,-1.5491,2016-02-02,4.4,6.18,2.15,0.52,81.13,7.89
Leeds,53.8008,-1.5491,2016-02-03,3.28,5.77,2.03,0.56,87.23,4.45
Leeds,53.8008,-1.5491,2016-02-04,6.98,9.81,2.46,2.73,91.62,4.28
Leeds,53.8008,-1.5491,2016-02-05,7.97,9.32,6.23,2.61,92.14,5.57
Leeds,53.8008,-1.5491,2016-02-06,5.56,9.82,-0.02,11.49,94.66,5.08
Leeds,53.8008,-1.5491,2016-02-07,4.75,7.16,2.97,3.03,89.64,6.29
Leeds,53.8008,-1.5491,2016-02-08,5.7,6.96,4.76,3.83,89.14,6.94
Leeds,53.8008,-1.5491,2016-02-09,3.55,5.87,2.0,0.9,88.01,4.81
Leeds,53.8008,-1.5491,2016-02-10,2.5,6.37,-0.19,0.08,88.48,3.57
Leeds,53.8008,-1.5491,2016-02-11,1.13,5.43,-1.63,0.12,95.01,1.87
Leeds,53.8008,-1.5491,2016-02-12,1.15,5.94,-2.75,0.48,94.06,1.84
Leeds,53.8008,-1.5491,2016-02-13,1.83,4.75,0.02,1.43,93.42,3.13
Leeds,53.8008,-1.5491,2016-02-14,0.98,4.01,-1.4,0.58,84.93,3.3
Leeds,53.8008,-1.5491,2016-02-15,0.72,4.4,-1.72,0.67,89.21,3.47
Leeds,53.8008,-1.5491,2016-02-16,1.02,5.27,-3.35,0.24,85.32,4.81
Leeds,53.8008,-1.5491,2016-02-17,2.08,2.73,0.81,16.23,94.0,4.25
Leeds,53.8008,-1.5491,2016-02-18,1.48,6.46,-1.94,0.1,91.27,2.43
Leeds,53.8008,-1.5491,2016-02-19,3.47,7.97,-1.03,2.65,92.51,5.1
Leeds,53.8008,-1.5491,2016-02-20,6.11,7.06,5.46,0.88,88.21,6.33
Leeds,53.8008,-1.5491,2016-02-21,7.78,11.88,4.4,1.25,89.65,5.92
Leeds,53.8008,-1.5491,2016-02-22,3.51,7.15,0.93,0.24,86.9,4.23
Leeds,53.8008,-1.5491,2016-02-23,1.5,6.11,-2.64,0.12,88.29,2.63
Leeds,53.8008,-1.5491,2016-02-24,-0.03,4.96,-3.57,0.13,88.15,1.5
Leeds,53.8008,-1.5491,2016-02-25,-0.27,3.98,-3.36,0.04,88.25,1.93
Leeds,53.8008,-1.5491,2016-02-26,0.74,5.17,-1.6,0.04,82.87,1.69
Leeds,53.8008,-1.5491,2016-02-27,0.95,5.36,-1.93,0.03,84.97,1.71
Leeds,53.8008,-1.5491,2016-02-28,1.84,6.83,-0.78,0.02,87.42,1.98
Leeds,53.8008,-1.5491,2016-02-29,2.09,6.09,-1.02,2.17,86.48,2.76
Leeds,53.8008,-1.5491,2016-03-01,6.24,11.44,1.12,7.15,90.81,5.87
Leeds,53.8008,-1.5491,2016-03-02,3.44,6.07,1.05,4.58,83.9,5.48
Leeds,53.8008,-1.5491,2016-03-03,3.37,7.43,-0.28,2.92,87.46,3.06
Leeds,53.8008,-1.5491,2016-03-04,2.42,3.51,1.28,18.92,95.45,4.13
Leeds,53.8008,-1.5491,2016-03-05,3.09,6.46,0.35,0.96,87.89,4.13
Leeds,53.8008,-1.5491,2016-03-06,1.33,5.24,-1.9,0.57,86.92,2.46
Leeds,53.8008,-1.5491,2016-03-07,0.66,5.69,-2.37,0.3,87.32,3.16
Leeds,53.8008,-1.5491,2016-03-08,2.27,6.62,-2.8,0.56,90.52,2.53
Leeds,53.8008,-1.5491,2016-03-09,2.94,3.55,2.53,20.8,96.31,3.68
Leeds,53.8008,-1.5491,2016-03-10,4.22,8.44,1.37,0.46,90.44,1.6
Leeds,53.8008,-1.5491,2016-03-11,4.06,9.01,0.53,0.08,87.5,1.73
Leeds,53.8008,-1.5491,2016-03-12,5.68,10.72,0.76,0.03,87.3,1.75
Leeds,53.8008,-1.5491,2016-03-13,6.06,11.31,0.53,0.03,85.09,1.51
Leeds,53.8008,-1.5491,2016-03-14,4.38,10.55,-0.02,0.05,85.3,2.29
Leeds,53.8008,-1.5491,2016-03-15,4.53,8.09,1.54,0.27,93.74,3.52
Leeds,53.8008,-1.5491,2016-03-16,4.45,9.86,0.04,0.17,87.72,3.33
Leeds,53.8008,-1.5491,2016-03-17,4.17,10.21,-0.16,0.03,86.45,1.13
Leeds,53.8008,-1.5491,2016-03-18,4.28,6.76,2.45,0.6,90.87,3.05
Leeds,53.8008,-1.5491,2016-03-19,5.22,9.17,2.82,0.18,83.91,2.61
Leeds,53.8008,-1.5491,2016-03-20,6.17,11.1,2.0,0.15,84.64,1.58
Leeds,53.8008,-1.5491,2016-03-21,5.95,11.08,1.74,0.07,86.68,3.34
Leeds,53.8008,-1.5491,2016-03-22,7.47,12.02,3.8,0.08,82.39,1.86
Leeds,53.8008,-1.5491,2016-03-23,6.29,10.3,2.53,0.2,85.59,2.29
Leeds,53.8008,-1.5491,2016-03-24,6.25,8.77,3.45,1.17,91.49,3.43
Leeds,53.8008,-1.5491,2016-03-25,7.46,12.48,2.53,0.0,81.66,3.3
Leeds,53.8008,-1.5491,2016-03-26,7.33,11.63,3.99,3.8,91.77,6.41
Leeds,53.8008,-1.5491,2016-03-27,5.76,9.09,3.04,1.96,87.8,5.56
Leeds,53.8008,-1.5491,2016-03-28,5.35,8.79,3.2,13.36,87.23,5.3
Leeds,53.8008,-1.5491,2016-03-29,4.25,8.53,2.44,6.06,89.95,2.87
Leeds,53.8008,-1.5491,2016-03-30,4.78,9.48,1.17,1.41,86.57,2.81
Leeds,53.8008,-1.5491,2016-03-31,5.5,10.36,1.36,0.15,79.0,1.23
Leeds,53.8008,-1.5491,2016-04-01,5.29,8.97,0.16,1.29,85.24,4.58
Leeds,53.8008,-1.5491,2016-04-02,7.41,11.26,5.56,6.7,90.2,3.26
Leeds,53.8008,-1.5491,2016-04-03,8.27,13.37,3.72,3.9,86.42,2.23
Leeds,53.8008,-1.5491,2016-04-04,7.88,11.38,3.92,3.37,91.21,2.29
Leeds,53.8008,-1.5491,2016-04-05,6.97,11.08,3.47,1.02,87.78,3.92
Leeds,53.8008,-1.5491,2016-04-06,5.48,8.37,3.1,2.59,85.81,5.74
Leeds,53.8008,-1.5491,2016-04-07,6.95,11.38,3.65,1.97,85.27,3.29
Leeds,53.8008,-1.5491,2016-04-08,6.7,11.28,1.69,0.65,85.94,1.65
Leeds,53.8008,-1.5491,2016-04-09,6.15,9.32,3.15,3.37,82.41,1.83
Leeds,53.8008,-1.5491,2016-04-10,5.64,11.95,-0.32,0.09,77.13,2.61
Leeds,53.8008,-1.5491,2016-04-11,8.07,12.77,4.73,1.51,84.46,5.21
Leeds,53.8008,-1.5491,2016-04-12,7.63,10.38,5.06,10.72,94.28,2.28
Leeds,53.8008,-1.5491,2016-04-13,6.8,10.17,3.91,1.54,90.89,1.7
Leeds,53.8008,-1.5491,2016-04-14,7.23,11.36,3.56,1.08,87.87,1.54
Leeds,53.8008,-1.5491,2016-04-15,5.45,10.13,1.66,12.86,87.62,1.75
Leeds,53.8008,-1.5491,2016-04-16,3.67,6.42,0.99,3.34,83.1,3.7
Leeds,53.8008,-1.5491,2016-04-17,4.83,10.07,-1.19,0.25,79.11,3.09
Leeds,53.8008,-1.5491,2016-04-18,7.24,11.67,3.2,0.28,83.19,4.87
Leeds,53.8008,-1.5491,2016-04-19,7.02,13.24,0.9,0.0,77.15,1.84
Leeds,53.8008,-1.5491,2016-04-20,7.57,14.85,0.55,0.0,78.65,1.6
Leeds,53.8008,-1.5491,2016-04-21,8.3,15.38,1.29,0.01,79.98,1.94
Leeds,53.8008,-1.5491,2016-04-22,6.45,11.14,1.25,0.04,77.38,2.58
Leeds,53.8008,-1.5491,2016-04-23,4.83,9.45,0.9,1.05,78.43,2.92
Leeds,53.8008,-1.5491,2016-04-24,4.89,9.21,-0.07,0.36,76.73,2.71
Leeds,53.8008,-1.5491,2016-04-25,5.67,9.01,2.02,0.85,75.46,4.59
Leeds,53.8008,-1.5491,2016-04-26,3.61,6.26,1.3,1.98,83.3,4.84
Leeds,53.8008,-1.5491,2016-04-27,3.65,6.18,0.48,2.42,82.24,2.65
Leeds,53.8008,-1.5491,2016-04-28,3.27,6.38,-0.75,7.01,87.14,3.18
Leeds,53.8008,-1.5491,2016-04-29,4.11,7.07,1.08,1.62,84.14,5.23
Leeds,53.8008,-1.5491,2016-04-30,5.63,9.96,0.56,0.53,79.66,2.46
Leeds,53.8008,-1.5491,2016-05-01,7.77,12.46,2.24,0.97,87.71,4.03
Leeds,53.8008,-1.5491,2016-05-02,10.01,13.07,5.16,2.62,82.73,4.94
Leeds,53.8008,-1.5491,2016-05-03,7.8,11.69,3.78,0.2,78.47,3.72
Leeds,53.8008,-1.5491,2016-05-04,9.95,15.94,2.81,0.0,75.62,3.0
Leeds,53.8008,-1.5491,2016-05-05,11.87,17.96,5.45,0.01,76.57,2.97
Leeds,53.8008,-1.5491,2016-05-06,11.21,17.21,6.34,0.03,81.85,1.82
Leeds,53.8008,-1.5491,2016-05-07,11.28,16.79,6.86,0.14,85.63,2.96
Leeds,53.8008,-1.5491,2016-05-08,13.9,21.58,7.48,0.07,80.39,2.74
Leeds,53.8008,-1.5491,2016-05-09,13.17,19.72,7.66,0.1,81.15,3.86
Leeds,53.8008,-1.5491,2016-05-10,12.1,17.55,8.89,2.34,87.12,3.68
Leeds,53.8008,-1.5491,2016-05-11,12.22,16.03,9.49,1.85,86.52,4.2
Leeds,53.8008,-1.5491,2016-05-12,12.63,18.2,8.21,0.09,83.06,4.52
Leeds,53.8008,-1.5491,2016-05-13,8.65,13.01,3.92,0.31,81.36,4.23
Leeds,53.8008,-1.5491,2016-05-14,7.81,12.39,3.51,0.06,71.06,2.82
Leeds,53.8008,-1.5491,2016-05-15,9.3,13.42,4.51,0.16,77.63,1.14
Leeds,53.8008,-1.5491,2016-05-16,10.49,14.4,5.67,0.07,79.59,1.88
Leeds,53.8008,-1.5491,2016-05-17,12.21,17.14,6.39,0.58,78.84,2.47
Leeds,53.8008,-1.5491,2016-05-18,11.83,14.33,8.43,2.65,85.46,2.47
Leeds,53.8008,-1.5491,2016-05-19,12.01,16.81,6.37,3.38,84.13,2.71
Leeds,53.8008,-1.5491,2016-05-20,12.95,16.26,9.02,2.35,81.06,3.4
Leeds,53.8008,-1.5491,2016-05-21,13.35,16.81,9.48,6.91,87.86,4.24
Leeds,53.8008,-1.5491,2016-05-22,12.14,16.43,7.6,0.49,79.39,2.3
Leeds,53.8008,-1.5491,2016-05-23,11.19,15.72,6.37,0.93,79.21,2.38
Leeds,53.8008,-1.5491,2016-05-24,9.98,15.3,4.11,0.18,75.3,3.1
Leeds,53.8008,-1.5491,2016-05-25,8.88,10.24,7.15,8.23,88.23,3.6
Leeds,53.8008,-1.5491,2016-05-26,11.46,14.74,8.56,1.62,88.96,1.18
Leeds,53.8008,-1.5491,2016-05-27,11.72,16.04,7.01,0.4,83.07,1.44
Leeds,53.8008,-1.5491,2016-05-28,11.25,16.77,6.02,0.01,78.64,1.46
Leeds,53.8008,-1.5491,2016-05-29,11.76,16.96,5.24,0.07,83.24,2.53
Leeds,53.8008,-1.5491,2016-05-30,12.23,16.51,7.85,0.28,82.41,4.52
Leeds,53.8008,-1.5491,2016-05-31,11.43,14.95,8.36,1.46,84.1,6.39
Leeds,53.8008,-1.5491,2016-06-01,10.95,13.25,8.68,1.42,89.78,5.84
Leeds,53.8008,-1.5491,2016-06-02,9.92,13.86,6.42,0.24,84.02,4.28
Leeds,53.8008,-1.5491,2016-06-03,11.36,16.21,5.77,0.58,84.87,2.64
Leeds,53.8008,-1.5491,2016-06-04,14.44,20.06,9.03,0.04,83.14,2.61
Leeds,53.8008,-1.5491,2016-06-05,13.66,20.07,7.96,0.05,79.56,1.97
Leeds,53.8008,-1.5491,2016-06-06,14.98,22.05,8.19,0.14,76.1,1.32
Leeds,53.8008,-1.5491,2016-06-07,17.51,23.46,8.95,0.96,75.57,0.88
Leeds,53.8008,-1.5491,2016-06-08,15.02,19.59,9.56,0.71,81.84,1.98
Leeds,53.8008,-1.5491,2016-06-09,15.19,21.34,8.15,1.54,83.12,1.42
Leeds,53.8008,-1.5491,2016-06-10,14.9,18.24,11.16,8.27,90.11,1.56
Leeds,53.8008,-1.5491,2016-06-11,13.83,17.46,10.56,5.9,89.18,1.9
Leeds,53.8008,-1.5491,2016-06-12,15.02,18.74,11.38,5.41,87.42,0.85
Leeds,53.8008,-1.5491,2016-06-13,13.94,16.42,11.52,3.92,89.06,1.28
Leeds,53.8008,-1.5491,2016-06-14,13.22,16.09,9.98,4.13,87.3,1.74
Leeds,53.8008,-1.5491,2016-06-15,13.52,16.85,9.44,7.21,89.38,1.97
Leeds,53.8008,-1.5491,2016-06-16,13.72,17.18,10.21,3.57,86.64,1.93
Leeds,53.8008,-1.5491,2016-06-17,12.36,15.13,10.13,3.53,86.57,2.74
Leeds,53.8008,-1.5491,2016-06-18,13.32,17.74,9.31,0.27,78.42,2.58
Leeds,53.8008,-1.5491,2016-06-19,14.6,18.5,8.45,7.79,84.48,2.93
Leeds,53.8008,-1.5491,2016-06-20,15.6,18.75,10.52,1.19,83.48,3.67
Leeds,53.8008,-1.5491,2016-06-21,15.45,20.17,9.16,0.18,79.16,1.96
Leeds,53.8008,-1.5491,2016-06-22,16.37,21.02,10.28,1.34,82.52,2.26
Leeds,53.8008,-1.5491,2016-06-23,17.25,22.17,11.58,0.99,78.76,0.92
Leeds,53.8008,-1.5491,2016-06-24,14.61,18.73,9.92,1.87,80.16,2.49
Leeds,53.8008,-1.5491,2016-06-25,13.76,17.55,8.14,2.94,80.66,1.33
Leeds,53.8008,-1.5491,2016-06-26,14.26,18.07,9.05,4.64,84.07,2.97
Leeds,53.8008,-1.5491,2016-06-27,13.86,17.22,10.65,0.31,77.46,4.03
Leeds,53.8008,-1.5491,2016-06-28,12.7,16.42,7.87,6.5,85.62,1.94
Leeds,53.8008,-1.5491,2016-06-29,11.99,16.46,8.24,8.18,88.78,3.85
Leeds,53.8008,-1.5491,2016-06-30,13.32,17.59,8.41,4.11,81.15,2.99
Leeds,53.8008,-1.5491,2016-07-01,13.29,17.15,8.79,1.71,78.85,4.15
Leeds,53.8008,-1.5491,2016-07-02,11.66,15.23,7.39,1.32,82.11,4.64
Leeds,53.8008,-1.5491,2016-07-03,12.88,17.68,7.78,0.08,75.96,3.35
Leeds,53.8008,-1.5491,2016-07-04,14.7,19.99,7.32,4.73,79.27,2.76
Leeds,53.8008,-1.5491,2016-07-05,14.33,18.21,9.63,0.8,78.7,4.01
Leeds,53.8008,-1.5491,2016-07-06,13.34,17.32,8.0,0.14,81.13,2.28
Leeds,53.8008,-1.5491,2016-07-07,15.62,18.74,12.03,1.97,88.21,3.22
Leeds,53.8008,-1.5491,2016-07-08,15.8,18.74,12.02,1.74,82.2,4.27
Leeds,53.8008,-1.5491,2016-07-09,16.83,21.03,12.17,6.86,91.36,3.89
Leeds,53.8008,-1.5491,2016-07-10,17.41,20.93,13.69,2.15,82.18,4.02
Leeds,53.8008,-1.5491,2016-07-11,15.55,19.5,11.34,3.8,83.87,4.91
Leeds,53.8008,-1.5491,2016-07-12,13.94,17.83,9.1,1.12,79.15,2.43
Leeds,53.8008,-1.5491,2016-07-13,13.14,17.34,8.56,0.62,77.16,3.07
Leeds,53.8008,-1.5491,2016-07-14,13.8,17.8,8.19,0.25,79.86,2.4
Leeds,53.8008,-1.5491,2016-07-15,15.78,20.44,9.13,0.98,85.18,3.53
Leeds,53.8008,-1.5491,2016-07-16,16.67,19.74,12.7,0.29,82.46,3.77
Leeds,53.8008,-1.5491,2016-07-17,16.19,21.25,11.88,0.02,80.27,3.0
Leeds,53.8008,-1.5491,2016-07-18,19.95,24.84,11.78,0.61,80.03,2.09
Leeds,53.8008,-1.5491,2016-07-19,22.03,27.06,16.83,0.05,76.81,2.55
Leeds,53.8008,-1.5491,2016-07-20,19.48,25.54,15.32,0.85,85.1,2.66
Leeds,53.8008,-1.5491,2016-07-21,17.87,21.32,14.42,0.34,78.27,1.99
Leeds,53.8008,-1.5491,2016-07-22,18.82,22.57,14.37,1.63,80.63,1.27
Leeds,53.8008,-1.5491,2016-07-23,18.83,22.33,14.72,0.63,80.01,1.21
Leeds,53.8008,-1.5491,2016-07-24,18.25,21.27,15.02,1.43,82.82,2.02
Leeds,53.8008,-1.5491,2016-07-25,14.9,18.12,10.89,0.15,80.67,3.32
Leeds,53.8008,-1.5491,2016-07-26,15.66,19.56,10.18,2.58,82.19,2.73
Leeds,53.8008,-1.5491,2016-07-27,16.57,20.45,11.39,3.4,79.49,3.35
Leeds,53.8008,-1.5491,2016-07-28,14.2,17.58,9.26,4.12,87.31,1.96
Leeds,53.8008,-1.5491,2016-07-29,16.02,19.71,12.52,7.84,87.13,1.86
Leeds,53.8008,-1.5491,2016-07-30,14.82,18.82,11.04,1.93,81.46,2.63
Leeds,53.8008,-1.5491,2016-07-31,13.67,18.71,9.11,0.16,78.77,3.09
Leeds,53.8008,-1.5491,2016-08-01,14.36,19.3,8.83,0.54,81.24,2.24
Leeds,53.8008,-1.5491,2016-08-02,15.51,19.05,10.64,2.24,91.08,2.58
Leeds,53.8008,-1.5491,2016-08-03,17.41,20.83,14.27,1.65,80.65,5.26
Leeds,53.8008,-1.5491,2016-08-04,16.4,19.76,12.96,2.73,82.0,4.5
Leeds,53.8008,-1.5491,2016-08-05,14.85,19.38,10.41,0.26,80.92,2.04
Leeds,53.8008,-1.5491,2016-08-06,16.92,21.99,10.16,0.08,77.84,2.71
Leeds,53.8008,-1.5491,2016-08-07,17.48,20.05,13.66,0.51,75.8,5.97
Leeds,53.8008,-1.5491,2016-08-08,14.0,17.47,9.8,0.41,72.76,5.26
Leeds,53.8008,-1.5491,2016-08-09,12.16,16.17,7.11,2.59,82.68,2.85
Leeds,53.8008,-1.5491,2016-08-10,12.75,16.59,8.49,2.59,80.55,2.14
Leeds,53.8008,-1.5491,2016-08-11,15.86,20.03,11.99,5.09,87.48,5.21
Leeds,53.8008,-1.5491,2016-08-12,16.84,20.16,13.98,0.17,78.79,5.01
Leeds,53.8008,-1.5491,2016-08-13,15.72,19.1,12.29,0.49,80.96,4.09
Leeds,53.8008,-1.5491,2016-08-14,15.55,19.48,10.66,0.31,82.69,1.76
Leeds,53.8008,-1.5491,2016-08-15,16.17,21.7,11.4,0.13,82.3,1.74
Leeds,53.8008,-1.5491,2016-08-16,14.67,19.92,9.33,0.04,82.04,2.21
Leeds,53.8008,-1.5491,2016-08-17,15.19,20.48,8.71,0.1,83.89,2.47
Leeds,53.8008,-1.5491,2016-08-18,16.03,20.63,12.13,0.26,84.98,2.58
Leeds,53.8008,-1.5491,2016-08-19,14.65,17.85,11.8,9.36,94.57,3.42
Leeds,53.8008,-1.5491,2016-08-20,15.6,18.98,12.11,4.11,85.89,5.93
Leeds,53.8008,-1.5491,2016-08-21,16.38,19.86,13.82,5.68,82.24,4.33
Leeds,53.8008,-1.5491,2016-08-22,18.03,23.1,13.75,3.81,87.53,3.61
Leeds,53.8008,-1.5491,2016-08-23,18.89,24.51,13.32,0.38,83.84,2.25
Leeds,53.8008,-1.5491,2016-08-24,17.75,22.19,13.72,2.47,83.06,1.92
Leeds,53.8008,-1.5491,2016-08-25,16.77,21.1,12.73,28.08,91.55,1.76
Leeds,53.8008,-1.5491,2016-08-26,15.62,19.93,11.05,0.13,81.38,2.79
Leeds,53.8008,-1.5491,2016-08-27,14.71,20.04,10.53,22.36,86.52,2.39
Leeds,53.8008,-1.5491,2016-08-28,14.8,18.33,10.96,4.46,89.41,2.31
Leeds,53.8008,-1.5491,2016-08-29,14.44,19.43,9.33,0.03,81.66,2.33
Leeds,53.8008,-1.5491,2016-08-30,16.43,21.93,10.81,0.02,85.04,2.42
Leeds,53.8008,-1.5491,2016-08-31,15.66,20.88,12.12,0.29,85.23,3.22
Leeds,53.8008,-1.5491,2016-09-01,14.18,18.26,9.17,0.41,83.04,2.47
Leeds,53.8008,-1.5491,2016-09-02,14.73,17.58,11.21,0.44,85.44,3.06
Leeds,53.8008,-1.5491,2016-09-03,13.88,15.45,10.47,14.29,93.92,2.82
Leeds,53.8008,-1.5491,2016-09-04,15.05,18.64,11.54,0.65,85.87,3.42
Leeds,53.8008,-1.5491,2016-09-05,16.11,21.14,10.66,0.52,91.37,2.2
Leeds,53.8008,-1.5491,2016-09-06,19.49,24.35,15.49,0.13,87.95,2.4
Leeds,53.8008,-1.5491,2016-09-07,19.03,23.15,15.26,0.42,88.03,1.9
Leeds,53.8008,-1.5491,2016-09-08,16.44,19.73,12.7,0.25,82.9,3.74
Leeds,53.8008,-1.5491,2016-09-09,16.65,21.28,12.11,1.95,83.15,5.39
Leeds,53.8008,-1.5491,2016-09-10,13.26,15.8,9.25,3.05,85.99,1.8
Leeds,53.8008,-1.5491,2016-09-11,13.33,18.35,8.32,0.03,81.82,3.16
Leeds,53.8008,-1.5491,2016-09-12,16.34,22.24,9.4,0.13,87.17,4.09
Leeds,53.8008,-1.5491,2016-09-13,18.99,25.9,13.77,0.55,88.24,1.93
Leeds,53.8008,-1.5491,2016-09-14,17.98,22.93,15.15,0.87,89.95,2.86
Leeds,53.8008,-1.5491,2016-09-15,18.45,24.17,14.73,0.24,89.37,0.82
Leeds,53.8008,-1.5491,2016-09-16,14.45,16.36,11.15,8.37,87.28,3.77
Leeds,53.8008,-1.5491,2016-09-17,13.57,17.96,10.64,0.03,82.95,3.04
Leeds,53.8008,-1.5491,2016-09-18,13.49,19.25,8.36,0.07,85.58,1.45
Leeds,53.8008,-1.5491,2016-09-19,13.26,16.02,11.5,1.33,90.96,1.98
Leeds,53.8008,-1.5491,2016-09-20,13.99,17.54,11.37,1.95,89.76,1.5
Leeds,53.8008,-1.5491,2016-09-21,13.94,18.76,7.91,1.16,87.35,2.74
Leeds,53.8008,-1.5491,2016-09-22,12.88,17.08,7.65,0.36,83.55,2.48
Leeds,53.8008,-1.5491,2016-09-23,12.0,16.64,7.26,0.07,83.0,3.04
Leeds,53.8008,-1.5491,2016-09-24,14.42,18.96,8.79,0.37,81.85,5.33
Leeds,53.8008,-1.5491,2016-09-25,13.63,16.32,8.65,6.64,83.13,4.0
Leeds,53.8008,-1.5491,2016-09-26,11.15,14.15,7.6,2.57,90.89,3.2
Leeds,53.8008,-1.5491,2016-09-27,13.24,18.57,9.91,0.75,89.76,4.57
Leeds,53.8008,-1.5491,2016-09-28,16.17,20.01,11.86,0.34,88.46,5.27
Leeds,53.8008,-1.5491,2016-09-29,13.19,16.62,8.68,0.89,80.47,6.02
Leeds,53.8008,-1.5491,2016-09-30,10.38,14.44,7.36,0.92,87.07,2.83
Leeds,53.8008,-1.5491,2016-10-01,9.7,13.22,7.34,1.69,90.04,1.84
Leeds,53.8008,-1.5491,2016-10-02,9.74,14.74,6.58,0.16,86.17,2.29
Leeds,53.8008,-1.5491,2016-10-03,9.27,14.86,5.65,0.13,87.78,1.63
Leeds,53.8008,-1.5491,2016-10-04,12.18,16.38,8.2,0.22,88.65,3.69
Leeds,53.8008,-1.5491,2016-10-05,11.02,14.5,7.02,0.02,81.03,4.08
Leeds,53.8008,-1.5491,2016-10-06,10.52,14.13,6.99,0.08,78.04,3.55
Leeds,53.8008,-1.5491,2016-10-07,11.51,14.22,9.7,1.39,89.9,2.72
Leeds,53.8008,-1.5491,2016-10-08,10.23,14.01,6.54,0.37,85.78,1.97
Leeds,53.8008,-1.5491,2016-10-09,8.88,13.17,4.99,1.0,87.44,1.96
Leeds,53.8008,-1.5491,2016-10-10,7.62,10.76,4.36,0.9,92.15,2.49
Leeds,53.8008,-1.5491,2016-10-11,9.49,13.47,5.82,2.29,92.09,2.92
Leeds,53.8008,-1.5491,2016-10-12,9.48,12.95,6.8,1.8,90.16,3.16
Leeds,53.8008,-1.5491,2016-10-13,8.96,11.35,7.12,5.03,89.71,3.21
Leeds,53.8008,-1.5491,2016-10-14,9.24,12.48,6.76,2.58,89.99,2.56
Leeds,53.8008,-1.5491,2016-10-15,10.5,14.34,8.36,0.71,92.05,1.85
Leeds,53.8008,-1.5491,2016-10-16,9.6,15.11,6.91,4.01,93.15,3.49
Leeds,53.8008,-1.5491,2016-10-17,10.06,14.32,7.69,1.13,92.39,3.85
Leeds,53.8008,-1.5491,2016-10-18,8.0,10.24,6.38,4.53,90.86,4.22
Leeds,53.8008,-1.5491,2016-10-19,8.91,12.51,6.62,0.76,90.67,4.0
Leeds,53.8008,-1.5491,2016-10-20,8.74,12.76,6.29,0.94,92.69,2.41
Leeds,53.8008,-1.5491,2016-10-21,7.6,11.77,4.75,0.45,94.23,1.57
Leeds,53.8008,-1.5491,2016-10-22,7.92,11.35,5.0,0.88,90.22,2.37
Leeds,53.8008,-1.5491,2016-10-23,7.65,10.38,5.65,0.83,87.99,3.24
Leeds,53.8008,-1.5491,2016-10-24,7.57,12.03,4.84,0.23,91.02,1.83
Leeds,53.8008,-1.5491,2016-10-25,7.88,12.78,4.85,0.1,91.4,1.64
Leeds,53.8008,-1.5491,2016-10-26,10.66,14.86,7.45,0.22,92.05,3.21
Leeds,53.8008,-1.5491,2016-10-27,11.3,13.33,8.39,0.31,91.88,4.33
Leeds,53.8008,-1.5491,2016-10-28,10.72,14.07,6.42,0.13,89.09,2.31
Leeds,53.8008,-1.5491,2016-10-29,10.53,15.19,6.36,0.21,95.54,1.29
Leeds,53.8008,-1.5491,2016-10-30,10.04,12.74,8.12,0.11,94.3,1.11
Leeds,53.8008,-1.5491,2016-10-31,9.49,14.82,6.44,0.08,95.45,1.29
Leeds,53.8008,-1.5491,2016-11-01,7.07,10.0,2.19,0.58,89.02,2.48
Leeds,53.8008,-1.5491,2016-11-02,4.18,9.21,1.74,0.06,92.15,2.69
Leeds,53.8008,-1.5491,2016-11-03,4.6,6.78,2.31,0.36,96.59,2.42
Leeds,53.8008,-1.5491,2016-11-04,5.56,8.72,3.18,1.14,94.19,2.21
Leeds,53.8008,-1.5491,2016-11-05,4.48,7.24,2.23,1.56,89.14,4.91
Leeds,53.8008,-1.5491,2016-11-06,4.03,6.38,2.0,3.66,93.26,4.68
Leeds,53.8008,-1.5491,2016-11-07,3.25,6.22,1.15,1.49,93.96,2.86
Leeds,53.8008,-1.5491,2016-11-08,1.8,5.61,-1.78,2.37,90.9,1.75
Leeds,53.8008,-1.5491,2016-11-09,0.97,3.18,-0.99,9.53,97.08,1.6
Leeds,53.8008,-1.5491,2016-11-10,4.09,6.96,-0.73,2.83,95.56,3.15
Leeds,53.8008,-1.5491,2016-11-11,5.21,7.55,3.67,0.22,87.22,2.4
Leeds,53.8008,-1.5491,2016-11-12,6.07,9.98,3.56,10.7,97.03,3.51
Leeds,53.8008,-1.5491,2016-11-13,5.67,7.82,3.56,2.09,95.92,2.41
Leeds,53.8008,-1.5491,2016-11-14,10.52,13.91,7.85,0.84,95.71,3.68
Leeds,53.8008,-1.5491,2016-11-15,9.83,12.28,5.65,0.28,95.49,2.57
Leeds,53.8008,-1.5491,2016-11-16,6.95,10.0,3.93,0.61,89.4,4.32
Leeds,53.8008,-1.5491,2016-11-17,4.15,6.07,2.88,4.14,95.57,4.3
Leeds,53.8008,-1.5491,2016-11-18,3.0,5.1,2.04,1.92,95.19,3.63
Leeds,53.8008,-1.5491,2016-11-19,2.31,5.12,0.64,0.91,96.55,2.41
Leeds,53.8008,-1.5491,2016-11-20,2.51,5.48,-0.47,4.27,95.88,3.33
Leeds,53.8008,-1.5491,2016-11-21,4.15,6.7,0.87,25.12,96.24,3.91
Leeds,53.8008,-1.5491,2016-11-22,6.07,7.48,4.79,6.99,96.13,1.89
Leeds,53.8008,-1.5491,2016-11-23,4.92,7.65,1.57,0.39,94.63,2.3
Leeds,53.8008,-1.5491,2016-11-24,1.98,6.56,-0.27,0.0,96.08,1.77
Leeds,53.8008,-1.5491,2016-11-25,2.58,7.08,-0.44,0.01,95.73,1.2
Leeds,53.8008,-1.5491,2016-11-26,2.4,5.46,-0.37,0.23,97.78,1.17
Leeds,53.8008,-1.5491,2016-11-27,4.61,7.6,1.31,0.09,93.78,1.89
Leeds,53.8008,-1.5491,2016-11-28,2.56,7.01,-0.55,0.03,94.4,1.31
Leeds,53.8008,-1.5491,2016-11-29,-0.72,2.78,-2.51,0.01,96.62,1.73
Leeds,53.8008,-1.5491,2016-11-30,3.45,7.0,0.58,0.05,98.74,2.78
Leeds,53.8008,-1.5491,2016-12-01,5.36,7.78,3.85,0.17,98.15,3.36
Leeds,53.8008,-1.5491,2016-12-02,4.45,6.88,3.06,0.68,97.92,1.71
Leeds,53.8008,-1.5491,2016-12-03,2.75,5.65,0.05,0.12,88.42,1.03
Leeds,53.8008,-1.5491,2016-12-04,0.65,5.41,-1.32,0.02,95.2,1.69
Leeds,53.8008,-1.5491,2016-12-05,0.39,2.91,-1.02,0.09,99.04,1.27
Leeds,53.8008,-1.5491,2016-12-06,2.01,4.78,-0.14,1.31,98.32,2.36
Leeds,53.8008,-1.5491,2016-12-07,8.55,11.34,5.44,0.55,96.86,4.44
Leeds,53.8008,-1.5491,2016-12-08,8.88,12.31,4.18,6.78,97.58,2.67
Leeds,53.8008,-1.5491,2016-12-09,9.04,11.08,4.06,4.16,96.96,3.22
Leeds,53.8008,-1.5491,2016-12-10,7.65,9.61,5.74,0.51,97.47,2.24
Leeds,53.8008,-1.5491,2016-12-11,6.78,8.52,5.25,0.3,95.79,3.22
Leeds,53.8008,-1.5491,2016-12-12,5.01,6.23,3.59,1.14,98.6,1.63
Leeds,53.8008,-1.5491,2016-12-13,6.45,7.79,5.43,3.86,97.93,1.42
Leeds,53.8008,-1.5491,2016-12-14,7.02,9.13,5.26,0.49,98.61,2.63
Leeds,53.8008,-1.5491,2016-12-15,6.5,7.83,5.26,1.01,97.56,3.29
Leeds,53.8008,-1.5491,2016-12-16,6.64,7.4,5.81,0.56,97.52,2.03
Leeds,53.8008,-1.5491,2016-12-17,4.29,6.05,2.94,0.12,97.74,2.33
Leeds,53.8008,-1.5491,2016-12-18,4.86,6.5,3.73,0.22,97.45,2.4
Leeds,53.8008,-1.5491,2016-12-19,5.93,7.51,5.12,0.39,98.13,0.89
Leeds,53.8008,-1.5491,2016-12-20,3.31,4.87,1.66,0.35,95.77,3.86
Leeds,53.8008,-1.5491,2016-12-21,4.22,6.68,1.91,1.22,94.92,3.79
Leeds,53.8008,-1.5491,2016-12-22,3.28,6.79,0.4,0.23,94.5,4.37
Leeds,53.8008,-1.5491,2016-12-23,5.55,9.34,3.14,2.52,92.53,6.04
Leeds,53.8008,-1.5491,2016-12-24,6.68,8.29,4.81,2.27,86.14,6.78
Leeds,53.8008,-1.5491,2016-12-25,10.16,12.06,6.41,0.95,89.85,7.03
Leeds,53.8008,-1.5491,2016-12-26,4.72,6.03,3.04,0.11,81.44,6.34
Leeds,53.8008,-1.5491,2016-12-27,2.13,6.07,-1.36,0.01,97.52,2.27
Leeds,53.8008,-1.5491,2016-12-28,0.9,2.9,-0.87,0.26,96.94,2.32
Leeds,53.8008,-1.5491,2016-12-29,1.99,3.57,0.51,0.11,97.08,2.74
Leeds,53.8008,-1.5491,2016-12-30,4.99,7.45,2.58,0.26,98.02,3.63
Leeds,53.8008,-1.5491,2016-12-31,7.37,9.35,5.88,0.58,95.6,4.53
Leeds,53.8008,-1.5491,2017-01-01,3.83,5.8,2.05,9.7,92.56,3.82
Leeds,53.8008,-1.5491,2017-01-02,0.7,2.64,-0.85,0.18,94.18,3.24
Leeds,53.8008,-1.5491,2017-01-03,4.59,6.8,0.08,0.58,94.55,4.96
Leeds,53.8008,-1.5491,2017-01-04,2.84,6.78,0.25,0.16,88.89,3.59
Leeds,53.8008,-1.5491,2017-01-05,0.21,3.98,-1.35,0.04,94.25,1.42
Leeds,53.8008,-1.5491,2017-01-06,1.66,4.45,-1.36,2.1,96.66,3.68
Leeds,53.8008,-1.5491,2017-01-07,4.75,5.85,3.72,0.38,98.94,2.05
Leeds,53.8008,-1.5491,2017-01-08,5.8,7.6,4.68,0.34,99.06,2.05
Leeds,53.8008,-1.5491,2017-01-09,5.18,7.57,3.01,1.89,95.41,4.03
Leeds,53.8008,-1.5491,2017-01-10,5.63,7.59,3.67,0.31,94.42,4.32
Leeds,53.8008,-1.5491,2017-01-11,5.76,9.53,3.38,0.16,78.2,8.24
Leeds,53.8008,-1.5491,2017-01-12,1.55,3.3,-1.21,0.58,89.37,4.22
Leeds,53.8008,-1.5491,2017-01-13,0.57,3.7,-1.85,0.95,86.66,5.41
Leeds,53.8008,-1.5491,2017-01-14,0.69,3.3,-1.22,0.23,94.09,3.36
Leeds,53.8008,-1.5491,2017-01-15,5.28,8.1,0.67,6.87,96.97,2.82
Leeds,53.8008,-1.5491,2017-01-16,4.94,5.97,3.51,4.15,97.7,1.08
Leeds,53.8008,-1.5491,2017-01-17,3.94,5.17,2.32,1.67,97.09,2.26
Leeds,53.8008,-1.5491,2017-01-18,5.74,7.72,4.18,0.43,98.1,1.37
Leeds,53.8008,-1.5491,2017-01-19,5.16,7.79,3.84,0.28,94.72,1.08
Leeds,53.8008,-1.5491,2017-01-20,2.5,5.48,-0.73,0.21,96.64,1.05
Leeds,53.8008,-1.5491,2017-01-21,2.02,4.32,0.34,0.55,97.51,1.6
Leeds,53.8008,-1.5491,2017-01-22,-0.9,1.67,-2.99,0.41,97.74,1.73
Leeds,53.8008,-1.5491,2017-01-23,-0.17,4.04,-2.07,0.07,97.15,1.56
Leeds,53.8008,-1.5491,2017-01-24,1.91,4.11,-0.65,0.26,98.33,2.65
Leeds,53.8008,-1.5491,2017-01-25,2.12,4.89,0.2,0.22,97.0,3.42
Leeds,53.8008,-1.5491,2017-01-26,-1.62,0.28,-3.22,0.3,92.14,4.07
Leeds,53.8008,-1.5491,2017-01-27,-0.23,2.66,-3.26,1.97,95.71,3.42
Leeds,53.8008,-1.5491,2017-01-28,2.28,5.29,0.73,3.09,96.61,3.37
Leeds,53.8008,-1.5491,2017-01-29,1.97,5.71,0.43,1.23,95.22,2.26
Leeds,53.8008,-1.5491,2017-01-30,3.96,7.07,1.87,0.38,94.47,2.43
Leeds,53.8008,-1.5491,2017-01-31,3.6,4.78,2.81,5.51,96.15,4.8
Leeds,53.8008,-1.5491,2017-02-01,6.36,8.7,4.96,6.71,96.91,3.22
Leeds,53.8008,-1.5491,2017-02-02,8.59,10.03,7.2,0.86,94.33,6.08
Leeds,53.8008,-1.5491,2017-02-03,6.36,8.94,4.41,2.55,90.31,5.05
Leeds,53.8008,-1.5491,2017-02-04,2.73,6.67,-1.3,1.86,91.66,3.16
Leeds,53.8008,-1.5491,2017-02-05,2.72,5.55,0.78,0.75,95.26,1.75
Leeds,53.8008,-1.5491,2017-02-06,2.16,5.87,-0.61,4.17,94.45,2.99
Leeds,53.8008,-1.5491,2017-02-07,3.66,7.49,1.26,4.84,94.18,2.07
Leeds,53.8008,-1.5491,2017-02-08,1.27,3.96,-2.22,0.77,93.12,2.07
Leeds,53.8008,-1.5491,2017-02-09,0.07,2.73,-1.92,0.37,86.7,2.5
Leeds,53.8008,-1.5491,2017-02-10,0.39,2.9,-1.62,0.65,86.4,3.04
Leeds,53.8008,-1.5491,2017-02-11,2.21,3.67,0.22,4.44,93.91,4.15
Leeds,53.8008,-1.5491,2017-02-12,2.22,3.21,0.96,3.7,90.33,5.95
Leeds,53.8008,-1.5491,2017-02-13,3.51,7.04,1.68,0.06,91.73,5.02
Leeds,53.8008,-1.5491,2017-02-14,4.11,7.43,1.6,0.18,92.1,3.56
Leeds,53.8008,-1.5491,2017-02-15,6.43,10.1,4.02,2.42,97.06,2.37
Leeds,53.8008,-1.5491,2017-02-16,6.41,10.02,3.44,0.68,91.75,4.67
Leeds,53.8008,-1.5491,2017-02-17,6.14,10.57,2.78,0.16,95.0,1.46
Leeds,53.8008,-1.5491,2017-02-18,6.97,10.54,4.06,0.3,93.71,3.7
Leeds,53.8008,-1.5491,2017-02-19,7.76,10.2,4.59,0.5,92.16,4.14
Leeds,53.8008,-1.5491,2017-02-20,9.57,13.14,6.04,0.52,90.65,5.5
Leeds,53.8008,-1.5491,2017-02-21,7.74,10.41,3.75,1.28,90.79,5.26
Leeds,53.8008,-1.5491,2017-02-22,6.7,10.21,4.21,3.27,85.55,5.67
Leeds,53.8008,-1.5491,2017-02-23,5.31,8.55,2.16,8.04,89.4,6.44
Leeds,53.8008,-1.5491,2017-02-24,3.82,7.53,0.75,1.45,85.53,3.31
Leeds,53.8008,-1.5491,2017-02-25,7.16,9.53,3.83,3.8,93.26,5.67
Leeds,53.8008,-1.5491,2017-02-26,7.73,10.46,4.69,0.92,89.53,5.31
Leeds,53.8008,-1.5491,2017-02-27,3.66,7.29,-0.14,4.21,94.35,3.67
Leeds,53.8008,-1.5491,2017-02-28,2.76,6.64,-0.15,0.85,88.32,2.71
Leeds,53.8008,-1.5491,2017-03-01,2.95,7.63,-1.17,0.49,88.71,2.97
Leeds,53.8008,-1.5491,2017-03-02,3.87,7.69,1.21,2.44,86.72,3.88
Leeds,53.8008,-1.5491,2017-03-03,4.09,6.36,2.44,11.48,95.65,3.18
Leeds,53.8008,-1.5491,2017-03-04,5.83,9.45,2.78,2.9,90.96,2.33
Leeds,53.8008,-1.5491,2017-03-05,4.83,7.97,2.77,2.83,91.7,3.41
Leeds,53.8008,-1.5491,2017-03-06,4.84,8.79,2.15,0.98,90.69,2.55
Leeds,53.8008,-1.5491,2017-03-07,4.82,9.51,0.99,2.06,86.69,2.65
Leeds,53.8008,-1.5491,2017-03-08,7.3,11.39,4.64,1.33,87.75,4.1
Leeds,53.8008,-1.5491,2017-03-09,6.99,10.87,4.2,0.15,85.93,4.01
Leeds,53.8008,-1.5491,2017-03-10,6.32,9.59,2.87,0.68,94.93,2.3
Leeds,53.8008,-1.5491,2017-03-11,8.64,11.22,6.64,2.09,94.78,2.05
Leeds,53.8008,-1.5491,2017-03-12,8.08,11.84,4.5,1.23,94.32,2.21
Leeds,53.8008,-1.5491,2017-03-13,7.0,11.59,3.34,0.04,89.54,3.61
Leeds,53.8008,-1.5491,2017-03-14,9.15,14.13,4.93,0.21,89.66,4.7
Leeds,53.8008,-1.5491,2017-03-15,7.62,12.83,2.8,0.0,85.27,2.42
Leeds,53.8008,-1.5491,2017-03-16,7.5,11.54,2.24,0.47,89.91,4.19
Leeds,53.8008,-1.5491,2017-03-17,6.38,9.74,2.91,2.24,87.72,6.34
Leeds,53.8008,-1.5491,2017-03-18,10.16,12.88,8.37,1.86,87.86,5.14
Leeds,53.8008,-1.5491,2017-03-19,10.45,13.39,7.21,1.01,89.62,5.77
Leeds,53.8008,-1.5491,2017-03-20,7.82,10.04,4.38,4.6,84.94,4.57
Leeds,53.8008,-1.5491,2017-03-21,3.97,6.68,1.67,3.02,82.28,4.71
Leeds,53.8008,-1.5491,2017-03-22,4.78,8.03,1.67,13.26,91.98,3.62
Leeds,53.8008,-1.5491,2017-03-23,5.99,9.97,1.78,0.98,85.69,3.95
Leeds,53.8008,-1.5491,2017-03-24,4.99,11.32,0.46,0.02,82.5,2.35
Leeds,53.8008,-1.5491,2017-03-25,6.4,14.7,-0.06,0.03,74.28,1.09
Leeds,53.8008,-1.5491,2017-03-26,6.29,13.71,0.62,0.01,83.12,2.06
Leeds,53.8008,-1.5491,2017-03-27,6.39,11.15,3.54,0.18,89.28,1.84
Leeds,53.8008,-1.5491,2017-03-28,7.72,13.85,4.16,0.57,90.25,2.36
Leeds,53.8008,-1.5491,2017-03-29,10.51,14.48,5.79,4.12,92.92,3.04
Leeds,53.8008,-1.5491,2017-03-30,13.12,17.75,9.8,0.56,83.85,4.75
Leeds,53.8008,-1.5491,2017-03-31,11.42,15.69,7.31,0.64,83.98,3.94
Leeds,53.8008,-1.5491,2017-04-01,8.4,12.15,5.96,1.3,91.15,2.75
Leeds,53.8008,-1.5491,2017-04-02,8.13,13.14,3.87,0.16,83.42,1.83
Leeds,53.8008,-1.5491,2017-04-03,9.26,15.25,3.27,0.04,80.59,3.43
Leeds,53.8008,-1.5491,2017-04-04,9.22,13.68,4.39,0.03,80.69,2.99
Leeds,53.8008,-1.5491,2017-04-05,8.28,13.29,3.98,0.03,82.53,3.51
Leeds,53.8008,-1.5491,2017-04-06,7.98,13.0,2.99,0.03,85.58,2.85
Leeds,53.8008,-1.5491,2017-04-07,8.12,13.17,2.83,0.04,83.8,2.35
Leeds,53.8008,-1.5491,2017-04-08,9.11,17.47,1.37,0.0,82.25,1.62
Leeds,53.8008,-1.5491,2017-04-09,11.21,19.59,5.17,0.03,84.12,3.81
Leeds,53.8008,-1.5491,2017-04-10,8.32,12.59,4.09,0.25,79.14,3.67
Leeds,53.8008,-1.5491,2017-04-11,8.0,12.07,2.96,0.01,82.4,4.73
Leeds,53.8008,-1.5491,2017-04-12,8.89,12.86,4.37,1.45,82.03,5.54
Leeds,53.8008,-1.5491,2017-04-13,7.44,12.27,3.36,0.26,81.89,3.75
Leeds,53.8008,-1.5491,2017-04-14,8.61,13.24,4.58,1.84,86.6,3.73
Leeds,53.8008,-1.5491,2017-04-15,7.06,10.82,3.52,0.16,77.36,4.6
Leeds,53.8008,-1.5491,2017-04-16,6.54,9.75,3.23,3.64,87.61,2.65
Leeds,53.8008,-1.5491,2017-04-17,6.33,10.73,1.86,0.48,77.7,1.82
Leeds,53.8008,-1.5491,2017-04-18,5.06,9.94,-0.48,0.0,77.18,2.17
Leeds,53.8008,-1.5491,2017-04-19,6.12,9.18,1.5,0.5,86.2,2.01
Leeds,53.8008,-1.5491,2017-04-20,10.57,14.59,7.34,0.55,86.34,3.06
Leeds,53.8008,-1.5491,2017-04-21,9.93,14.07,6.06,0.58,86.58,3.81
Leeds,53.8008,-1.5491,2017-04-22,7.91,12.22,4.28,0.2,77.79,2.03
Leeds,53.8008,-1.5491,2017-04-23,7.9,14.17,2.2,0.02,77.5,2.62
Leeds,53.8008,-1.5491,2017-04-24,7.03,11.09,0.81,0.62,74.92,4.57
Leeds,53.8008,-1.5491,2017-04-25,3.49,7.26,-0.94,1.9,81.77,4.84
Leeds,53.8008,-1.5491,2017-04-26,4.19,7.34,1.26,1.12,79.02,3.39
Leeds,53.8008,-1.5491,2017-04-27,6.69,11.37,1.24,2.75,85.37,2.95
Leeds,53.8008,-1.5491,2017-04-28,7.17,12.21,1.19,0.55,80.45,1.56
Leeds,53.8008,-1.5491,2017-04-29,9.6,14.02,5.78,0.52,77.92,2.48
Leeds,53.8008,-1.5491,2017-04-30,9.52,13.93,5.93,0.01,77.02,5.11
Leeds,53.8008,-1.5491,2017-05-01,9.74,13.35,6.45,0.44,84.05,3.51
Leeds,53.8008,-1.5491,2017-05-02,9.64,14.37,5.97,0.18,83.79,3.08
Leeds,53.8008,-1.5491,2017-05-03,9.51,13.68,5.28,0.02,75.02,4.79
Leeds,53.8008,-1.5491,2017-05-04,9.22,13.25,5.27,0.01,73.54,4.89
Leeds,53.8008,-1.5491,2017-05-05,9.05,13.94,4.99,0.01,73.76,4.32
Leeds,53.8008,-1.5491,2017-05-06,8.44,11.76,4.92,0.2,85.65,3.4
Leeds,53.8008,-1.5491,2017-05-07,8.78,14.66,3.79,0.03,80.26,3.76
Leeds,53.8008,-1.5491,2017-05-08,8.27,12.19,5.18,0.01,72.31,4.81
Leeds,53.8008,-1.5491,2017-05-09,9.3,13.99,5.01,0.07,73.61,1.48
Leeds,53.8008,-1.5491,2017-05-10,10.58,17.07,2.79,0.0,75.46,1.48
Leeds,53.8008,-1.5491,2017-05-11,10.51,17.04,5.05,0.01,76.3,3.06
Leeds,53.8008,-1.5491,2017-05-12,11.72,15.39,7.15,1.49,89.97,2.3
Leeds,53.8008,-1.5491,2017-05-13,12.36,16.1,8.92,0.4,80.03,3.84
Leeds,53.8008,-1.5491,2017-05-14,12.46,16.68,7.87,3.63,76.56,2.95
Leeds,53.8008,-1.5491,2017-05-15,12.19,16.63,5.52,7.81,91.59,4.2
Leeds,53.8008,-1.5491,2017-05-16,15.65,19.63,11.65,3.64,87.74,4.15
Leeds,53.8008,-1.5491,2017-05-17,11.88,14.93,7.94,6.22,90.03,1.56
Leeds,53.8008,-1.5491,2017-05-18,11.66,16.16,5.15,1.04,79.14,1.47
Leeds,53.8008,-1.5491,2017-05-19,10.13,12.22,7.7,7.75,86.81,1.89
Leeds,53.8008,-1.5491,2017-05-20,10.05,14.52,5.49,2.36,83.79,2.64
Leeds,53.8008,-1.5491,2017-05-21,12.02,17.14,6.12,0.26,82.09,2.81
Leeds,53.8008,-1.5491,2017-05-22,14.55,20.29,8.93,0.09,81.46,3.17
Leeds,53.8008,-1.5491,2017-05-23,14.24,19.27,8.62,0.03,76.77,2.74
Leeds,53.8008,-1.5491,2017-05-24,17.17,21.8,11.85,0.09,82.63,2.46
Leeds,53.8008,-1.5491,2017-05-25,18.28,24.52,11.02,0.02,81.62,1.7
Leeds,53.8008,-1.5491,2017-05-26,17.15,23.42,11.16,0.01,79.7,3.42
Leeds,53.8008,-1.5491,2017-05-27,16.85,22.92,10.12,6.64,84.6,3.7
Leeds,53.8008,-1.5491,2017-05-28,16.33,20.95,11.54,0.14,79.97,3.68
Leeds,53.8008,-1.5491,2017-05-29,12.48,14.79,10.8,6.94,90.17,2.43
Leeds,53.8008,-1.5491,2017-05-30,14.42,18.58,9.09,1.59,85.38,3.05
Leeds,53.8008,-1.5491,2017-05-31,13.89,19.45,6.46,0.04,70.1,1.55
Leeds,53.8008,-1.5491,2017-06-01,17.26,21.6,12.41,0.24,79.89,2.48
Leeds,53.8008,-1.5491,2017-06-02,15.0,17.82,12.22,3.1,84.74,1.56
Leeds,53.8008,-1.5491,2017-06-03,13.83,18.41,9.15,1.93,76.19,2.64
Leeds,53.8008,-1.5491,2017-06-04,12.82,16.6,7.35,0.36,76.16,2.85
Leeds,53.8008,-1.5491,2017-06-05,12.16,16.31,7.27,21.14,87.15,4.81
Leeds,53.8008,-1.5491,2017-06-06,11.82,13.87,10.05,23.24,88.1,6.12
Leeds,53.8008,-1.5491,2017-06-07,12.32,15.9,9.09,4.13,74.17,6.24
Leeds,53.8008,-1.5491,2017-06-08,13.93,18.72,10.43,8.88,88.44,4.02
Leeds,53.8008,-1.5491,2017-06-09,13.74,18.11,8.68,0.59,79.59,3.19
Leeds,53.8008,-1.5491,2017-06-10,15.18,20.57,10.61,7.59,89.68,4.13
Leeds,53.8008,-1.5491,2017-06-11,14.96,19.06,11.59,0.87,79.33,5.51
Leeds,53.8008,-1.5491,2017-06-12,13.94,17.33,11.36,0.72,79.6,5.39
Leeds,53.8008,-1.5491,2017-06-13,15.5,19.82,10.64,0.56,81.82,2.3
Leeds,53.8008,-1.5491,2017-06-14,17.51,22.39,11.11,0.17,81.74,2.16
Leeds,53.8008,-1.5491,2017-06-15,15.98,19.17,11.79,0.5,76.58,4.26
Leeds,53.8008,-1.5491,2017-06-16,15.29,18.43,10.78,0.21,81.54,4.05
Leeds,53.8008,-1.5491,2017-06-17,19.02,24.31,13.89,0.01,77.14,2.89
Leeds,53.8008,-1.5491,2017-06-18,19.76,26.03,12.07,0.0,74.24,1.7
Leeds,53.8008,-1.5491,2017-06-19,20.78,26.25,15.04,0.0,74.69,1.68
Leeds,53.8008,-1.5491,2017-06-20,16.93,20.82,12.76,0.13,81.96,2.84
Leeds,53.8008,-1.5491,2017-06-21,17.89,23.86,12.21,2.69,86.07,2.8
Leeds,53.8008,-1.5491,2017-06-22,17.53,20.63,11.77,0.66,82.65,3.25
Leeds,53.8008,-1.5491,2017-06-23,15.58,18.61,11.89,5.33,86.62,4.38
Leeds,53.8008,-1.5491,2017-06-24,15.38,18.73,12.19,0.44,77.38,4.38
Leeds,53.8008,-1.5491,2017-06-25,13.96,18.22,9.98,0.39,73.91,3.79
Leeds,53.8008,-1.5491,2017-06-26,13.65,18.32,7.45,0.13,73.38,1.86
Leeds,53.8008,-1.5491,2017-06-27,12.62,14.8,11.22,10.47,91.06,3.51
Leeds,53.8008,-1.5491,2017-06-28,11.54,12.09,10.51,29.96,92.22,4.82
Leeds,53.8008,-1.5491,2017-06-29,14.41,17.97,11.49,11.47,90.28,3.5
Leeds,53.8008,-1.5491,2017-06-30,14.76,17.94,11.48,1.68,88.72,3.13
Leeds,53.8008,-1.5491,2017-07-01,14.9,20.0,9.9,0.11,80.14,3.6
Leeds,53.8008,-1.5491,2017-07-02,14.08,18.59,9.2,0.53,76.55,3.59
Leeds,53.8008,-1.5491,2017-07-03,14.43,18.56,10.23,0.78,81.07,2.92
Leeds,53.8008,-1.5491,2017-07-04,13.91,18.29,10.12,5.8,89.35,2.05
Leeds,53.8008,-1.5491,2017-07-05,15.49,18.9,12.1,1.21,86.47,1.87
Leeds,53.8008,-1.5491,2017-07-06,18.2,24.21,11.61,1.74,83.78,2.07
Leeds,53.8008,-1.5491,2017-07-07,16.96,21.48,12.29,0.92,84.93,2.99
Leeds,53.8008,-1.5491,2017-07-08,14.6,19.63,8.92,0.01,75.22,2.48
Leeds,53.8008,-1.5491,2017-07-09,16.97,22.25,10.16,0.32,80.55,2.32
Leeds,53.8008,-1.5491,2017-07-10,15.27,19.1,11.34,3.46,81.77,2.26
Leeds,53.8008,-1.5491,2017-07-11,12.92,16.41,9.42,11.0,87.97,2.12
Leeds,53.8008,-1.5491,2017-07-12,14.48,18.51,9.26,0.05,75.35,2.59
Leeds,53.8008,-1.5491,2017-07-13,15.84,20.41,10.85,0.4,76.92,2.75
Leeds,53.8008,-1.5491,2017-07-14,14.81,18.63,10.67,1.23,77.79,3.83
Leeds,53.8008,-1.5491,2017-07-15,16.6,21.85,11.2,4.24,88.85,3.55
Leeds,53.8008,-1.5491,2017-07-16,16.78,20.41,11.23,0.09,77.55,3.24
Leeds,53.8008,-1.5491,2017-07-17,16.93,23.02,10.0,0.0,77.76,2.37
Leeds,53.8008,-1.5491,2017-07-18,17.06,22.16,11.58,0.04,78.94,3.0
Leeds,53.8008,-1.5491,2017-07-19,18.01,22.75,13.52,4.97,89.24,3.46
Leeds,53.8008,-1.5491,2017-07-20,14.4,16.52,9.89,5.78,82.31,2.85
Leeds,53.8008,-1.5491,2017-07-21,15.29,19.75,9.27,0.91,79.61,4.5
Leeds,53.8008,-1.5491,2017-07-22,15.72,18.64,12.74,11.38,82.64,2.47
Leeds,53.8008,-1.5491,2017-07-23,15.08,19.25,11.27,10.27,83.78,2.64
Leeds,53.8008,-1.5491,2017-07-24,14.27,16.93,10.79,2.03,87.5,4.67
Leeds,53.8008,-1.5491,2017-07-25,15.02,19.75,10.04,0.28,84.43,1.77
Leeds,53.8008,-1.5491,2017-07-26,14.86,19.51,11.34,6.01,88.07,4.01
Leeds,53.8008,-1.5491,2017-07-27,13.39,16.18,10.15,3.22,84.58,3.4
Leeds,53.8008,-1.5491,2017-07-28,15.14,19.6,9.97,3.94,83.02,4.14
Leeds,53.8008,-1.5491,2017-07-29,15.44,19.15,11.42,2.96,82.47,3.3
Leeds,53.8008,-1.5491,2017-07-30,14.74,18.45,11.91,7.78,84.22,3.08
Leeds,53.8008,-1.5491,2017-07-31,14.91,19.43,10.7,1.35,81.2,3.67
Leeds,53.8008,-1.5491,2017-08-01,14.13,18.28,9.58,2.56,84.62,3.01
Leeds,53.8008,-1.5491,2017-08-02,15.67,18.77,10.71,4.28,86.95,3.82
Leeds,53.8008,-1.5491,2017-08-03,15.95,19.29,13.07,3.4,84.88,4.8
Leeds,53.8008,-1.5491,2017-08-04,14.93,18.22,10.71,0.36,80.06,4.57
Leeds,53.8008,-1.5491,2017-08-05,13.35,17.23,9.04,0.29,77.73,3.3
Leeds,53.8008,-1.5491,2017-08-06,13.94,18.78,8.6,5.52,82.99,3.06
Leeds,53.8008,-1.5491,2017-08-07,14.49,17.77,11.31,3.71,81.73,2.62
Leeds,53.8008,-1.5491,2017-08-08,12.36,14.61,10.13,13.85,89.57,2.61
Leeds,53.8008,-1.5491,2017-08-09,13.57,17.37,8.75,2.38,82.87,4.42
Leeds,53.8008,-1.5491,2017-08-10,13.96,20.27,7.26,0.01,79.82,1.57
Leeds,53.8008,-1.5491,2017-08-11,14.49,18.86,8.05,0.44,86.54,3.55
Leeds,53.8008,-1.5491,2017-08-12,14.75,18.94,10.94,1.83,84.09,2.95
Leeds,53.8008,-1.5491,2017-08-13,14.0,19.2,7.84,0.03,74.53,1.78
Leeds,53.8008,-1.5491,2017-08-14,15.43,19.43,12.02,1.4,83.47,3.37
Leeds,53.8008,-1.5491,2017-08-15,15.1,19.18,10.28,0.67,81.55,3.24
Leeds,53.8008,-1.5491,2017-08-16,14.98,19.8,9.09,6.72,79.38,3.41
Leeds,53.8008,-1.5491,2017-08-17,16.92,21.63,12.95,12.75,82.02,3.11
Leeds,53.8008,-1.5491,2017-08-18,13.79,16.8,10.55,1.06,79.37,4.37
Leeds,53.8008,-1.5491,2017-08-19,13.46,16.41,10.49,0.54,78.3,5.31
Leeds,53.8008,-1.5491,2017-08-20,13.79,17.63,9.96,0.06,78.53,2.45
Leeds,53.8008,-1.5491,2017-08-21,14.51,18.33,9.45,0.67,86.92,2.05
Leeds,53.8008,-1.5491,2017-08-22,17.25,21.56,13.52,1.83,90.91,2.32
Leeds,53.8008,-1.5491,2017-08-23,15.83,19.31,11.64,7.57,89.86,2.51
Leeds,53.8008,-1.5491,2017-08-24,14.55,19.05,10.84,0.42,83.36,2.77
Leeds,53.8008,-1.5491,2017-08-25,14.92,19.19,10.21,1.4,86.66,1.78
Leeds,53.8008,-1.5491,2017-08-26,14.79,19.72,10.18,0.15,83.83,2.29
Leeds,53.8008,-1.5491,2017-08-27,15.43,21.44,8.75,0.06,84.37,1.83
Leeds,53.8008,-1.5491,2017-08-28,17.36,22.14,13.33,0.07,84.18,2.95
Leeds,53.8008,-1.5491,2017-08-29,13.98,17.65,10.21,0.72,83.03,2.08
Leeds,53.8008,-1.5491,2017-08-30,12.31,16.39,8.68,0.27,82.69,1.65
Leeds,53.8008,-1.5491,2017-08-31,11.75,15.67,6.78,1.46,86.53,1.4
Leeds,53.8008,-1.5491,2017-09-01,12.48,17.31,7.07,0.69,84.49,1.61
Leeds,53.8008,-1.5491,2017-09-02,14.25,18.78,10.08,0.17,79.87,1.18
Leeds,53.8008,-1.5491,2017-09-03,13.37,16.63,9.88,2.55,86.1,3.65
Leeds,53.8008,-1.5491,2017-09-04,15.98,21.39,11.51,2.53,91.23,2.73
Leeds,53.8008,-1.5491,2017-09-05,15.37,19.57,10.45,7.01,89.12,3.44
Leeds,53.8008,-1.5491,2017-09-06,12.69,16.8,9.31,0.31,83.06,3.6
Leeds,53.8008,-1.5491,2017-09-07,13.86,17.3,9.84,4.12,87.12,3.54
Leeds,53.8008,-1.5491,2017-09-08,13.36,16.31,10.78,4.05,83.26,3.76
Leeds,53.8008,-1.5491,2017-09-09,12.2,16.5,8.37,3.79,87.39,2.49
Leeds,53.8008,-1.5491,2017-09-10,12.03,15.42,8.59,3.0,88.96,4.43
Leeds,53.8008,-1.5491,2017-09-11,12.68,16.79,9.25,6.65,84.04,5.21
Leeds,53.8008,-1.5491,2017-09-12,12.39,15.83,9.93,8.93,81.14,4.65
Leeds,53.8008,-1.5491,2017-09-13,11.22,14.33,8.54,1.81,84.01,5.51
Leeds,53.8008,-1.5491,2017-09-14,10.95,15.36,7.78,1.96,84.01,3.84
Leeds,53.8008,-1.5491,2017-09-15,10.53,15.11,7.07,3.02,87.64,3.07
Leeds,53.8008,-1.5491,2017-09-16,10.29,14.09,7.91,2.75,88.63,3.16
Leeds,53.8008,-1.5491,2017-09-17,11.98,16.24,8.07,5.06,88.81,2.81
Leeds,53.8008,-1.5491,2017-09-18,9.91,12.86,5.88,0.9,91.23,2.49
Leeds,53.8008,-1.5491,2017-09-19,9.99,15.84,5.75,0.22,84.86,1.86
Leeds,53.8008,-1.5491,2017-09-20,13.31,18.72,7.31,0.56,88.24,3.04
Leeds,53.8008,-1.5491,2017-09-21,12.56,16.48,6.92,3.79,91.48,3.64
Leeds,53.8008,-1.5491,2017-09-22,10.87,16.35,4.92,0.34,86.18,2.95
Leeds,53.8008,-1.5491,2017-09-23,13.51,18.09,9.52,0.77,91.23,2.97
Leeds,53.8008,-1.5491,2017-09-24,13.83,18.73,9.5,0.5,86.11,3.26
Leeds,53.8008,-1.5491,2017-09-25,13.97,18.72,10.41,2.15,92.01,1.91
Leeds,53.8008,-1.5491,2017-09-26,13.07,17.67,9.28,0.59,91.1,1.78
Leeds,53.8008,-1.5491,2017-09-27,14.23,17.83,10.84,4.37,88.72,4.11
Leeds,53.8008,-1.5491,2017-09-28,14.32,18.66,10.62,3.52,85.58,2.18
Leeds,53.8008,-1.5491,2017-09-29,12.7,16.57,7.88,2.29,87.38,3.06
Leeds,53.8008,-1.5491,2017-09-30,10.87,14.92,7.18,2.66,89.9,2.47
Leeds,53.8008,-1.5491,2017-10-01,13.57,16.92,10.5,2.54,92.85,4.6
Leeds,53.8008,-1.5491,2017-10-02,12.11,14.86,9.57,0.53,80.06,6.86
Leeds,53.8008,-1.5491,2017-10-03,10.58,14.21,8.68,0.08,79.98,4.81
Leeds,53.8008,-1.5491,2017-10-04,10.93,13.29,9.02,6.57,87.92,5.08
Leeds,53.8008,-1.5491,2017-10-05,11.12,14.39,7.4,0.6,81.69,5.52
Leeds,53.8008,-1.5491,2017-10-06,8.74,12.85,5.46,0.19,83.99,3.06
Leeds,53.8008,-1.5491,2017-10-07,11.71,13.4,9.21,2.07,91.99,4.52
Leeds,53.8008,-1.5491,2017-10-08,11.04,15.81,7.84,0.52,91.69,2.18
Leeds,53.8008,-1.5491,2017-10-09,12.17,15.99,10.17,2.07,90.34,2.21
Leeds,53.8008,-1.5491,2017-10-10,13.1,15.96,11.14,1.08,86.67,3.74
Leeds,53.8008,-1.5491,2017-10-11,12.72,15.28,9.6,4.67,91.67,5.4
Leeds,53.8008,-1.5491,2017-10-12,10.81,14.35,8.2,0.04,82.4,4.07
Leeds,53.8008,-1.5491,2017-10-13,15.53,20.32,10.21,1.16,90.99,5.45
Leeds,53.8008,-1.5491,2017-10-14,15.83,20.39,12.62,0.47,91.95,3.61
Leeds,53.8008,-1.5491,2017-10-15,13.27,17.73,10.46,0.19,91.73,3.09
Leeds,53.8008,-1.5491,2017-10-16,13.77,20.47,10.49,0.22,83.6,5.5
Leeds,53.8008,-1.5491,2017-10-17,11.04,13.77,8.4,0.12,80.17,5.78
Leeds,53.8008,-1.5491,2017-10-18,10.19,13.46,7.44,1.09,90.8,1.75
Leeds,53.8008,-1.5491,2017-10-19,11.79,14.16,8.33,7.16,96.89,2.48
Leeds,53.8008,-1.5491,2017-10-20,11.74,15.97,8.61,1.95,92.46,2.93
Leeds,53.8008,-1.5491,2017-10-21,11.17,13.35,9.77,8.72,89.13,6.21
Leeds,53.8008,-1.5491,2017-10-22,9.34,12.09,6.81,1.4,86.08,6.46
Leeds,53.8008,-1.5491,2017-10-23,10.63,14.95,6.36,0.41,95.39,2.23
Leeds,53.8008,-1.5491,2017-10-24,13.05,17.46,9.45,8.0,94.73,3.4
Leeds,53.8008,-1.5491,2017-10-25,11.17,13.8,7.95,2.19,90.59,3.54
Leeds,53.8008,-1.5491,2017-10-26,9.76,12.73,6.58,0.71,96.58,2.23
Leeds,53.8008,-1.5491,2017-10-27,7.67,11.96,5.61,0.03,88.86,2.91
Leeds,53.8008,-1.5491,2017-10-28,12.22,15.02,8.17,0.33,88.04,7.2
Leeds,53.8008,-1.5491,2017-10-29,7.69,12.85,3.1,0.19,81.7,3.74
Leeds,53.8008,-1.5491,2017-10-30,4.64,7.97,2.21,0.34,91.06,2.14
Leeds,53.8008,-1.5491,2017-10-31,9.6,12.8,5.02,1.7,95.79,3.34
Leeds,53.8008,-1.5491,2017-11-01,9.48,11.87,7.42,0.08,94.84,2.98
Leeds,53.8008,-1.5491,2017-11-02,7.61,11.03,3.03,0.27,90.07,1.77
Leeds,53.8008,-1.5491,2017-11-03,6.49,11.24,2.43,0.18,94.2,2.06
Leeds,53.8008,-1.5491,2017-11-04,6.98,9.62,3.8,10.27,93.37,2.6
Leeds,53.8008,-1.5491,2017-11-05,3.93,8.07,0.12,0.21,91.67,2.9
Leeds,53.8008,-1.5491,2017-11-06,4.37,9.82,-0.18,0.09,91.49,2.65
Leeds,53.8008,-1.5491,2017-11-07,6.77,10.12,4.71,4.7,95.54,3.87
Leeds,53.8008,-1.5491,2017-11-08,4.07,7.58,1.08,0.4,93.67,2.39
Leeds,53.8008,-1.5491,2017-11-09,7.81,10.82,5.0,0.13,90.98,3.28
Leeds,53.8008,-1.5491,2017-11-10,6.48,8.36,4.46,0.33,86.8,4.61
Leeds,53.8008,-1.5491,2017-11-11,4.51,7.8,2.4,0.19,93.33,1.82
Leeds,53.8008,-1.5491,2017-11-12,3.1,5.88,1.43,0.96,91.6,4.55
Leeds,53.8008,-1.5491,2017-11-13,2.81,5.99,0.33,0.29,90.66,3.31
Leeds,53.8008,-1.5491,2017-11-14,8.94,12.52,5.37,0.88,97.12,2.61
Leeds,53.8008,-1.5491,2017-11-15,7.87,9.66,5.79,0.56,95.05,1.46
Leeds,53.8008,-1.5491,2017-11-16,5.64,8.85,1.11,0.56,92.8,3.1
Leeds,53.8008,-1.5491,2017-11-17,3.1,7.5,-0.13,0.03,95.02,2.73
Leeds,53.8008,-1.5491,2017-11-18,4.8,7.71,0.08,0.14,92.06,3.41
Leeds,53.8008,-1.5491,2017-11-19,1.38,4.97,-1.45,0.85,93.4,2.17
Leeds,53.8008,-1.5491,2017-11-20,8.48,12.2,3.49,5.77,96.23,3.53
Leeds,53.8008,-1.5491,2017-11-21,10.81,12.39,8.42,8.32,96.05,3.68
Leeds,53.8008,-1.5491,2017-11-22,12.21,13.69,10.37,5.33,92.72,6.77
Leeds,53.8008,-1.5491,2017-11-23,6.1,11.81,1.62,0.9,87.54,5.67
Leeds,53.8008,-1.5491,2017-11-24,2.23,6.48,-0.74,0.23,94.24,2.2
Leeds,53.8008,-1.5491,2017-11-25,1.79,4.24,-0.24,0.39,93.53,3.67
Leeds,53.8008,-1.5491,2017-11-26,3.27,5.81,1.67,0.91,92.83,3.99
Leeds,53.8008,-1.5491,2017-11-27,5.0,7.61,1.74,2.2,94.02,4.59
Leeds,53.8008,-1.5491,2017-11-28,1.9,4.06,-0.92,1.48,96.19,3.83
Leeds,53.8008,-1.5491,2017-11-29,2.19,4.5,-1.63,2.45,95.7,4.71
Leeds,53.8008,-1.5491,2017-11-30,0.47,2.25,-1.74,3.13,94.12,5.4
Leeds,53.8008,-1.5491,2017-12-01,2.28,4.48,0.18,2.01,94.26,3.34
Leeds,53.8008,-1.5491,2017-12-02,3.17,4.74,0.44,0.39,97.71,2.33
Leeds,53.8008,-1.5491,2017-12-03,4.26,7.14,0.84,0.05,97.88,2.25
Leeds,53.8008,-1.5491,2017-12-04,4.48,8.22,1.28,0.15,98.54,2.66
Leeds,53.8008,-1.5491,2017-12-05,5.13,7.4,3.62,0.16,96.74,3.32
Leeds,53.8008,-1.5491,2017-12-06,7.19,8.43,5.34,0.25,94.93,5.15
Leeds,53.8008,-1.5491,2017-12-07,6.69,11.28,1.97,1.96,86.83,6.67
Leeds,53.8008,-1.5491,2017-12-08,0.54,2.05,-1.01,0.19,85.07,5.14
Leeds,53.8008,-1.5491,2017-12-09,-0.94,1.92,-2.54,0.12,96.09,2.82
Leeds,53.8008,-1.5491,2017-12-10,-1.14,1.03,-1.95,0.28,93.65,2.13
Leeds,53.8008,-1.5491,2017-12-11,-1.11,2.05,-2.6,0.06,92.17,2.17
Leeds,53.8008,-1.5491,2017-12-12,-0.13,2.14,-2.0,1.55,97.83,3.3
Leeds,53.8008,-1.5491,2017-12-13,2.25,4.04,0.97,3.0,96.88,3.71
Leeds,53.8008,-1.5491,2017-12-14,1.53,3.7,0.25,2.71,96.99,3.22
Leeds,53.8008,-1.5491,2017-12-15,1.57,4.43,-0.86,1.62,96.5,3.94
Leeds,53.8008,-1.5491,2017-12-16,-0.72,2.02,-1.87,0.3,97.96,2.9
Leeds,53.8008,-1.5491,2017-12-17,1.86,6.86,-1.66,3.4,97.59,3.25
Leeds,53.8008,-1.5491,2017-12-18,1.62,4.36,-0.64,0.11,98.22,2.15
Leeds,53.8008,-1.5491,2017-12-19,4.44,7.33,2.23,0.3,98.46,2.55
Leeds,53.8008,-1.5491,2017-12-20,7.47,10.48,4.94,0.15,98.11,2.15
Leeds,53.8008,-1.5491,2017-12-21,6.75,8.2,4.79,1.68,97.23,0.85
Leeds,53.8008,-1.5491,2017-12-22,7.01,9.08,4.52,0.23,97.86,1.86
Leeds,53.8008,-1.5491,2017-12-23,8.08,9.04,7.23,0.31,95.98,5.07
Leeds,53.8008,-1.5491,2017-12-24,9.68,11.12,8.96,0.28,91.87,6.12
Leeds,53.8008,-1.5491,2017-12-25,8.36,10.18,3.55,4.23,91.35,6.17
Leeds,53.8008,-1.5491,2017-12-26,3.0,4.78,0.71,1.5,94.52,3.43
Leeds,53.8008,-1.5491,2017-12-27,0.98,2.64,-1.78,1.87,92.28,4.84
Leeds,53.8008,-1.5491,2017-12-28,-0.29,3.51,-2.15,0.07,97.21,3.35
Leeds,53.8008,-1.5491,2017-12-29,0.26,2.91,-2.63,5.54,97.22,3.23
Leeds,53.8008,-1.5491,2017-12-30,2.89,6.16,-0.23,6.02,95.27,3.44
Leeds,53.8008,-1.5491,2017-12-31,6.5,10.08,3.58,3.9,93.14,5.39
Leeds,53.8008,-1.5491,2018-01-01,4.49,6.51,2.83,0.93,94.07,4.47
Leeds,53.8008,-1.5491,2018-01-02,4.09,9.23,2.04,10.65,95.74,4.22
Leeds,53.8008,-1.5491,2018-01-03,6.58,7.47,5.18,1.58,87.05,8.82
Leeds,53.8008,-1.5491,2018-01-04,4.85,6.57,3.46,6.14,94.26,4.26
Leeds,53.8008,-1.5491,2018-01-05,2.12,3.63,0.76,0.78,98.26,1.71
Leeds,53.8008,-1.5491,2018-01-06,3.42,5.25,2.03,0.81,88.1,3.86
Leeds,53.8008,-1.5491,2018-01-07,-0.24,3.71,-2.28,0.03,91.91,1.93
Leeds,53.8008,-1.5491,2018-01-08,0.05,3.42,-2.24,0.11,93.89,2.32
Leeds,53.8008,-1.5491,2018-01-09,2.27,3.73,0.79,0.59,98.68,2.52
Leeds,53.8008,-1.5491,2018-01-10,3.43,5.1,2.06,3.94,98.2,1.73
Leeds,53.8008,-1.5491,2018-01-11,4.33,5.75,2.85,0.47,98.48,1.93
Leeds,53.8008,-1.5491,2018-01-12,4.59,6.06,3.13,0.56,97.31,2.35
Leeds,53.8008,-1.5491,2018-01-13,4.05,5.15,2.68,0.4,95.64,4.07
Leeds,53.8008,-1.5491,2018-01-14,2.07,4.08,1.19,1.84,93.34,3.64
Leeds,53.8008,-1.5491,2018-01-15,4.98,7.94,2.01,5.95,92.98,5.3
Leeds,53.8008,-1.5491,2018-01-16,2.31,3.59,0.6,3.58,89.85,5.89
Leeds,53.8008,-1.5491,2018-01-17,2.17,4.07,0.15,3.36,91.8,5.62
Leeds,53.8008,-1.5491,2018-01-18,1.5,2.74,0.51,8.35,95.99,3.51
Leeds,53.8008,-1.5491,2018-01-19,1.19,2.86,-0.49,0.37,95.17,3.64
Leeds,53.8008,-1.5491,2018-01-20,-0.35,1.93,-3.93,0.99,98.29,1.85
Leeds,53.8008,-1.5491,2018-01-21,-0.4,3.62,-4.16,4.37,96.18,2.8
Leeds,53.8008,-1.5491,2018-01-22,3.55,6.11,2.01,0.19,97.87,3.32
Leeds,53.8008,-1.5491,2018-01-23,6.63,11.17,2.87,0.55,95.79,5.11
Leeds,53.8008,-1.5491,2018-01-24,6.65,11.15,3.35,4.43,90.82,6.72
Leeds,53.8008,-1.5491,2018-01-25,3.84,6.49,2.96,1.01,96.15,3.82
Leeds,53.8008,-1.5491,2018-01-26,2.97,5.92,0.28,0.38,96.73,2.03
Leeds,53.8008,-1.5491,2018-01-27,5.34,10.24,1.23,1.5,94.23,5.34
Leeds,53.8008,-1.5491,2018-01-28,9.45,12.27,5.88,0.74,90.12,6.66
Leeds,53.8008,-1.5491,2018-01-29,6.6,10.1,2.12,2.48,89.84,5.28
Leeds,53.8008,-1.5491,2018-01-30,3.61,6.56,2.16,0.58,89.34,3.55
Leeds,53.8008,-1.5491,2018-01-31,3.48,5.4,2.46,1.84,89.58,5.97
Leeds,53.8008,-1.5491,2018-02-01,2.46,5.04,0.02,0.71,89.19,5.61
Leeds,53.8008,-1.5491,2018-02-02,2.41,5.97,-0.64,0.9,93.03,3.69
Leeds,53.8008,-1.5491,2018-02-03,1.31,2.59,-0.28,3.64,97.14,1.45
Leeds,53.8008,-1.5491,2018-02-04,0.34,4.3,-1.85,0.28,91.38,1.94
Leeds,53.8008,-1.5491,2018-02-05,-0.13,2.85,-1.52,0.14,84.18,1.22
Leeds,53.8008,-1.5491,2018-02-06,-0.34,1.68,-2.11,1.0,90.75,2.09
Leeds,53.8008,-1.5491,2018-02-07,-1.23,2.46,-3.08,0.03,91.31,2.47
Leeds,53.8008,-1.5491,2018-02-08,2.07,4.43,-1.19,3.96,96.72,4.16
Leeds,53.8008,-1.5491,2018-02-09,1.61,4.64,-2.46,0.62,92.25,3.84
Leeds,53.8008,-1.5491,2018-02-10,2.68,6.75,-2.31,6.25,96.61,4.35
Leeds,53.8008,-1.5491,2018-02-11,2.11,5.38,-0.27,0.48,86.76,6.73
Leeds,53.8008,-1.5491,2018-02-12,1.25,4.87,-0.74,0.21,88.97,4.48
Leeds,53.8008,-1.5491,2018-02-13,0.63,3.97,-2.7,3.96,96.46,3.94
Leeds,53.8008,-1.5491,2018-02-14,1.13,4.17,-2.57,4.67,93.55,5.07
Leeds,53.8008,-1.5491,2018-02-15,3.55,5.61,1.4,0.89,87.24,5.07
Leeds,53.8008,-1.5491,2018-02-16,2.65,6.96,-0.67,0.05,91.14,3.26
Leeds,53.8008,-1.5491,2018-02-17,2.95,7.21,1.07,0.98,94.45,2.8
Leeds,53.8008,-1.5491,2018-02-18,3.08,5.51,0.03,1.78,97.94,2.11
Leeds,53.8008,-1.5491,2018-02-19,6.89,9.74,4.49,4.65,96.66,2.27
Leeds,53.8008,-1.5491,2018-02-20,5.87,8.93,3.42,1.0,90.29,4.18
Leeds,53.8008,-1.5491,2018-02-21,4.31,7.82,0.73,0.42,90.97,1.89
Leeds,53.8008,-1.5491,2018-02-22,0.7,4.78,-2.36,0.16,89.69,2.08
Leeds,53.8008,-1.5491,2018-02-23,0.47,4.87,-3.07,0.11,88.41,3.08
Leeds,53.8008,-1.5491,2018-02-24,0.64,5.29,-2.76,0.03,84.49,3.61
Leeds,53.8008,-1.5491,2018-02-25,-0.51,3.68,-2.95,0.01,82.19,3.0
Leeds,53.8008,-1.5491,2018-02-26,-1.03,1.46,-3.08,0.19,79.59,2.98
Leeds,53.8008,-1.5491,2018-02-27,-1.46,0.32,-4.02,2.83,83.84,2.82
Leeds,53.8008,-1.5491,2018-02-28,-3.38,-2.09,-4.75,1.51,76.97,5.36
Leeds,53.8008,-1.5491,2018-03-01,-2.15,-1.11,-3.74,0.38,73.86,8.4
Leeds,53.8008,-1.5491,2018-03-02,-0.57,0.77,-1.57,0.36,76.82,8.14
Leeds,53.8008,-1.5491,2018-03-03,-0.81,1.51,-2.44,0.66,86.31,4.2
Leeds,53.8008,-1.5491,2018-03-04,1.45,3.16,-0.38,4.76,98.37,3.03
Leeds,53.8008,-1.5491,2018-03-05,2.59,6.34,0.77,3.63,96.41,1.86
Leeds,53.8008,-1.5491,2018-03-06,2.6,6.49,-1.18,7.13,94.71,2.34
Leeds,53.8008,-1.5491,2018-03-07,2.27,7.16,-1.08,0.21,90.2,1.87
Leeds,53.8008,-1.5491,2018-03-08,1.77,5.63,-0.99,7.05,93.03,2.9
Leeds,53.8008,-1.5491,2018-03-09,2.75,6.58,-1.2,2.29,94.01,2.16
Leeds,53.8008,-1.5491,2018-03-10,7.53,14.75,3.21,9.79,94.63,2.83
Leeds,53.8008,-1.5491,2018-03-11,6.67,11.3,3.97,0.32,90.03,2.07
Leeds,53.8008,-1.5491,2018-03-12,4.12,5.17,2.77,15.24,96.0,3.57
Leeds,53.8008,-1.5491,2018-03-13,5.4,9.61,1.28,0.3,86.96,1.8
Leeds,53.8008,-1.5491,2018-03-14,4.91,10.95,-0.33,0.01,86.36,4.78
Leeds,53.8008,-1.5491,2018-03-15,4.61,5.84,3.51,5.14,93.88,5.01
Leeds,53.8008,-1.5491,2018-03-16,3.67,4.72,1.49,6.29,95.27,5.53
Leeds,53.8008,-1.5491,2018-03-17,-0.29,1.18,-1.51,1.65,77.29,7.52
Leeds,53.8008,-1.5491,2018-03-18,-0.55,0.9,-1.53,0.68,72.61,7.08
Leeds,53.8008,-1.5491,2018-03-19,1.54,5.06,-1.4,0.19,78.22,5.05
Leeds,53.8008,-1.5491,2018-03-20,2.91,7.78,-1.85,0.71,88.43,3.05
Leeds,53.8008,-1.5491,2018-03-21,2.82,6.98,-2.61,0.57,86.83,4.2
Leeds,53.8008,-1.5491,2018-03-22,7.0,11.27,4.01,0.1,85.29,4.12
Leeds,53.8008,-1.5491,2018-03-23,6.39,9.65,3.63,2.13,87.06,4.48
Leeds,53.8008,-1.5491,2018-03-24,6.14,10.04,2.29,1.21,86.21,1.2
Leeds,53.8008,-1.5491,2018-03-25,4.64,10.36,-0.39,0.03,84.56,2.49
Leeds,53.8008,-1.5491,2018-03-26,5.3,10.11,0.66,0.1,80.6,2.11
Leeds,53.8008,-1.5491,2018-03-27,5.77,11.37,2.52,8.74,91.15,3.86
Leeds,53.8008,-1.5491,2018-03-28,4.12,7.15,0.86,0.69,88.4,2.86
Leeds,53.8008,-1.5491,2018-03-29,4.24,8.43,0.87,4.05,83.66,3.03
Leeds,53.8008,-1.5491,2018-03-30,5.0,8.16,2.81,6.55,92.32,3.3
Leeds,53.8008,-1.5491,2018-03-31,3.64,6.08,1.71,5.38,89.76,5.54
Leeds,53.8008,-1.5491,2018-04-01,3.22,6.71,0.29,1.24,85.94,2.97
Leeds,53.8008,-1.5491,2018-04-02,3.97,6.8,1.94,18.33,96.96,3.89
Leeds,53.8008,-1.5491,2018-04-03,8.09,13.24,5.45,4.13,92.19,3.21
Leeds,53.8008,-1.5491,2018-04-04,7.23,11.82,1.75,9.11,91.16,3.66
Leeds,53.8008,-1.5491,2018-04-05,4.85,10.63,-1.72,0.15,77.19,3.34
Leeds,53.8008,-1.5491,2018-04-06,7.25,12.16,2.9,0.01,83.21,4.14
Leeds,53.8008,-1.5491,2018-04-07,9.07,12.62,6.15,3.02,93.72,1.71
Leeds,53.8008,-1.5491,2018-04-08,8.33,12.33,4.49,0.19,86.07,0.97
Leeds,53.8008,-1.5491,2018-04-09,7.87,13.77,3.64,3.64,87.16,2.55
Leeds,53.8008,-1.5491,2018-04-10,6.52,8.95,4.65,10.95,95.82,3.76
Leeds,53.8008,-1.5491,2018-04-11,6.39,8.89,5.27,0.95,94.28,3.98
Leeds,53.8008,-1.5491,2018-04-12,5.8,7.0,5.07,1.45,95.2,3.88
Leeds,53.8008,-1.5491,2018-04-13,7.52,11.01,5.37,2.7,94.43,1.92
Leeds,53.8008,-1.5491,2018-04-14,9.82,15.24,4.72,0.03,83.99,1.75
Leeds,53.8008,-1.5491,2018-04-15,9.88,14.32,6.37,3.9,90.6,3.39
Leeds,53.8008,-1.5491,2018-04-16,10.33,14.26,7.06,0.47,81.07,3.68
Leeds,53.8008,-1.5491,2018-04-17,11.08,14.6,7.77,1.04,88.32,5.3
Leeds,53.8008,-1.5491,2018-04-18,14.72,19.99,9.61,0.11,84.66,4.05
Leeds,53.8008,-1.5491,2018-04-19,15.25,22.97,7.87,0.0,81.74,2.12
Leeds,53.8008,-1.5491,2018-04-20,11.72,18.04,5.75,0.0,80.93,2.26
Leeds,53.8008,-1.5491,2018-04-21,12.65,19.56,4.68,0.43,84.81,2.66
Leeds,53.8008,-1.5491,2018-04-22,12.41,17.13,7.79,0.43,84.27,3.85
Leeds,53.8008,-1.5491,2018-04-23,10.4,13.66,7.39,0.65,81.14,5.29
Leeds,53.8008,-1.5491,2018-04-24,9.0,12.29,5.49,10.85,86.54,3.29
Leeds,53.8008,-1.5491,2018-04-25,8.37,11.83,5.47,1.25,84.42,4.23
Leeds,53.8008,-1.5491,2018-04-26,8.0,11.37,4.98,0.78,81.36,4.88
Leeds,53.8008,-1.5491,2018-04-27,6.21,8.1,4.28,4.9,92.3,1.8
Leeds,53.8008,-1.5491,2018-04-28,6.16,9.22,2.95,0.78,86.49,2.65
Leeds,53.8008,-1.5491,2018-04-29,6.22,10.21,2.83,0.11,78.85,3.51
Leeds,53.8008,-1.5491,2018-04-30,5.45,9.11,1.54,0.02,77.65,5.11
Leeds,53.8008,-1.5491,2018-05-01,7.83,12.81,0.42,0.34,76.41,4.17
Leeds,53.8008,-1.5491,2018-05-02,8.21,12.11,4.87,8.72,83.29,5.19
Leeds,53.8008,-1.5491,2018-05-03,8.84,14.48,3.05,0.05,81.22,2.72
Leeds,53.8008,-1.5491,2018-05-04,12.64,18.42,6.37,0.04,84.29,2.25
Leeds,53.8008,-1.5491,2018-05-05,14.94,21.03,7.51,0.02,80.58,1.87
Leeds,53.8008,-1.5491,2018-05-06,16.03,21.26,10.25,0.0,74.0,1.71
Leeds,53.8008,-1.5491,2018-05-07,16.9,23.57,10.56,0.0,75.32,1.84
Leeds,53.8008,-1.5491,2018-05-08,14.43,21.11,7.63,0.07,82.34,2.62
Leeds,53.8008,-1.5491,2018-05-09,11.13,15.93,6.14,1.14,81.59,2.28
Leeds,53.8008,-1.5491,2018-05-10,10.18,13.54,5.62,1.26,74.76,3.04
Leeds,53.8008,-1.5491,2018-05-11,10.7,14.68,4.8,0.51,77.16,3.8
Leeds,53.8008,-1.5491,2018-05-12,11.52,14.93,7.35,8.18,85.33,0.94
Leeds,53.8008,-1.5491,2018-05-13,11.31,16.49,6.01,3.93,79.93,2.67
Leeds,53.8008,-1.5491,2018-05-14,11.25,17.92,3.92,0.0,70.12,2.05
Leeds,53.8008,-1.5491,2018-05-15,13.61,20.0,4.86,0.03,73.9,1.77
Leeds,53.8008,-1.5491,2018-05-16,9.48,12.98,3.39,1.25,82.24,4.12
Leeds,53.8008,-1.5491,2018-05-17,8.8,14.22,2.8,0.0,77.15,2.27
Leeds,53.8008,-1.5491,2018-05-18,11.09,17.36,2.79,0.0,72.64,0.82
Leeds,53.8008,-1.5491,2018-05-19,13.34,19.61,6.57,0.0,73.95,1.71
Leeds,53.8008,-1.5491,2018-05-20,14.06,20.9,7.59,0.09,78.96,2.65
Leeds,53.8008,-1.5491,2018-05-21,13.44,20.67,7.14,0.02,78.2,1.92
Leeds,53.8008,-1.5491,2018-05-22,11.77,16.4,7.66,0.1,81.98,4.24
Leeds,53.8008,-1.5491,2018-05-23,11.76,16.72,7.95,0.11,82.2,3.38
Leeds,53.8008,-1.5491,2018-05-24,12.52,17.95,7.73,0.21,80.34,3.61
Leeds,53.8008,-1.5491,2018-05-25,11.51,13.68,8.96,9.76,93.57,4.17
Leeds,53.8008,-1.5491,2018-05-26,13.72,18.35,10.03,0.18,80.43,4.04
Leeds,53.8008,-1.5491,2018-05-27,15.15,21.23,9.98,0.12,81.39,4.24
Leeds,53.8008,-1.5491,2018-05-28,15.69,21.62,9.49,0.13,83.98,2.74
Leeds,53.8008,-1.5491,2018-05-29,14.66,19.81,9.92,0.4,86.96,3.8
Leeds,53.8008,-1.5491,2018-05-30,14.38,17.47,9.98,2.15,90.65,2.48
Leeds,53.8008,-1.5491,2018-05-31,16.73,22.34,11.25,0.42,86.51,1.84
Leeds,53.8008,-1.5491,2018-06-01,17.51,21.81,12.39,0.87,82.59,1.12
Leeds,53.8008,-1.5491,2018-06-02,16.91,18.98,14.53,14.95,91.35,0.75
Leeds,53.8008,-1.5491,2018-06-03,15.81,18.84,13.14,6.24,89.73,1.97
Leeds,53.8008,-1.5491,2018-06-04,14.02,17.17,11.09,1.35,87.72,3.04
Leeds,53.8008,-1.5491,2018-06-05,12.72,17.13,7.24,0.18,77.65,2.75
Leeds,53.8008,-1.5491,2018-06-06,13.03,18.12,6.84,0.46,85.85,2.5
Leeds,53.8008,-1.5491,2018-06-07,14.04,19.29,9.08,0.18,82.92,2.22
Leeds,53.8008,-1.5491,2018-06-08,13.13,16.96,8.68,1.1,84.97,1.73
Leeds,53.8008,-1.5491,2018-06-09,14.74,20.34,9.23,0.22,83.09,1.35
Leeds,53.8008,-1.5491,2018-06-10,16.1,21.96,9.66,0.16,79.36,1.16
Leeds,53.8008,-1.5491,2018-06-11,15.97,21.27,9.78,0.86,81.08,1.94
Leeds,53.8008,-1.5491,2018-06-12,14.42,17.7,11.06,0.39,79.51,2.24
Leeds,53.8008,-1.5491,2018-06-13,14.85,19.0,8.85,0.67,78.21,3.05
Leeds,53.8008,-1.5491,2018-06-14,14.7,17.42,10.86,0.71,76.65,6.22
Leeds,53.8008,-1.5491,2018-06-15,12.52,15.69,8.8,0.22,79.44,2.49
Leeds,53.8008,-1.5491,2018-06-16,12.88,17.41,8.38,4.23,83.04,3.01
Leeds,53.8008,-1.5491,2018-06-17,14.5,18.21,8.92,0.55,82.82,3.41
Leeds,53.8008,-1.5491,2018-06-18,15.88,18.97,12.05,0.76,79.5,4.36
Leeds,53.8008,-1.5491,2018-06-19,15.17,18.88,8.84,0.21,80.07,2.78
Leeds,53.8008,-1.5491,2018-06-20,16.25,20.4,9.36,0.6,79.93,4.73
Leeds,53.8008,-1.5491,2018-06-21,12.64,17.35,7.6,0.04,69.93,4.09
Leeds,53.8008,-1.5491,2018-06-22,13.81,19.39,7.68,0.0,70.0,2.66
Leeds,53.8008,-1.5491,2018-06-23,13.75,18.64,8.98,0.0,78.06,2.59
Leeds,53.8008,-1.5491,2018-06-24,16.75,22.73,8.87,0.0,75.53,1.29
Leeds,53.8008,-1.5491,2018-06-25,17.95,24.37,10.32,0.0,69.94,1.76
Leeds,53.8008,-1.5491,2018-06-26,17.66,25.03,11.29,0.0,70.24,1.25
Leeds,53.8008,-1.5491,2018-06-27,16.02,22.42,9.73,0.02,77.39,1.74
Leeds,53.8008,-1.5491,2018-06-28,16.1,23.05,8.71,0.02,75.79,1.56
Leeds,53.8008,-1.5491,2018-06-29,16.02,22.44,9.26,0.02,78.71,2.61
Leeds,53.8008,-1.5491,2018-06-30,15.81,21.5,9.78,0.09,76.83,2.85
Leeds,53.8008,-1.5491,2018-07-01,16.83,22.68,10.04,0.1,76.46,2.83
Leeds,53.8008,-1.5491,2018-07-02,16.58,22.21,10.76,0.09,76.32,2.62
Leeds,53.8008,-1.5491,2018-07-03,15.57,20.55,9.82,0.07,77.81,2.26
Leeds,53.8008,-1.5491,2018-07-04,17.41,22.84,9.95,0.04,75.34,0.85
Leeds,53.8008,-1.5491,2018-07-05,18.29,23.97,11.65,0.03,73.75,1.93
Leeds,53.8008,-1.5491,2018-07-06,18.31,23.68,12.32,0.04,76.75,1.5
Leeds,53.8008,-1.5491,2018-07-07,19.76,24.5,13.54,0.01,72.48,1.23
Leeds,53.8008,-1.5491,2018-07-08,20.33,25.52,13.51,0.19,78.2,1.64
Leeds,53.8008,-1.5491,2018-07-09,17.12,20.98,11.63,0.86,84.58,2.45
Leeds,53.8008,-1.5491,2018-07-10,15.19,19.47,10.54,0.06,78.96,2.55
Leeds,53.8008,-1.5491,2018-07-11,16.21,21.42,10.34,0.35,81.86,1.64
Leeds,53.8008,-1.5491,2018-07-12,16.55,21.37,10.51,0.42,81.04,1.69
Leeds,53.8008,-1.5491,2018-07-13,16.96,20.92,12.67,1.5,83.47,1.16
Leeds,53.8008,-1.5491,2018-07-14,19.08,24.2,13.16,0.1,76.97,1.78
Leeds,53.8008,-1.5491,2018-07-15,19.14,24.48,12.47,0.01,75.97,1.83
Leeds,53.8008,-1.5491,2018-07-16,18.39,22.88,13.2,2.87,80.12,1.62
Leeds,53.8008,-1.5491,2018-07-17,15.97,19.71,11.11,1.92,78.93,2.64
Leeds,53.8008,-1.5491,2018-07-18,16.56,21.55,10.18,0.58,76.09,1.1
Leeds,53.8008,-1.5491,2018-07-19,17.97,22.38,12.61,0.43,77.46,1.2
Leeds,53.8008,-1.5491,2018-07-20,15.71,20.81,10.52,1.3,75.23,1.41
Leeds,53.8008,-1.5491,2018-07-21,16.91,21.75,11.64,0.2,82.89,1.88
Leeds,53.8008,-1.5491,2018-07-22,19.31,25.07,13.19,0.24,82.64,2.37
Leeds,53.8008,-1.5491,2018-07-23,21.23,25.88,15.03,1.63,83.59,2.03
Leeds,53.8008,-1.5491,2018-07-24,19.16,23.92,13.79,0.58,81.46,2.19
Leeds,53.8008,-1.5491,2018-07-25,17.63,23.15,11.14,0.01,72.47,1.11
Leeds,53.8008,-1.5491,2018-07-26,20.63,26.91,13.43,1.82,81.83,2.73
Leeds,53.8008,-1.5491,2018-07-27,22.23,27.12,16.92,7.75,80.17,1.88
Leeds,53.8008,-1.5491,2018-07-28,16.75,19.7,11.92,6.55,79.09,4.89
Leeds,53.8008,-1.5491,2018-07-29,16.58,22.18,11.55,11.06,88.22,5.16
Leeds,53.8008,-1.5491,2018-07-30,17.3,22.39,12.05,3.03,84.85,2.78
Leeds,53.8008,-1.5491,2018-07-31,16.66,21.26,11.5,0.08,76.36,2.55
Leeds,53.8008,-1.5491,2018-08-01,17.02,21.85,11.3,0.07,80.27,2.47
Leeds,53.8008,-1.5491,2018-08-02,19.83,25.23,15.09,0.86,83.0,2.69
Leeds,53.8008,-1.5491,2018-08-03,19.73,23.59,15.46,2.75,86.95,2.12
Leeds,53.8008,-1.5491,2018-08-04,17.5,22.63,13.21,0.01,80.56,2.32
Leeds,53.8008,-1.5491,2018-08-05,18.53,24.81,11.68,0.01,79.87,1.7
Leeds,53.8008,-1.5491,2018-08-06,18.25,22.65,13.13,0.01,80.4,1.89
Leeds,53.8008,-1.5491,2018-08-07,18.42,24.07,13.47,0.08,78.47,2.16
Leeds,53.8008,-1.5491,2018-08-08,15.32,19.72,10.77,0.25,75.9,2.81
Leeds,53.8008,-1.5491,2018-08-09,14.29,18.54,9.94,0.13,73.23,1.48
Leeds,53.8008,-1.5491,2018-08-10,12.88,16.36,9.36,2.96,78.29,3.08
Leeds,53.8008,-1.5491,2018-08-11,14.82,19.88,8.14,5.01,77.73,2.87
Leeds,53.8008,-1.5491,2018-08-12,17.06,20.21,14.79,6.37,91.01,2.8
Leeds,53.8008,-1.5491,2018-08-13,17.87,21.5,14.24,4.93,86.89,1.41
Leeds,53.8008,-1.5491,2018-08-14,17.19,21.56,12.69,0.34,83.92,3.14
Leeds,53.8008,-1.5491,2018-08-15,18.78,23.58,14.38,1.31,81.86,4.44
Leeds,53.8008,-1.5491,2018-08-16,15.42,18.18,11.63,5.11,81.09,3.77
Leeds,53.8008,-1.5491,2018-08-17,14.42,17.62,9.99,1.94,83.08,3.95
Leeds,53.8008,-1.5491,2018-08-18,18.18,22.5,14.05,0.24,83.82,3.93
Leeds,53.8008,-1.5491,2018-08-19,18.3,22.15,14.91,1.53,86.91,3.72
Leeds,53.8008,-1.5491,2018-08-20,18.01,22.56,13.45,3.03,87.97,0.91
Leeds,53.8008,-1.5491,2018-08-21,18.57,23.45,14.74,0.39,84.67,1.62
Leeds,53.8008,-1.5491,2018-08-22,17.38,22.25,11.95,0.75,86.27,3.37
Leeds,53.8008,-1.5491,2018-08-23,13.52,17.79,9.73,1.54,80.0,3.29
Leeds,53.8008,-1.5491,2018-08-24,11.65,14.79,8.58,1.77,79.52,4.3
Leeds,53.8008,-1.5491,2018-08-25,11.77,16.56,7.47,0.13,77.3,2.67
Leeds,53.8008,-1.5491,2018-08-26,11.57,14.69,8.21,5.46,90.16,3.57
Leeds,53.8008,-1.5491,2018-08-27,14.23,18.19,10.97,0.76,85.28,4.21
Leeds,53.8008,-1.5491,2018-08-28,15.23,19.7,10.56,0.06,82.48,2.16
Leeds,53.8008,-1.5491,2018-08-29,14.34,18.08,10.56,0.6,80.34,2.28
Leeds,53.8008,-1.5491,2018-08-30,12.08,17.49,6.74,0.0,77.5,1.63
Leeds,53.8008,-1.5491,2018-08-31,12.93,18.94,7.87,0.02,77.26,1.67
Leeds,53.8008,-1.5491,2018-09-01,15.42,22.06,7.94,0.07,81.24,2.34
Leeds,53.8008,-1.5491,2018-09-02,17.81,23.18,13.16,0.08,76.85,2.59
Leeds,53.8008,-1.5491,2018-09-03,16.48,20.95,12.01,4.72,87.98,1.47
Leeds,53.8008,-1.5491,2018-09-04,13.56,17.37,9.54,1.14,88.47,2.55
Leeds,53.8008,-1.5491,2018-09-05,13.01,18.34,7.86,0.21,82.47,1.81
Leeds,53.8008,-1.5491,2018-09-06,12.01,16.22,8.17,1.05,82.26,2.37
Leeds,53.8008,-1.5491,2018-09-07,11.11,15.25,6.5,1.26,84.44,3.95
Leeds,53.8008,-1.5491,2018-09-08,12.58,16.66,8.74,4.1,91.49,3.05
Leeds,53.8008,-1.5491,2018-09-09,14.23,18.8,10.72,0.83,83.56,4.37
Leeds,53.8008,-1.5491,2018-09-10,13.25,16.61,10.61,1.3,81.42,4.02
Leeds,53.8008,-1.5491,2018-09-11,14.29,17.02,12.03,2.89,81.46,4.02
Leeds,53.8008,-1.5491,2018-09-12,11.97,17.2,7.93,1.88,80.68,3.05
Leeds,53.8008,-1.5491,2018-09-13,12.06,16.71,7.58,0.35,82.0,3.59
Leeds,53.8008,-1.5491,2018-09-14,11.87,15.35,9.6,1.51,89.0,3.6
Leeds,53.8008,-1.5491,2018-09-15,12.85,16.7,8.71,0.71,85.29,2.67
Leeds,53.8008,-1.5491,2018-09-16,14.32,19.25,10.24,0.71,87.88,4.08
Leeds,53.8008,-1.5491,2018-09-17,15.53,22.07,9.66,0.4,87.92,3.36
Leeds,53.8008,-1.5491,2018-09-18,16.46,20.12,11.71,0.5,82.67,6.21
Leeds,53.8008,-1.5491,2018-09-19,14.81,20.18,10.71,0.82,78.3,6.57
Leeds,53.8008,-1.5491,2018-09-20,12.76,16.19,9.64,24.64,86.37,3.85
Leeds,53.8008,-1.5491,2018-09-21,10.05,15.75,7.0,3.17,81.12,6.46
Leeds,53.8008,-1.5491,2018-09-22,9.23,12.71,5.29,0.08,80.08,2.63
Leeds,53.8008,-1.5491,2018-09-23,7.92,12.55,4.97,0.28,81.86,2.83
Leeds,53.8008,-1.5491,2018-09-24,8.09,14.2,2.69,0.02,82.26,2.85
Leeds,53.8008,-1.5491,2018-09-25,9.79,15.41,3.42,0.0,77.23,3.55
Leeds,53.8008,-1.5491,2018-09-26,14.45,20.29,9.66,0.1,88.46,4.68
Leeds,53.8008,-1.5491,2018-09-27,14.03,19.06,7.98,0.07,81.41,3.55
Leeds,53.8008,-1.5491,2018-09-28,9.5,14.25,4.92,0.03,75.46,1.64
Leeds,53.8008,-1.5491,2018-09-29,8.49,14.9,3.48,0.0,83.77,2.81
Leeds,53.8008,-1.5491,2018-09-30,9.08,13.45,6.07,0.1,83.69,3.39
Leeds,53.8008,-1.5491,2018-10-01,8.37,12.61,4.55,2.57,81.64,3.6
Leeds,53.8008,-1.5491,2018-10-02,11.87,15.3,7.37,0.13,78.69,5.59
Leeds,53.8008,-1.5491,2018-10-03,11.08,16.4,6.03,0.19,89.79,2.84
Leeds,53.8008,-1.5491,2018-10-04,13.43,16.1,10.95,1.33,90.96,3.29
Leeds,53.8008,-1.5491,2018-10-05,10.64,13.2,7.43,7.7,92.93,2.11
Leeds,53.8008,-1.5491,2018-10-06,6.75,10.68,2.53,9.23,87.98,2.62
Leeds,53.8008,-1.5491,2018-10-07,6.81,11.81,1.26,0.04,84.57,3.12
Leeds,53.8008,-1.5491,2018-10-08,11.72,16.64,7.95,0.11,86.83,4.36
Leeds,53.8008,-1.5491,2018-10-09,11.93,17.4,8.63,0.02,84.94,3.91
Leeds,53.8008,-1.5491,2018-10-10,12.34,19.93,6.31,0.16,90.91,2.81
Leeds,53.8008,-1.5491,2018-10-11,13.61,18.47,9.59,2.53,90.16,3.88
Leeds,53.8008,-1.5491,2018-10-12,14.21,17.82,9.14,9.83,91.44,6.88
Leeds,53.8008,-1.5491,2018-10-13,18.04,22.5,14.74,5.97,84.44,7.59
Leeds,53.8008,-1.5491,2018-10-14,9.33,14.1,5.19,11.96,92.16,2.3
Leeds,53.8008,-1.5491,2018-10-15,8.63,10.97,5.86,1.73,94.24,2.22
Leeds,53.8008,-1.5491,2018-10-16,12.42,17.25,9.56,0.6,90.34,3.05
Leeds,53.8008,-1.5491,2018-10-17,10.79,14.6,6.05,0.16,92.51,1.86
Leeds,53.8008,-1.5491,2018-10-18,6.92,12.37,3.0,0.01,86.04,1.33
Leeds,53.8008,-1.5491,2018-10-19,7.35,13.94,2.19,0.05,91.88,2.07
Leeds,53.8008,-1.5491,2018-10-20,10.5,16.63,6.0,0.05,92.4,2.32
Leeds,53.8008,-1.5491,2018-10-21,10.48,17.08,4.83,0.12,90.84,3.13
Leeds,53.8008,-1.5491,2018-10-22,7.71,12.35,2.85,0.0,83.26,3.8
Leeds,53.8008,-1.5491,2018-10-23,11.45,14.72,9.34,0.03,82.44,7.13
Leeds,53.8008,-1.5491,2018-10-24,10.67,13.77,8.82,0.03,84.76,4.72
Leeds,53.8008,-1.5491,2018-10-25,9.87,14.11,7.35,0.27,91.08,3.52
Leeds,53.8008,-1.5491,2018-10-26,6.58,8.89,3.25,0.96,84.53,4.54
Leeds,53.8008,-1.5491,2018-10-27,3.8,5.68,2.41,3.4,89.18,4.93
Leeds,53.8008,-1.5491,2018-10-28,4.76,7.73,1.95,0.67,85.11,3.12
Leeds,53.8008,-1.5491,2018-10-29,2.62,7.65,-0.16,0.16,85.14,1.82
Leeds,53.8008,-1.5491,2018-10-30,4.58,6.81,0.98,0.97,95.2,2.86
Leeds,53.8008,-1.5491,2018-10-31,4.51,9.96,-0.23,0.07,89.39,3.12
Leeds,53.8008,-1.5491,2018-11-01,5.36,9.17,1.77,2.3,92.33,2.59
Leeds,53.8008,-1.5491,2018-11-02,4.97,10.72,1.67,0.03,88.79,2.65
Leeds,53.8008,-1.5491,2018-11-03,8.33,12.61,3.54,0.66,88.24,5.97
Leeds,53.8008,-1.5491,2018-11-04,9.25,12.26,6.96,0.72,93.83,3.83
Leeds,53.8008,-1.5491,2018-11-05,8.53,10.8,6.53,0.31,96.78,2.17
Leeds,53.8008,-1.5491,2018-11-06,10.0,14.21,6.76,0.55,95.07,3.8
Leeds,53.8008,-1.5491,2018-11-07,10.19,12.87,6.88,5.75,94.33,4.74
Leeds,53.8008,-1.5491,2018-11-08,7.06,11.19,4.4,0.58,93.95,4.01
Leeds,53.8008,-1.5491,2018-11-09,7.91,11.01,5.2,8.61,91.87,5.73
Leeds,53.8008,-1.5491,2018-11-10,8.46,11.1,7.01,1.25,94.84,3.78
Leeds,53.8008,-1.5491,2018-11-11,7.3,9.78,5.44,0.72,95.87,3.23
Leeds,53.8008,-1.5491,2018-11-12,8.07,11.87,5.91,0.71,93.51,4.45
Leeds,53.8008,-1.5491,2018-11-13,8.35,11.51,6.65,0.54,91.56,4.3
Leeds,53.8008,-1.5491,2018-11-14,8.91,12.07,7.02,1.07,95.4,4.22
Leeds,53.8008,-1.5491,2018-11-15,8.83,12.23,6.59,0.3,94.98,2.95
Leeds,53.8008,-1.5491,2018-11-16,9.58,11.72,7.47,0.44,96.66,2.04
Leeds,53.8008,-1.5491,2018-11-17,7.29,10.93,5.27,0.32,94.42,2.75
Leeds,53.8008,-1.5491,2018-11-18,6.37,10.57,3.86,0.09,92.34,2.69
Leeds,53.8008,-1.5491,2018-11-19,6.25,8.14,4.54,0.98,89.47,3.89
Leeds,53.8008,-1.5491,2018-11-20,5.27,6.17,4.54,10.08,94.04,4.66
Leeds,53.8008,-1.5491,2018-11-21,2.98,5.23,-0.93,5.86,94.28,3.13
Leeds,53.8008,-1.5491,2018-11-22,3.39,6.45,0.02,1.18,97.98,1.19
Leeds,53.8008,-1.5491,2018-11-23,4.08,6.78,0.83,0.54,96.9,1.54
Leeds,53.8008,-1.5491,2018-11-24,5.43,8.16,2.14,0.66,94.84,2.06
Leeds,53.8008,-1.5491,2018-11-25,4.51,6.44,1.92,2.1,96.37,2.48
Leeds,53.8008,-1.5491,2018-11-26,3.82,6.83,1.51,0.65,96.51,1.61
Leeds,53.8008,-1.5491,2018-11-27,3.93,5.49,1.89,9.55,97.59,3.71
Leeds,53.8008,-1.5491,2018-11-28,8.67,12.86,4.35,2.78,94.06,5.9
Leeds,53.8008,-1.5491,2018-11-29,8.49,12.47,6.6,4.95,92.43,6.13
Leeds,53.8008,-1.5491,2018-11-30,5.94,8.02,3.7,0.88,92.52,4.7
Leeds,53.8008,-1.5491,2018-12-01,6.54,10.05,3.56,5.93,97.65,2.96
Leeds,53.8008,-1.5491,2018-12-02,9.66,11.95,6.81,2.94,95.54,3.88
Leeds,53.8008,-1.5491,2018-12-03,5.34,9.14,0.02,1.42,94.78,2.81
Leeds,53.8008,-1.5491,2018-12-04,2.09,4.14,0.61,0.18,97.58,1.79
Leeds,53.8008,-1.5491,2018-12-05,4.96,7.32,2.16,11.76,98.32,2.35
Leeds,53.8008,-1.5491,2018-12-06,9.14,11.21,6.07,1.0,97.0,3.0
Leeds,53.8008,-1.5491,2018-12-07,8.01,10.95,5.33,6.92,86.09,6.2
Leeds,53.8008,-1.5491,2018-12-08,7.73,8.82,6.56,3.35,87.74,7.34
Leeds,53.8008,-1.5491,2018-12-09,4.28,6.53,1.74,1.05,95.68,3.38
Leeds,53.8008,-1.5491,2018-12-10,2.55,4.55,1.66,0.1,96.99,1.7
Leeds,53.8008,-1.5491,2018-12-11,2.72,4.27,0.76,0.2,97.79,2.01
Leeds,53.8008,-1.5491,2018-12-12,3.07,5.88,0.58,0.12,94.94,3.67
Leeds,53.8008,-1.5491,2018-12-13,1.88,5.06,-1.83,0.07,89.42,3.86
Leeds,53.8008,-1.5491,2018-12-14,-0.08,2.97,-1.7,0.07,96.65,2.29
Leeds,53.8008,-1.5491,2018-12-15,-0.37,2.26,-2.21,14.2,91.31,6.34
Leeds,53.8008,-1.5491,2018-12-16,2.66,4.22,1.19,4.49,96.94,3.56
Leeds,53.8008,-1.5491,2018-12-17,3.12,4.78,1.16,0.69,97.93,2.53
Leeds,53.8008,-1.5491,2018-12-18,6.08,7.63,4.65,12.52,95.76,5.72
Leeds,53.8008,-1.5491,2018-12-19,4.81,5.69,3.88,0.75,97.79,3.19
Leeds,53.8008,-1.5491,2018-12-20,5.47,7.37,4.54,1.8,96.91,3.44
Leeds,53.8008,-1.5491,2018-12-21,4.43,5.75,2.89,7.04,97.92,1.75
Leeds,53.8008,-1.5491,2018-12-22,6.08,7.93,4.48,0.95,94.54,3.36
Leeds,53.8008,-1.5491,2018-12-23,4.57,5.8,3.23,5.81,98.01,1.75
Leeds,53.8008,-1.5491,2018-12-24,2.87,4.19,1.88,0.39,97.8,1.53
Leeds,53.8008,-1.5491,2018-12-25,4.94,7.54,2.71,0.21,97.93,1.98
Leeds,53.8008,-1.5491,2018-12-26,6.67,8.66,5.55,0.22,98.58,2.16
Leeds,53.8008,-1.5491,2018-12-27,6.48,8.95,4.02,0.09,97.57,1.25
Leeds,53.8008,-1.5491,2018-12-28,5.96,9.21,3.43,0.1,98.27,2.19
Leeds,53.8008,-1.5491,2018-12-29,7.92,11.16,3.81,0.39,93.29,4.8
Leeds,53.8008,-1.5491,2018-12-30,7.51,10.44,4.51,0.95,97.19,2.6
Leeds,53.8008,-1.5491,2018-12-31,7.18,9.32,4.87,0.05,93.77,3.52
Leeds,53.8008,-1.5491,2019-01-01,4.63,8.7,-0.07,0.06,92.16,3.0
Leeds,53.8008,-1.5491,2019-01-02,1.6,4.76,-0.98,0.2,88.46,1.45
Leeds,53.8008,-1.5491,2019-01-03,-1.13,2.1,-2.95,0.0,90.26,0.92
Leeds,53.8008,-1.5491,2019-01-04,-0.07,3.62,-2.91,0.03,98.1,2.08
Leeds,53.8008,-1.5491,2019-01-05,0.68,3.47,-1.01,0.05,98.46,1.86
Leeds,53.8008,-1.5491,2019-01-06,4.24,6.62,1.08,0.21,99.17,2.21
Leeds,53.8008,-1.5491,2019-01-07,7.3,10.19,5.03,0.4,92.31,5.45
Leeds,53.8008,-1.5491,2019-01-08,4.33,6.87,0.82,0.05,89.36,4.6
Leeds,53.8008,-1.5491,2019-01-09,1.35,4.63,-1.11,0.13,93.38,2.93
Leeds,53.8008,-1.5491,2019-01-10,3.14,6.17,-0.4,0.69,95.15,2.57
Leeds,53.8008,-1.5491,2019-01-11,3.81,6.32,2.66,0.1,97.61,2.85
Leeds,53.8008,-1.5491,2019-01-12,7.77,8.98,5.67,0.66,91.94,6.08
Leeds,53.8008,-1.5491,2019-01-13,7.86,9.9,5.58,0.32,85.15,7.69
Leeds,53.8008,-1.5491,2019-01-14,4.55,5.64,2.92,0.39,93.92,2.92
Leeds,53.8008,-1.5491,2019-01-15,7.08,8.98,5.91,0.22,94.03,4.7
Leeds,53.8008,-1.5491,2019-01-16,5.51,7.76,1.96,1.19,93.37,4.39
Leeds,53.8008,-1.5491,2019-01-17,0.48,2.64,-0.93,0.38,90.09,4.16
Leeds,53.8008,-1.5491,2019-01-18,0.19,3.14,-1.97,1.92,93.56,2.61
Leeds,53.8008,-1.5491,2019-01-19,0.48,2.51,-1.22,1.36,97.11,2.6
Leeds,53.8008,-1.5491,2019-01-20,0.13,4.09,-1.4,0.3,97.55,1.07
Leeds,53.8008,-1.5491,2019-01-21,1.04,3.46,-1.92,2.87,96.73,3.12
Leeds,53.8008,-1.5491,2019-01-22,1.15,3.76,-1.3,1.14,95.06,2.83
Leeds,53.8008,-1.5491,2019-01-23,-1.84,1.93,-4.0,0.2,96.83,2.33
Leeds,53.8008,-1.5491,2019-01-24,0.44,3.54,-2.69,0.45,96.98,1.33
Leeds,53.8008,-1.5491,2019-01-25,6.52,9.42,0.99,1.82,96.67,4.49
Leeds,53.8008,-1.5491,2019-01-26,6.74,8.24,4.07,3.36,95.65,4.38
Leeds,53.8008,-1.5491,2019-01-27,3.13,5.03,1.17,3.55,85.0,7.58
Leeds,53.8008,-1.5491,2019-01-28,-0.23,3.47,-2.6,0.22,90.18,3.68
Leeds,53.8008,-1.5491,2019-01-29,0.38,2.57,-1.43,3.67,96.84,3.34
Leeds,53.8008,-1.5491,2019-01-30,-1.36,2.63,-3.43,0.06,95.63,1.51
Leeds,53.8008,-1.5491,2019-01-31,-1.72,2.14,-3.68,0.06,94.55,1.61
Leeds,53.8008,-1.5491,2019-02-01,0.35,1.85,-1.18,0.62,93.45,3.15
Leeds,53.8008,-1.5491,2019-02-02,-0.23,2.77,-3.37,0.37,95.44,3.48
Leeds,53.8008,-1.5491,2019-02-03,0.25,3.67,-3.72,0.69,93.79,3.14
Leeds,53.8008,-1.5491,2019-02-04,2.62,7.22,-0.89,2.7,94.98,4.03
Leeds,53.8008,-1.5491,2019-02-05,2.59,6.94,-1.28,3.68,98.19,3.3
Leeds,53.8008,-1.5491,2019-02-06,4.58,6.93,2.72,0.24,96.85,2.97
Leeds,53.8008,-1.5491,2019-02-07,4.25,6.79,2.98,6.04,92.61,4.27
Leeds,53.8008,-1.5491,2019-02-08,6.83,10.64,2.99,3.14,89.82,7.27
Leeds,53.8008,-1.5491,2019-02-09,5.76,8.44,2.65,2.32,86.36,8.18
Leeds,53.8008,-1.5491,2019-02-10,3.33,6.67,0.41,0.79,92.27,2.85
Leeds,53.8008,-1.5491,2019-02-11,2.43,7.64,-0.4,0.11,92.98,1.98
Leeds,53.8008,-1.5491,2019-02-12,5.2,9.17,0.12,0.19,95.36,3.55
Leeds,53.8008,-1.5491,2019-02-13,7.3,9.97,5.18,0.04,92.25,3.49
Leeds,53.8008,-1.5491,2019-02-14,5.84,11.57,1.87,0.04,89.21,2.67
Leeds,53.8008,-1.5491,2019-02-15,5.54,11.69,1.31,0.02,89.71,3.51
Leeds,53.8008,-1.5491,2019-02-16,8.44,11.98,4.81,0.09,89.57,4.05
Leeds,53.8008,-1.5491,2019-02-17,8.18,11.86,5.7,0.11,90.7,4.63
Leeds,53.8008,-1.5491,2019-02-18,6.93,9.22,5.58,0.34,89.2,5.23
Leeds,53.8008,-1.5491,2019-02-19,6.72,8.58,5.48,1.71,87.35,4.13
Leeds,53.8008,-1.5491,2019-02-20,8.05,12.28,5.58,2.87,88.85,4.75
Leeds,53.8008,-1.5491,2019-02-21,9.36,14.87,6.14,0.18,92.01,3.04
Leeds,53.8008,-1.5491,2019-02-22,7.65,14.08,3.07,0.04,90.26,2.38
Leeds,53.8008,-1.5491,2019-02-23,8.28,14.42,5.2,0.08,91.14,3.17
Leeds,53.8008,-1.5491,2019-02-24,8.07,14.85,4.3,0.07,92.81,1.67
Leeds,53.8008,-1.5491,2019-02-25,7.09,14.6,2.95,0.04,83.17,1.68
Leeds,53.8008,-1.5491,2019-02-26,7.73,16.63,2.47,0.02,76.01,1.42
Leeds,53.8008,-1.5491,2019-02-27,6.45,14.48,1.85,0.0,88.24,1.73
Leeds,53.8008,-1.5491,2019-02-28,4.75,7.62,2.14,0.57,96.2,1.11
Leeds,53.8008,-1.5491,2019-03-01,6.29,9.47,3.74,0.25,92.81,1.48
Leeds,53.8008,-1.5491,2019-03-02,8.21,12.43,4.91,1.42,86.45,5.02
Leeds,53.8008,-1.5491,2019-03-03,7.05,9.98,4.54,7.4,83.14,5.46
Leeds,53.8008,-1.5491,2019-03-04,5.39,9.19,2.88,2.09,82.57,6.39
Leeds,53.8008,-1.5491,2019-03-05,5.61,10.69,2.03,2.62,85.33,4.29
Leeds,53.8008,-1.5491,2019-03-06,8.26,13.15,4.29,18.66,91.55,4.69
Leeds,53.8008,-1.5491,2019-03-07,5.22,8.39,2.26,2.48,87.93,5.73
Leeds,53.8008,-1.5491,2019-03-08,3.87,7.18,-2.21,3.02,89.65,4.29
Leeds,53.8008,-1.5491,2019-03-09,5.44,8.86,2.7,2.24,84.33,5.67
Leeds,53.8008,-1.5491,2019-03-10,3.25,5.27,1.91,4.23,85.17,4.74
Leeds,53.8008,-1.5491,2019-03-11,4.83,8.5,1.87,1.59,78.87,5.96
Leeds,53.8008,-1.5491,2019-03-12,5.74,7.45,4.64,5.35,86.57,7.21
Leeds,53.8008,-1.5491,2019-03-13,7.31,10.13,5.64,2.37,79.85,9.05
Leeds,53.8008,-1.5491,2019-03-14,7.75,10.48,5.62,3.34,81.09,7.5
Leeds,53.8008,-1.5491,2019-03-15,7.47,9.95,4.21,1.51,79.09,6.73
Leeds,53.8008,-1.5491,2019-03-16,7.49,12.45,3.71,11.46,89.23,5.89
Leeds,53.8008,-1.5491,2019-03-17,4.37,7.24,1.62,0.48,83.87,5.08
Leeds,53.8008,-1.5491,2019-03-18,4.33,8.76,0.77,0.3,90.22,2.38
Leeds,53.8008,-1.5491,2019-03-19,7.58,12.26,2.98,0.27,90.05,2.7
Leeds,53.8008,-1.5491,2019-03-20,10.93,16.38,6.66,0.09,89.78,2.85
Leeds,53.8008,-1.5491,2019-03-21,10.41,14.95,5.95,0.1,88.91,2.41
Leeds,53.8008,-1.5491,2019-03-22,10.81,13.8,7.04,0.28,83.02,4.43
Leeds,53.8008,-1.5491,2019-03-23,6.67,10.4,4.18,0.0,78.84,1.95
Leeds,53.8008,-1.5491,2019-03-24,5.93,10.01,0.47,0.17,81.05,4.71
Leeds,53.8008,-1.5491,2019-03-25,6.2,11.82,1.94,0.0,76.95,3.32
Leeds,53.8008,-1.5491,2019-03-26,6.86,12.04,2.31,0.03,83.28,3.28
Leeds,53.8008,-1.5491,2019-03-27,7.59,13.14,2.8,0.02,84.59,3.19
Leeds,53.8008,-1.5491,2019-03-28,8.13,13.86,3.38,0.03,83.3,2.22
Leeds,53.8008,-1.5491,2019-03-29,7.39,14.79,1.53,0.01,82.67,2.05
Leeds,53.8008,-1.5491,2019-03-30,7.1,13.1,1.63,0.57,85.26,2.23
Leeds,53.8008,-1.5491,2019-03-31,5.46,10.39,0.05,0.04,78.12,2.51
Leeds,53.8008,-1.5491,2019-04-01,4.99,10.97,-1.75,0.24,79.06,2.74
Leeds,53.8008,-1.5491,2019-04-02,4.82,7.56,2.09,4.65,87.25,2.35
Leeds,53.8008,-1.5491,2019-04-03,3.89,7.4,-0.39,1.34,83.66,2.03
Leeds,53.8008,-1.5491,2019-04-04,5.45,9.59,1.01,1.55,80.19,4.66
Leeds,53.8008,-1.5491,2019-04-05,7.83,13.03,3.4,0.05,77.21,4.39
Leeds,53.8008,-1.5491,2019-04-06,7.67,11.29,4.3,0.19,83.25,2.14
Leeds,53.8008,-1.5491,2019-04-07,8.95,14.47,6.03,0.3,89.04,2.67
Leeds,53.8008,-1.5491,2019-04-08,8.65,13.95,5.15,0.12,86.34,3.94
Leeds,53.8008,-1.5491,2019-04-09,6.3,10.46,1.41,0.01,78.68,3.99
Leeds,53.8008,-1.5491,2019-04-10,4.45,10.1,-0.43,0.0,77.48,2.62
Leeds,53.8008,-1.5491,2019-04-11,4.62,10.95,-1.04,0.01,74.86,1.74
Leeds,53.8008,-1.5491,2019-04-12,4.0,9.4,-0.5,0.01,75.72,2.27
Leeds,53.8008,-1.5491,2019-04-13,3.27,8.4,-1.35,0.01,75.53,3.03
Leeds,53.8008,-1.5491,2019-04-14,3.71,8.38,-1.24,0.1,78.55,3.5
Leeds,53.8008,-1.5491,2019-04-15,6.76,11.8,1.1,0.01,81.7,4.74
Leeds,53.8008,-1.5491,2019-04-16,7.77,11.76,5.07,0.06,84.3,3.03
Leeds,53.8008,-1.5491,2019-04-17,9.74,16.04,4.59,0.01,81.26,2.85
Leeds,53.8008,-1.5491,2019-04-18,10.49,17.42,5.44,0.05,81.2,2.94
Leeds,53.8008,-1.5491,2019-04-19,11.16,19.1,4.51,0.0,76.95,2.05
Leeds,53.8008,-1.5491,2019-04-20,12.65,20.46,6.33,0.0,69.19,1.19
Leeds,53.8008,-1.5491,2019-04-21,12.44,20.49,4.3,0.0,74.53,2.2
Leeds,53.8008,-1.5491,2019-04-22,11.67,19.77,4.24,0.0,75.55,2.83
Leeds,53.8008,-1.5491,2019-04-23,10.79,16.0,6.42,0.01,79.99,3.25
Leeds,53.8008,-1.5491,2019-04-24,11.87,19.08,6.58,1.66,84.29,3.63
Leeds,53.8008,-1.5491,2019-04-25,9.97,14.38,6.32,3.73,87.73,3.1
Leeds,53.8008,-1.5491,2019-04-26,9.62,14.31,5.83,2.53,82.16,4.26
Leeds,53.8008,-1.5491,2019-04-27,7.51,9.73,5.21,3.82,87.56,4.74
Leeds,53.8008,-1.5491,2019-04-28,8.86,14.55,4.72,0.4,83.07,2.88
Leeds,53.8008,-1.5491,2019-04-29,8.59,12.51,4.54,0.21,83.87,1.74
Leeds,53.8008,-1.5491,2019-04-30,10.97,17.29,2.65,0.01,79.19,1.29
Leeds,53.8008,-1.5491,2019-05-01,11.64,16.32,7.4,0.28,81.24,1.8
Leeds,53.8008,-1.5491,2019-05-02,9.3,12.99,5.61,2.97,84.88,3.05
Leeds,53.8008,-1.5491,2019-05-03,6.46,10.34,3.86,2.47,80.7,2.0
Leeds,53.8008,-1.5491,2019-05-04,5.42,9.45,1.67,0.78,78.23,4.29
Leeds,53.8008,-1.5491,2019-05-05,6.47,10.97,0.22,0.26,75.83,2.3
Leeds,53.8008,-1.5491,2019-05-06,6.27,8.85,3.69,3.54,84.69,1.94
Leeds,53.8008,-1.5491,2019-05-07,6.95,9.86,4.39,4.03,85.35,1.39
Leeds,53.8008,-1.5491,2019-05-08,7.02,8.73,6.09,10.24,93.73,4.7
Leeds,53.8008,-1.5491,2019-05-09,6.9,10.24,2.71,3.32,83.59,3.86
Leeds,53.8008,-1.5491,2019-05-10,7.18,11.75,0.83,1.42,78.61,1.47
Leeds,53.8008,-1.5491,2019-05-11,8.38,12.41,4.79,1.61,80.08,1.43
Leeds,53.8008,-1.5491,2019-05-12,10.26,15.94,4.69,0.0,72.56,1.13
Leeds,53.8008,-1.5491,2019-05-13,12.32,18.78,4.75,0.0,73.25,1.78
Leeds,53.8008,-1.5491,2019-05-14,13.12,19.11,6.47,0.0,69.51,1.77
Leeds,53.8008,-1.5491,2019-05-15,11.99,18.43,5.62,0.0,71.14,1.91
Leeds,53.8008,-1.5491,2019-05-16,10.76,15.69,5.65,0.02,72.66,3.28
Leeds,53.8008,-1.5491,2019-05-17,12.12,16.87,7.81,0.65,74.7,3.71
Leeds,53.8008,-1.5491,2019-05-18,12.3,16.4,8.53,2.08,82.62,1.15
Leeds,53.8008,-1.5491,2019-05-19,12.53,17.08,6.9,0.37,81.3,1.07
Leeds,53.8008,-1.5491,2019-05-20,12.65,17.59,7.47,0.15,78.54,1.93
Leeds,53.8008,-1.5491,2019-05-21,12.14,17.59,6.86,0.03,76.06,2.9
Leeds,53.8008,-1.5491,2019-05-22,11.84,17.19,5.7,0.06,74.08,2.8
Leeds,53.8008,-1.5491,2019-05-23,12.22,17.84,5.1,0.03,78.27,2.9
Leeds,53.8008,-1.5491,2019-05-24,12.93,18.77,6.56,0.02,76.97,3.52
Leeds,53.8008,-1.5491,2019-05-25,13.06,17.99,7.23,0.94,80.59,3.16
Leeds,53.8008,-1.5491,2019-05-26,14.46,18.82,9.31,2.06,80.71,5.23
Leeds,53.8008,-1.5491,2019-05-27,11.44,14.81,8.5,6.2,81.81,3.51
Leeds,53.8008,-1.5491,2019-05-28,10.61,14.33,7.45,2.92,81.21,1.55
Leeds,53.8008,-1.5491,2019-05-29,11.42,15.83,4.58,3.49,79.29,3.03
Leeds,53.8008,-1.5491,2019-05-30,16.26,20.03,12.53,1.44,84.89,4.93
Leeds,53.8008,-1.5491,2019-05-31,16.1,19.76,12.45,0.42,80.28,4.01
Leeds,53.8008,-1.5491,2019-06-01,15.47,19.67,9.73,0.53,81.5,2.22
Leeds,53.8008,-1.5491,2019-06-02,16.17,21.07,10.88,0.99,79.79,4.51
Leeds,53.8008,-1.5491,2019-06-03,13.08,16.83,9.12,0.04,71.77,4.38
Leeds,53.8008,-1.5491,2019-06-04,11.97,16.6,6.53,15.54,84.89,2.88
Leeds,53.8008,-1.5491,2019-06-05,12.9,17.53,8.86,0.4,80.89,2.92
Leeds,53.8008,-1.5491,2019-06-06,12.87,16.39,8.64,0.46,73.55,2.07
Leeds,53.8008,-1.5491,2019-06-07,12.22,14.9,8.06,13.67,84.31,3.24
Leeds,53.8008,-1.5491,2019-06-08,11.26,13.37,8.75,6.71,89.12,3.35
Leeds,53.8008,-1.5491,2019-06-09,12.26,16.12,7.57,0.38,76.05,2.65
Leeds,53.8008,-1.5491,2019-06-10,11.55,14.86,8.42,4.27,83.22,3.02
Leeds,53.8008,-1.5491,2019-06-11,10.38,12.06,9.26,15.73,86.75,5.9
Leeds,53.8008,-1.5491,2019-06-12,11.85,15.05,9.24,16.63,92.13,4.15
Leeds,53.8008,-1.5491,2019-06-13,10.78,14.25,6.53,7.12,87.77,1.74
Leeds,53.8008,-1.5491,2019-06-14,11.81,15.98,6.68,4.87,87.18,2.31
Leeds,53.8008,-1.5491,2019-06-15,12.59,17.75,7.7,4.99,85.46,2.87
Leeds,53.8008,-1.5491,2019-06-16,13.24,17.97,6.07,2.26,81.26,3.49
Leeds,53.8008,-1.5491,2019-06-17,14.97,19.25,10.79,2.59,84.36,3.84
Leeds,53.8008,-1.5491,2019-06-18,14.38,19.06,8.58,2.06,80.89,1.99
Leeds,53.8008,-1.5491,2019-06-19,14.19,17.38,9.15,4.12,84.97,1.32
Leeds,53.8008,-1.5491,2019-06-20,12.4,16.11,8.25,0.43,76.89,3.23
Leeds,53.8008,-1.5491,2019-06-21,12.85,17.3,7.52,0.12,75.42,2.79
Leeds,53.8008,-1.5491,2019-06-22,14.66,19.81,7.43,0.03,74.14,2.45
Leeds,53.8008,-1.5491,2019-06-23,14.53,19.21,10.41,3.09,82.92,3.29
Leeds,53.8008,-1.5491,2019-06-24,17.44,21.9,13.22,3.97,86.53,1.25
Leeds,53.8008,-1.5491,2019-06-25,15.05,19.47,11.73,3.45,88.83,3.35
Leeds,53.8008,-1.5491,2019-06-26,13.79,18.39,7.96,0.28,82.22,2.86
Leeds,53.8008,-1.5491,2019-06-27,14.27,20.98,6.39,0.01,79.74,2.33
Leeds,53.8008,-1.5491,2019-06-28,15.09,20.81,8.51,0.06,80.61,3.01
Leeds,53.8008,-1.5491,2019-06-29,19.32,26.15,10.37,0.05,81.78,2.4
Leeds,53.8008,-1.5491,2019-06-30,17.01,20.43,13.09,0.25,77.2,4.8
Leeds,53.8008,-1.5491,2019-07-01,14.86,18.53,10.57,0.26,77.13,4.77
Leeds,53.8008,-1.5491,2019-07-02,14.37,19.24,8.61,0.05,74.99,2.77
Leeds,53.8008,-1.5491,2019-07-03,15.32,20.33,8.52,0.02,72.69,1.51
Leeds,53.8008,-1.5491,2019-07-04,15.5,20.9,10.18,0.01,80.16,2.97
Leeds,53.8008,-1.5491,2019-07-05,16.37,21.52,10.43,0.56,80.16,3.45
Leeds,53.8008,-1.5491,2019-07-06,15.79,20.05,10.1,0.91,75.65,2.49
Leeds,53.8008,-1.5491,2019-07-07,13.83,18.03,10.08,0.26,75.45,1.35
Leeds,53.8008,-1.5491,2019-07-08,14.29,19.58,8.67,0.02,73.29,0.95
Leeds,53.8008,-1.5491,2019-07-09,14.65,17.55,11.15,3.71,88.78,1.65
Leeds,53.8008,-1.5491,2019-07-10,17.11,21.81,14.04,0.73,85.96,2.34
Leeds,53.8008,-1.5491,2019-07-11,17.42,22.16,13.26,3.87,84.38,2.8
Leeds,53.8008,-1.5491,2019-07-12,17.32,21.54,12.21,1.24,82.17,2.76
Leeds,53.8008,-1.5491,2019-07-13,17.01,20.7,13.9,2.5,82.45,1.64
Leeds,53.8008,-1.5491,2019-07-14,15.52,19.49,10.84,1.31,82.28,2.01
Leeds,53.8008,-1.5491,2019-07-15,17.21,22.81,10.17,0.04,76.27,0.81
Leeds,53.8008,-1.5491,2019-07-16,18.31,23.15,13.11,0.04,74.42,1.86
Leeds,53.8008,-1.5491,2019-07-17,17.24,22.6,12.66,0.82,78.57,2.49
Leeds,53.8008,-1.5491,2019-07-18,16.21,19.85,12.76,0.93,79.21,3.28
Leeds,53.8008,-1.5491,2019-07-19,16.04,20.43,10.96,4.86,88.49,3.4
Leeds,53.8008,-1.5491,2019-07-20,17.16,21.55,12.35,2.12,80.53,4.22
Leeds,53.8008,-1.5491,2019-07-21,17.27,21.85,11.5,1.4,80.07,3.41
Leeds,53.8008,-1.5491,2019-07-22,19.89,24.81,15.66,0.91,81.44,4.79
Leeds,53.8008,-1.5491,2019-07-23,20.79,26.95,13.53,0.02,78.75,2.71
Leeds,53.8008,-1.5491,2019-07-24,21.32,25.95,17.07,14.71,79.42,2.18
Leeds,53.8008,-1.5491,2019-07-25,22.98,29.89,16.17,0.49,79.68,3.05
Leeds,53.8008,-1.5491,2019-07-26,21.41,24.95,17.52,2.36,79.11,1.92
Leeds,53.8008,-1.5491,2019-07-27,17.47,19.79,16.13,15.04,90.1,3.37
Leeds,53.8008,-1.5491,2019-07-28,18.9,22.19,16.01,6.92,88.27,2.04
Leeds,53.8008,-1.5491,2019-07-29,18.18,22.02,15.29,1.83,79.08,2.61
Leeds,53.8008,-1.5491,2019-07-30,17.82,22.64,13.29,8.76,84.83,3.13
Leeds,53.8008,-1.5491,2019-07-31,17.56,20.91,14.7,6.4,86.82,3.11
Leeds,53.8008,-1.5491,2019-08-01,17.33,21.84,13.38,0.35,82.66,3.36
Leeds,53.8008,-1.5491,2019-08-02,17.32,21.67,12.66,1.38,84.57,1.95
Leeds,53.8008,-1.5491,2019-08-03,17.92,22.26,13.15,0.88,83.55,0.99
Leeds,53.8008,-1.5491,2019-08-04,18.72,23.66,14.49,2.72,82.35,2.38
Leeds,53.8008,-1.5491,2019-08-05,17.11,20.88,13.28,0.89,80.07,3.12
Leeds,53.8008,-1.5491,2019-08-06,16.36,20.91,11.38,2.77,82.85,3.68
Leeds,53.8008,-1.5491,2019-08-07,15.93,19.82,12.55,0.61,80.48,4.16
Leeds,53.8008,-1.5491,2019-08-08,16.94,21.51,11.7,0.12,79.39,2.41
Leeds,53.8008,-1.5491,2019-08-09,18.28,23.63,14.22,22.42,84.39,5.1
Leeds,53.8008,-1.5491,2019-08-10,17.53,21.16,13.93,5.5,84.61,6.63
Leeds,53.8008,-1.5491,2019-08-11,15.3,19.0,10.75,1.3,81.56,4.94
Leeds,53.8008,-1.5491,2019-08-12,13.24,17.08,9.77,0.94,77.46,2.89
Leeds,53.8008,-1.5491,2019-08-13,12.99,17.17,9.59,0.86,78.01,2.63
Leeds,53.8008,-1.5491,2019-08-14,13.91,17.47,9.02,5.79,89.09,2.82
Leeds,53.8008,-1.5491,2019-08-15,15.2,18.51,11.0,0.64,78.94,4.38
Leeds,53.8008,-1.5491,2019-08-16,14.77,17.48,11.68,11.72,90.8,4.74
Leeds,53.8008,-1.5491,2019-08-17,15.38,18.93,11.53,0.4,77.87,4.34
Leeds,53.8008,-1.5491,2019-08-18,14.4,18.54,9.79,0.6,79.44,4.65
Leeds,53.8008,-1.5491,2019-08-19,14.19,17.96,11.27,0.66,80.19,3.99
Leeds,53.8008,-1.5491,2019-08-20,13.25,17.45,9.58,0.96,80.57,3.28
Leeds,53.8008,-1.5491,2019-08-21,14.98,19.86,9.89,0.75,82.6,3.21
Leeds,53.8008,-1.5491,2019-08-22,17.2,21.83,12.85,2.48,83.88,4.81
Leeds,53.8008,-1.5491,2019-08-23,18.85,23.97,13.79,0.06,84.26,2.55
Leeds,53.8008,-1.5491,2019-08-24,18.83,24.8,13.4,0.02,78.27,1.96
Leeds,53.8008,-1.5491,2019-08-25,19.85,27.15,13.23,0.02,76.39,1.93
Leeds,53.8008,-1.5491,2019-08-26,19.91,26.17,14.08,0.0,80.33,1.29
Leeds,53.8008,-1.5491,2019-08-27,20.17,26.43,13.97,1.4,82.81,1.32
Leeds,53.8008,-1.5491,2019-08-28,15.56,21.02,9.95,2.79,86.68,2.79
Leeds,53.8008,-1.5491,2019-08-29,14.74,19.46,9.24,0.31,81.47,3.97
Leeds,53.8008,-1.5491,2019-08-30,16.98,21.46,12.66,0.24,81.53,4.78
Leeds,53.8008,-1.5491,2019-08-31,14.61,18.28,10.08,1.66,82.44,4.83
Leeds,53.8008,-1.5491,2019-09-01,12.1,15.83,8.35,0.86,80.24,3.77
Leeds,53.8008,-1.5491,2019-09-02,13.57,17.16,8.99,2.61,84.44,4.27
Leeds,53.8008,-1.5491,2019-09-03,16.35,20.42,12.59,0.75,85.28,4.28
Leeds,53.8008,-1.5491,2019-09-04,13.76,16.22,9.59,7.18,81.63,5.35
Leeds,53.8008,-1.5491,2019-09-05,11.81,16.32,6.12,0.39,79.45,4.32
Leeds,53.8008,-1.5491,2019-09-06,13.19,16.63,10.49,2.07,81.54,5.01
Leeds,53.8008,-1.5491,2019-09-07,11.15,15.51,6.71,0.1,80.09,3.06
Leeds,53.8008,-1.5491,2019-09-08,11.51,17.12,4.69,0.03,78.52,0.96
Leeds,53.8008,-1.5491,2019-09-09,11.19,12.86,9.13,3.92,91.32,2.02
Leeds,53.8008,-1.5491,2019-09-10,12.12,17.16,7.21,0.51,84.62,2.33
Leeds,53.8008,-1.5491,2019-09-11,14.57,18.37,10.69,2.38,81.61,4.71
Leeds,53.8008,-1.5491,2019-09-12,15.08,21.46,10.15,0.69,87.18,3.98
Leeds,53.8008,-1.5491,2019-09-13,11.55,16.83,7.13,0.02,80.04,2.16
Leeds,53.8008,-1.5491,2019-09-14,12.96,18.74,5.35,0.01,77.38,3.1
Leeds,53.8008,-1.5491,2019-09-15,13.25,15.95,10.19,0.83,83.21,2.65
Leeds,53.8008,-1.5491,2019-09-16,11.9,17.06,8.19,0.52,80.57,1.99
Leeds,53.8008,-1.5491,2019-09-17,10.49,15.94,6.05,0.0,76.49,2.46
Leeds,53.8008,-1.5491,2019-09-18,11.15,17.04,4.68,0.0,82.65,1.65
Leeds,53.8008,-1.5491,2019-09-19,13.99,20.01,7.49,0.03,82.31,1.03
Leeds,53.8008,-1.5491,2019-09-20,14.42,20.36,9.16,0.06,83.59,2.34
Leeds,53.8008,-1.5491,2019-09-21,14.24,20.54,10.08,0.22,82.97,3.57
Leeds,53.8008,-1.5491,2019-09-22,15.43,19.47,11.44,4.23,93.98,2.07
Leeds,53.8008,-1.5491,2019-09-23,14.26,17.64,10.51,3.94,84.88,3.29
Leeds,53.8008,-1.5491,2019-09-24,15.12,19.15,12.67,12.72,92.68,2.82
Leeds,53.8008,-1.5491,2019-09-25,14.22,18.09,10.99,1.24,89.97,1.09
Leeds,53.8008,-1.5491,2019-09-26,14.17,17.21,11.21,5.57,86.97,4.03
Leeds,53.8008,-1.5491,2019-09-27,12.08,14.41,10.49,7.43,92.13,4.21
Leeds,53.8008,-1.5491,2019-09-28,12.97,17.0,9.44,5.09,87.94,4.07
Leeds,53.8008,-1.5491,2019-09-29,11.87,13.71,8.94,21.83,93.68,3.58
Leeds,53.8008,-1.5491,2019-09-30,11.45,15.6,7.21,11.14,90.3,2.21
Leeds,53.8008,-1.5491,2019-10-01,9.3,11.01,5.73,9.8,88.56,4.22
Leeds,53.8008,-1.5491,2019-10-02,7.13,12.93,3.06,0.09,81.9,3.04
Leeds,53.8008,-1.5491,2019-10-03,7.11,10.5,2.5,7.38,85.63,2.67
Leeds,53.8008,-1.5491,2019-10-04,10.25,14.6,6.61,2.23,91.53,2.11
Leeds,53.8008,-1.5491,2019-10-05,10.47,14.81,6.64,3.81,88.82,2.51
Leeds,53.8008,-1.5491,2019-10-06,10.62,13.12,8.73,20.68,93.64,3.03
Leeds,53.8008,-1.5491,2019-10-07,10.33,12.67,8.48,3.48,93.68,3.59
Leeds,53.8008,-1.5491,2019-10-08,11.04,14.93,8.74,0.93,85.15,4.81
Leeds,53.8008,-1.5491,2019-10-09,9.9,13.06,8.22,1.33,86.87,4.33
Leeds,53.8008,-1.5491,2019-10-10,11.51,13.78,8.26,1.53,85.05,5.57
Leeds,53.8008,-1.5491,2019-10-11,11.81,13.92,9.51,5.92,89.54,4.29
Leeds,53.8008,-1.5491,2019-10-12,10.41,14.56,7.86,0.19,88.73,2.67
Leeds,53.8008,-1.5491,2019-10-13,9.21,11.74,7.57,12.75,97.01,2.3
Leeds,53.8008,-1.5491,2019-10-14,8.95,13.23,6.6,8.97,94.13,2.4
Leeds,53.8008,-1.5491,2019-10-15,10.04,12.96,7.32,2.94,92.91,2.6
Leeds,53.8008,-1.5491,2019-10-16,8.6,13.79,4.38,2.89,91.88,2.96
Leeds,53.8008,-1.5491,2019-10-17,8.41,13.57,3.34,1.49,89.27,3.0
Leeds,53.8008,-1.5491,2019-10-18,8.92,11.82,7.43,9.79,93.28,2.62
Leeds,53.8008,-1.5491,2019-10-19,8.33,11.39,6.69,1.63,93.72,1.98
Leeds,53.8008,-1.5491,2019-10-20,8.38,10.55,6.22,2.23,92.36,4.43
Leeds,53.8008,-1.5491,2019-10-21,8.32,11.08,3.25,0.7,89.43,2.79
Leeds,53.8008,-1.5491,2019-10-22,6.93,11.39,2.57,0.0,92.32,2.49
Leeds,53.8008,-1.5491,2019-10-23,7.9,12.58,5.85,0.13,92.64,2.77
Leeds,53.8008,-1.5491,2019-10-24,8.32,11.66,6.8,2.25,97.13,2.29
Leeds,53.8008,-1.5491,2019-10-25,7.79,11.34,4.48,22.82,96.06,2.15
Leeds,53.8008,-1.5491,2019-10-26,4.21,6.51,2.79,11.98,93.67,2.23
Leeds,53.8008,-1.5491,2019-10-27,6.02,10.97,2.35,0.05,89.52,3.78
Leeds,53.8008,-1.5491,2019-10-28,4.06,8.87,1.73,0.27,91.56,2.28
Leeds,53.8008,-1.5491,2019-10-29,5.01,9.78,2.14,0.15,90.94,2.35
Leeds,53.8008,-1.5491,2019-10-30,5.73,10.19,2.62,0.1,87.84,2.65
Leeds,53.8008,-1.5491,2019-10-31,5.51,10.55,1.6,0.5,89.74,2.69
Leeds,53.8008,-1.5491,2019-11-01,8.87,11.93,5.42,11.48,97.22,3.33
Leeds,53.8008,-1.5491,2019-11-02,8.52,11.81,5.91,3.59,95.22,2.68
Leeds,53.8008,-1.5491,2019-11-03,6.34,9.22,5.02,1.54,97.67,2.06
Leeds,53.8008,-1.5491,2019-11-04,6.96,10.12,5.29,1.97,96.92,1.76
Leeds,53.8008,-1.5491,2019-11-05,7.61,8.99,4.81,1.45,94.37,3.97
Leeds,53.8008,-1.5491,2019-11-06,4.02,7.26,0.82,3.45,94.04,1.8
Leeds,53.8008,-1.5491,2019-11-07,6.32,7.86,5.2,28.13,94.34,5.14
Leeds,53.8008,-1.5491,2019-11-08,4.91,7.22,0.45,0.57,90.78,3.8
Leeds,53.8008,-1.5491,2019-11-09,2.82,6.3,-0.11,0.31,83.65,1.75
Leeds,53.8008,-1.5491,2019-11-10,3.84,7.8,0.86,1.67,86.04,2.25
Leeds,53.8008,-1.5491,2019-11-11,5.34,7.07,3.35,6.55,90.95,5.33
Leeds,53.8008,-1.5491,2019-11-12,5.48,6.85,4.07,2.53,90.62,5.27
Leeds,53.8008,-1.5491,2019-11-13,2.64,4.6,0.85,0.4,97.64,2.12
Leeds,53.8008,-1.5491,2019-11-14,4.98,6.28,3.48,10.26,90.17,4.88
Leeds,53.8008,-1.5491,2019-11-15,6.81,8.77,5.37,2.97,91.94,4.36
Leeds,53.8008,-1.5491,2019-11-16,7.19,9.24,5.5,2.9,96.85,2.09
Leeds,53.8008,-1.5491,2019-11-17,6.12,8.29,4.33,2.14,97.01,2.22
Leeds,53.8008,-1.5491,2019-11-18,2.66,6.02,-2.61,0.1,93.33,2.5
Leeds,53.8008,-1.5491,2019-11-19,0.6,3.4,-2.96,0.05,95.27,1.91
Leeds,53.8008,-1.5491,2019-11-20,3.2,6.05,1.4,0.08,95.49,3.57
Leeds,53.8008,-1.5491,2019-11-21,4.36,6.07,2.6,0.3,89.21,3.75
Leeds,53.8008,-1.5491,2019-11-22,6.68,7.87,5.13,4.01,96.94,3.49
Leeds,53.8008,-1.5491,2019-11-23,7.8,8.27,6.59,9.28,96.61,3.81
Leeds,53.8008,-1.5491,2019-11-24,6.81,8.4,5.5,0.71,97.42,1.18
Leeds,53.8008,-1.5491,2019-11-25,7.67,8.85,6.24,7.0,97.65,3.07
Leeds,53.8008,-1.5491,2019-11-26,7.48,9.47,6.18,4.78,98.5,2.31
Leeds,53.8008,-1.5491,2019-11-27,7.5,8.88,6.0,8.7,96.66,3.3
Leeds,53.8008,-1.5491,2019-11-28,6.15,8.07,1.81,4.33,93.92,3.8
Leeds,53.8008,-1.5491,2019-11-29,1.84,5.02,-0.07,0.46,96.4,1.91
Leeds,53.8008,-1.5491,2019-11-30,0.65,3.52,-1.04,0.11,96.6,1.09
Leeds,53.8008,-1.5491,2019-12-01,0.36,4.23,-2.23,0.03,95.54,1.66
Leeds,53.8008,-1.5491,2019-12-02,2.03,4.67,-1.78,0.13,97.85,2.77
Leeds,53.8008,-1.5491,2019-12-03,3.82,6.71,1.84,0.05,96.71,2.37
Leeds,53.8008,-1.5491,2019-12-04,3.02,5.04,1.99,0.16,97.44,3.23
Leeds,53.8008,-1.5491,2019-12-05,5.98,10.62,3.14,1.38,96.57,5.03
Leeds,53.8008,-1.5491,2019-12-06,9.72,11.5,7.92,2.0,92.52,5.39
Leeds,53.8008,-1.5491,2019-12-07,7.7,8.86,6.24,1.84,93.53,4.96
Leeds,53.8008,-1.5491,2019-12-08,6.87,10.92,5.02,3.25,86.97,7.58
Leeds,53.8008,-1.5491,2019-12-09,3.26,5.85,-1.08,0.4,91.17,4.12
Leeds,53.8008,-1.5491,2019-12-10,5.15,11.41,-0.28,4.48,94.55,6.66
Leeds,53.8008,-1.5491,2019-12-11,3.07,5.04,1.66,0.43,95.82,3.94
Leeds,53.8008,-1.5491,2019-12-12,2.16,4.14,0.85,10.57,97.96,3.3
Leeds,53.8008,-1.5491,2019-12-13,4.86,6.54,3.26,1.87,95.09,4.19
Leeds,53.8008,-1.5491,2019-12-14,3.36,5.21,0.81,6.83,87.32,5.97
Leeds,53.8008,-1.5491,2019-12-15,2.74,3.82,1.02,0.84,95.48,4.37
Leeds,53.8008,-1.5491,2019-12-16,3.34,4.94,2.12,0.45,97.33,3.38
Leeds,53.8008,-1.5491,2019-12-17,2.47,3.25,2.05,0.2,97.85,2.25
Leeds,53.8008,-1.5491,2019-12-18,3.13,7.12,1.17,8.82,97.14,4.24
Leeds,53.8008,-1.5491,2019-12-19,8.91,10.19,7.49,5.44,96.41,4.89
Leeds,53.8008,-1.5491,2019-12-20,6.17,7.58,4.98,8.92,96.98,2.84
Leeds,53.8008,-1.5491,2019-12-21,4.57,6.28,2.29,1.32,98.02,2.48
Leeds,53.8008,-1.5491,2019-12-22,4.78,6.39,3.0,2.06,98.39,1.75
Leeds,53.8008,-1.5491,2019-12-23,5.38,7.47,3.4,0.44,94.13,4.22
Leeds,53.8008,-1.5491,2019-12-24,4.62,6.97,3.31,3.33,97.3,2.12
Leeds,53.8008,-1.5491,2019-12-25,3.53,5.64,1.87,0.17,97.85,2.01
Leeds,53.8008,-1.5491,2019-12-26,4.01,5.34,1.94,2.01,97.54,3.07
Leeds,53.8008,-1.5491,2019-12-27,4.77,6.2,2.96,0.38,98.25,2.54
Leeds,53.8008,-1.5491,2019-12-28,6.37,7.56,4.84,0.15,97.54,3.66
Leeds,53.8008,-1.5491,2019-12-29,6.87,8.07,5.37,0.04,95.55,4.36
Leeds,53.8008,-1.5491,2019-12-30,5.42,7.78,2.8,0.12,96.97,3.55
Leeds,53.8008,-1.5491,2019-12-31,2.73,6.08,0.98,0.13,98.75,1.6
Leeds,53.8008,-1.5491,2020-01-01,3.51,5.13,2.62,0.21,96.67,2.43
Leeds,53.8008,-1.5491,2020-01-02,6.7,8.28,4.48,0.56,94.54,5.4
Leeds,53.8008,-1.5491,2020-01-03,5.1,8.5,2.56,0.53,92.83,3.8
Leeds,53.8008,-1.5491,2020-01-04,5.86,7.68,4.89,0.11,94.31,4.17
Leeds,53.8008,-1.5491,2020-01-05,6.89,8.74,5.56,0.13,95.5,3.81
Leeds,53.8008,-1.5491,2020-01-06,6.21,8.86,3.93,0.52,91.18,5.37
Leeds,53.8008,-1.5491,2020-01-07,7.28,11.35,3.77,1.35,95.92,5.59
Leeds,53.8008,-1.5491,2020-01-08,5.73,10.3,3.29,1.56,93.67,2.93
Leeds,53.8008,-1.5491,2020-01-09,5.18,8.13,1.55,11.14,95.84,3.6
Leeds,53.8008,-1.5491,2020-01-10,3.13,5.56,-0.37,0.17,94.61,3.26
Leeds,53.8008,-1.5491,2020-01-11,7.14,10.07,3.43,5.16,94.72,6.07
Leeds,53.8008,-1.5491,2020-01-12,4.69,7.21,3.48,3.7,96.57,2.53
Leeds,53.8008,-1.5491,2020-01-13,5.16,7.88,3.2,3.38,94.63,6.11
Leeds,53.8008,-1.5491,2020-01-14,6.04,9.53,3.6,6.45,94.44,5.06
Leeds,53.8008,-1.5491,2020-01-15,4.88,7.22,3.67,0.04,91.58,5.17
Leeds,53.8008,-1.5491,2020-01-16,6.24,10.35,3.02,3.24,95.43,5.76
Leeds,53.8008,-1.5491,2020-01-17,4.69,6.82,2.88,1.27,95.67,3.08
Leeds,53.8008,-1.5491,2020-01-18,2.57,5.84,-0.07,0.02,94.26,3.72
Leeds,53.8008,-1.5491,2020-01-19,0.73,3.17,-2.25,0.08,97.79,2.37
Leeds,53.8008,-1.5491,2020-01-20,3.83,6.88,2.3,0.06,96.0,3.24
Leeds,53.8008,-1.5491,2020-01-21,5.19,7.34,3.4,0.26,97.03,1.95
Leeds,53.8008,-1.5491,2020-01-22,7.18,10.37,5.07,0.31,97.88,1.56
Leeds,53.8008,-1.5491,2020-01-23,4.68,6.89,2.96,0.2,97.86,1.96
Leeds,53.8008,-1.5491,2020-01-24,4.95,7.92,3.23,0.11,97.81,2.32
Leeds,53.8008,-1.5491,2020-01-25,4.55,6.53,3.06,0.25,96.99,2.91
Leeds,53.8008,-1.5491,2020-01-26,5.01,7.71,1.06,3.56,96.75,3.73
Leeds,53.8008,-1.5491,2020-01-27,3.41,5.96,0.9,0.97,96.8,3.38
Leeds,53.8008,-1.5491,2020-01-28,3.24,4.31,1.93,2.26,90.98,5.39
Leeds,53.8008,-1.5491,2020-01-29,5.23,7.02,2.76,0.73,88.72,6.34
Leeds,53.8008,-1.5491,2020-01-30,7.55,10.23,5.8,0.26,91.25,5.8
Leeds,53.8008,-1.5491,2020-01-31,8.88,11.38,5.24,0.53,93.93,5.49
Leeds,53.8008,-1.5491,2020-02-01,7.25,8.79,3.95,0.49,88.13,6.92
Leeds,53.8008,-1.5491,2020-02-02,5.79,9.4,3.75,5.41,95.56,3.39
Leeds,53.8008,-1.5491,2020-02-03,5.64,7.35,3.76,0.67,87.0,6.15
Leeds,53.8008,-1.5491,2020-02-04,4.42,8.72,0.19,0.66,86.55,5.48
Leeds,53.8008,-1.5491,2020-02-05,2.25,6.03,-1.02,0.03,97.08,1.82
Leeds,53.8008,-1.5491,2020-02-06,2.72,7.46,-0.01,0.17,95.35,1.54
Leeds,53.8008,-1.5491,2020-02-07,3.37,7.0,0.72,0.45,92.86,4.2
Leeds,53.8008,-1.5491,2020-02-08,6.67,8.68,4.57,1.4,86.77,6.45
Leeds,53.8008,-1.5491,2020-02-09,9.33,12.89,6.01,11.23,85.89,10.07
Leeds,53.8008,-1.5491,2020-02-10,4.3,6.1,2.88,2.87,82.91,8.59
Leeds,53.8008,-1.5491,2020-02-11,3.35,4.25,2.62,2.01,81.55,9.44
Leeds,53.8008,-1.5491,2020-02-12,2.68,5.23,-0.05,0.35,86.37,5.81
Leeds,53.8008,-1.5491,2020-02-13,2.7,5.98,0.6,10.55,95.96,3.22
Leeds,53.8008,-1.5491,2020-02-14,4.42,7.98,0.51,0.33,97.51,3.95
Leeds,53.8008,-1.5491,2020-02-15,8.62,11.49,4.09,9.62,92.99,7.13
Leeds,53.8008,-1.5491,2020-02-16,7.55,10.92,4.55,8.44,82.72,8.15
Leeds,53.8008,-1.5491,2020-02-17,5.71,9.03,3.97,0.5,81.47,8.07
Leeds,53.8008,-1.5491,2020-02-18,5.05,8.12,3.31,1.41,86.23,6.6
Leeds,53.8008,-1.5491,2020-02-19,4.91,7.77,2.11,2.3,89.64,5.37
Leeds,53.8008,-1.5491,2020-02-20,6.09,8.86,3.26,2.33,87.05,6.95
Leeds,53.8008,-1.5491,2020-02-21,6.74,9.51,3.56,1.94,87.54,7.92
Leeds,53.8008,-1.5491,2020-02-22,7.54,9.92,5.41,3.44,81.88,8.42
Leeds,53.8008,-1.5491,2020-02-23,4.81,6.56,2.87,3.49,86.36,4.88
Leeds,53.8008,-1.5491,2020-02-24,4.18,9.74,0.69,10.9,91.95,5.98
Leeds,53.8008,-1.5491,2020-02-25,3.24,5.89,0.87,1.03,89.74,4.42
Leeds,53.8008,-1.5491,2020-02-26,2.48,6.01,-0.57,0.39,88.65,4.12
Leeds,53.8008,-1.5491,2020-02-27,2.46,5.44,0.49,2.05,88.57,4.17
Leeds,53.8008,-1.5491,2020-02-28,3.16,7.53,0.45,5.12,96.51,4.24
Leeds,53.8008,-1.5491,2020-02-29,5.76,8.56,3.48,4.48,84.26,7.42
Leeds,53.8008,-1.5491,2020-03-01,4.36,7.01,1.6,1.07,83.42,7.2
Leeds,53.8008,-1.5491,2020-03-02,3.13,7.2,0.59,0.33,87.32,3.55
Leeds,53.8008,-1.5491,2020-03-03,3.68,7.19,1.15,0.78,92.24,4.05
Leeds,53.8008,-1.5491,2020-03-04,3.78,8.14,0.29,0.1,86.39,1.34
Leeds,53.8008,-1.5491,2020-03-05,2.72,7.63,-0.26,0.07,87.0,2.05
Leeds,53.8008,-1.5491,2020-03-06,2.69,8.11,-1.82,0.04,85.95,1.42
Leeds,53.8008,-1.5491,2020-03-07,6.54,12.87,0.15,1.18,90.25,5.22
Leeds,53.8008,-1.5491,2020-03-08,7.58,10.01,4.13,2.25,87.58,5.48
Leeds,53.8008,-1.5491,2020-03-09,6.35,9.36,3.72,3.85,89.28,5.1
Leeds,53.8008,-1.5491,2020-03-10,9.47,13.02,3.85,1.4,88.34,6.55
Leeds,53.8008,-1.5491,2020-03-11,7.05,11.6,3.19,3.52,88.12,5.9
Leeds,53.8008,-1.5491,2020-03-12,5.14,8.44,1.92,1.28,80.36,8.07
Leeds,53.8008,-1.5491,2020-03-13,5.25,8.27,2.27,1.24,87.93,3.62
Leeds,53.8008,-1.5491,2020-03-14,7.01,11.04,3.89,1.93,90.95,4.85
Leeds,53.8008,-1.5491,2020-03-15,7.8,10.5,3.78,2.25,85.31,5.4
Leeds,53.8008,-1.5491,2020-03-16,6.66,10.73,3.75,0.13,81.79,3.28
Leeds,53.8008,-1.5491,2020-03-17,9.92,13.69,4.81,0.69,87.7,5.74
Leeds,53.8008,-1.5491,2020-03-18,7.02,10.75,4.09,1.36,85.33,2.67
Leeds,53.8008,-1.5491,2020-03-19,5.04,9.68,1.34,0.01,81.93,1.11
Leeds,53.8008,-1.5491,2020-03-20,4.09,8.26,0.63,0.05,84.52,3.43
Leeds,53.8008,-1.5491,2020-03-21,3.82,8.34,0.26,0.05,80.76,4.29
Leeds,53.8008,-1.5491,2020-03-22,3.57,9.53,-0.92,0.0,82.99,2.84
Leeds,53.8008,-1.5491,2020-03-23,4.36,10.93,-1.39,0.01,81.94,3.5
Leeds,53.8008,-1.5491,2020-03-24,7.05,15.26,-1.2,0.02,87.22,3.7
Leeds,53.8008,-1.5491,2020-03-25,8.28,16.06,2.18,0.01,81.11,2.11
Leeds,53.8008,-1.5491,2020-03-26,5.13,11.99,-0.08,0.0,75.78,1.45
Leeds,53.8008,-1.5491,2020-03-27,4.8,10.43,0.52,0.04,81.83,2.86
Leeds,53.8008,-1.5491,2020-03-28,5.59,9.11,1.79,0.33,79.71,5.44
Leeds,53.8008,-1.5491,2020-03-29,3.03,6.12,-0.38,0.18,71.75,4.92
Leeds,53.8008,-1.5491,2020-03-30,5.17,9.68,1.29,0.69,85.93,4.23
Leeds,53.8008,-1.5491,2020-03-31,6.35,10.21,1.74,0.82,83.12,1.7
Leeds,53.8008,-1.5491,2020-04-01,6.17,10.15,2.68,0.12,84.04,2.92
Leeds,53.8008,-1.5491,2020-04-02,7.24,11.99,2.04,0.12,80.77,5.25
Leeds,53.8008,-1.5491,2020-04-03,5.17,10.02,-0.11,0.23,83.85,3.06
Leeds,53.8008,-1.5491,2020-04-04,7.87,12.46,3.62,0.09,84.13,3.28
Leeds,53.8008,-1.5491,2020-04-05,10.12,17.04,2.79,0.01,77.17,4.66
Leeds,53.8008,-1.5491,2020-04-06,9.9,13.32,3.71,1.35,79.59,3.93
Leeds,53.8008,-1.5491,2020-04-07,8.99,16.02,1.96,0.0,81.98,2.25
Leeds,53.8008,-1.5491,2020-04-08,11.16,17.64,5.88,0.0,80.02,1.55
Leeds,53.8008,-1.5491,2020-04-09,9.52,14.39,5.84,0.07,87.63,2.75
Leeds,53.8008,-1.5491,2020-04-10,11.91,17.67,6.73,0.25,86.41,2.78
Leeds,53.8008,-1.5491,2020-04-11,13.6,19.91,7.84,0.1,83.21,2.83
Leeds,53.8008,-1.5491,2020-04-12,9.71,15.97,5.9,0.62,86.92,2.85
Leeds,53.8008,-1.5491,2020-04-13,4.72,8.33,0.9,0.04,69.43,3.83
Leeds,53.8008,-1.5491,2020-04-14,5.98,12.67,-0.47,0.0,71.58,1.4
Leeds,53.8008,-1.5491,2020-04-15,9.71,17.51,1.49,0.0,76.82,1.41
Leeds,53.8008,-1.5491,2020-04-16,9.85,16.11,4.51,0.03,79.08,2.69
Leeds,53.8008,-1.5491,2020-04-17,7.58,11.32,3.79,0.26,80.59,3.84
Leeds,53.8008,-1.5491,2020-04-18,6.84,10.07,2.65,0.07,81.09,2.55
Leeds,53.8008,-1.5491,2020-04-19,7.57,13.63,2.86,0.0,77.21,3.21
Leeds,53.8008,-1.5491,2020-04-20,7.5,12.33,2.83,0.0,76.91,4.59
Leeds,53.8008,-1.5491,2020-04-21,8.8,13.99,5.11,0.0,77.81,4.96
Leeds,53.8008,-1.5491,2020-04-22,9.54,15.47,4.44,0.01,80.21,3.69
Leeds,53.8008,-1.5491,2020-04-23,9.37,14.92,4.64,0.01,80.56,2.38
Leeds,53.8008,-1.5491,2020-04-24,9.29,16.42,2.73,0.0,77.8,1.6
Leeds,53.8008,-1.5491,2020-04-25,9.03,16.19,2.52,0.01,78.56,1.47
Leeds,53.8008,-1.5491,2020-04-26,10.87,17.89,5.06,1.62,81.41,2.55
Leeds,53.8008,-1.5491,2020-04-27,9.0,13.51,4.07,0.88,75.25,2.08
Leeds,53.8008,-1.5491,2020-04-28,6.81,10.35,3.36,1.42,83.67,2.14
Leeds,53.8008,-1.5491,2020-04-29,7.1,10.68,3.03,4.3,87.87,2.65
Leeds,53.8008,-1.5491,2020-04-30,7.41,11.0,3.19,3.3,86.73,3.2
Leeds,53.8008,-1.5491,2020-05-01,8.12,11.97,3.46,2.18,85.07,2.69
Leeds,53.8008,-1.5491,2020-05-02,9.96,14.55,5.24,0.2,79.69,2.5
Leeds,53.8008,-1.5491,2020-05-03,9.48,13.66,5.49,1.93,85.9,1.19
Leeds,53.8008,-1.5491,2020-05-04,8.94,12.67,4.32,1.15,83.89,2.34
Leeds,53.8008,-1.5491,2020-05-05,7.62,12.27,2.89,0.0,73.72,2.82
Leeds,53.8008,-1.5491,2020-05-06,8.61,15.06,1.77,0.0,73.62,1.58
Leeds,53.8008,-1.5491,2020-05-07,11.9,19.4,3.07,0.1,77.9,1.86
Leeds,53.8008,-1.5491,2020-05-08,13.73,19.24,7.65,0.05,79.96,1.6
Leeds,53.8008,-1.5491,2020-05-09,14.98,20.48,7.44,0.2,77.27,0.91
Leeds,53.8008,-1.5491,2020-05-10,7.17,11.37,2.49,1.23,75.58,5.64
Leeds,53.8008,-1.5491,2020-05-11,5.51,9.52,1.65,0.34,69.95,3.9
Leeds,53.8008,-1.5491,2020-05-12,7.63,12.34,1.67,0.35,74.23,3.41
Leeds,53.8008,-1.5491,2020-05-13,5.22,8.98,0.79,0.08,71.06,3.0
Leeds,53.8008,-1.5491,2020-05-14,8.1,14.27,-0.43,0.02,70.72,1.83
Leeds,53.8008,-1.5491,2020-05-15,10.02,15.42,4.69,0.01,74.78,3.13
Leeds,53.8008,-1.5491,2020-05-16,10.14,14.41,5.62,0.09,75.22,3.35
Leeds,53.8008,-1.5491,2020-05-17,11.79,15.55,6.99,1.13,82.29,3.59
Leeds,53.8008,-1.5491,2020-05-18,12.6,15.79,9.18,0.63,85.5,3.83
Leeds,53.8008,-1.5491,2020-05-19,14.83,19.27,10.74,0.25,84.43,3.29
Leeds,53.8008,-1.5491,2020-05-20,16.36,23.14,9.07,0.0,78.0,1.76
Leeds,53.8008,-1.5491,2020-05-21,14.69,19.25,9.47,0.43,79.57,2.28
Leeds,53.8008,-1.5491,2020-05-22,13.84,16.96,9.85,1.81,71.75,6.66
Leeds,53.8008,-1.5491,2020-05-23,11.84,14.43,9.53,0.49,71.84,7.32
Leeds,53.8008,-1.5491,2020-05-24,13.25,16.53,9.13,0.38,81.57,5.25
Leeds,53.8008,-1.5491,2020-05-25,13.52,19.81,6.7,0.0,74.47,2.34
Leeds,53.8008,-1.5491,2020-05-26,14.81,20.08,9.37,0.01,77.18,2.28
Leeds,53.8008,-1.5491,2020-05-27,13.34,19.22,7.5,0.0,78.87,1.94
Leeds,53.8008,-1.5491,2020-05-28,14.69,21.18,7.23,0.02,76.02,1.74
Leeds,53.8008,-1.5491,2020-05-29,14.63,20.61,8.79,0.0,72.03,2.38
Leeds,53.8008,-1.5491,2020-05-30,13.29,18.97,7.47,0.07,77.07,2.83
Leeds,53.8008,-1.5491,2020-05-31,14.08,20.39,6.91,0.07,76.44,2.71
Leeds,53.8008,-1.5491,2020-06-01,14.09,19.78,6.97,0.0,75.97,2.33
Leeds,53.8008,-1.5491,2020-06-02,15.54,20.92,8.38,0.44,68.65,1.26
Leeds,53.8008,-1.5491,2020-06-03,11.52,13.69,7.89,5.86,85.98,3.75
Leeds,53.8008,-1.5491,2020-06-04,10.56,13.89,6.74,5.24,79.35,2.16
Leeds,53.8008,-1.5491,2020-06-05,9.1,11.83,6.56,2.42,74.68,4.69
Leeds,53.8008,-1.5491,2020-06-06,9.69,13.29,5.99,5.21,80.76,5.57
Leeds,53.8008,-1.5491,2020-06-07,9.9,12.95,5.77,4.54,88.39,3.33
Leeds,53.8008,-1.5491,2020-06-08,9.84,14.49,5.21,0.06,75.29,2.26
Leeds,53.8008,-1.5491,2020-06-09,11.63,16.64,5.26,0.39,77.17,1.15
Leeds,53.8008,-1.5491,2020-06-10,11.58,14.09,8.41,7.04,86.45,1.84
Leeds,53.8008,-1.5491,2020-06-11,11.77,16.01,9.32,8.92,88.79,5.44
Leeds,53.8008,-1.5491,2020-06-12,12.93,14.86,11.3,6.96,93.03,4.33
Leeds,53.8008,-1.5491,2020-06-13,15.43,20.97,10.47,2.15,86.2,2.48
Leeds,53.8008,-1.5491,2020-06-14,15.56,20.65,9.33,0.38,84.62,1.67
Leeds,53.8008,-1.5491,2020-06-15,16.25,20.85,11.9,0.99,84.95,1.17
Leeds,53.8008,-1.5491,2020-06-16,15.81,19.68,11.33,2.33,86.18,1.74
Leeds,53.8008,-1.5491,2020-06-17,16.04,20.71,10.67,1.69,84.54,1.88
Leeds,53.8008,-1.5491,2020-06-18,13.61,16.3,11.11,8.0,92.27,2.98
Leeds,53.8008,-1.5491,2020-06-19,14.37,18.22,10.64,3.15,86.51,3.23
Leeds,53.8008,-1.5491,2020-06-20,15.65,20.32,9.49,0.2,78.49,3.27
Leeds,53.8008,-1.5491,2020-06-21,15.12,19.0,10.3,4.76,79.91,4.21
Leeds,53.8008,-1.5491,2020-06-22,15.63,20.87,8.41,0.05,77.27,3.57
Leeds,53.8008,-1.5491,2020-06-23,18.18,22.71,12.2,0.29,81.3,3.04
Leeds,53.8008,-1.5491,2020-06-24,20.05,26.35,14.05,0.15,80.03,2.51
Leeds,53.8008,-1.5491,2020-06-25,18.87,24.77,12.02,0.06,78.42,2.92
Leeds,53.8008,-1.5491,2020-06-26,19.25,25.4,12.21,2.33,84.07,1.83
Leeds,53.8008,-1.5491,2020-06-27,16.17,20.21,11.87,5.99,82.6,4.2
Leeds,53.8008,-1.5491,2020-06-28,13.49,16.6,10.95,2.35,76.94,6.58
Leeds,53.8008,-1.5491,2020-06-29,12.99,14.78,10.45,2.99,85.29,6.75
Leeds,53.8008,-1.5491,2020-06-30,14.46,17.76,11.27,0.93,80.01,3.34
Leeds,53.8008,-1.5491,2020-07-01,14.8,18.32,11.39,4.35,83.33,1.37
Leeds,53.8008,-1.5491,2020-07-02,13.45,16.14,11.19,4.78,86.68,1.97
Leeds,53.8008,-1.5491,2020-07-03,13.99,17.16,10.74,3.13,88.12,4.86
Leeds,53.8008,-1.5491,2020-07-04,16.63,19.3,13.57,3.08,86.33,4.49
Leeds,53.8008,-1.5491,2020-07-05,14.62,16.92,11.13,1.89,75.25,7.31
Leeds,53.8008,-1.5491,2020-07-06,13.88,18.25,9.79,0.55,73.61,4.56
Leeds,53.8008,-1.5491,2020-07-07,12.16,15.1,8.78,2.99,82.04,2.26
Leeds,53.8008,-1.5491,2020-07-08,12.63,15.24,9.36,10.65,84.98,2.37
Leeds,53.8008,-1.5491,2020-07-09,12.25,15.2,9.63,9.4,83.92,3.38
Leeds,53.8008,-1.5491,2020-07-10,12.99,16.78,8.31,2.38,80.25,2.84
Leeds,53.8008,-1.5491,2020-07-11,13.23,17.71,8.29,0.16,77.18,3.21
Leeds,53.8008,-1.5491,2020-07-12,13.72,18.52,7.21,0.03,77.63,1.61
Leeds,53.8008,-1.5491,2020-07-13,15.26,20.33,10.6,1.27,84.63,3.43
Leeds,53.8008,-1.5491,2020-07-14,13.72,17.82,9.36,0.22,79.31,3.06
Leeds,53.8008,-1.5491,2020-07-15,14.23,17.82,9.9,1.29,84.71,3.02
Leeds,53.8008,-1.5491,2020-07-16,16.88,22.41,11.25,0.11,82.5,3.3
Leeds,53.8008,-1.5491,2020-07-17,17.8,21.97,12.4,0.31,82.58,3.29
Leeds,53.8008,-1.5491,2020-07-18,16.03,19.08,11.12,2.09,85.85,3.12
Leeds,53.8008,-1.5491,2020-07-19,13.95,19.24,8.61,0.08,72.83,2.97
Leeds,53.8008,-1.5491,2020-07-20,13.1,18.04,7.72,0.11,75.24,3.02
Leeds,53.8008,-1.5491,2020-07-21,13.88,18.5,7.56,0.01,72.7,2.15
Leeds,53.8008,-1.5491,2020-07-22,14.47,17.71,10.37,1.78,79.74,2.23
Leeds,53.8008,-1.5491,2020-07-23,16.23,19.85,12.63,1.95,85.18,3.25
Leeds,53.8008,-1.5491,2020-07-24,16.66,21.33,10.93,1.08,82.12,2.16
Leeds,53.8008,-1.5491,2020-07-25,16.85,21.27,12.91,3.71,85.68,3.55
Leeds,53.8008,-1.5491,2020-07-26,15.83,19.74,11.86,1.65,81.41,3.78
Leeds,53.8008,-1.5491,2020-07-27,15.08,20.38,12.03,13.27,85.93,5.5
Leeds,53.8008,-1.5491,2020-07-28,13.41,17.03,10.07,0.37,75.69,5.57
Leeds,53.8008,-1.5491,2020-07-29,13.4,17.86,8.75,0.04,75.11,2.95
Leeds,53.8008,-1.5491,2020-07-30,16.38,23.23,10.09,1.49,80.63,1.81
Leeds,53.8008,-1.5491,2020-07-31,20.11,27.14,12.06,1.11,81.14,3.28
Leeds,53.8008,-1.5491,2020-08-01,16.8,21.25,11.46,1.23,81.19,3.33
Leeds,53.8008,-1.5491,2020-08-02,14.71,18.93,10.7,1.19,80.0,3.02
Leeds,53.8008,-1.5491,2020-08-03,13.88,18.34,9.67,0.25,77.32,2.04
Leeds,53.8008,-1.5491,2020-08-04,14.11,18.11,8.42,0.97,83.99,4.47
Leeds,53.8008,-1.5491,2020-08-05,18.65,23.52,15.44,1.52,83.49,4.95
Leeds,53.8008,-1.5491,2020-08-06,19.26,23.86,13.38,0.18,83.96,1.88
Leeds,53.8008,-1.5491,2020-08-07,20.94,26.59,15.0,0.03,82.62,1.98
Leeds,53.8008,-1.5491,2020-08-08,17.66,22.27,13.62,0.08,81.62,3.29
Leeds,53.8008,-1.5491,2020-08-09,16.97,22.25,12.8,0.31,84.6,3.6
Leeds,53.8008,-1.5491,2020-08-10,17.83,23.08,14.01,0.13,85.47,2.91
Leeds,53.8008,-1.5491,2020-08-11,20.36,26.77,14.73,0.43,84.21,2.2
Leeds,53.8008,-1.5491,2020-08-12,20.69,26.33,15.95,0.24,83.01,1.6
Leeds,53.8008,-1.5491,2020-08-13,18.11,22.18,14.72,0.74,85.79,3.73
Leeds,53.8008,-1.5491,2020-08-14,17.32,21.93,14.21,0.81,84.18,3.18
Leeds,53.8008,-1.5491,2020-08-15,16.93,21.62,12.97,0.58,83.76,2.76
Leeds,53.8008,-1.5491,2020-08-16,16.5,19.98,13.76,3.14,88.92,3.23
Leeds,53.8008,-1.5491,2020-08-17,17.39,21.69,14.02,8.88,86.5,2.0
Leeds,53.8008,-1.5491,2020-08-18,16.28,20.74,12.66,2.4,89.65,2.28
Leeds,53.8008,-1.5491,2020-08-19,17.2,20.29,12.39,5.38,91.1,3.15
Leeds,53.8008,-1.5491,2020-08-20,18.19,22.17,13.98,2.97,73.23,4.27
Leeds,53.8008,-1.5491,2020-08-21,16.97,21.77,13.34,2.31,80.22,6.85
Leeds,53.8008,-1.5491,2020-08-22,16.14,19.89,13.22,4.41,82.05,4.91
Leeds,53.8008,-1.5491,2020-08-23,15.53,19.22,11.92,2.62,83.77,3.82
Leeds,53.8008,-1.5491,2020-08-24,14.24,18.7,9.98,0.16,77.62,2.3
Leeds,53.8008,-1.5491,2020-08-25,15.89,20.57,12.59,23.08,88.72,5.68
Leeds,53.8008,-1.5491,2020-08-26,14.89,17.94,11.08,1.69,83.84,3.73
Leeds,53.8008,-1.5491,2020-08-27,13.3,17.39,9.98,6.77,91.92,1.63
Leeds,53.8008,-1.5491,2020-08-28,12.32,13.98,10.33,16.5,88.9,4.79
Leeds,53.8008,-1.5491,2020-08-29,11.6,15.16,8.54,1.23,81.84,5.96
Leeds,53.8008,-1.5491,2020-08-30,11.4,15.64,7.75,0.06,75.69,2.65
Leeds,53.8008,-1.5491,2020-08-31,11.57,16.76,6.94,0.0,76.76,0.89
Leeds,53.8008,-1.5491,2020-09-01,12.66,19.29,6.25,0.0,79.02,1.62
Leeds,53.8008,-1.5491,2020-09-02,13.79,19.09,8.99,2.64,83.01,3.94
Leeds,53.8008,-1.5491,2020-09-03,15.88,19.71,11.52,2.62,83.68,4.23
Leeds,53.8008,-1.5491,2020-09-04,12.58,15.56,9.36,0.19,83.21,3.7
Leeds,53.8008,-1.5491,2020-09-05,12.06,16.47,8.79,0.32,82.0,3.9
Leeds,53.8008,-1.5491,2020-09-06,13.22,18.03,8.94,1.7,86.48,1.69
Leeds,53.8008,-1.5491,2020-09-07,14.28,17.91,10.04,2.46,90.45,3.78
Leeds,53.8008,-1.5491,2020-09-08,18.46,23.29,14.11,0.19,86.88,3.74
Leeds,53.8008,-1.5491,2020-09-09,14.8,18.13,9.02,0.1,78.18,3.97
Leeds,53.8008,-1.5491,2020-09-10,10.93,16.19,5.86,0.01,78.98,2.07
Leeds,53.8008,-1.5491,2020-09-11,13.08,18.21,8.28,0.62,82.83,4.29
Leeds,53.8008,-1.5491,2020-09-12,13.28,16.98,10.42,0.19,80.75,3.87
Leeds,53.8008,-1.5491,2020-09-13,16.04,21.66,11.71,0.03,84.79,4.37
Leeds,53.8008,-1.5491,2020-09-14,15.57,22.96,8.79,0.02,82.01,1.53
Leeds,53.8008,-1.5491,2020-09-15,18.19,24.7,11.45,0.01,72.59,0.77
Leeds,53.8008,-1.5491,2020-09-16,14.17,18.27,9.41,0.32,86.9,3.08
Leeds,53.8008,-1.5491,2020-09-17,11.81,17.51,7.25,0.0,83.1,1.93
Leeds,53.8008,-1.5491,2020-09-18,11.51,16.51,6.29,0.01,83.6,3.11
Leeds,53.8008,-1.5491,2020-09-19,12.72,17.1,10.18,0.15,82.07,3.93
Leeds,53.8008,-1.5491,2020-09-20,12.76,17.89,9.14,0.4,88.44,2.62
Leeds,53.8008,-1.5491,2020-09-21,12.49,20.27,6.33,0.11,87.71,1.93
Leeds,53.8008,-1.5491,2020-09-22,14.3,20.87,8.24,0.24,87.84,2.81
Leeds,53.8008,-1.5491,2020-09-23,10.86,12.77,7.93,9.8,92.92,2.67
Leeds,53.8008,-1.5491,2020-09-24,8.64,12.7,4.9,6.47,89.07,1.86
Leeds,53.8008,-1.5491,2020-09-25,9.26,13.19,6.9,2.22,80.55,6.59
Leeds,53.8008,-1.5491,2020-09-26,8.47,12.24,4.2,0.28,79.81,6.15
Leeds,53.8008,-1.5491,2020-09-27,9.35,13.11,5.62,0.04,79.44,3.93
Leeds,53.8008,-1.5491,2020-09-28,10.02,16.97,3.26,0.34,87.99,1.52
Leeds,53.8008,-1.5491,2020-09-29,10.76,15.75,6.92,0.08,80.55,1.89
Leeds,53.8008,-1.5491,2020-09-30,10.38,13.75,7.19,7.52,95.07,3.72
Leeds,53.8008,-1.5491,2020-10-01,10.1,13.71,5.28,0.32,82.5,1.86
Leeds,53.8008,-1.5491,2020-10-02,10.38,14.73,4.96,0.64,89.43,4.14
Leeds,53.8008,-1.5491,2020-10-03,12.57,13.88,11.64,25.22,96.59,3.15
Leeds,53.8008,-1.5491,2020-10-04,11.1,13.96,9.05,5.24,92.38,3.56
Leeds,53.8008,-1.5491,2020-10-05,10.85,15.4,6.77,1.82,90.44,2.48
Leeds,53.8008,-1.5491,2020-10-06,10.77,14.6,7.54,1.53,90.49,3.09
Leeds,53.8008,-1.5491,2020-10-07,10.6,13.99,8.39,2.64,82.88,4.15
Leeds,53.8008,-1.5491,2020-10-08,9.65,13.3,6.65,9.73,88.53,2.72
Leeds,53.8008,-1.5491,2020-10-09,8.05,11.18,6.13,2.05,86.23,3.9
Leeds,53.8008,-1.5491,2020-10-10,9.0,13.33,5.1,2.42,88.58,3.32
Leeds,53.8008,-1.5491,2020-10-11,8.06,12.24,5.68,0.5,90.34,2.76
Leeds,53.8008,-1.5491,2020-10-12,8.24,11.18,5.76,2.34,92.63,2.77
Leeds,53.8008,-1.5491,2020-10-13,8.54,11.61,5.49,2.93,94.61,3.56
Leeds,53.8008,-1.5491,2020-10-14,9.47,13.39,5.62,1.03,91.33,2.73
Leeds,53.8008,-1.5491,2020-10-15,8.27,11.51,5.17,0.65,87.72,2.57
Leeds,53.8008,-1.5491,2020-10-16,8.65,12.14,6.44,0.17,87.12,1.89
Leeds,53.8008,-1.5491,2020-10-17,9.47,12.91,7.5,0.85,91.27,2.14
Leeds,53.8008,-1.5491,2020-10-18,8.26,11.9,5.47,0.25,89.8,1.44
Leeds,53.8008,-1.5491,2020-10-19,8.18,11.34,4.47,0.69,90.65,3.57
Leeds,53.8008,-1.5491,2020-10-20,12.02,17.05,8.1,1.49,88.26,4.22
Leeds,53.8008,-1.5491,2020-10-21,11.65,13.78,10.05,1.11,96.86,2.23
Leeds,53.8008,-1.5491,2020-10-22,8.4,12.24,4.01,0.49,91.47,3.98
Leeds,53.8008,-1.5491,2020-10-23,5.73,11.15,1.9,0.53,92.61,2.71
Leeds,53.8008,-1.5491,2020-10-24,8.37,13.31,3.59,9.16,94.94,4.69
Leeds,53.8008,-1.5491,2020-10-25,7.81,11.29,6.2,0.49,93.04,4.42
Leeds,53.8008,-1.5491,2020-10-26,7.92,11.48,5.72,1.84,92.19,4.65
Leeds,53.8008,-1.5491,2020-10-27,7.37,10.58,5.24,4.24,94.14,4.18
Leeds,53.8008,-1.5491,2020-10-28,7.2,10.32,5.94,0.84,91.28,4.57
Leeds,53.8008,-1.5491,2020-10-29,9.08,13.12,5.46,4.35,94.35,4.54
Leeds,53.8008,-1.5491,2020-10-30,11.12,13.34,5.21,0.56,91.42,3.1
Leeds,53.8008,-1.5491,2020-10-31,10.51,14.33,6.95,3.09,90.43,6.19
Leeds,53.8008,-1.5491,2020-11-01,11.45,15.93,6.9,9.56,87.39,7.01
Leeds,53.8008,-1.5491,2020-11-02,10.33,15.33,6.74,4.25,86.35,6.1
Leeds,53.8008,-1.5491,2020-11-03,5.44,8.81,3.5,0.41,88.83,3.59
Leeds,53.8008,-1.5491,2020-11-04,5.16,10.27,2.87,0.02,93.16,2.15
Leeds,53.8008,-1.5491,2020-11-05,6.76,10.41,3.49,0.39,96.2,1.85
Leeds,53.8008,-1.5491,2020-11-06,6.72,10.42,5.11,0.21,95.87,1.33
Leeds,53.8008,-1.5491,2020-11-07,6.7,10.53,4.56,0.22,95.54,1.67
Leeds,53.8008,-1.5491,2020-11-08,9.03,12.48,6.63,1.12,98.3,1.76
Leeds,53.8008,-1.5491,2020-11-09,10.25,13.6,7.7,1.36,97.49,1.54
Leeds,53.8008,-1.5491,2020-11-10,9.51,13.13,6.55,0.54,96.9,1.94
Leeds,53.8008,-1.5491,2020-11-11,9.05,11.21,6.89,3.01,96.49,4.72
Leeds,53.8008,-1.5491,2020-11-12,8.74,10.9,7.07,1.52,90.21,4.23
Leeds,53.8008,-1.5491,2020-11-13,7.85,10.07,5.65,2.51,90.11,4.57
Leeds,53.8008,-1.5491,2020-11-14,9.29,13.16,5.67,3.02,95.27,4.98
Leeds,53.8008,-1.5491,2020-11-15,8.57,10.15,6.19,3.05,89.55,5.94
Leeds,53.8008,-1.5491,2020-11-16,9.13,11.42,7.97,0.86,89.03,5.14
Leeds,53.8008,-1.5491,2020-11-17,12.46,14.57,10.43,0.42,91.3,5.65
Leeds,53.8008,-1.5491,2020-11-18,9.92,13.29,7.1,1.58,88.25,6.38
Leeds,53.8008,-1.5491,2020-11-19,4.6,8.1,0.76,0.95,85.24,3.49
Leeds,53.8008,-1.5491,2020-11-20,5.57,9.73,0.96,2.08,96.77,3.42
Leeds,53.8008,-1.5491,2020-11-21,8.85,11.29,5.73,0.65,91.87,4.78
Leeds,53.8008,-1.5491,2020-11-22,5.18,8.5,2.92,0.12,88.91,2.96
Leeds,53.8008,-1.5491,2020-11-23,4.9,8.88,1.49,0.24,96.83,3.62
Leeds,53.8008,-1.5491,2020-11-24,9.18,10.53,7.96,0.41,93.35,4.97
Leeds,53.8008,-1.5491,2020-11-25,6.17,8.72,2.7,1.39,95.87,2.05
Leeds,53.8008,-1.5491,2020-11-26,4.81,8.14,2.45,0.16,94.49,1.04
Leeds,53.8008,-1.5491,2020-11-27,2.38,6.14,0.0,0.05,91.72,0.79
Leeds,53.8008,-1.5491,2020-11-28,4.34,7.95,-0.68,1.3,98.95,1.68
Leeds,53.8008,-1.5491,2020-11-29,6.7,8.73,6.12,0.53,98.42,1.08
Leeds,53.8008,-1.5491,2020-11-30,6.79,9.92,3.11,1.88,93.37,4.53
Leeds,53.8008,-1.5491,2020-12-01,2.63,5.44,1.56,0.08,94.73,2.52
Leeds,53.8008,-1.5491,2020-12-02,4.21,8.1,1.73,0.27,97.06,2.18
Leeds,53.8008,-1.5491,2020-12-03,2.51,3.37,0.94,10.89,97.0,2.8
Leeds,53.8008,-1.5491,2020-12-04,2.6,5.0,1.29,8.28,97.23,2.16
Leeds,53.8008,-1.5491,2020-12-05,3.39,6.36,1.76,0.96,95.06,2.04
Leeds,53.8008,-1.5491,2020-12-06,3.95,5.5,2.84,4.92,94.2,1.16
Leeds,53.8008,-1.5491,2020-12-07,2.23,4.2,0.44,0.33,95.86,2.03
Leeds,53.8008,-1.5491,2020-12-08,2.83,3.53,2.14,3.57,97.91,3.07
Leeds,53.8008,-1.5491,2020-12-09,2.99,5.6,1.36,0.6,98.2,1.19
Leeds,53.8008,-1.5491,2020-12-10,2.86,3.97,1.27,1.53,97.52,3.77
Leeds,53.8008,-1.5491,2020-12-11,5.17,7.15,3.94,8.06,98.54,2.11
Leeds,53.8008,-1.5491,2020-12-12,5.11,6.49,3.49,2.61,98.5,1.32
Leeds,53.8008,-1.5491,2020-12-13,5.07,8.99,2.04,9.4,97.48,3.86
Leeds,53.8008,-1.5491,2020-12-14,7.94,9.42,5.83,1.08,94.83,5.18
Leeds,53.8008,-1.5491,2020-12-15,6.11,7.1,4.87,0.27,97.21,3.6
Leeds,53.8008,-1.5491,2020-12-16,6.42,7.73,4.88,5.73,97.5,4.55
Leeds,53.8008,-1.5491,2020-12-17,6.0,8.76,4.55,3.04,97.16,4.07
Leeds,53.8008,-1.5491,2020-12-18,10.43,11.48,8.97,6.94,94.82,6.28
Leeds,53.8008,-1.5491,2020-12-19,8.15,10.12,5.63,3.56,93.33,5.51
Leeds,53.8008,-1.5491,2020-12-20,5.63,7.34,3.89,0.43,96.52,4.11
Leeds,53.8008,-1.5491,2020-12-21,5.42,6.98,3.44,3.53,97.85,2.74
Leeds,53.8008,-1.5491,2020-12-22,3.6,5.34,1.74,0.89,96.17,1.74
Leeds,53.8008,-1.5491,2020-12-23,4.03,4.92,2.81,10.62,96.28,4.5
Leeds,53.8008,-1.5491,2020-12-24,1.62,3.67,-0.78,1.06,93.26,4.75
Leeds,53.8008,-1.5491,2020-12-25,0.25,3.29,-2.26,0.4,95.65,3.21
Leeds,53.8008,-1.5491,2020-12-26,5.93,7.26,3.75,3.46,94.37,5.79
Leeds,53.8008,-1.5491,2020-12-27,3.39,6.28,1.33,5.65,94.25,4.06
Leeds,53.8008,-1.5491,2020-12-28,0.97,3.4,-0.86,1.99,97.58,1.63
Leeds,53.8008,-1.5491,2020-12-29,2.12,3.87,0.46,4.49,96.18,3.15
Leeds,53.8008,-1.5491,2020-12-30,-0.99,2.11,-3.54,0.17,97.79,2.03
Leeds,53.8008,-1.5491,2020-12-31,-1.04,1.75,-2.42,0.48,98.4,1.48
Leeds,53.8008,-1.5491,2021-01-01,2.43,4.35,-0.03,1.45,97.99,3.38
Leeds,53.8008,-1.5491,2021-01-02,0.51,2.92,-2.19,2.12,96.97,2.71
Leeds,53.8008,-1.5491,2021-01-03,2.72,4.04,1.72,2.73,94.75,3.03
Leeds,53.8008,-1.5491,2021-01-04,2.23,4.04,1.25,1.0,90.44,3.92
Leeds,53.8008,-1.5491,2021-01-05,1.76,3.82,0.48,1.53,93.62,2.96
Leeds,53.8008,-1.5491,2021-01-06,0.33,3.65,-1.43,0.42,94.91,1.43
Leeds,53.8008,-1.5491,2021-01-07,-0.6,2.43,-3.12,1.35,98.03,1.9
Leeds,53.8008,-1.5491,2021-01-08,0.99,2.5,-2.02,9.03,95.95,2.72
Leeds,53.8008,-1.5491,2021-01-09,-1.15,1.96,-3.61,0.05,97.28,2.25
Leeds,53.8008,-1.5491,2021-01-10,3.11,4.59,0.91,0.99,97.73,3.39
Leeds,53.8008,-1.5491,2021-01-11,6.29,8.03,4.24,3.67,93.48,6.14
Leeds,53.8008,-1.5491,2021-01-12,0.34,5.06,-2.95,0.46,95.88,2.3
Leeds,53.8008,-1.5491,2021-01-13,0.15,2.31,-1.28,5.89,94.67,1.26
Leeds,53.8008,-1.5491,2021-01-14,0.38,0.77,-0.22,14.14,96.45,2.51
Leeds,53.8008,-1.5491,2021-01-15,-1.67,0.61,-4.65,0.19,96.27,1.6
Leeds,53.8008,-1.5491,2021-01-16,1.45,3.53,-1.77,9.24,95.26,4.46
Leeds,53.8008,-1.5491,2021-01-17,2.63,3.97,1.58,0.23,96.2,3.66
Leeds,53.8008,-1.5491,2021-01-18,4.06,5.53,2.67,3.09,93.77,3.97
Leeds,53.8008,-1.5491,2021-01-19,7.22,9.23,5.43,9.45,96.92,3.76
Leeds,53.8008,-1.5491,2021-01-20,8.99,9.9,4.69,13.96,94.8,5.43
Leeds,53.8008,-1.5491,2021-01-21,3.17,5.17,1.82,1.79,89.41,6.49
Leeds,53.8008,-1.5491,2021-01-22,2.36,5.47,-0.85,0.16,89.3,3.94
Leeds,53.8008,-1.5491,2021-01-23,-0.88,1.94,-3.19,0.48,97.77,1.7
Leeds,53.8008,-1.5491,2021-01-24,-1.03,2.7,-3.25,0.04,90.48,1.09
Leeds,53.8008,-1.5491,2021-01-25,0.73,4.45,-2.12,0.31,94.52,3.87
Leeds,53.8008,-1.5491,2021-01-26,0.78,2.98,-1.33,2.48,97.23,2.42
Leeds,53.8008,-1.5491,2021-01-27,3.79,7.02,2.39,1.79,98.83,2.16
Leeds,53.8008,-1.5491,2021-01-28,3.19,5.88,0.77,18.8,98.32,2.42
Leeds,53.8008,-1.5491,2021-01-29,5.31,7.85,0.75,4.45,95.19,3.82
Leeds,53.8008,-1.5491,2021-01-30,0.4,2.68,-2.82,0.19,86.81,4.01
Leeds,53.8008,-1.5491,2021-01-31,-0.43,2.77,-2.85,0.0,90.34,2.19
Leeds,53.8008,-1.5491,2021-02-01,0.43,4.98,-1.87,0.06,90.58,1.65
Leeds,53.8008,-1.5491,2021-02-02,1.67,3.77,-0.1,16.01,97.43,3.79
Leeds,53.8008,-1.5491,2021-02-03,3.71,5.39,1.62,5.83,98.15,1.45
Leeds,53.8008,-1.5491,2021-02-04,4.05,6.3,1.63,5.64,97.67,2.88
Leeds,53.8008,-1.5491,2021-02-05,5.24,8.62,3.59,5.27,96.5,2.35
Leeds,53.8008,-1.5491,2021-02-06,3.32,5.02,1.31,18.48,95.62,5.01
Leeds,53.8008,-1.5491,2021-02-07,0.59,1.84,-0.88,0.55,80.18,6.29
Leeds,53.8008,-1.5491,2021-02-08,-0.7,0.79,-2.22,0.83,84.02,5.43
Leeds,53.8008,-1.5491,2021-02-09,-1.05,1.19,-2.55,0.5,82.6,3.82
Leeds,53.8008,-1.5491,2021-02-10,-1.63,1.15,-3.36,0.44,83.59,2.6
Leeds,53.8008,-1.5491,2021-02-11,-1.83,1.83,-3.65,0.01,84.74,2.23
Leeds,53.8008,-1.5491,2021-02-12,-1.73,1.08,-3.44,0.34,83.31,3.96
Leeds,53.8008,-1.5491,2021-02-13,-2.22,-0.2,-4.28,0.03,71.97,6.3
Leeds,53.8008,-1.5491,2021-02-14,0.15,1.54,-1.55,6.89,86.02,6.87
Leeds,53.8008,-1.5491,2021-02-15,2.87,6.65,0.73,0.25,98.58,2.75
Leeds,53.8008,-1.5491,2021-02-16,5.37,8.04,2.23,2.66,97.92,3.85
Leeds,53.8008,-1.5491,2021-02-17,6.07,9.02,3.32,2.06,94.68,4.13
Leeds,53.8008,-1.5491,2021-02-18,6.25,7.89,4.1,2.62,90.3,5.8
Leeds,53.8008,-1.5491,2021-02-19,6.34,9.5,1.66,1.82,92.76,6.67
Leeds,53.8008,-1.5491,2021-02-20,10.25,11.96,9.25,3.81,89.55,6.6
Leeds,53.8008,-1.5491,2021-02-21,7.6,10.37,5.52,0.42,94.9,2.53
Leeds,53.8008,-1.5491,2021-02-22,6.44,10.04,2.71,3.92,92.75,1.58
Leeds,53.8008,-1.5491,2021-02-23,7.8,11.85,2.98,0.9,88.53,6.95
Leeds,53.8008,-1.5491,2021-02-24,11.54,13.69,8.45,2.56,90.46,6.07
Leeds,53.8008,-1.5491,2021-02-25,6.04,9.42,2.33,0.13,88.9,3.53
Leeds,53.8008,-1.5491,2021-02-26,5.08,10.02,1.98,0.03,89.83,2.66
Leeds,53.8008,-1.5491,2021-02-27,5.71,11.06,1.58,0.05,89.03,1.87
Leeds,53.8008,-1.5491,2021-02-28,5.63,11.29,0.74,0.01,88.59,0.98
Leeds,53.8008,-1.5491,2021-03-01,3.46,7.05,0.82,0.3,94.75,1.94
Leeds,53.8008,-1.5491,2021-03-02,2.7,4.79,1.27,0.46,94.47,1.42
Leeds,53.8008,-1.5491,2021-03-03,2.99,6.62,0.62,0.32,91.99,0.95
Leeds,53.8008,-1.5491,2021-03-04,3.4,6.51,1.62,1.0,87.75,2.92
Leeds,53.8008,-1.5491,2021-03-05,2.86,6.35,0.72,0.12,79.3,1.74
Leeds,53.8008,-1.5491,2021-03-06,2.21,6.37,-1.45,0.04,79.8,1.08
Leeds,53.8008,-1.5491,2021-03-07,3.2,9.3,-2.43,0.02,84.56,2.13
Leeds,53.8008,-1.5491,2021-03-08,5.01,7.63,2.22,2.69,93.61,3.75
Leeds,53.8008,-1.5491,2021-03-09,5.89,8.76,3.29,0.47,91.11,3.18
Leeds,53.8008,-1.5491,2021-03-10,6.97,10.84,3.42,10.76,91.97,7.16
Leeds,53.8008,-1.5491,2021-03-11,6.52,8.23,3.81,2.03,82.38,8.03
Leeds,53.8008,-1.5491,2021-03-12,4.93,7.5,3.47,2.6,85.57,6.07
Leeds,53.8008,-1.5491,2021-03-13,4.69,7.09,2.96,3.71,86.86,5.94
Leeds,53.8008,-1.5491,2021-03-14,5.25,7.99,2.95,0.67,89.25,4.77
Leeds,53.8008,-1.5491,2021-03-15,5.98,10.13,2.39,0.37,85.81,2.88
Leeds,53.8008,-1.5491,2021-03-16,8.29,14.7,3.35,1.27,87.98,4.04
Leeds,53.8008,-1.5491,2021-03-17,5.6,10.47,1.66,0.02,86.42,2.87
Leeds,53.8008,-1.5491,2021-03-18,7.51,12.33,2.84,0.3,91.9,3.23
Leeds,53.8008,-1.5491,2021-03-19,7.19,8.77,6.04,0.98,93.35,3.18
Leeds,53.8008,-1.5491,2021-03-20,8.26,12.59,5.77,0.15,91.18,3.03
Leeds,53.8008,-1.5491,2021-03-21,6.94,12.03,2.72,0.02,84.48,1.91
Leeds,53.8008,-1.5491,2021-03-22,5.9,11.27,0.77,0.04,86.95,2.37
Leeds,53.8008,-1.5491,2021-03-23,7.64,11.56,3.99,0.11,81.97,4.08
Leeds,53.8008,-1.5491,2021-03-24,7.92,11.02,5.04,0.15,82.25,3.76
Leeds,53.8008,-1.5491,2021-03-25,7.64,12.34,3.65,0.21,84.74,3.6
Leeds,53.8008,-1.5491,2021-03-26,6.52,8.98,3.28,1.35,84.84,5.2
Leeds,53.8008,-1.5491,2021-03-27,5.36,8.38,1.39,0.95,80.91,5.0
Leeds,53.8008,-1.5491,2021-03-28,10.3,13.26,5.57,1.52,87.25,7.69
Leeds,53.8008,-1.5491,2021-03-29,12.46,16.4,8.74,0.42,86.03,6.61
Leeds,53.8008,-1.5491,2021-03-30,11.28,16.97,6.2,0.02,83.33,2.82
Leeds,53.8008,-1.5491,2021-03-31,12.13,19.08,6.01,0.04,80.81,2.49
Leeds,53.8008,-1.5491,2021-04-01,5.95,10.04,1.81,0.16,83.35,3.72
Leeds,53.8008,-1.5491,2021-04-02,5.49,10.13,1.34,0.05,79.05,3.09
Leeds,53.8008,-1.5491,2021-04-03,5.64,10.76,1.41,0.0,79.49,2.48
Leeds,53.8008,-1.5491,2021-04-04,6.58,12.96,0.28,0.12,84.02,4.98
Leeds,53.8008,-1.5491,2021-04-05,2.11,4.68,-0.84,0.07,68.33,5.57
Leeds,53.8008,-1.5491,2021-04-06,0.46,3.26,-2.17,0.28,76.2,4.5
Leeds,53.8008,-1.5491,2021-04-07,1.26,5.61,-2.99,0.04,75.99,3.35
Leeds,53.8008,-1.5491,2021-04-08,6.09,10.33,-0.4,0.72,85.65,5.35
Leeds,53.8008,-1.5491,2021-04-09,5.07,8.45,1.51,0.47,75.38,2.3
Leeds,53.8008,-1.5491,2021-04-10,2.54,6.38,-2.16,0.59,79.68,1.33
Leeds,53.8008,-1.5491,2021-04-11,2.44,7.11,-1.26,0.44,76.45,2.75
Leeds,53.8008,-1.5491,2021-04-12,3.13,8.87,-3.17,0.02,70.12,1.93
Leeds,53.8008,-1.5491,2021-04-13,4.45,9.29,-2.58,0.82,77.26,1.39
Leeds,53.8008,-1.5491,2021-04-14,5.51,10.08,0.93,0.15,76.17,1.35
Leeds,53.8008,-1.5491,2021-04-15,4.96,10.98,-0.61,0.0,72.68,1.37
Leeds,53.8008,-1.5491,2021-04-16,5.8,12.13,0.5,0.02,78.33,1.19
Leeds,53.8008,-1.5491,2021-04-17,5.53,11.23,-0.55,0.0,78.49,1.35
Leeds,53.8008,-1.5491,2021-04-18,6.84,13.74,1.08,0.0,72.59,1.2
Leeds,53.8008,-1.5491,2021-04-19,7.87,14.7,2.0,0.0,78.04,1.55
Leeds,53.8008,-1.5491,2021-04-20,9.52,15.71,2.48,0.45,80.56,1.03
Leeds,53.8008,-1.5491,2021-04-21,7.14,11.4,1.29,0.54,74.55,2.98
Leeds,53.8008,-1.5491,2021-04-22,6.8,14.29,-0.1,0.0,66.42,0.93
Leeds,53.8008,-1.5491,2021-04-23,8.58,15.91,0.22,0.0,70.23,1.59
Leeds,53.8008,-1.5491,2021-04-24,8.92,15.38,3.01,0.0,73.87,1.48
Leeds,53.8008,-1.5491,2021-04-25,6.67,12.12,1.78,0.02,80.28,2.12
Leeds,53.8008,-1.5491,2021-04-26,7.41,13.39,1.8,0.13,73.71,1.44
Leeds,53.8008,-1.5491,2021-04-27,7.03,10.88,3.88,5.63,85.68,2.32
Leeds,53.8008,-1.5491,2021-04-28,6.56,10.12,2.23,0.4,76.18,3.58
Leeds,53.8008,-1.5491,2021-04-29,5.61,9.31,1.87,1.06,78.44,2.94
Leeds,53.8008,-1.5491,2021-04-30,5.22,9.03,0.4,2.0,83.03,1.73
Leeds,53.8008,-1.5491,2021-05-01,6.23,10.05,2.16,0.33,75.41,1.81
Leeds,53.8008,-1.5491,2021-05-02,6.87,11.44,1.79,0.79,78.39,1.93
Leeds,53.8008,-1.5491,2021-05-03,6.55,8.3,3.53,17.11,92.09,4.27
Leeds,53.8008,-1.5491,2021-05-04,6.04,7.65,3.2,3.46,85.17,5.25
Leeds,53.8008,-1.5491,2021-05-05,4.55,8.38,0.76,0.53,76.46,3.2
Leeds,53.8008,-1.5491,2021-05-06,4.79,9.26,0.16,0.86,78.95,2.52
Leeds,53.8008,-1.5491,2021-05-07,6.08,10.63,1.14,1.06,79.22,1.9
Leeds,53.8008,-1.5491,2021-05-08,8.24,14.74,3.01,15.0,93.15,3.27
Leeds,53.8008,-1.5491,2021-05-09,12.91,16.6,9.71,3.29,84.5,3.34
Leeds,53.8008,-1.5491,2021-05-10,11.47,15.43,7.42,1.6,80.43,4.25
Leeds,53.8008,-1.5491,2021-05-11,9.67,13.88,5.48,7.01,86.99,2.67
Leeds,53.8008,-1.5491,2021-05-12,10.43,14.81,3.81,1.05,78.68,1.71
Leeds,53.8008,-1.5491,2021-05-13,10.61,15.58,6.05,0.8,81.12,2.02
Leeds,53.8008,-1.5491,2021-05-14,9.7,14.14,5.75,0.45,80.39,1.81
Leeds,53.8008,-1.5491,2021-05-15,9.04,10.89,6.44,3.03,89.06,2.32
Leeds,53.8008,-1.5491,2021-05-16,10.24,13.58,7.0,4.6,86.52,1.35
Leeds,53.8008,-1.5491,2021-05-17,9.17,11.24,6.59,5.3,88.67,1.48
Leeds,53.8008,-1.5491,2021-05-18,9.82,14.03,5.98,1.42,82.19,2.18
Leeds,53.8008,-1.5491,2021-05-19,9.89,14.03,4.98,0.69,79.16,2.41
Leeds,53.8008,-1.5491,2021-05-20,9.13,11.52,4.0,11.13,87.37,4.6
Leeds,53.8008,-1.5491,2021-05-21,10.35,13.06,7.87,8.99,89.75,4.29
Leeds,53.8008,-1.5491,2021-05-22,8.5,12.12,4.53,1.23,79.24,3.56
Leeds,53.8008,-1.5491,2021-05-23,8.64,11.93,3.75,6.98,83.56,4.22
Leeds,53.8008,-1.5491,2021-05-24,9.18,12.26,5.66,1.28,82.19,2.55
Leeds,53.8008,-1.5491,2021-05-25,9.85,13.53,5.75,3.1,84.02,3.08
Leeds,53.8008,-1.5491,2021-05-26,10.37,15.24,6.06,3.24,84.04,2.97
Leeds,53.8008,-1.5491,2021-05-27,12.46,17.44,5.75,0.21,81.12,1.38
Leeds,53.8008,-1.5491,2021-05-28,14.24,18.59,9.77,0.13,77.31,1.06
Leeds,53.8008,-1.5491,2021-05-29,14.36,19.77,8.31,0.05,77.63,1.67
Leeds,53.8008,-1.5491,2021-05-30,12.1,17.99,6.3,0.0,76.73,2.01
Leeds,53.8008,-1.5491,2021-05-31,12.48,19.64,4.87,0.01,78.99,2.65
Leeds,53.8008,-1.5491,2021-06-01,13.99,21.36,6.18,0.05,78.21,2.44
Leeds,53.8008,-1.5491,2021-06-02,14.12,20.38,7.65,0.13,77.16,3.46
Leeds,53.8008,-1.5491,2021-06-03,15.99,21.48,10.21,1.47,82.79,2.46
Leeds,53.8008,-1.5491,2021-06-04,13.81,17.95,9.14,0.02,72.88,1.33
Leeds,53.8008,-1.5491,2021-06-05,15.88,21.22,8.06,0.02,74.58,1.14
Leeds,53.8008,-1.5491,2021-06-06,15.76,19.58,11.47,1.64,81.19,1.35
Leeds,53.8008,-1.5491,2021-06-07,15.54,20.53,10.08,1.38,84.64,1.95
Leeds,53.8008,-1.5491,2021-06-08,15.39,21.04,7.93,0.0,75.13,1.79
Leeds,53.8008,-1.5491,2021-06-09,17.47,22.61,10.87,0.2,79.24,2.35
Leeds,53.8008,-1.5491,2021-06-10,18.45,22.94,12.91,0.3,83.56,3.28
Leeds,53.8008,-1.5491,2021-06-11,16.03,19.5,11.72,0.29,81.6,4.12
Leeds,53.8008,-1.5491,2021-06-12,14.52,19.01,10.1,0.01,76.21,3.14
Leeds,53.8008,-1.5491,2021-06-13,17.9,23.38,10.02,0.04,81.07,2.3
Leeds,53.8008,-1.5491,2021-06-14,14.55,17.28,9.02,0.05,80.24,3.12
Leeds,53.8008,-1.5491,2021-06-15,14.6,19.96,7.65,0.0,76.41,1.79
Leeds,53.8008,-1.5491,2021-06-16,17.75,23.04,11.76,0.12,76.78,2.49
Leeds,53.8008,-1.5491,2021-06-17,14.76,17.16,12.42,2.93,83.98,1.94
Leeds,53.8008,-1.5491,2021-06-18,12.6,15.01,9.92,4.96,87.87,2.66
Leeds,53.8008,-1.5491,2021-06-19,13.11,17.52,8.84,0.26,82.41,2.04
Leeds,53.8008,-1.5491,2021-06-20,12.52,16.77,8.82,0.85,79.01,1.85
Leeds,53.8008,-1.5491,2021-06-21,11.5,15.78,6.76,0.36,80.63,2.86
Leeds,53.8008,-1.5491,2021-06-22,12.52,17.3,5.66,0.01,72.84,2.15
Leeds,53.8008,-1.5491,2021-06-23,13.23,17.53,6.84,0.6,79.89,1.99
Leeds,53.8008,-1.5491,2021-06-24,15.71,21.73,10.95,2.95,84.73,2.39
Leeds,53.8008,-1.5491,2021-06-25,12.34,13.25,9.78,8.32,90.27,3.34
Leeds,53.8008,-1.5491,2021-06-26,14.77,19.53,9.48,0.27,82.82,1.98
Leeds,53.8008,-1.5491,2021-06-27,15.22,19.14,10.76,0.32,84.4,2.48
Leeds,53.8008,-1.5491,2021-06-28,15.57,20.71,10.1,0.81,83.09,1.81
Leeds,53.8008,-1.5491,2021-06-29,14.91,19.04,11.19,0.19,80.01,2.29
Leeds,53.8008,-1.5491,2021-06-30,13.87,18.6,10.47,0.22,81.61,2.93
Leeds,53.8008,-1.5491,2021-07-01,14.76,20.09,9.55,0.08,78.21,2.04
Leeds,53.8008,-1.5491,2021-07-02,16.67,21.52,10.99,0.23,76.6,1.14
Leeds,53.8008,-1.5491,2021-07-03,16.27,19.95,12.12,5.79,90.36,1.88
Leeds,53.8008,-1.5491,2021-07-04,16.82,20.49,12.74,11.01,88.44,2.0
Leeds,53.8008,-1.5491,2021-07-05,15.86,19.24,12.2,3.89,80.91,2.81
Leeds,53.8008,-1.5491,2021-07-06,14.82,17.62,12.54,14.44,85.13,3.13
Leeds,53.8008,-1.5491,2021-07-07,15.98,20.02,11.24,2.55,85.11,1.86
Leeds,53.8008,-1.5491,2021-07-08,16.66,21.26,11.1,0.29,80.37,2.0
Leeds,53.8008,-1.5491,2021-07-09,16.91,20.64,11.63,1.87,81.73,1.33
Leeds,53.8008,-1.5491,2021-07-10,16.4,20.33,12.84,6.37,88.63,2.05
Leeds,53.8008,-1.5491,2021-07-11,16.41,20.93,10.99,2.36,84.97,2.29
Leeds,53.8008,-1.5491,2021-07-12,16.21,19.25,13.31,8.78,89.12,1.73
Leeds,53.8008,-1.5491,2021-07-13,16.84,20.98,12.85,0.8,85.24,2.46
Leeds,53.8008,-1.5491,2021-07-14,17.87,22.97,11.73,0.09,81.8,2.74
Leeds,53.8008,-1.5491,2021-07-15,16.75,21.06,12.9,0.02,77.42,2.91
Leeds,53.8008,-1.5491,2021-07-16,19.25,24.95,11.36,0.01,77.77,1.72
Leeds,53.8008,-1.5491,2021-07-17,20.99,26.94,14.41,0.0,79.11,1.87
Leeds,53.8008,-1.5491,2021-07-18,20.69,25.97,14.86,0.04,77.92,1.97
Leeds,53.8008,-1.5491,2021-07-19,19.87,24.56,15.16,0.06,80.71,0.58
Leeds,53.8008,-1.5491,2021-07-20,20.37,26.27,14.68,0.15,79.26,1.31
Leeds,53.8008,-1.5491,2021-07-21,19.72,25.27,14.01,0.12,82.71,1.55
Leeds,53.8008,-1.5491,2021-07-22,19.96,26.91,13.55,0.15,80.06,1.36
Leeds,53.8008,-1.5491,2021-07-23,17.19,21.93,12.96,0.13,82.42,2.02
Leeds,53.8008,-1.5491,2021-07-24,15.68,19.81,11.19,0.04,79.81,2.52
Leeds,53.8008,-1.5491,2021-07-25,17.0,20.92,13.52,0.1,80.46,1.9
Leeds,53.8008,-1.5491,2021-07-26,18.14,23.28,11.82,0.11,80.58,1.47
Leeds,53.8008,-1.5491,2021-07-27,16.55,19.83,12.34,2.85,86.53,1.46
Leeds,53.8008,-1.5491,2021-07-28,15.1,18.19,12.22,4.91,85.24,3.26
Leeds,53.8008,-1.5491,2021-07-29,14.97,18.65,11.43,0.87,82.37,4.94
Leeds,53.8008,-1.5491,2021-07-30,13.88,15.99,11.43,5.75,89.52,2.33
Leeds,53.8008,-1.5491,2021-07-31,15.75,19.32,11.86,4.59,87.14,2.35
Leeds,53.8008,-1.5491,2021-08-01,14.23,18.07,10.37,0.85,79.78,2.02
Leeds,53.8008,-1.5491,2021-08-02,14.08,18.6,8.35,0.23,77.93,1.38
Leeds,53.8008,-1.5491,2021-08-03,15.19,20.75,7.42,0.1,75.66,1.25
Leeds,53.8008,-1.5491,2021-08-04,16.22,20.18,11.5,1.26,80.33,1.71
Leeds,53.8008,-1.5491,2021-08-05,16.49,21.03,11.71,4.5,82.19,3.99
Leeds,53.8008,-1.5491,2021-08-06,16.29,19.71,12.63,5.13,85.73,3.33
Leeds,53.8008,-1.5491,2021-08-07,15.09,18.63,11.16,3.58,85.19,3.69
Leeds,53.8008,-1.5491,2021-08-08,16.08,20.15,12.46,4.06,84.4,4.73
Leeds,53.8008,-1.5491,2021-08-09,15.28,19.87,10.44,0.42,81.05,2.9
Leeds,53.8008,-1.5491,2021-08-10,15.96,21.11,10.76,0.41,81.14,2.29
Leeds,53.8008,-1.5491,2021-08-11,17.0,21.49,12.07,0.86,83.02,2.93
Leeds,53.8008,-1.5491,2021-08-12,16.05,20.43,11.14,0.05,77.59,2.62
Leeds,53.8008,-1.5491,2021-08-13,15.8,20.21,11.62,0.09,78.05,4.34
Leeds,53.8008,-1.5491,2021-08-14,15.12,19.08,11.65,0.36,81.61,2.76
Leeds,53.8008,-1.5491,2021-08-15,15.83,20.01,11.9,2.04,84.43,2.73
Leeds,53.8008,-1.5491,2021-08-16,14.56,19.09,10.71,0.06,76.8,4.0
Leeds,53.8008,-1.5491,2021-08-17,15.78,19.53,12.24,3.37,85.34,3.76
Leeds,53.8008,-1.5491,2021-08-18,15.91,21.39,11.33,0.13,83.88,3.73
Leeds,53.8008,-1.5491,2021-08-19,15.98,19.64,10.68,0.65,82.76,1.63
Leeds,53.8008,-1.5491,2021-08-20,17.62,22.47,12.36,0.83,82.86,1.35
Leeds,53.8008,-1.5491,2021-08-21,16.76,19.14,14.41,5.39,91.36,1.68
Leeds,53.8008,-1.5491,2021-08-22,16.35,20.7,12.26,2.88,88.59,1.68
Leeds,53.8008,-1.5491,2021-08-23,15.77,20.78,11.07,0.12,84.79,1.96
Leeds,53.8008,-1.5491,2021-08-24,15.79,21.28,11.43,0.16,85.58,1.48
Leeds,53.8008,-1.5491,2021-08-25,15.51,20.95,10.49,0.27,87.39,2.32
Leeds,53.8008,-1.5491,2021-08-26,14.37,17.31,12.5,0.37,83.36,3.91
Leeds,53.8008,-1.5491,2021-08-27,13.69,17.57,10.2,0.3,82.54,2.79
Leeds,53.8008,-1.5491,2021-08-28,15.22,20.58,9.3,0.04,78.98,1.25
Leeds,53.8008,-1.5491,2021-08-29,13.5,18.0,9.21,0.07,82.42,2.83
Leeds,53.8008,-1.5491,2021-08-30,13.71,18.06,9.74,0.5,83.18,3.42
Leeds,53.8008,-1.5491,2021-08-31,13.2,16.67,10.45,0.77,88.02,3.19
Leeds,53.8008,-1.5491,2021-09-01,13.65,17.48,10.5,0.53,87.26,3.35
Leeds,53.8008,-1.5491,2021-09-02,14.33,18.89,11.26,0.35,83.76,2.97
Leeds,53.8008,-1.5491,2021-09-03,14.04,18.29,10.63,0.43,86.26,2.28
Leeds,53.8008,-1.5491,2021-09-04,13.75,16.91,10.62,0.62,87.6,2.28
Leeds,53.8008,-1.5491,2021-09-05,16.12,21.26,11.96,0.13,83.61,2.06
Leeds,53.8008,-1.5491,2021-09-06,17.82,23.89,12.88,0.9,87.28,1.42
Leeds,53.8008,-1.5491,2021-09-07,18.78,25.51,13.79,0.0,82.42,1.18
Leeds,53.8008,-1.5491,2021-09-08,18.4,25.6,12.95,0.05,82.42,2.11
Leeds,53.8008,-1.5491,2021-09-09,18.17,23.45,14.04,2.53,87.81,1.26
Leeds,53.8008,-1.5491,2021-09-10,17.92,22.48,14.29,2.93,88.31,1.48
Leeds,53.8008,-1.5491,2021-09-11,16.17,20.54,11.6,0.22,86.22,3.18
Leeds,53.8008,-1.5491,2021-09-12,13.05,17.39,9.56,0.21,84.61,2.0
Leeds,53.8008,-1.5491,2021-09-13,13.56,17.35,10.24,0.14,83.88,1.99
Leeds,53.8008,-1.5491,2021-09-14,12.73,15.0,10.21,5.28,95.41,1.9
Leeds,53.8008,-1.5491,2021-09-15,14.62,19.48,10.34,0.68,84.77,1.47
Leeds,53.8008,-1.5491,2021-09-16,15.3,20.36,10.16,0.03,81.02,1.9
Leeds,53.8008,-1.5491,2021-09-17,14.29,18.97,10.66,0.0,86.22,1.88
Leeds,53.8008,-1.5491,2021-09-18,15.52,20.86,10.7,0.08,83.43,1.59
Leeds,53.8008,-1.5491,2021-09-19,14.7,18.82,10.72,1.58,88.81,1.84
Leeds,53.8008,-1.5491,2021-09-20,13.19,19.25,8.03,0.03,81.96,2.16
Leeds,53.8008,-1.5491,2021-09-21,13.08,18.38,9.77,0.07,86.96,2.08
Leeds,53.8008,-1.5491,2021-09-22,14.15,19.27,9.9,0.1,85.48,3.83
Leeds,53.8008,-1.5491,2021-09-23,14.62,18.31,11.91,0.11,85.06,4.25
Leeds,53.8008,-1.5491,2021-09-24,15.97,21.1,11.11,0.17,89.69,4.32
Leeds,53.8008,-1.5491,2021-09-25,17.0,21.77,13.21,0.2,89.72,1.55
Leeds,53.8008,-1.5491,2021-09-26,15.65,20.23,12.36,0.13,84.91,2.92
Leeds,53.8008,-1.5491,2021-09-27,13.03,15.45,9.0,10.79,82.99,4.95
Leeds,53.8008,-1.5491,2021-09-28,11.31,15.57,8.26,17.53,90.6,3.5
Leeds,53.8008,-1.5491,2021-09-29,9.91,13.54,6.88,0.35,82.02,3.86
Leeds,53.8008,-1.5491,2021-09-30,11.49,16.28,6.8,7.37,92.81,4.3
Leeds,53.8008,-1.5491,2021-10-01,11.82,14.48,6.99,1.16,82.7,4.84
Leeds,53.8008,-1.5491,2021-10-02,9.37,12.79,6.85,12.33,94.2,4.13
Leeds,53.8008,-1.5491,2021-10-03,10.0,15.02,5.77,1.02,87.79,4.61
Leeds,53.8008,-1.5491,2021-10-04,10.28,14.32,7.6,3.02,89.5,3.42
Leeds,53.8008,-1.5491,2021-10-05,10.83,13.59,9.06,23.74,90.06,5.48
Leeds,53.8008,-1.5491,2021-10-06,10.45,15.11,7.24,0.53,82.35,3.81
Leeds,53.8008,-1.5491,2021-10-07,14.28,20.41,9.45,0.24,91.48,2.79
Leeds,53.8008,-1.5491,2021-10-08,14.14,19.15,10.41,0.02,90.05,1.73
Leeds,53.8008,-1.5491,2021-10-09,12.72,17.02,8.69,0.4,94.01,1.32
Leeds,53.8008,-1.5491,2021-10-10,11.22,15.56,7.73,0.04,85.63,2.77
Leeds,53.8008,-1.5491,2021-10-11,10.68,15.5,6.75,0.1,85.96,3.33
Leeds,53.8008,-1.5491,2021-10-12,10.91,14.61,6.94,0.53,88.53,2.56
Leeds,53.8008,-1.5491,2021-10-13,10.87,16.18,6.0,0.14,90.26,2.81
Leeds,53.8008,-1.5491,2021-10-14,11.97,14.91,9.42,3.46,86.34,4.37
Leeds,53.8008,-1.5491,2021-10-15,7.95,12.11,3.79,0.1,80.32,1.74
Leeds,53.8008,-1.5491,2021-10-16,7.57,13.14,1.76,0.42,90.6,1.73
Leeds,53.8008,-1.5491,2021-10-17,12.27,16.13,9.65,2.72,93.59,3.01
Leeds,53.8008,-1.5491,2021-10-18,12.23,14.63,9.24,0.77,95.98,2.84
Leeds,53.8008,-1.5491,2021-10-19,15.13,19.66,11.68,4.18,94.1,3.69
Leeds,53.8008,-1.5491,2021-10-20,10.81,14.14,6.67,2.18,90.73,2.58
Leeds,53.8008,-1.5491,2021-10-21,6.92,10.38,3.08,1.74,78.33,4.54
Leeds,53.8008,-1.5491,2021-10-22,8.59,12.35,5.79,0.56,86.8,3.16
Leeds,53.8008,-1.5491,2021-10-23,8.73,12.71,5.57,0.06,87.3,3.64
Leeds,53.8008,-1.5491,2021-10-24,10.06,13.3,8.22,2.67,90.41,4.7
Leeds,53.8008,-1.5491,2021-10-25,8.93,12.91,5.7,0.34,91.15,3.13
Leeds,53.8008,-1.5491,2021-10-26,11.0,15.58,6.04,0.35,90.85,4.74
Leeds,53.8008,-1.5491,2021-10-27,14.21,17.46,12.57,0.68,88.17,6.48
Leeds,53.8008,-1.5491,2021-10-28,13.41,16.24,11.95,3.37,89.22,6.01
Leeds,53.8008,-1.5491,2021-10-29,11.12,15.09,7.17,5.61,89.55,5.51
Leeds,53.8008,-1.5491,2021-10-30,8.3,10.97,5.82,3.98,93.49,3.59
Leeds,53.8008,-1.5491,2021-10-31,8.75,12.78,5.59,15.52,91.19,5.78
Leeds,53.8008,-1.5491,2021-11-01,8.22,10.81,5.52,3.66,89.62,5.42
Leeds,53.8008,-1.5491,2021-11-02,6.34,10.47,4.03,0.3,93.44,1.71
Leeds,53.8008,-1.5491,2021-11-03,6.57,9.76,3.76,3.51,93.7,3.27
Leeds,53.8008,-1.5491,2021-11-04,4.55,8.34,1.17,1.54,91.04,3.57
Leeds,53.8008,-1.5491,2021-11-05,6.41,12.06,0.7,0.24,95.97,2.76
Leeds,53.8008,-1.5491,2021-11-06,9.76,12.5,8.24,1.48,89.63,5.42
Leeds,53.8008,-1.5491,2021-11-07,7.78,11.03,4.06,0.24,80.56,5.19
Leeds,53.8008,-1.5491,2021-11-08,7.87,12.51,2.39,0.54,92.78,2.5
Leeds,53.8008,-1.5491,2021-11-09,11.16,14.28,8.98,0.67,94.86,3.4
Leeds,53.8008,-1.5491,2021-11-10,9.66,12.37,7.49,0.5,92.61,1.02
Leeds,53.8008,-1.5491,2021-11-11,8.27,10.87,5.49,0.25,95.84,2.02
Leeds,53.8008,-1.5491,2021-11-12,9.89,12.22,7.95,2.75,94.07,4.93
Leeds,53.8008,-1.5491,2021-11-13,9.01,12.06,6.2,0.28,92.27,2.97
Leeds,53.8008,-1.5491,2021-11-14,7.49,12.02,4.6,0.26,97.07,1.22
Leeds,53.8008,-1.5491,2021-11-15,6.69,9.16,4.4,0.41,97.95,1.46
Leeds,53.8008,-1.5491,2021-11-16,7.97,10.03,5.91,0.39,97.32,2.26
Leeds,53.8008,-1.5491,2021-11-17,7.01,10.48,5.02,0.08,92.02,3.33
Leeds,53.8008,-1.5491,2021-11-18,10.99,14.17,7.14,0.18,92.66,4.9
Leeds,53.8008,-1.5491,2021-11-19,10.89,13.38,8.02,0.14,92.47,3.46
Leeds,53.8008,-1.5491,2021-11-20,8.43,11.55,4.79,0.14,91.22,3.66
Leeds,53.8008,-1.5491,2021-11-21,3.7,5.58,2.3,1.09,93.03,3.67
Leeds,53.8008,-1.5491,2021-11-22,3.91,7.18,1.94,0.15,94.37,1.81
Leeds,53.8008,-1.5491,2021-11-23,4.1,6.8,2.38,0.13,97.21,1.8
Leeds,53.8008,-1.5491,2021-11-24,5.11,8.73,2.02,0.37,95.51,2.07
Leeds,53.8008,-1.5491,2021-11-25,2.44,5.03,0.74,0.36,92.94,3.56
Leeds,53.8008,-1.5491,2021-11-26,4.59,6.44,2.51,6.08,88.9,5.95
Leeds,53.8008,-1.5491,2021-11-27,3.17,4.52,0.53,6.86,85.8,8.82
Leeds,53.8008,-1.5491,2021-11-28,-0.6,1.6,-2.43,0.85,92.92,3.59
Leeds,53.8008,-1.5491,2021-11-29,1.61,7.85,-1.54,1.09,96.33,3.62
Leeds,53.8008,-1.5491,2021-11-30,9.09,10.43,8.17,4.12,94.63,5.04
Leeds,53.8008,-1.5491,2021-12-01,5.04,9.02,0.35,3.9,89.64,5.53
Leeds,53.8008,-1.5491,2021-12-02,0.49,2.78,-1.44,0.97,91.41,3.51
Leeds,53.8008,-1.5491,2021-12-03,3.42,6.2,0.31,1.97,97.32,2.54
Leeds,53.8008,-1.5491,2021-12-04,3.72,5.4,2.3,4.48,95.07,3.98
Leeds,53.8008,-1.5491,2021-12-05,4.27,7.1,2.12,1.96,95.06,3.36
Leeds,53.8008,-1.5491,2021-12-06,1.82,3.02,-0.03,5.23,96.72,3.05
Leeds,53.8008,-1.5491,2021-12-07,1.98,4.68,-0.47,9.21,96.84,5.15
Leeds,53.8008,-1.5491,2021-12-08,4.4,6.16,2.79,2.1,94.56,5.13
Leeds,53.8008,-1.5491,2021-12-09,2.97,6.16,1.45,7.11,98.07,2.54
Leeds,53.8008,-1.5491,2021-12-10,3.08,5.41,0.63,0.05,94.55,3.84
Leeds,53.8008,-1.5491,2021-12-11,4.08,8.87,1.03,3.15,97.78,2.73
Leeds,53.8008,-1.5491,2021-12-12,9.12,11.25,6.76,0.36,96.61,3.13
Leeds,53.8008,-1.5491,2021-12-13,6.48,9.54,2.31,7.65,95.04,1.78
Leeds,53.8008,-1.5491,2021-12-14,5.99,8.69,1.34,0.27,96.5,2.76
Leeds,53.8008,-1.5491,2021-12-15,7.93,10.39,5.25,0.09,95.32,3.74
Leeds,53.8008,-1.5491,2021-12-16,6.68,9.58,5.08,0.14,98.35,1.39
Leeds,53.8008,-1.5491,2021-12-17,5.94,7.81,4.7,0.4,97.56,0.81
Leeds,53.8008,-1.5491,2021-12-18,5.08,6.17,4.47,0.46,97.42,0.65
Leeds,53.8008,-1.5491,2021-12-19,3.9,4.71,1.88,0.75,98.39,1.19
Leeds,53.8008,-1.5491,2021-12-20,3.15,5.42,2.13,0.37,90.14,1.01
Leeds,53.8008,-1.5491,2021-12-21,1.01,3.57,-2.96,0.15,89.5,0.93
Leeds,53.8008,-1.5491,2021-12-22,-0.51,1.02,-2.92,1.91,97.78,2.52
Leeds,53.8008,-1.5491,2021-12-23,4.07,6.95,0.72,1.71,98.61,2.26
Leeds,53.8008,-1.5491,2021-12-24,5.5,7.23,3.03,2.48,96.85,2.78
Leeds,53.8008,-1.5491,2021-12-25,2.1,3.37,-0.09,0.74,83.43,4.64
Leeds,53.8008,-1.5491,2021-12-26,1.73,2.84,-0.25,6.98,96.52,2.93
Leeds,53.8008,-1.5491,2021-12-27,4.96,6.55,2.47,1.41,98.86,2.24
Leeds,53.8008,-1.5491,2021-12-28,5.4,8.13,3.02,2.22,98.64,1.93
Leeds,53.8008,-1.5491,2021-12-29,7.04,12.42,3.72,3.96,95.91,4.56
Leeds,53.8008,-1.5491,2021-12-30,11.32,13.27,7.17,4.44,95.2,4.48
Leeds,53.8008,-1.5491,2021-12-31,11.14,13.2,8.05,0.92,93.51,4.86
Leeds,53.8008,-1.5491,2022-01-01,10.22,12.51,8.71,1.32,94.68,4.58
Leeds,53.8008,-1.5491,2022-01-02,8.02,9.96,6.12,1.78,94.07,4.59
Leeds,53.8008,-1.5491,2022-01-03,7.0,9.26,3.98,3.9,89.37,5.26
Leeds,53.8008,-1.5491,2022-01-04,0.57,3.21,-1.58,0.48,90.37,3.9
Leeds,53.8008,-1.5491,2022-01-05,0.23,3.57,-2.99,0.11,93.2,3.69
Leeds,53.8008,-1.5491,2022-01-06,-0.21,2.98,-3.47,2.1,97.35,3.86
Leeds,53.8008,-1.5491,2022-01-07,1.08,3.27,-1.83,1.32,94.94,4.13
Leeds,53.8008,-1.5491,2022-01-08,2.82,7.32,-1.25,4.76,95.94,3.83
Leeds,53.8008,-1.5491,2022-01-09,3.17,5.68,1.28,0.43,96.22,2.88
Leeds,53.8008,-1.5491,2022-01-10,4.42,6.28,2.97,0.36,98.44,2.55
Leeds,53.8008,-1.5491,2022-01-11,3.7,6.78,0.34,1.05,98.61,1.57
Leeds,53.8008,-1.5491,2022-01-12,4.27,7.92,1.48,0.21,98.46,3.03
Leeds,53.8008,-1.5491,2022-01-13,4.79,7.37,3.08,0.41,96.17,2.94
Leeds,53.8008,-1.5491,2022-01-14,3.77,6.71,1.46,0.28,97.77,1.28
Leeds,53.8008,-1.5491,2022-01-15,1.91,4.33,-0.27,0.11,96.34,1.71
Leeds,53.8008,-1.5491,2022-01-16,3.26,7.38,0.86,0.19,96.82,2.86
Leeds,53.8008,-1.5491,2022-01-17,2.77,7.41,0.34,0.07,96.46,2.77
Leeds,53.8008,-1.5491,2022-01-18,2.46,5.96,0.92,0.09,95.67,2.61
Leeds,53.8008,-1.5491,2022-01-19,4.92,7.75,1.21,0.32,92.4,4.34
Leeds,53.8008,-1.5491,2022-01-20,0.03,4.08,-1.75,0.07,94.18,2.75
Leeds,53.8008,-1.5491,2022-01-21,1.72,5.86,-1.67,0.12,97.93,3.22
Leeds,53.8008,-1.5491,2022-01-22,4.34,7.66,2.24,0.08,94.72,2.48
Leeds,53.8008,-1.5491,2022-01-23,3.57,6.22,1.16,0.1,94.67,1.89
Leeds,53.8008,-1.5491,2022-01-24,0.39,4.36,-1.59,0.09,96.57,1.46
Leeds,53.8008,-1.5491,2022-01-25,-0.24,3.03,-2.22,0.11,95.72,1.37
Leeds,53.8008,-1.5491,2022-01-26,4.36,7.77,-0.11,0.19,93.29,4.57
Leeds,53.8008,-1.5491,2022-01-27,6.68,9.41,2.37,0.34,90.38,4.62
Leeds,53.8008,-1.5491,2022-01-28,5.55,9.21,1.79,0.18,95.34,4.04
Leeds,53.8008,-1.5491,2022-01-29,7.7,11.59,1.6,0.12,82.7,7.96
Leeds,53.8008,-1.5491,2022-01-30,3.04,6.82,-1.95,1.32,88.8,4.05
Leeds,53.8008,-1.5491,2022-01-31,4.21,5.92,2.52,0.34,79.74,6.39
Leeds,53.8008,-1.5491,2022-02-01,8.7,10.97,6.19,0.34,83.09,7.56
Leeds,53.8008,-1.5491,2022-02-02,8.24,10.6,6.92,0.28,94.06,4.06
Leeds,53.8008,-1.5491,2022-02-03,7.61,10.3,5.55,0.84,92.5,4.65
Leeds,53.8008,-1.5491,2022-02-04,3.92,8.24,1.82,2.7,86.64,4.8
Leeds,53.8008,-1.5491,2022-02-05,5.21,7.96,1.85,3.7,91.93,6.5
Leeds,53.8008,-1.5491,2022-02-06,5.12,7.02,0.96,2.88,84.82,7.06
Leeds,53.8008,-1.5491,2022-02-07,5.0,9.13,-0.57,0.32,89.53,4.58
Leeds,53.8008,-1.5491,2022-02-08,9.88,11.96,8.68,1.31,89.71,5.1
Leeds,53.8008,-1.5491,2022-02-09,6.14,9.34,3.45,0.4,86.71,3.71
Leeds,53.8008,-1.5491,2022-02-10,3.72,6.79,1.07,0.09,84.57,5.11
Leeds,53.8008,-1.5491,2022-02-11,1.48,6.47,-3.6,0.05,88.66,2.62
Leeds,53.8008,-1.5491,2022-02-12,4.56,6.82,1.61,1.93,90.85,6.61
Leeds,53.8008,-1.5491,2022-02-13,7.26,8.27,6.12,10.63,95.05,4.98
Leeds,53.8008,-1.5491,2022-02-14,4.99,6.53,2.49,2.51,92.39,4.38
Leeds,53.8008,-1.5491,2022-02-15,4.23,8.19,0.43,2.41,91.4,4.2
Leeds,53.8008,-1.5491,2022-02-16,9.58,13.02,3.76,5.93,85.53,9.06
Leeds,53.8008,-1.5491,2022-02-17,5.23,7.45,2.67,0.27,81.91,6.39
Leeds,53.8008,-1.5491,2022-02-18,4.57,8.02,2.75,10.51,87.34,7.52
Leeds,53.8008,-1.5491,2022-02-19,2.09,4.07,0.07,4.74,90.59,3.99
Leeds,53.8008,-1.5491,2022-02-20,7.31,11.41,1.55,13.72,87.71,8.5
Leeds,53.8008,-1.5491,2022-02-21,6.31,10.0,3.18,1.24,83.61,7.8
Leeds,53.8008,-1.5491,2022-02-22,6.45,10.03,3.0,0.93,87.27,5.76
Leeds,53.8008,-1.5491,2022-02-23,6.27,10.55,2.4,2.07,88.71,6.3
Leeds,53.8008,-1.5491,2022-02-24,3.54,4.98,2.57,1.19,84.73,5.77
Leeds,53.8008,-1.5491,2022-02-25,4.57,8.8,1.3,0.07,85.62,4.15
Leeds,53.8008,-1.5491,2022-02-26,4.22,9.82,0.31,0.0,85.94,4.04
Leeds,53.8008,-1.5491,2022-02-27,3.36,9.0,0.06,0.01,81.26,4.49
Leeds,53.8008,-1.5491,2022-02-28,5.84,9.87,1.17,9.77,93.57,3.63
Leeds,53.8008,-1.5491,2022-03-01,3.81,9.26,-0.48,0.02,87.42,2.47
Leeds,53.8008,-1.5491,2022-03-02,4.47,6.28,0.5,3.41,95.39,4.3
Leeds,53.8008,-1.5491,2022-03-03,6.65,11.89,3.68,2.5,89.69,2.94
Leeds,53.8008,-1.5491,2022-03-04,4.17,5.51,2.23,9.97,94.23,2.2
Leeds,53.8008,-1.5491,2022-03-05,4.38,8.13,1.21,0.6,84.95,5.0
Leeds,53.8008,-1.5491,2022-03-06,3.29,8.45,-0.32,0.27,84.67,2.31
Leeds,53.8008,-1.5491,2022-03-07,2.66,7.86,-0.75,0.02,85.2,2.58
Leeds,53.8008,-1.5491,2022-03-08,3.96,9.78,-1.81,0.03,80.97,4.82
Leeds,53.8008,-1.5491,2022-03-09,7.38,12.24,2.49,0.12,83.81,4.91
Leeds,53.8008,-1.5491,2022-03-10,9.17,14.33,4.87,0.07,86.01,4.43
Leeds,53.8008,-1.5491,2022-03-11,8.89,13.61,5.42,3.08,87.57,5.46
Leeds,53.8008,-1.5491,2022-03-12,8.02,11.4,6.07,1.08,84.87,4.83
Leeds,53.8008,-1.5491,2022-03-13,8.08,12.31,5.45,0.35,87.27,4.59
Leeds,53.8008,-1.5491,2022-03-14,7.16,11.92,3.38,0.28,82.85,3.57
Leeds,53.8008,-1.5491,2022-03-15,6.74,12.84,0.55,0.02,85.45,2.46
Leeds,53.8008,-1.5491,2022-03-16,7.49,12.21,3.63,9.76,91.59,2.57
Leeds,53.8008,-1.5491,2022-03-17,6.35,11.96,1.94,0.4,87.77,4.17
Leeds,53.8008,-1.5491,2022-03-18,6.79,13.58,2.01,0.01,82.4,1.98
Leeds,53.8008,-1.5491,2022-03-19,6.82,13.0,2.17,0.06,82.06,4.23
Leeds,53.8008,-1.5491,2022-03-20,4.93,9.49,1.34,0.02,84.01,2.96
Leeds,53.8008,-1.5491,2022-03-21,5.29,12.61,-0.78,0.08,83.03,1.57
Leeds,53.8008,-1.5491,2022-03-22,8.09,15.79,2.13,0.01,85.63,2.42
Leeds,53.8008,-1.5491,2022-03-23,9.72,17.15,5.4,0.05,84.3,1.45
Leeds,53.8008,-1.5491,2022-03-24,10.81,17.5,5.4,0.0,69.07,0.89
Leeds,53.8008,-1.5491,2022-03-25,11.3,17.74,5.65,0.0,61.77,1.09
Leeds,53.8008,-1.5491,2022-03-26,9.72,16.22,4.29,0.0,73.18,1.73
Leeds,53.8008,-1.5491,2022-03-27,9.28,15.13,4.31,0.05,87.28,1.68
Leeds,53.8008,-1.5491,2022-03-28,9.08,13.95,5.28,1.59,88.39,1.3
Leeds,53.8008,-1.5491,2022-03-29,8.15,13.1,5.29,0.87,84.35,1.44
Leeds,53.8008,-1.5491,2022-03-30,3.47,5.55,0.42,6.01,86.41,3.6
Leeds,53.8008,-1.5491,2022-03-31,2.47,4.67,0.44,2.18,83.1,4.25
Leeds,53.8008,-1.5491,2022-04-01,2.97,6.07,0.58,1.3,84.24,2.86
Leeds,53.8008,-1.5491,2022-04-02,3.09,7.31,-0.13,0.42,79.21,1.53
Leeds,53.8008,-1.5491,2022-04-03,4.85,10.1,-0.65,1.88,78.76,3.74
Leeds,53.8008,-1.5491,2022-04-04,9.95,12.97,5.52,2.4,88.81,6.51
Leeds,53.8008,-1.5491,2022-04-05,10.17,12.77,8.74,1.62,84.32,6.48
Leeds,53.8008,-1.5491,2022-04-06,8.84,11.08,6.03,3.34,83.49,6.06
Leeds,53.8008,-1.5491,2022-04-07,6.07,9.51,2.82,3.34,79.32,6.48
Leeds,53.8008,-1.5491,2022-04-08,4.48,9.13,0.35,0.19,77.03,2.72
Leeds,53.8008,-1.5491,2022-04-09,3.87,8.05,-0.77,0.1,78.02,3.06
Leeds,53.8008,-1.5491,2022-04-10,6.05,11.58,-0.48,0.08,75.2,1.54
Leeds,53.8008,-1.5491,2022-04-11,7.84,12.4,3.71,0.78,78.65,4.18
Leeds,53.8008,-1.5491,2022-04-12,11.29,16.79,6.57,3.62,88.0,2.85
Leeds,53.8008,-1.5491,2022-04-13,10.56,14.24,6.73,0.41,86.82,3.23
Leeds,53.8008,-1.5491,2022-04-14,11.73,17.44,5.92,0.02,81.17,1.41
Leeds,53.8008,-1.5491,2022-04-15,12.55,18.84,6.51,0.05,82.16,2.51
Leeds,53.8008,-1.5491,2022-04-16,12.49,19.15,6.74,0.03,81.1,3.52
Leeds,53.8008,-1.5491,2022-04-17,11.88,17.85,6.94,0.09,76.65,3.2
Leeds,53.8008,-1.5491,2022-04-18,10.02,14.4,5.56,0.36,78.4,2.28
Leeds,53.8008,-1.5491,2022-04-19,8.97,13.33,4.14,0.26,78.01,1.47
Leeds,53.8008,-1.5491,2022-04-20,9.45,15.02,5.47,0.03,76.24,2.84
Leeds,53.8008,-1.5491,2022-04-21,9.26,15.4,3.44,0.01,78.41,3.29
Leeds,53.8008,-1.5491,2022-04-22,9.57,14.88,5.93,0.02,78.12,4.95
Leeds,53.8008,-1.5491,2022-04-23,9.54,13.89,6.31,0.07,81.29,5.48
Leeds,53.8008,-1.5491,2022-04-24,9.12,13.23,5.66,0.12,79.78,4.66
Leeds,53.8008,-1.5491,2022-04-25,7.92,12.56,3.34,0.14,78.36,2.45
Leeds,53.8008,-1.5491,2022-04-26,7.73,12.64,2.97,0.23,80.91,2.25
Leeds,53.8008,-1.5491,2022-04-27,7.11,11.57,3.05,0.06,73.79,2.2
Leeds,53.8008,-1.5491,2022-04-28,7.33,11.38,3.77,0.04,74.4,1.47
Leeds,53.8008,-1.5491,2022-04-29,8.46,14.15,3.23,0.0,68.68,1.32
Leeds,53.8008,-1.5491,2022-04-30,9.54,15.85,2.53,0.83,75.38,1.94
Leeds,53.8008,-1.5491,2022-05-01,10.78,15.2,7.08,1.65,87.01,1.66
Leeds,53.8008,-1.5491,2022-05-02,11.49,15.3,7.79,1.71,86.62,1.65
Leeds,53.8008,-1.5491,2022-05-03,9.65,12.51,6.96,0.73,87.47,1.35
Leeds,53.8008,-1.5491,2022-05-04,11.37,15.48,8.07,4.95,87.0,3.07
Leeds,53.8008,-1.5491,2022-05-05,11.51,17.28,6.47,0.88,84.99,2.41
Leeds,53.8008,-1.5491,2022-05-06,12.29,17.01,8.31,2.98,87.67,2.71
Leeds,53.8008,-1.5491,2022-05-07,10.83,15.69,6.05,0.59,85.33,2.37
Leeds,53.8008,-1.5491,2022-05-08,11.12,16.57,5.84,0.05,80.88,2.27
Leeds,53.8008,-1.5491,2022-05-09,12.29,16.72,6.53,0.07,79.69,4.01
Leeds,53.8008,-1.5491,2022-05-10,13.45,16.71,10.06,0.46,74.32,4.85
Leeds,53.8008,-1.5491,2022-05-11,11.62,15.25,7.96,1.4,80.28,4.16
Leeds,53.8008,-1.5491,2022-05-12,11.31,15.38,7.27,0.78,76.64,4.13
Leeds,53.8008,-1.5491,2022-05-13,12.59,16.02,8.93,0.17,77.82,5.13
Leeds,53.8008,-1.5491,2022-05-14,13.59,19.31,7.27,0.02,77.0,1.66
Leeds,53.8008,-1.5491,2022-05-15,12.67,18.23,8.5,7.25,84.7,3.47
Leeds,53.8008,-1.5491,2022-05-16,14.07,19.26,10.18,12.78,88.94,2.57
Leeds,53.8008,-1.5491,2022-05-17,15.84,20.53,9.39,1.71,81.42,3.18
Leeds,53.8008,-1.5491,2022-05-18,14.25,18.42,8.73,2.02,77.62,3.23
Leeds,53.8008,-1.5491,2022-05-19,14.14,18.3,10.54,0.36,73.58,2.06
Leeds,53.8008,-1.5491,2022-05-20,12.3,16.57,8.89,2.73,79.86,2.57
Leeds,53.8008,-1.5491,2022-05-21,12.79,16.88,8.6,0.32,78.26,2.96
Leeds,53.8008,-1.5491,2022-05-22,13.02,16.8,8.28,0.82,88.26,2.37
Leeds,53.8008,-1.5491,2022-05-23,12.47,16.04,9.11,2.25,83.1,2.21
Leeds,53.8008,-1.5491,2022-05-24,11.64,15.32,8.38,1.53,79.12,3.73
Leeds,53.8008,-1.5491,2022-05-25,12.12,16.44,7.79,1.06,82.2,4.63
Leeds,53.8008,-1.5491,2022-05-26,12.47,17.49,7.71,1.18,80.64,4.62
Leeds,53.8008,-1.5491,2022-05-27,11.42,15.94,6.64,0.32,72.91,4.9
Leeds,53.8008,-1.5491,2022-05-28,10.85,15.32,6.1,0.11,76.61,2.7
Leeds,53.8008,-1.5491,2022-05-29,9.81,13.06,5.71,0.66,75.05,2.57
Leeds,53.8008,-1.5491,2022-05-30,10.15,13.22,7.21,2.75,81.69,2.09
Leeds,53.8008,-1.5491,2022-05-31,9.41,11.54,6.68,5.87,88.01,0.68
Leeds,53.8008,-1.5491,2022-06-01,11.1,15.26,6.15,1.76,82.07,1.69
Leeds,53.8008,-1.5491,2022-06-02,12.86,17.58,5.91,0.72,79.08,2.01
Leeds,53.8008,-1.5491,2022-06-03,12.79,16.46,8.6,1.36,78.22,2.85
Leeds,53.8008,-1.5491,2022-06-04,11.58,15.93,7.39,0.06,79.2,3.53
Leeds,53.8008,-1.5491,2022-06-05,10.42,12.3,8.5,7.8,85.42,3.72
Leeds,53.8008,-1.5491,2022-06-06,11.56,14.85,8.68,5.64,83.78,2.42
Leeds,53.8008,-1.5491,2022-06-07,13.36,18.51,8.13,0.4,79.87,1.82
Leeds,53.8008,-1.5491,2022-06-08,14.54,18.58,10.71,5.91,83.61,3.27
Leeds,53.8008,-1.5491,2022-06-09,14.81,19.12,9.33,0.18,80.17,3.64
Leeds,53.8008,-1.5491,2022-06-10,15.79,20.47,11.27,0.02,74.16,4.17
Leeds,53.8008,-1.5491,2022-06-11,14.69,18.76,10.02,0.29,76.1,4.96
Leeds,53.8008,-1.5491,2022-06-12,13.2,16.56,9.27,0.45,77.43,4.54
Leeds,53.8008,-1.5491,2022-06-13,12.78,18.28,7.45,0.06,77.52,2.95
Leeds,53.8008,-1.5491,2022-06-14,14.21,19.46,6.75,0.01,73.93,1.2
Leeds,53.8008,-1.5491,2022-06-15,16.18,22.23,8.84,0.04,74.34,1.08
Leeds,53.8008,-1.5491,2022-06-16,16.9,22.43,9.63,0.02,70.0,1.48
Leeds,53.8008,-1.5491,2022-06-17,18.64,24.49,13.75,0.43,76.52,3.27
Leeds,53.8008,-1.5491,2022-06-18,12.9,16.68,8.55,0.52,75.05,2.49
Leeds,53.8008,-1.5491,2022-06-19,13.38,18.63,6.84,0.12,77.2,2.7
Leeds,53.8008,-1.5491,2022-06-20,14.05,19.6,7.51,0.02,75.29,1.8
Leeds,53.8008,-1.5491,2022-06-21,16.48,22.29,8.82,0.01,74.05,1.37
Leeds,53.8008,-1.5491,2022-06-22,18.03,23.37,12.22,0.01,78.97,1.44
Leeds,53.8008,-1.5491,2022-06-23,18.33,24.62,12.23,0.13,76.35,1.74
Leeds,53.8008,-1.5491,2022-06-24,17.84,22.11,12.55,1.36,77.38,2.25
Leeds,53.8008,-1.5491,2022-06-25,15.57,19.49,11.63,0.34,71.59,4.34
Leeds,53.8008,-1.5491,2022-06-26,14.93,19.81,8.98,0.2,72.57,4.71
Leeds,53.8008,-1.5491,2022-06-27,13.37,17.12,9.07,1.73,77.32,3.3
Leeds,53.8008,-1.5491,2022-06-28,14.5,19.84,8.61,1.55,74.61,4.15
Leeds,53.8008,-1.5491,2022-06-29,16.07,20.28,12.14,5.78,81.49,3.02
Leeds,53.8008,-1.5491,2022-06-30,15.72,19.07,11.73,2.16,79.14,1.35
Leeds,53.8008,-1.5491,2022-07-01,14.39,17.6,10.55,2.86,81.62,2.55
Leeds,53.8008,-1.5491,2022-07-02,14.67,18.87,10.42,1.78,79.12,3.64
Leeds,53.8008,-1.5491,2022-07-03,14.63,18.71,9.22,1.09,79.33,3.01
Leeds,53.8008,-1.5491,2022-07-04,14.66,18.11,11.41,0.19,75.57,4.31
Leeds,53.8008,-1.5491,2022-07-05,14.59,18.96,9.47,0.07,76.11,2.94
Leeds,53.8008,-1.5491,2022-07-06,16.77,20.63,12.14,0.56,80.98,5.14
Leeds,53.8008,-1.5491,2022-07-07,17.62,22.58,11.39,0.02,77.13,2.93
Leeds,53.8008,-1.5491,2022-07-08,17.82,23.02,12.62,0.01,78.56,3.2
Leeds,53.8008,-1.5491,2022-07-09,17.21,22.05,11.78,0.0,74.49,2.44
Leeds,53.8008,-1.5491,2022-07-10,19.66,25.89,12.0,0.0,71.58,1.17
Leeds,53.8008,-1.5491,2022-07-11,20.44,25.68,14.08,0.0,69.63,1.44
Leeds,53.8008,-1.5491,2022-07-12,19.8,23.97,15.08,0.12,72.09,2.55
Leeds,53.8008,-1.5491,2022-07-13,16.22,20.91,11.52,0.02,72.02,2.87
Leeds,53.8008,-1.5491,2022-07-14,15.62,19.43,11.64,0.69,75.59,2.83
Leeds,53.8008,-1.5491,2022-07-15,15.93,20.61,9.99,0.6,79.62,3.4
Leeds,53.8008,-1.5491,2022-07-16,17.4,23.47,10.25,0.09,74.32,1.47
Leeds,53.8008,-1.5491,2022-07-17,19.97,25.44,14.36,0.09,68.57,1.83
Leeds,53.8008,-1.5491,2022-07-18,23.22,30.9,15.65,0.0,60.22,1.82
Leeds,53.8008,-1.5491,2022-07-19,24.86,32.51,17.55,0.0,68.65,1.98
Leeds,53.8008,-1.5491,2022-07-20,19.91,24.34,14.72,0.21,75.94,2.59
Leeds,53.8008,-1.5491,2022-07-21,16.76,19.79,14.09,1.37,82.1,1.68
Leeds,53.8008,-1.5491,2022-07-22,15.31,17.35,13.37,2.19,86.04,1.98
Leeds,53.8008,-1.5491,2022-07-23,17.65,21.33,12.59,1.68,80.71,3.16
Leeds,53.8008,-1.5491,2022-07-24,19.85,23.77,16.45,2.32,82.3,5.14
Leeds,53.8008,-1.5491,2022-07-25,17.2,22.1,12.5,4.48,82.0,3.78
Leeds,53.8008,-1.5491,2022-07-26,14.53,18.5,10.23,0.81,78.27,1.32
Leeds,53.8008,-1.5491,2022-07-27,15.79,20.26,9.53,0.47,78.37,1.97
Leeds,53.8008,-1.5491,2022-07-28,16.53,20.49,13.26,2.32,78.22,2.88
Leeds,53.8008,-1.5491,2022-07-29,16.66,20.35,12.67,1.88,79.78,2.05
Leeds,53.8008,-1.5491,2022-07-30,17.73,21.41,13.9,3.19,87.49,2.8
Leeds,53.8008,-1.5491,2022-07-31,18.47,22.91,14.47,11.8,84.8,1.99
Leeds,53.8008,-1.5491,2022-08-01,17.77,22.22,13.09,0.74,75.57,2.37
Leeds,53.8008,-1.5491,2022-08-02,20.69,24.85,17.15,2.27,83.53,4.97
Leeds,53.8008,-1.5491,2022-08-03,18.79,22.63,14.56,0.42,76.54,4.09
Leeds,53.8008,-1.5491,2022-08-04,15.8,19.66,11.3,0.21,74.4,2.99
Leeds,53.8008,-1.5491,2022-08-05,14.03,18.18,10.22,0.57,72.27,3.01
Leeds,53.8008,-1.5491,2022-08-06,14.39,20.07,7.85,0.16,75.17,2.6
Leeds,53.8008,-1.5491,2022-08-07,16.44,21.62,10.83,0.03,80.2,3.01
Leeds,53.8008,-1.5491,2022-08-08,17.68,23.76,11.45,0.0,75.44,1.67
Leeds,53.8008,-1.5491,2022-08-09,18.52,24.64,10.82,0.0,68.38,0.86
Leeds,53.8008,-1.5491,2022-08-10,20.17,27.27,12.65,0.02,71.76,1.45
Leeds,53.8008,-1.5491,2022-08-11,20.32,27.7,13.13,0.06,74.11,1.32
Leeds,53.8008,-1.5491,2022-08-12,20.09,27.2,14.3,0.07,75.43,1.86
Leeds,53.8008,-1.5491,2022-08-13,19.87,27.03,12.87,0.12,76.37,2.06
Leeds,53.8008,-1.5491,2022-08-14,20.57,28.39,14.35,0.08,73.27,1.33
Leeds,53.8008,-1.5491,2022-08-15,19.88,25.52,15.31,1.1,80.81,1.06
Leeds,53.8008,-1.5491,2022-08-16,17.33,21.17,13.66,1.85,85.23,2.18
Leeds,53.8008,-1.5491,2022-08-17,15.67,19.19,12.43,2.01,80.15,3.55
Leeds,53.8008,-1.5491,2022-08-18,17.23,21.7,10.76,0.75,82.26,3.15
Leeds,53.8008,-1.5491,2022-08-19,16.15,20.43,11.17,0.14,75.47,2.92
Leeds,53.8008,-1.5491,2022-08-20,16.59,21.96,11.24,1.28,76.68,4.25
Leeds,53.8008,-1.5491,2022-08-21,16.04,20.67,11.2,0.56,72.73,2.29
Leeds,53.8008,-1.5491,2022-08-22,17.32,23.01,13.39,5.51,84.68,2.14
Leeds,53.8008,-1.5491,2022-08-23,19.16,23.37,15.22,0.17,83.03,1.54
Leeds,53.8008,-1.5491,2022-08-24,19.35,22.82,16.33,2.62,82.72,2.74
Leeds,53.8008,-1.5491,2022-08-25,15.24,19.91,10.63,1.48,83.35,2.28
Leeds,53.8008,-1.5491,2022-08-26,16.02,21.85,9.51,0.23,75.3,1.08
Leeds,53.8008,-1.5491,2022-08-27,16.75,22.03,12.39,0.08,77.61,1.35
Leeds,53.8008,-1.5491,2022-08-28,16.31,22.1,11.27,1.72,81.3,1.08
Leeds,53.8008,-1.5491,2022-08-29,15.02,18.37,11.54,0.14,82.71,2.31
Leeds,53.8008,-1.5491,2022-08-30,14.38,19.04,9.22,0.26,77.7,2.73
Leeds,53.8008,-1.5491,2022-08-31,15.71,19.83,11.64,0.29,81.14,2.93
Leeds,53.8008,-1.5491,2022-09-01,16.05,20.58,12.63,0.22,80.48,3.02
Leeds,53.8008,-1.5491,2022-09-02,16.36,21.54,11.49,0.58,81.87,2.34
Leeds,53.8008,-1.5491,2022-09-03,18.01,22.67,14.22,4.13,87.77,2.47
Leeds,53.8008,-1.5491,2022-09-04,18.06,22.03,14.36,1.56,83.02,2.91
Leeds,53.8008,-1.5491,2022-09-05,18.89,23.62,15.11,5.43,83.56,2.67
Leeds,53.8008,-1.5491,2022-09-06,16.83,19.5,13.99,5.59,89.61,2.45
Leeds,53.8008,-1.5491,2022-09-07,16.55,21.34,12.87,2.58,84.09,2.57
Leeds,53.8008,-1.5491,2022-09-08,15.02,18.75,12.18,3.7,88.42,1.5
Leeds,53.8008,-1.5491,2022-09-09,15.12,18.75,12.26,3.43,89.3,3.15
Leeds,53.8008,-1.5491,2022-09-10,15.67,19.83,11.79,2.41,87.47,3.0
Leeds,53.8008,-1.5491,2022-09-11,16.12,20.76,11.87,2.9,87.2,2.02
Leeds,53.8008,-1.5491,2022-09-12,15.74,19.79,9.7,9.66,91.7,3.2
Leeds,53.8008,-1.5491,2022-09-13,13.43,19.18,8.07,0.2,81.76,1.47
Leeds,53.8008,-1.5491,2022-09-14,13.17,18.24,7.46,0.05,82.88,1.7
Leeds,53.8008,-1.5491,2022-09-15,12.17,16.61,8.26,0.12,79.72,2.34
Leeds,53.8008,-1.5491,2022-09-16,9.76,14.35,6.15,0.18,78.27,3.52
Leeds,53.8008,-1.5491,2022-09-17,10.28,16.09,4.68,0.1,76.48,3.41
Leeds,53.8008,-1.5491,2022-09-18,11.55,16.33,8.42,0.24,82.12,2.99
Leeds,53.8008,-1.5491,2022-09-19,11.61,16.18,6.96,0.12,80.45,1.21
Leeds,53.8008,-1.5491,2022-09-20,12.88,17.13,8.91,0.12,84.56,1.32
Leeds,53.8008,-1.5491,2022-09-21,13.3,19.28,7.77,0.0,80.86,2.22
Leeds,53.8008,-1.5491,2022-09-22,12.98,17.05,9.71,5.07,85.85,3.02
Leeds,53.8008,-1.5491,2022-09-23,12.31,17.7,7.97,0.35,83.2,2.05
Leeds,53.8008,-1.5491,2022-09-24,10.84,15.12,7.31,0.67,84.96,2.66
Leeds,53.8008,-1.5491,2022-09-25,10.68,14.71,5.09,1.06,84.44,3.65
Leeds,53.8008,-1.5491,2022-09-26,10.49,14.06,6.0,1.7,81.01,3.98
Leeds,53.8008,-1.5491,2022-09-27,8.59,13.5,4.65,0.61,82.51,3.44
Leeds,53.8008,-1.5491,2022-09-28,9.75,13.49,6.32,4.29,85.67,3.65
Leeds,53.8008,-1.5491,2022-09-29,10.86,15.7,7.5,0.95,89.9,2.72
Leeds,53.8008,-1.5491,2022-09-30,9.77,13.93,5.98,11.88,96.13,4.05
Leeds,53.8008,-1.5491,2022-10-01,12.36,16.49,9.36,3.02,85.16,4.34
Leeds,53.8008,-1.5491,2022-10-02,11.46,16.83,7.79,0.1,85.55,2.75
Leeds,53.8008,-1.5491,2022-10-03,10.95,15.49,7.03,0.01,88.54,2.18
Leeds,53.8008,-1.5491,2022-10-04,14.0,17.31,10.92,2.18,92.75,4.63
Leeds,53.8008,-1.5491,2022-10-05,13.32,16.16,9.9,5.08,86.36,5.63
Leeds,53.8008,-1.5491,2022-10-06,12.64,17.16,8.75,1.31,84.08,5.78
Leeds,53.8008,-1.5491,2022-10-07,12.23,15.36,8.33,3.39,86.19,5.18
Leeds,53.8008,-1.5491,2022-10-08,9.84,14.75,6.71,0.81,86.0,2.86
Leeds,53.8008,-1.5491,2022-10-09,10.05,15.43,4.82,1.41,81.2,4.26
Leeds,53.8008,-1.5491,2022-10-10,9.5,14.25,6.05,3.05,82.42,3.36
Leeds,53.8008,-1.5491,2022-10-11,9.15,14.39,4.8,0.0,84.35,2.05
Leeds,53.8008,-1.5491,2022-10-12,9.6,13.11,5.49,1.67,89.5,3.2
Leeds,53.8008,-1.5491,2022-10-13,8.59,13.9,3.87,0.02,84.57,1.35
Leeds,53.8008,-1.5491,2022-10-14,10.17,15.86,6.62,2.56,89.98,2.43
Leeds,53.8008,-1.5491,2022-10-15,10.37,14.08,6.66,5.4,86.11,4.57
Leeds,53.8008,-1.5491,2022-10-16,9.95,14.22,7.22,2.8,82.02,4.11
Leeds,53.8008,-1.5491,2022-10-17,12.44,16.18,7.89,1.48,84.78,4.89
Leeds,53.8008,-1.5491,2022-10-18,8.96,14.54,5.02,0.06,90.11,1.93
Leeds,53.8008,-1.5491,2022-10-19,9.8,12.49,7.32,0.56,90.44,3.97
Leeds,53.8008,-1.5491,2022-10-20,11.31,13.42,9.04,18.83,97.2,2.45
Leeds,53.8008,-1.5491,2022-10-21,12.12,16.74,7.67,7.11,95.13,3.23
Leeds,53.8008,-1.5491,2022-10-22,12.48,16.35,10.61,0.4,90.98,3.2
Leeds,53.8008,-1.5491,2022-10-23,12.1,14.99,9.75,10.41,98.42,2.37
Leeds,53.8008,-1.5491,2022-10-24,11.56,15.81,9.61,1.34,93.6,2.92
Leeds,53.8008,-1.5491,2022-10-25,11.75,15.61,9.7,1.41,90.4,3.0
Leeds,53.8008,-1.5491,2022-10-26,13.42,17.49,10.08,1.43,87.93,4.79
Leeds,53.8008,-1.5491,2022-10-27,13.05,16.26,9.95,1.86,96.78,2.87
Leeds,53.8008,-1.5491,2022-10-28,13.07,15.36,9.53,1.94,89.76,3.76
Leeds,53.8008,-1.5491,2022-10-29,12.0,15.34,8.34,4.05,97.41,2.78
Leeds,53.8008,-1.5491,2022-10-30,11.77,14.51,10.04,0.68,93.83,3.93
Leeds,53.8008,-1.5491,2022-10-31,11.69,14.99,9.54,12.84,93.69,3.83
Leeds,53.8008,-1.5491,2022-11-01,9.97,12.99,6.6,3.75,92.47,3.74
Leeds,53.8008,-1.5491,2022-11-02,9.42,12.67,5.07,3.65,88.55,6.13
Leeds,53.8008,-1.5491,2022-11-03,7.82,11.19,3.49,0.37,90.54,1.79
Leeds,53.8008,-1.5491,2022-11-04,6.09,11.3,3.03,0.18,92.12,2.94
Leeds,53.8008,-1.5491,2022-11-05,7.68,11.27,5.37,2.37,98.11,2.86
Leeds,53.8008,-1.5491,2022-11-06,8.05,10.78,5.71,1.01,96.64,2.67
Leeds,53.8008,-1.5491,2022-11-07,10.03,12.88,7.02,1.06,96.19,4.69
Leeds,53.8008,-1.5491,2022-11-08,10.97,13.03,8.51,6.02,90.79,5.45
Leeds,53.8008,-1.5491,2022-11-09,8.89,11.83,7.43,1.31,93.2,3.89
Leeds,53.8008,-1.5491,2022-11-10,11.64,14.83,8.0,0.41,91.36,5.91
Leeds,53.8008,-1.5491,2022-11-11,13.25,16.22,9.72,0.1,88.93,5.63
Leeds,53.8008,-1.5491,2022-11-12,8.8,11.81,6.67,0.21,96.29,2.26
Leeds,53.8008,-1.5491,2022-11-13,8.99,12.57,7.18,0.32,97.15,2.43
Leeds,53.8008,-1.5491,2022-11-14,8.87,11.52,6.75,0.77,97.65,1.88
Leeds,53.8008,-1.5491,2022-11-15,7.41,10.43,3.13,12.86,97.21,3.26
Leeds,53.8008,-1.5491,2022-11-16,6.41,8.72,3.7,1.62,97.69,2.34
Leeds,53.8008,-1.5491,2022-11-17,9.07,10.66,7.99,18.19,95.71,3.92
Leeds,53.8008,-1.5491,2022-11-18,7.91,10.52,6.33,2.1,93.79,3.8
Leeds,53.8008,-1.5491,2022-11-19,5.75,7.77,3.46,1.58,90.54,2.48
Leeds,53.8008,-1.5491,2022-11-20,4.94,8.46,2.75,3.48,95.59,2.25
Leeds,53.8008,-1.5491,2022-11-21,4.29,7.18,1.95,6.87,97.57,2.94
Leeds,53.8008,-1.5491,2022-11-22,6.44,8.86,3.37,1.92,94.74,2.82
Leeds,53.8008,-1.5491,2022-11-23,4.9,8.64,1.45,6.38,97.15,3.6
Leeds,53.8008,-1.5491,2022-11-24,6.29,8.95,4.6,3.77,97.21,4.7
Leeds,53.8008,-1.5491,2022-11-25,7.15,10.09,5.25,0.95,95.02,3.72
Leeds,53.8008,-1.5491,2022-11-26,7.91,9.98,5.88,7.01,94.12,4.87
Leeds,53.8008,-1.5491,2022-11-27,8.09,10.64,5.79,2.22,97.47,2.62
Leeds,53.8008,-1.5491,2022-11-28,6.14,7.31,4.62,0.4,95.66,1.27
Leeds,53.8008,-1.5491,2022-11-29,4.98,6.23,3.55,0.43,95.79,0.82
Leeds,53.8008,-1.5491,2022-11-30,3.09,4.39,1.95,0.29,96.21,1.21
Leeds,53.8008,-1.5491,2022-12-01,3.71,6.16,2.72,0.21,97.92,1.07
Leeds,53.8008,-1.5491,2022-12-02,3.85,7.65,2.4,0.29,97.22,1.22
Leeds,53.8008,-1.5491,2022-12-03,3.51,6.54,2.0,0.52,94.83,2.33
Leeds,53.8008,-1.5491,2022-12-04,4.47,6.46,2.29,2.88,95.54,3.21
Leeds,53.8008,-1.5491,2022-12-05,4.36,6.62,2.01,0.73,93.8,3.06
Leeds,53.8008,-1.5491,2022-12-06,2.91,5.77,1.07,1.08,96.81,2.7
Leeds,53.8008,-1.5491,2022-12-07,0.39,2.8,-1.53,0.89,97.19,3.17
Leeds,53.8008,-1.5491,2022-12-08,-0.83,0.81,-2.2,0.5,96.82,2.79
Leeds,53.8008,-1.5491,2022-12-09,-1.03,2.49,-3.27,0.22,97.92,2.61
Leeds,53.8008,-1.5491,2022-12-10,0.15,1.47,-0.96,0.8,98.62,1.25
Leeds,53.8008,-1.5491,2022-12-11,-0.88,1.76,-2.08,0.24,98.61,0.89
Leeds,53.8008,-1.5491,2022-12-12,-1.94,-0.92,-2.81,1.14,98.21,0.73
Leeds,53.8008,-1.5491,2022-12-13,-1.53,0.71,-3.09,0.25,95.42,0.85
Leeds,53.8008,-1.5491,2022-12-14,-1.85,0.43,-4.11,0.71,95.29,2.97
Leeds,53.8008,-1.5491,2022-12-15,-2.35,1.1,-4.71,2.19,98.68,2.88
Leeds,53.8008,-1.5491,2022-12-16,-2.03,0.5,-3.94,12.18,98.93,2.87
Leeds,53.8008,-1.5491,2022-12-17,-0.78,0.7,-3.41,2.09,97.67,3.44
Leeds,53.8008,-1.5491,2022-12-18,-0.49,2.16,-3.12,4.01,97.66,4.14
Leeds,53.8008,-1.5491,2022-12-19,6.55,10.16,2.58,1.25,98.42,4.92
Leeds,53.8008,-1.5491,2022-12-20,4.21,6.09,2.28,4.9,98.8,3.04
Leeds,53.8008,-1.5491,2022-12-21,4.36,6.64,2.88,2.42,96.85,4.65
Leeds,53.8008,-1.5491,2022-12-22,3.73,5.71,2.05,1.51,98.38,2.1
Leeds,53.8008,-1.5491,2022-12-23,4.08,5.83,2.39,10.58,98.27,2.17
Leeds,53.8008,-1.5491,2022-12-24,5.72,7.39,4.07,0.9,97.63,3.64
Leeds,53.8008,-1.5491,2022-12-25,7.17,9.22,5.97,0.61,97.34,4.07
Leeds,53.8008,-1.5491,2022-12-26,3.65,6.77,0.31,1.67,90.59,4.38
Leeds,53.8008,-1.5491,2022-12-27,3.8,7.96,0.03,4.88,97.14,4.17
Leeds,53.8008,-1.5491,2022-12-28,6.17,9.7,3.44,4.96,95.7,4.74
Leeds,53.8008,-1.5491,2022-12-29,5.97,8.46,2.83,1.19,90.03,6.04
Leeds,53.8008,-1.5491,2022-12-30,6.54,9.86,2.95,1.35,92.59,6.55
Leeds,53.8008,-1.5491,2022-12-31,6.85,8.45,5.38,16.8,98.22,2.12
Bristol,51.4545,-2.5879,2016-01-01,5.76,7.86,3.17,5.68,94.18,4.84
Bristol,51.4545,-2.5879,2016-01-02,9.06,10.09,7.35,6.06,95.64,4.7
Bristol,51.4545,-2.5879,2016-01-03,7.27,9.41,4.88,13.29,94.56,4.25
Bristol,51.4545,-2.5879,2016-01-04,6.99,8.21,6.0,5.63,96.42,3.67
Bristol,51.4545,-2.5879,2016-01-05,6.52,8.07,5.52,1.56,94.75,1.87
Bristol,51.4545,-2.5879,2016-01-06,5.5,7.47,3.08,2.72,94.71,2.2
Bristol,51.4545,-2.5879,2016-01-07,5.4,7.54,2.46,5.44,89.69,5.56
Bristol,51.4545,-2.5879,2016-01-08,4.89,8.15,2.17,0.84,97.0,3.2
Bristol,51.4545,-2.5879,2016-01-09,7.36,9.32,5.38,11.47,94.69,5.26
Bristol,51.4545,-2.5879,2016-01-10,5.02,6.6,3.94,4.48,93.73,4.46
Bristol,51.4545,-2.5879,2016-01-11,4.24,5.68,2.95,5.73,96.38,2.3
Bristol,51.4545,-2.5879,2016-01-12,4.37,5.86,3.34,0.9,90.23,6.29
Bristol,51.4545,-2.5879,2016-01-13,3.65,5.65,1.26,3.93,94.36,3.62
Bristol,51.4545,-2.5879,2016-01-14,2.7,4.55,1.05,0.34,90.9,4.32
Bristol,51.4545,-2.5879,2016-01-15,2.13,4.29,0.69,0.66,94.2,3.56
Bristol,51.4545,-2.5879,2016-01-16,1.09,4.54,-1.87,0.54,93.64,1.45
Bristol,51.4545,-2.5879,2016-01-17,3.67,5.38,2.82,1.58,98.13,2.96
Bristol,51.4545,-2.5879,2016-01-18,2.99,5.4,-2.03,1.49,95.07,3.61
Bristol,51.4545,-2.5879,2016-01-19,-0.78,2.93,-2.71,0.0,86.26,1.17
Bristol,51.4545,-2.5879,2016-01-20,-0.81,3.78,-2.96,0.01,94.93,1.92
Bristol,51.4545,-2.5879,2016-01-21,3.7,6.05,-0.59,0.8,97.41,4.15
Bristol,51.4545,-2.5879,2016-01-22,7.89,11.27,5.38,7.84,95.14,5.26
Bristol,51.4545,-2.5879,2016-01-23,7.47,10.13,5.69,2.08,96.4,4.34
Bristol,51.4545,-2.5879,2016-01-24,10.91,13.28,9.12,0.86,96.6,4.14
Bristol,51.4545,-2.5879,2016-01-25,8.69,12.1,6.46,0.28,93.47,5.09
Bristol,51.4545,-2.5879,2016-01-26,8.69,10.83,5.94,8.16,93.1,7.12
Bristol,51.4545,-2.5879,2016-01-27,9.3,12.13,3.8,5.02,91.91,6.48
Bristol,51.4545,-2.5879,2016-01-28,5.19,8.65,1.59,0.81,91.35,4.85
Bristol,51.4545,-2.5879,2016-01-29,9.84,10.94,8.92,8.52,92.4,7.98
Bristol,51.4545,-2.5879,2016-01-30,5.36,8.53,3.82,1.87,87.07,4.75
Bristol,51.4545,-2.5879,2016-01-31,8.13,12.16,3.57,2.49,94.94,5.6
Bristol,51.4545,-2.5879,2016-02-01,9.39,11.63,6.79,0.82,89.11,7.63
Bristol,51.4545,-2.5879,2016-02-02,6.05,7.61,3.47,0.97,85.88,5.79
Bristol,51.4545,-2.5879,2016-02-03,4.48,7.21,2.32,0.88,90.06,4.96
Bristol,51.4545,-2.5879,2016-02-04,8.84,11.03,4.35,1.14,94.33,4.85
Bristol,51.4545,-2.5879,2016-02-05,8.68,9.92,7.46,2.59,94.06,5.72
Bristol,51.4545,-2.5879,2016-02-06,8.68,10.18,5.57,18.87,92.86,7.11
Bristol,51.4545,-2.5879,2016-02-07,6.25,9.76,4.23,8.41,91.65,6.53
Bristol,51.4545,-2.5879,2016-02-08,6.44,7.55,4.57,5.08,85.88,9.69
Bristol,51.4545,-2.5879,2016-02-09,3.85,4.77,2.89,5.1,90.35,4.88
Bristol,51.4545,-2.5879,2016-02-10,4.3,7.74,0.28,0.36,91.35,3.71
Bristol,51.4545,-2.5879,2016-02-11,2.62,6.79,-0.43,0.47,94.16,1.72
Bristol,51.4545,-2.5879,2016-02-12,3.57,6.98,0.72,0.77,92.95,3.05
Bristol,51.4545,-2.5879,2016-02-13,2.64,4.53,1.34,2.36,95.18,3.85
Bristol,51.4545,-2.5879,2016-02-14,1.94,5.38,-0.79,0.18,89.86,4.01
Bristol,51.4545,-2.5879,2016-02-15,0.57,4.77,-1.49,0.03,88.89,3.26
Bristol,51.4545,-2.5879,2016-02-16,1.81,6.17,-2.52,0.02,88.03,3.3
Bristol,51.4545,-2.5879,2016-02-17,4.05,5.78,2.47,11.05,95.03,3.75
Bristol,51.4545,-2.5879,2016-02-18,2.55,6.68,-0.94,0.02,89.98,2.24
Bristol,51.4545,-2.5879,2016-02-19,4.91,8.35,0.05,1.19,94.38,4.29
Bristol,51.4545,-2.5879,2016-02-20,9.17,10.77,7.37,3.08,93.63,7.0
Bristol,51.4545,-2.5879,2016-02-21,10.45,11.48,9.84,2.03,93.83,7.36
Bristol,51.4545,-2.5879,2016-02-22,5.53,9.77,0.7,1.37,87.78,2.94
Bristol,51.4545,-2.5879,2016-02-23,3.12,7.93,-1.32,0.18,89.07,2.07
Bristol,51.4545,-2.5879,2016-02-24,0.75,5.82,-2.68,0.03,84.53,1.9
Bristol,51.4545,-2.5879,2016-02-25,1.54,5.18,-1.72,0.06,85.49,1.42
Bristol,51.4545,-2.5879,2016-02-26,2.88,7.19,-0.03,0.11,87.25,3.2
Bristol,51.4545,-2.5879,2016-02-27,2.09,5.27,-0.31,0.0,86.83,3.85
Bristol,51.4545,-2.5879,2016-02-28,2.14,6.41,-2.0,0.0,87.29,3.65
Bristol,51.4545,-2.5879,2016-02-29,1.91,6.42,-2.6,2.19,89.89,2.33
Bristol,51.4545,-2.5879,2016-03-01,8.14,11.33,4.02,5.27,92.96,5.95
Bristol,51.4545,-2.5879,2016-03-02,4.75,5.92,3.52,3.69,85.85,7.64
Bristol,51.4545,-2.5879,2016-03-03,5.5,8.02,3.62,4.21,87.47,4.91
Bristol,51.4545,-2.5879,2016-03-04,2.57,4.89,0.47,1.26,86.45,2.89
Bristol,51.4545,-2.5879,2016-03-05,3.13,6.83,0.68,1.16,89.72,3.7
Bristol,51.4545,-2.5879,2016-03-06,2.39,5.95,-0.87,0.32,89.75,2.7
Bristol,51.4545,-2.5879,2016-03-07,1.47,6.43,-2.34,0.21,84.54,2.59
Bristol,51.4545,-2.5879,2016-03-08,4.41,7.21,-0.99,2.77,91.92,2.8
Bristol,51.4545,-2.5879,2016-03-09,5.12,7.1,3.28,20.23,91.08,7.11
Bristol,51.4545,-2.5879,2016-03-10,4.22,8.12,1.17,0.12,91.51,2.7
Bristol,51.4545,-2.5879,2016-03-11,5.7,10.38,1.51,0.01,81.98,0.8
Bristol,51.4545,-2.5879,2016-03-12,6.36,10.71,1.04,0.01,82.13,0.98
Bristol,51.4545,-2.5879,2016-03-13,5.23,10.09,0.97,0.0,87.76,2.34
Bristol,51.4545,-2.5879,2016-03-14,3.96,9.48,0.94,0.11,85.48,4.3
Bristol,51.4545,-2.5879,2016-03-15,5.42,9.63,1.01,0.16,91.56,3.64
Bristol,51.4545,-2.5879,2016-03-16,5.74,9.65,1.32,0.21,85.46,4.26
Bristol,51.4545,-2.5879,2016-03-17,3.94,9.51,0.16,0.02,85.81,2.83
Bristol,51.4545,-2.5879,2016-03-18,3.68,6.69,-1.48,0.19,92.18,2.35
Bristol,51.4545,-2.5879,2016-03-19,5.21,8.98,2.39,0.08,86.44,3.33
Bristol,51.4545,-2.5879,2016-03-20,5.03,9.52,1.39,0.04,85.66,2.35
Bristol,51.4545,-2.5879,2016-03-21,5.72,11.02,0.53,0.02,86.97,1.68
Bristol,51.4545,-2.5879,2016-03-22,5.83,10.62,1.16,0.0,84.32,1.22
Bristol,51.4545,-2.5879,2016-03-23,6.43,10.83,3.66,0.05,85.18,1.6
Bristol,51.4545,-2.5879,2016-03-24,6.69,8.49,4.09,6.24,94.97,3.89
Bristol,51.4545,-2.5879,2016-03-25,7.83,12.02,3.57,0.23,83.55,2.86
Bristol,51.4545,-2.5879,2016-03-26,8.26,11.8,5.11,7.72,94.02,6.67
Bristol,51.4545,-2.5879,2016-03-27,6.65,9.57,4.17,9.16,88.94,5.57
Bristol,51.4545,-2.5879,2016-03-28,6.89,10.34,3.98,11.43,87.87,5.77
Bristol,51.4545,-2.5879,2016-03-29,5.96,9.73,3.62,7.2,88.59,4.61
Bristol,51.4545,-2.5879,2016-03-30,6.22,10.23,3.38,0.83,85.04,2.89
Bristol,51.4545,-2.5879,2016-03-31,5.82,10.82,0.22,0.01,81.38,1.98
Bristol,51.4545,-2.5879,2016-04-01,6.21,10.65,1.31,0.31,87.07,4.04
Bristol,51.4545,-2.5879,2016-04-02,8.08,12.15,4.7,2.51,84.94,3.59
Bristol,51.4545,-2.5879,2016-04-03,8.47,12.14,5.19,1.53,90.17,2.57
Bristol,51.4545,-2.5879,2016-04-04,8.09,11.16,5.31,3.27,91.46,1.86
Bristol,51.4545,-2.5879,2016-04-05,7.18,12.57,3.36,0.16,86.37,2.61
Bristol,51.4545,-2.5879,2016-04-06,7.23,9.93,5.05,1.82,82.76,5.88
Bristol,51.4545,-2.5879,2016-04-07,6.45,9.76,4.26,1.6,88.13,4.7
Bristol,51.4545,-2.5879,2016-04-08,7.54,11.27,4.83,1.67,87.01,2.95
Bristol,51.4545,-2.5879,2016-04-09,5.33,7.63,1.78,2.66,83.97,2.5
Bristol,51.4545,-2.5879,2016-04-10,6.32,10.71,1.46,1.47,82.08,5.25
Bristol,51.4545,-2.5879,2016-04-11,7.51,10.02,4.84,12.16,93.9,2.28
Bristol,51.4545,-2.5879,2016-04-12,8.24,13.25,3.64,0.23,85.48,1.56
Bristol,51.4545,-2.5879,2016-04-13,9.81,14.2,4.98,0.37,78.86,1.11
Bristol,51.4545,-2.5879,2016-04-14,9.68,13.74,5.87,1.18,84.99,1.7
Bristol,51.4545,-2.5879,2016-04-15,8.23,11.81,5.0,3.83,90.9,2.29
Bristol,51.4545,-2.5879,2016-04-16,5.24,8.43,1.47,1.12,80.75,3.0
Bristol,51.4545,-2.5879,2016-04-17,5.16,10.41,-0.73,0.0,76.9,1.76
Bristol,51.4545,-2.5879,2016-04-18,6.81,10.9,1.38,0.12,85.85,3.11
Bristol,51.4545,-2.5879,2016-04-19,9.09,14.18,4.87,0.07,81.43,1.75
Bristol,51.4545,-2.5879,2016-04-20,8.18,14.4,2.95,0.01,78.3,3.77
Bristol,51.4545,-2.5879,2016-04-21,8.75,14.56,3.54,0.04,83.82,3.95
Bristol,51.4545,-2.5879,2016-04-22,7.4,9.51,5.21,5.42,89.58,3.76
Bristol,51.4545,-2.5879,2016-04-23,6.09,10.55,1.2,0.02,78.14,3.0
Bristol,51.4545,-2.5879,2016-04-24,7.11,11.55,3.11,0.3,79.27,3.29
Bristol,51.4545,-2.5879,2016-04-25,7.87,11.72,2.95,0.9,81.62,4.47
Bristol,51.4545,-2.5879,2016-04-26,4.81,8.03,0.7,0.65,76.72,4.01
Bristol,51.4545,-2.5879,2016-04-27,4.61,7.74,1.11,1.12,82.18,2.08
Bristol,51.4545,-2.5879,2016-04-28,5.63,9.77,-0.35,2.92,82.93,3.95
Bristol,51.4545,-2.5879,2016-04-29,5.48,8.85,1.73,0.16,77.24,4.15
Bristol,51.4545,-2.5879,2016-04-30,5.66,10.01,-0.36,0.31,79.31,2.39
Bristol,51.4545,-2.5879,2016-05-01,8.29,12.22,2.25,0.91,89.2,3.53
Bristol,51.4545,-2.5879,2016-05-02,10.24,13.95,4.94,2.95,87.65,4.69
Bristol,51.4545,-2.5879,2016-05-03,8.21,13.12,3.07,0.03,79.45,2.96
Bristol,51.4545,-2.5879,2016-05-04,9.32,15.19,2.85,0.0,79.38,2.62
Bristol,51.4545,-2.5879,2016-05-05,10.96,17.64,3.31,0.0,77.54,2.22
Bristol,51.4545,-2.5879,2016-05-06,12.24,18.21,6.18,0.0,80.27,1.93
Bristol,51.4545,-2.5879,2016-05-07,14.49,20.18,8.93,0.6,82.07,2.25
Bristol,51.4545,-2.5879,2016-05-08,15.63,20.79,11.69,2.03,80.76,3.43
Bristol,51.4545,-2.5879,2016-05-09,14.91,18.78,11.77,2.58,87.73,3.0
Bristol,51.4545,-2.5879,2016-05-10,14.02,16.78,11.9,10.98,94.78,1.68
Bristol,51.4545,-2.5879,2016-05-11,14.42,17.64,12.07,14.51,91.3,1.48
Bristol,51.4545,-2.5879,2016-05-12,15.14,20.5,10.72,1.26,83.08,3.45
Bristol,51.4545,-2.5879,2016-05-13,12.66,17.96,8.18,0.08,81.99,3.97
Bristol,51.4545,-2.5879,2016-05-14,10.24,14.1,6.53,0.03,66.02,2.2
Bristol,51.4545,-2.5879,2016-05-15,10.4,15.91,3.17,0.0,75.23,2.2
Bristol,51.4545,-2.5879,2016-05-16,10.94,16.64,4.28,0.02,80.69,2.61
Bristol,51.4545,-2.5879,2016-05-17,11.95,15.51,8.13,1.09,86.28,3.34
Bristol,51.4545,-2.5879,2016-05-18,11.52,14.28,7.5,5.94,83.02,3.74
Bristol,51.4545,-2.5879,2016-05-19,11.67,14.87,6.68,1.16,86.44,3.62
Bristol,51.4545,-2.5879,2016-05-20,13.12,16.66,10.77,5.09,84.24,4.44
Bristol,51.4545,-2.5879,2016-05-21,12.36,13.81,9.04,7.31,93.2,4.75
Bristol,51.4545,-2.5879,2016-05-22,11.53,14.97,7.88,1.28,82.19,2.15
Bristol,51.4545,-2.5879,2016-05-23,11.45,15.64,6.36,0.55,81.4,2.45
Bristol,51.4545,-2.5879,2016-05-24,11.74,16.7,7.28,0.05,75.65,3.25
Bristol,51.4545,-2.5879,2016-05-25,10.0,14.38,5.39,0.04,79.96,2.71
Bristol,51.4545,-2.5879,2016-05-26,12.47,17.73,6.6,0.02,75.11,0.97
Bristol,51.4545,-2.5879,2016-05-27,14.09,18.93,7.8,3.35,80.22,2.09
Bristol,51.4545,-2.5879,2016-05-28,14.27,18.52,10.4,3.19,84.64,2.28
Bristol,51.4545,-2.5879,2016-05-29,13.57,18.46,7.46,0.0,80.07,3.19
Bristol,51.4545,-2.5879,2016-05-30,14.04,18.44,8.37,0.06,81.27,3.75
Bristol,51.4545,-2.5879,2016-05-31,14.19,18.38,9.35,3.41,80.98,5.17
Bristol,51.4545,-2.5879,2016-06-01,13.45,17.25,10.61,2.03,87.92,5.0
Bristol,51.4545,-2.5879,2016-06-02,12.3,17.15,8.74,0.15,81.54,4.14
Bristol,51.4545,-2.5879,2016-06-03,12.68,18.16,6.79,0.03,82.19,2.18
Bristol,51.4545,-2.5879,2016-06-04,15.91,20.88,10.98,0.31,84.72,1.12
Bristol,51.4545,-2.5879,2016-06-05,17.22,22.36,10.92,0.53,82.53,1.93
Bristol,51.4545,-2.5879,2016-06-06,17.78,23.15,12.45,0.27,78.76,2.06
Bristol,51.4545,-2.5879,2016-06-07,17.28,21.0,13.43,1.13,86.57,1.62
Bristol,51.4545,-2.5879,2016-06-08,18.74,22.74,13.83,0.25,78.24,1.38
Bristol,51.4545,-2.5879,2016-06-09,17.78,21.9,13.07,0.1,83.26,1.68
Bristol,51.4545,-2.5879,2016-06-10,16.09,19.73,13.26,2.51,84.29,1.16
Bristol,51.4545,-2.5879,2016-06-11,15.81,18.86,13.36,6.6,89.63,1.75
Bristol,51.4545,-2.5879,2016-06-12,15.78,19.86,12.36,8.36,87.72,3.31
Bristol,51.4545,-2.5879,2016-06-13,15.25,18.05,12.84,4.59,86.98,3.26
Bristol,51.4545,-2.5879,2016-06-14,14.12,16.47,11.78,3.6,86.01,4.22
Bristol,51.4545,-2.5879,2016-06-15,14.09,16.72,11.46,7.5,88.09,2.01
Bristol,51.4545,-2.5879,2016-06-16,14.37,17.47,11.31,5.5,86.87,1.94
Bristol,51.4545,-2.5879,2016-06-17,14.24,17.66,11.26,5.93,87.21,2.32
Bristol,51.4545,-2.5879,2016-06-18,14.17,17.86,9.32,0.47,83.22,2.47
Bristol,51.4545,-2.5879,2016-06-19,15.01,18.24,9.43,7.25,88.36,3.36
Bristol,51.4545,-2.5879,2016-06-20,16.31,19.59,12.17,9.59,86.93,3.87
Bristol,51.4545,-2.5879,2016-06-21,15.28,19.02,10.5,0.25,82.81,2.63
Bristol,51.4545,-2.5879,2016-06-22,16.34,20.43,11.79,5.14,90.08,2.08
Bristol,51.4545,-2.5879,2016-06-23,16.11,21.57,11.21,1.73,83.38,2.16
Bristol,51.4545,-2.5879,2016-06-24,14.72,18.37,10.84,2.39,82.16,3.58
Bristol,51.4545,-2.5879,2016-06-25,14.43,17.52,10.52,3.6,82.74,2.75
Bristol,51.4545,-2.5879,2016-06-26,14.68,17.89,10.41,2.75,86.68,3.44
Bristol,51.4545,-2.5879,2016-06-27,15.27,18.55,11.09,0.28,80.25,3.29
Bristol,51.4545,-2.5879,2016-06-28,13.46,16.86,9.48,4.88,85.58,3.87
Bristol,51.4545,-2.5879,2016-06-29,13.88,16.44,10.48,8.66,90.76,4.81
Bristol,51.4545,-2.5879,2016-06-30,15.16,19.33,11.07,2.88,86.14,3.63
Bristol,51.4545,-2.5879,2016-07-01,14.16,17.32,10.3,1.97,80.33,5.0
Bristol,51.4545,-2.5879,2016-07-02,13.28,16.5,9.61,1.34,79.59,4.58
Bristol,51.4545,-2.5879,2016-07-03,14.63,19.6,9.41,0.55,79.93,1.91
Bristol,51.4545,-2.5879,2016-07-04,15.41,19.72,10.12,0.9,85.15,3.12
Bristol,51.4545,-2.5879,2016-07-05,15.3,19.08,10.76,0.18,77.77,3.45
Bristol,51.4545,-2.5879,2016-07-06,14.9,19.17,9.0,0.02,78.22,1.62
Bristol,51.4545,-2.5879,2016-07-07,15.87,18.87,12.51,0.9,86.74,2.87
Bristol,51.4545,-2.5879,2016-07-08,16.99,20.58,14.22,0.99,84.68,4.31
Bristol,51.4545,-2.5879,2016-07-09,17.47,21.26,13.77,1.09,89.59,4.88
Bristol,51.4545,-2.5879,2016-07-10,17.16,20.43,14.25,2.91,83.96,5.39
Bristol,51.4545,-2.5879,2016-07-11,15.88,19.16,12.36,2.69,82.35,5.41
Bristol,51.4545,-2.5879,2016-07-12,13.88,16.19,10.51,4.54,84.15,3.25
Bristol,51.4545,-2.5879,2016-07-13,13.55,17.19,9.03,1.01,78.39,2.87
Bristol,51.4545,-2.5879,2016-07-14,14.67,19.12,9.64,0.09,77.5,2.75
Bristol,51.4545,-2.5879,2016-07-15,14.94,18.93,9.53,0.81,86.4,3.49
Bristol,51.4545,-2.5879,2016-07-16,17.81,22.11,14.13,0.59,87.22,3.81
Bristol,51.4545,-2.5879,2016-07-17,18.89,23.23,14.38,0.31,85.97,3.38
Bristol,51.4545,-2.5879,2016-07-18,20.63,26.4,14.46,0.04,77.76,0.83
Bristol,51.4545,-2.5879,2016-07-19,22.09,28.95,13.93,0.0,77.22,3.14
Bristol,51.4545,-2.5879,2016-07-20,19.81,24.84,14.25,0.13,80.95,3.92
Bristol,51.4545,-2.5879,2016-07-21,17.0,19.94,13.36,0.37,82.77,1.99
Bristol,51.4545,-2.5879,2016-07-22,19.11,23.82,14.9,0.64,79.01,1.31
Bristol,51.4545,-2.5879,2016-07-23,18.5,22.86,14.69,0.3,80.4,1.72
Bristol,51.4545,-2.5879,2016-07-24,17.72,21.7,14.17,1.55,85.04,3.18
Bristol,51.4545,-2.5879,2016-07-25,16.32,19.98,12.73,0.39,80.21,3.09
Bristol,51.4545,-2.5879,2016-07-26,16.58,19.88,12.25,1.62,84.44,3.11
Bristol,51.4545,-2.5879,2016-07-27,17.69,21.3,14.43,4.05,84.0,3.23
Bristol,51.4545,-2.5879,2016-07-28,16.44,21.51,11.71,2.02,84.34,3.27
Bristol,51.4545,-2.5879,2016-07-29,16.95,20.57,14.17,1.58,84.92,3.28
Bristol,51.4545,-2.5879,2016-07-30,16.36,20.47,12.51,0.15,77.39,2.0
Bristol,51.4545,-2.5879,2016-07-31,15.68,20.3,10.28,0.2,75.61,2.56
Bristol,51.4545,-2.5879,2016-08-01,14.81,16.93,11.4,17.67,87.99,3.46
Bristol,51.4545,-2.5879,2016-08-02,18.45,21.5,15.86,7.13,90.52,4.36
Bristol,51.4545,-2.5879,2016-08-03,17.29,20.82,14.2,1.74,83.61,5.52
Bristol,51.4545,-2.5879,2016-08-04,15.89,19.31,12.82,0.86,81.48,4.54
Bristol,51.4545,-2.5879,2016-08-05,16.08,20.53,11.91,0.26,82.41,2.82
Bristol,51.4545,-2.5879,2016-08-06,17.8,22.74,11.2,0.21,81.35,2.95
Bristol,51.4545,-2.5879,2016-08-07,17.98,20.83,15.16,0.73,79.41,5.31
Bristol,51.4545,-2.5879,2016-08-08,15.03,18.52,10.98,0.13,74.52,3.89
Bristol,51.4545,-2.5879,2016-08-09,13.92,18.44,8.92,0.02,75.46,3.31
Bristol,51.4545,-2.5879,2016-08-10,14.26,17.97,9.49,0.16,79.57,2.64
Bristol,51.4545,-2.5879,2016-08-11,15.93,19.35,12.65,0.13,84.69,4.1
Bristol,51.4545,-2.5879,2016-08-12,16.7,20.94,12.41,0.16,81.34,4.02
Bristol,51.4545,-2.5879,2016-08-13,17.1,21.26,13.54,0.29,80.09,3.46
Bristol,51.4545,-2.5879,2016-08-14,16.69,21.69,10.59,0.01,76.16,1.51
Bristol,51.4545,-2.5879,2016-08-15,17.62,24.03,11.04,0.02,73.69,2.29
Bristol,51.4545,-2.5879,2016-08-16,17.66,24.57,10.64,0.02,72.79,2.23
Bristol,51.4545,-2.5879,2016-08-17,18.12,24.99,10.84,0.43,75.1,2.01
Bristol,51.4545,-2.5879,2016-08-18,18.84,23.88,15.32,1.34,81.74,1.25
Bristol,51.4545,-2.5879,2016-08-19,16.66,21.19,14.35,10.91,85.39,4.43
Bristol,51.4545,-2.5879,2016-08-20,15.78,18.28,13.78,6.53,82.76,7.05
Bristol,51.4545,-2.5879,2016-08-21,16.34,19.28,13.67,3.53,82.71,5.73
Bristol,51.4545,-2.5879,2016-08-22,18.55,22.93,14.47,1.17,86.91,4.04
Bristol,51.4545,-2.5879,2016-08-23,19.49,26.88,12.83,0.09,77.83,2.68
Bristol,51.4545,-2.5879,2016-08-24,19.58,24.53,15.45,3.95,82.95,1.84
Bristol,51.4545,-2.5879,2016-08-25,19.57,24.18,15.39,8.23,85.62,1.89
Bristol,51.4545,-2.5879,2016-08-26,16.61,21.5,12.19,0.01,77.28,2.14
Bristol,51.4545,-2.5879,2016-08-27,17.47,23.29,11.84,2.2,86.17,2.78
Bristol,51.4545,-2.5879,2016-08-28,17.68,21.94,13.75,3.1,85.96,2.64
Bristol,51.4545,-2.5879,2016-08-29,16.55,21.87,11.39,0.03,79.92,2.0
Bristol,51.4545,-2.5879,2016-08-30,16.92,23.02,12.05,0.04,78.32,2.17
Bristol,51.4545,-2.5879,2016-08-31,16.4,21.55,11.93,0.67,84.37,3.3
Bristol,51.4545,-2.5879,2016-09-01,15.97,21.12,11.19,0.35,80.37,2.34
Bristol,51.4545,-2.5879,2016-09-02,16.12,19.65,13.23,1.67,88.91,3.44
Bristol,51.4545,-2.5879,2016-09-03,16.5,19.53,11.69,9.62,90.57,4.84
Bristol,51.4545,-2.5879,2016-09-04,15.82,18.28,14.04,2.77,85.77,4.08
Bristol,51.4545,-2.5879,2016-09-05,18.59,23.2,14.18,5.44,91.08,3.09
Bristol,51.4545,-2.5879,2016-09-06,19.4,24.29,15.25,0.3,85.44,1.97
Bristol,51.4545,-2.5879,2016-09-07,19.29,25.44,13.66,0.04,81.83,2.26
Bristol,51.4545,-2.5879,2016-09-08,16.74,19.82,14.7,0.65,79.66,4.32
Bristol,51.4545,-2.5879,2016-09-09,17.84,21.66,14.81,2.4,84.37,5.7
Bristol,51.4545,-2.5879,2016-09-10,15.64,17.85,10.67,12.58,88.3,3.25
Bristol,51.4545,-2.5879,2016-09-11,13.92,19.03,9.43,0.05,81.71,3.07
Bristol,51.4545,-2.5879,2016-09-12,17.86,22.33,12.86,0.32,86.86,4.36
Bristol,51.4545,-2.5879,2016-09-13,20.13,26.09,14.78,2.29,84.48,1.68
Bristol,51.4545,-2.5879,2016-09-14,19.18,24.31,15.31,0.13,82.44,2.59
Bristol,51.4545,-2.5879,2016-09-15,18.59,24.63,12.97,1.01,83.88,2.36
Bristol,51.4545,-2.5879,2016-09-16,15.35,18.43,11.47,1.06,79.36,4.64
Bristol,51.4545,-2.5879,2016-09-17,13.94,18.7,10.13,0.03,81.68,3.18
Bristol,51.4545,-2.5879,2016-09-18,14.24,19.61,9.05,0.17,84.13,1.79
Bristol,51.4545,-2.5879,2016-09-19,14.26,16.87,12.2,3.15,90.7,1.87
Bristol,51.4545,-2.5879,2016-09-20,14.4,18.08,11.31,1.46,84.43,1.54
Bristol,51.4545,-2.5879,2016-09-21,15.04,20.04,10.41,0.59,86.09,2.75
Bristol,51.4545,-2.5879,2016-09-22,13.39,17.88,7.9,0.74,81.23,2.53
Bristol,51.4545,-2.5879,2016-09-23,12.09,17.91,7.41,0.22,77.68,2.94
Bristol,51.4545,-2.5879,2016-09-24,16.22,19.81,11.73,4.56,86.08,5.41
Bristol,51.4545,-2.5879,2016-09-25,13.95,16.4,10.68,6.86,82.19,4.17
Bristol,51.4545,-2.5879,2016-09-26,13.41,16.55,10.91,3.86,86.82,3.62
Bristol,51.4545,-2.5879,2016-09-27,15.51,19.25,11.91,1.71,92.32,3.99
Bristol,51.4545,-2.5879,2016-09-28,16.16,20.64,12.03,1.39,91.68,4.35
Bristol,51.4545,-2.5879,2016-09-29,14.73,16.98,11.52,1.71,82.56,4.9
Bristol,51.4545,-2.5879,2016-09-30,12.21,15.95,9.55,1.27,83.74,3.01
Bristol,51.4545,-2.5879,2016-10-01,10.15,13.7,7.31,5.81,90.07,2.43
Bristol,51.4545,-2.5879,2016-10-02,10.74,15.91,6.14,0.06,78.67,1.45
Bristol,51.4545,-2.5879,2016-10-03,10.77,17.49,5.36,0.02,80.63,2.48
Bristol,51.4545,-2.5879,2016-10-04,12.61,18.3,7.38,0.13,85.07,3.94
Bristol,51.4545,-2.5879,2016-10-05,11.53,16.96,6.52,0.03,75.88,4.71
Bristol,51.4545,-2.5879,2016-10-06,9.53,14.8,5.57,0.01,79.08,3.74
Bristol,51.4545,-2.5879,2016-10-07,11.19,15.12,6.12,0.24,85.21,2.23
Bristol,51.4545,-2.5879,2016-10-08,11.07,15.71,7.98,0.11,86.11,2.67
Bristol,51.4545,-2.5879,2016-10-09,9.21,13.93,5.89,0.05,84.41,2.69
Bristol,51.4545,-2.5879,2016-10-10,8.28,12.57,5.5,0.1,85.33,2.3
Bristol,51.4545,-2.5879,2016-10-11,9.24,14.28,5.59,0.17,85.66,2.72
Bristol,51.4545,-2.5879,2016-10-12,10.62,15.14,7.42,0.49,86.77,3.59
Bristol,51.4545,-2.5879,2016-10-13,8.59,12.36,5.63,0.94,87.33,3.34
Bristol,51.4545,-2.5879,2016-10-14,9.7,15.0,5.45,0.59,85.69,2.33
Bristol,51.4545,-2.5879,2016-10-15,10.64,14.88,8.06,4.31,87.53,2.88
Bristol,51.4545,-2.5879,2016-10-16,12.36,15.98,9.76,5.95,86.35,4.43
Bristol,51.4545,-2.5879,2016-10-17,11.44,14.91,9.42,2.26,89.99,3.88
Bristol,51.4545,-2.5879,2016-10-18,10.16,12.78,7.52,1.39,82.68,4.32
Bristol,51.4545,-2.5879,2016-10-19,9.02,13.56,6.25,0.23,88.91,2.86
Bristol,51.4545,-2.5879,2016-10-20,8.71,13.34,5.41,0.15,89.92,2.63
Bristol,51.4545,-2.5879,2016-10-21,7.92,12.85,5.01,0.07,87.86,1.71
Bristol,51.4545,-2.5879,2016-10-22,7.32,12.44,4.52,0.14,90.01,2.61
Bristol,51.4545,-2.5879,2016-10-23,8.53,12.74,5.51,0.37,84.24,4.55
Bristol,51.4545,-2.5879,2016-10-24,8.45,10.75,6.54,8.07,94.3,3.52
Bristol,51.4545,-2.5879,2016-10-25,10.03,13.82,7.74,0.58,94.12,1.69
Bristol,51.4545,-2.5879,2016-10-26,10.57,15.52,7.46,0.29,93.3,2.41
Bristol,51.4545,-2.5879,2016-10-27,10.41,15.32,6.81,0.23,93.46,3.21
Bristol,51.4545,-2.5879,2016-10-28,12.02,15.3,10.15,0.37,94.73,2.47
Bristol,51.4545,-2.5879,2016-10-29,12.0,13.95,10.6,0.52,93.73,0.92
Bristol,51.4545,-2.5879,2016-10-30,11.21,14.02,8.46,0.26,95.34,1.69
Bristol,51.4545,-2.5879,2016-10-31,10.92,17.14,7.96,0.08,91.3,1.86
Bristol,51.4545,-2.5879,2016-11-01,9.11,12.19,6.07,0.23,95.38,2.08
Bristol,51.4545,-2.5879,2016-11-02,6.19,10.75,2.75,0.01,83.34,1.7
Bristol,51.4545,-2.5879,2016-11-03,6.27,10.31,2.32,0.62,88.32,1.92
Bristol,51.4545,-2.5879,2016-11-04,6.69,9.43,2.77,1.83,94.12,2.1
Bristol,51.4545,-2.5879,2016-11-05,4.38,8.46,1.46,0.13,88.1,3.6
Bristol,51.4545,-2.5879,2016-11-06,4.19,7.79,1.13,0.56,89.59,4.26
Bristol,51.4545,-2.5879,2016-11-07,3.95,7.85,0.61,0.05,90.51,4.01
Bristol,51.4545,-2.5879,2016-11-08,3.8,7.64,0.26,14.43,93.13,2.29
Bristol,51.4545,-2.5879,2016-11-09,7.61,9.58,5.86,2.5,90.04,4.42
Bristol,51.4545,-2.5879,2016-11-10,7.28,10.36,4.89,1.23,91.08,3.53
Bristol,51.4545,-2.5879,2016-11-11,5.03,8.28,1.85,0.43,90.7,2.28
Bristol,51.4545,-2.5879,2016-11-12,9.69,13.31,5.88,7.41,95.77,3.41
Bristol,51.4545,-2.5879,2016-11-13,7.25,10.6,5.04,0.11,94.23,2.06
Bristol,51.4545,-2.5879,2016-11-14,10.42,13.01,6.83,1.26,97.51,2.9
Bristol,51.4545,-2.5879,2016-11-15,12.46,14.53,11.34,2.22,96.04,3.4
Bristol,51.4545,-2.5879,2016-11-16,10.01,12.43,6.78,1.67,91.9,4.19
Bristol,51.4545,-2.5879,2016-11-17,7.44,10.91,5.31,6.26,87.25,5.15
Bristol,51.4545,-2.5879,2016-11-18,4.49,6.61,2.58,3.19,91.6,3.55
Bristol,51.4545,-2.5879,2016-11-19,4.3,6.38,1.89,9.52,96.37,2.96
Bristol,51.4545,-2.5879,2016-11-20,4.11,6.22,2.63,14.39,93.11,4.38
Bristol,51.4545,-2.5879,2016-11-21,4.93,8.55,1.49,25.55,97.06,4.2
Bristol,51.4545,-2.5879,2016-11-22,5.15,6.58,1.53,2.98,96.22,1.46
Bristol,51.4545,-2.5879,2016-11-23,4.79,7.11,1.51,0.14,96.76,3.41
Bristol,51.4545,-2.5879,2016-11-24,6.41,8.51,3.68,0.01,91.61,5.81
Bristol,51.4545,-2.5879,2016-11-25,4.5,8.25,2.98,0.02,92.36,4.95
Bristol,51.4545,-2.5879,2016-11-26,4.03,4.77,3.37,0.29,96.67,3.24
Bristol,51.4545,-2.5879,2016-11-27,4.85,7.88,3.12,0.08,92.63,3.17
Bristol,51.4545,-2.5879,2016-11-28,2.17,7.22,-1.66,0.0,89.49,2.94
Bristol,51.4545,-2.5879,2016-11-29,-1.3,3.79,-3.53,0.01,94.53,1.76
Bristol,51.4545,-2.5879,2016-11-30,0.11,3.8,-2.63,0.02,87.0,0.86
Bristol,51.4545,-2.5879,2016-12-01,1.13,3.13,-0.59,0.15,99.07,1.21
Bristol,51.4545,-2.5879,2016-12-02,2.12,4.9,0.75,0.29,99.25,1.5
Bristol,51.4545,-2.5879,2016-12-03,2.19,5.75,-0.46,0.18,97.61,2.94
Bristol,51.4545,-2.5879,2016-12-04,0.51,4.55,-1.47,0.04,95.34,3.52
Bristol,51.4545,-2.5879,2016-12-05,2.3,5.36,-0.31,0.14,98.06,2.52
Bristol,51.4545,-2.5879,2016-12-06,7.55,10.21,5.27,0.65,98.63,2.1
Bristol,51.4545,-2.5879,2016-12-07,10.25,12.45,8.76,0.33,96.94,4.0
Bristol,51.4545,-2.5879,2016-12-08,11.27,13.17,10.32,1.9,96.84,3.36
Bristol,51.4545,-2.5879,2016-12-09,10.56,12.51,9.31,0.61,96.33,3.86
Bristol,51.4545,-2.5879,2016-12-10,9.51,10.91,6.22,12.77,97.61,1.68
Bristol,51.4545,-2.5879,2016-12-11,6.69,9.29,3.68,0.48,94.61,2.09
Bristol,51.4545,-2.5879,2016-12-12,7.73,11.83,3.42,2.05,97.96,2.65
Bristol,51.4545,-2.5879,2016-12-13,9.92,12.52,6.18,2.89,97.14,3.25
Bristol,51.4545,-2.5879,2016-12-14,8.41,10.0,6.74,0.23,96.69,3.34
Bristol,51.4545,-2.5879,2016-12-15,9.31,10.87,8.55,3.07,96.58,3.3
Bristol,51.4545,-2.5879,2016-12-16,8.63,10.43,7.81,0.36,96.9,1.81
Bristol,51.4545,-2.5879,2016-12-17,8.21,9.24,7.31,0.31,95.38,0.75
Bristol,51.4545,-2.5879,2016-12-18,6.75,7.65,6.08,0.16,94.71,1.09
Bristol,51.4545,-2.5879,2016-12-19,6.02,7.19,4.94,1.52,96.73,1.23
Bristol,51.4545,-2.5879,2016-12-20,4.25,6.23,2.72,0.38,96.21,2.81
Bristol,51.4545,-2.5879,2016-12-21,6.93,8.54,4.13,1.38,96.36,3.04
Bristol,51.4545,-2.5879,2016-12-22,5.01,8.3,3.05,0.62,95.73,2.53
Bristol,51.4545,-2.5879,2016-12-23,7.48,10.75,4.4,2.75,95.0,5.2
Bristol,51.4545,-2.5879,2016-12-24,6.92,9.24,4.11,0.23,89.57,4.95
Bristol,51.4545,-2.5879,2016-12-25,10.52,12.07,8.57,1.85,94.64,5.9
Bristol,51.4545,-2.5879,2016-12-26,4.73,8.75,0.83,0.19,90.56,3.1
Bristol,51.4545,-2.5879,2016-12-27,1.8,4.49,0.45,0.02,97.41,1.26
Bristol,51.4545,-2.5879,2016-12-28,2.78,7.02,0.82,0.12,98.35,2.35
Bristol,51.4545,-2.5879,2016-12-29,3.81,7.59,1.53,0.13,98.0,1.7
Bristol,51.4545,-2.5879,2016-12-30,5.06,7.92,2.9,0.3,99.18,1.59
Bristol,51.4545,-2.5879,2016-12-31,6.27,8.51,4.86,0.31,96.83,2.49
Bristol,51.4545,-2.5879,2017-01-01,4.52,7.89,0.37,7.58,95.89,4.74
Bristol,51.4545,-2.5879,2017-01-02,0.38,3.57,-1.81,0.29,96.27,2.95
Bristol,51.4545,-2.5879,2017-01-03,1.58,5.65,-1.81,0.05,96.37,2.63
Bristol,51.4545,-2.5879,2017-01-04,3.57,8.08,-2.25,0.04,97.02,2.9
Bristol,51.4545,-2.5879,2017-01-05,-1.1,2.97,-3.08,0.01,97.35,1.55
Bristol,51.4545,-2.5879,2017-01-06,3.2,7.36,-0.38,5.61,96.15,3.04
Bristol,51.4545,-2.5879,2017-01-07,7.93,10.04,6.62,1.6,98.47,1.34
Bristol,51.4545,-2.5879,2017-01-08,7.32,9.85,6.17,0.84,97.98,0.8
Bristol,51.4545,-2.5879,2017-01-09,6.52,8.58,3.6,4.27,96.0,4.11
Bristol,51.4545,-2.5879,2017-01-10,5.75,7.82,3.22,0.2,96.56,3.23
Bristol,51.4545,-2.5879,2017-01-11,6.81,9.59,4.42,0.12,83.57,5.35
Bristol,51.4545,-2.5879,2017-01-12,3.41,5.31,1.33,9.56,92.32,4.03
Bristol,51.4545,-2.5879,2017-01-13,2.42,4.61,1.25,0.76,83.62,5.9
Bristol,51.4545,-2.5879,2017-01-14,3.71,6.21,1.43,0.6,94.63,3.73
Bristol,51.4545,-2.5879,2017-01-15,6.58,8.65,4.21,3.61,95.89,3.89
Bristol,51.4545,-2.5879,2017-01-16,7.48,8.73,6.02,4.03,97.16,2.0
Bristol,51.4545,-2.5879,2017-01-17,4.31,5.63,2.79,0.73,94.23,1.81
Bristol,51.4545,-2.5879,2017-01-18,1.66,4.14,-0.05,0.1,85.03,1.11
Bristol,51.4545,-2.5879,2017-01-19,0.68,5.6,-1.74,0.01,87.28,1.69
Bristol,51.4545,-2.5879,2017-01-20,-0.71,4.42,-2.5,0.04,94.75,2.43
Bristol,51.4545,-2.5879,2017-01-21,-0.94,2.81,-2.57,0.04,92.65,2.26
Bristol,51.4545,-2.5879,2017-01-22,1.08,5.66,-1.45,0.07,97.23,2.04
Bristol,51.4545,-2.5879,2017-01-23,2.15,6.25,-0.21,0.05,96.94,1.17
Bristol,51.4545,-2.5879,2017-01-24,2.03,6.24,-0.38,0.14,98.59,1.95
Bristol,51.4545,-2.5879,2017-01-25,2.07,6.38,-0.17,0.11,94.72,2.86
Bristol,51.4545,-2.5879,2017-01-26,0.77,3.45,-0.86,0.15,91.87,4.69
Bristol,51.4545,-2.5879,2017-01-27,3.24,6.08,-0.22,4.33,95.95,4.15
Bristol,51.4545,-2.5879,2017-01-28,5.29,7.09,3.33,3.98,94.62,3.39
Bristol,51.4545,-2.5879,2017-01-29,6.08,8.8,3.01,11.4,97.52,3.21
Bristol,51.4545,-2.5879,2017-01-30,8.02,9.81,6.41,1.86,96.46,2.21
Bristol,51.4545,-2.5879,2017-01-31,9.61,10.98,8.7,8.3,96.83,4.03
Bristol,51.4545,-2.5879,2017-02-01,8.85,10.59,7.2,5.17,94.52,4.02
Bristol,51.4545,-2.5879,2017-02-02,9.63,11.4,7.42,6.41,90.62,7.76
Bristol,51.4545,-2.5879,2017-02-03,6.23,7.89,3.66,6.35,93.85,5.34
Bristol,51.4545,-2.5879,2017-02-04,3.97,7.76,0.88,1.09,91.14,2.44
Bristol,51.4545,-2.5879,2017-02-05,2.59,4.88,0.75,0.15,97.6,2.16
Bristol,51.4545,-2.5879,2017-02-06,3.82,6.45,0.87,5.42,95.14,3.69
Bristol,51.4545,-2.5879,2017-02-07,5.74,8.7,2.54,0.33,91.73,2.58
Bristol,51.4545,-2.5879,2017-02-08,3.16,6.41,0.46,0.84,93.54,2.2
Bristol,51.4545,-2.5879,2017-02-09,0.08,2.96,-3.01,0.1,90.36,3.12
Bristol,51.4545,-2.5879,2017-02-10,0.02,3.36,-1.72,0.19,92.43,3.44
Bristol,51.4545,-2.5879,2017-02-11,0.07,2.71,-2.01,0.63,94.5,3.97
Bristol,51.4545,-2.5879,2017-02-12,1.86,3.33,0.35,0.64,93.05,5.17
Bristol,51.4545,-2.5879,2017-02-13,4.19,8.95,1.73,0.02,89.64,6.25
Bristol,51.4545,-2.5879,2017-02-14,4.76,8.03,1.32,0.54,96.69,3.3
Bristol,51.4545,-2.5879,2017-02-15,7.05,10.27,5.53,2.52,95.97,3.21
Bristol,51.4545,-2.5879,2017-02-16,6.29,8.88,4.78,0.33,96.74,2.72
Bristol,51.4545,-2.5879,2017-02-17,6.38,10.0,4.21,0.15,94.67,2.0
Bristol,51.4545,-2.5879,2017-02-18,7.19,11.38,4.63,0.1,92.52,2.82
Bristol,51.4545,-2.5879,2017-02-19,8.08,10.34,5.13,0.33,94.45,3.0
Bristol,51.4545,-2.5879,2017-02-20,9.85,13.37,7.81,0.36,94.57,4.06
Bristol,51.4545,-2.5879,2017-02-21,9.75,10.76,8.65,2.59,95.23,5.07
Bristol,51.4545,-2.5879,2017-02-22,9.94,11.19,8.98,3.41,94.41,6.32
Bristol,51.4545,-2.5879,2017-02-23,7.18,9.44,3.29,2.24,84.5,8.36
Bristol,51.4545,-2.5879,2017-02-24,4.85,8.17,2.17,0.16,84.67,3.4
Bristol,51.4545,-2.5879,2017-02-25,7.89,9.44,5.38,4.84,94.05,5.83
Bristol,51.4545,-2.5879,2017-02-26,8.73,10.09,6.91,4.02,92.59,5.57
Bristol,51.4545,-2.5879,2017-02-27,5.2,6.93,2.74,5.31,93.11,4.36
Bristol,51.4545,-2.5879,2017-02-28,4.66,6.67,1.41,2.69,89.1,5.38
Bristol,51.4545,-2.5879,2017-03-01,5.79,8.31,3.23,3.25,90.68,3.62
Bristol,51.4545,-2.5879,2017-03-02,6.38,9.29,4.51,0.08,79.02,5.69
Bristol,51.4545,-2.5879,2017-03-03,7.28,10.39,3.64,10.76,95.42,4.36
Bristol,51.4545,-2.5879,2017-03-04,6.71,9.77,4.89,1.24,88.54,4.63
Bristol,51.4545,-2.5879,2017-03-05,5.94,7.87,4.49,6.92,89.56,6.11
Bristol,51.4545,-2.5879,2017-03-06,6.06,9.42,3.61,0.32,85.99,2.77
Bristol,51.4545,-2.5879,2017-03-07,5.43,8.08,1.86,1.77,87.84,3.13
Bristol,51.4545,-2.5879,2017-03-08,9.56,11.66,7.68,4.41,93.55,2.94
Bristol,51.4545,-2.5879,2017-03-09,9.72,12.86,6.05,0.3,85.99,2.83
Bristol,51.4545,-2.5879,2017-03-10,9.27,12.92,6.05,0.54,92.04,2.76
Bristol,51.4545,-2.5879,2017-03-11,9.24,12.79,7.16,0.2,94.87,2.71
Bristol,51.4545,-2.5879,2017-03-12,8.72,12.14,4.86,1.93,91.28,2.4
Bristol,51.4545,-2.5879,2017-03-13,7.88,12.62,3.85,0.08,90.26,2.6
Bristol,51.4545,-2.5879,2017-03-14,9.69,13.21,6.55,0.3,92.6,3.35
Bristol,51.4545,-2.5879,2017-03-15,8.83,14.0,5.76,0.06,90.25,1.35
Bristol,51.4545,-2.5879,2017-03-16,7.57,10.95,4.81,0.51,93.89,2.96
Bristol,51.4545,-2.5879,2017-03-17,6.77,9.75,2.48,1.65,88.16,5.45
Bristol,51.4545,-2.5879,2017-03-18,10.56,12.64,9.49,2.29,93.36,5.88
Bristol,51.4545,-2.5879,2017-03-19,10.31,13.27,8.75,1.56,92.16,5.86
Bristol,51.4545,-2.5879,2017-03-20,9.23,10.99,5.54,8.38,91.35,5.34
Bristol,51.4545,-2.5879,2017-03-21,5.56,7.93,2.87,2.0,82.02,4.92
Bristol,51.4545,-2.5879,2017-03-22,6.09,8.44,1.86,8.43,83.95,3.43
Bristol,51.4545,-2.5879,2017-03-23,5.4,10.57,0.88,0.82,87.42,5.03
Bristol,51.4545,-2.5879,2017-03-24,6.86,12.45,2.96,0.07,85.58,4.71
Bristol,51.4545,-2.5879,2017-03-25,6.59,12.89,1.63,0.0,76.29,4.64
Bristol,51.4545,-2.5879,2017-03-26,7.62,14.46,1.56,0.0,80.26,4.3
Bristol,51.4545,-2.5879,2017-03-27,8.14,14.04,4.31,0.01,88.42,2.58
Bristol,51.4545,-2.5879,2017-03-28,9.17,14.3,4.8,1.96,91.21,3.52
Bristol,51.4545,-2.5879,2017-03-29,11.21,12.55,9.85,2.49,93.98,4.72
Bristol,51.4545,-2.5879,2017-03-30,12.21,16.38,9.06,0.58,85.63,4.35
Bristol,51.4545,-2.5879,2017-03-31,11.04,14.4,8.76,2.1,85.88,4.8
Bristol,51.4545,-2.5879,2017-04-01,9.64,13.18,6.16,3.13,89.29,2.57
Bristol,51.4545,-2.5879,2017-04-02,9.26,13.93,5.45,0.04,78.81,1.53
Bristol,51.4545,-2.5879,2017-04-03,8.91,14.0,3.13,0.38,84.42,3.2
Bristol,51.4545,-2.5879,2017-04-04,9.45,13.5,4.14,0.68,87.59,2.92
Bristol,51.4545,-2.5879,2017-04-05,7.82,13.55,2.72,0.01,83.13,2.7
Bristol,51.4545,-2.5879,2017-04-06,8.6,14.74,3.49,0.04,83.63,1.26
Bristol,51.4545,-2.5879,2017-04-07,9.66,15.66,4.6,0.02,82.44,1.3
Bristol,51.4545,-2.5879,2017-04-08,10.32,17.77,4.63,0.02,84.92,2.05
Bristol,51.4545,-2.5879,2017-04-09,11.83,18.69,6.81,0.05,84.52,3.52
Bristol,51.4545,-2.5879,2017-04-10,9.12,13.11,5.3,0.02,80.02,2.67
Bristol,51.4545,-2.5879,2017-04-11,8.48,13.78,3.44,0.0,82.6,2.62
Bristol,51.4545,-2.5879,2017-04-12,9.36,13.13,5.83,0.16,87.36,3.91
Bristol,51.4545,-2.5879,2017-04-13,8.58,12.88,4.91,0.05,82.8,2.09
Bristol,51.4545,-2.5879,2017-04-14,8.95,12.74,3.58,1.14,90.62,3.39
Bristol,51.4545,-2.5879,2017-04-15,8.82,12.53,5.84,0.08,80.36,3.31
Bristol,51.4545,-2.5879,2017-04-16,8.97,12.73,4.56,0.73,86.7,3.49
Bristol,51.4545,-2.5879,2017-04-17,9.25,13.35,4.81,0.73,85.2,1.97
Bristol,51.4545,-2.5879,2017-04-18,6.92,11.06,3.74,0.01,72.67,2.61
Bristol,51.4545,-2.5879,2017-04-19,7.88,12.9,1.48,0.0,71.86,1.19
Bristol,51.4545,-2.5879,2017-04-20,9.48,13.62,5.36,0.68,89.6,1.74
Bristol,51.4545,-2.5879,2017-04-21,10.55,15.5,6.17,0.02,83.16,1.86
Bristol,51.4545,-2.5879,2017-04-22,9.78,15.06,5.14,0.01,79.67,2.4
Bristol,51.4545,-2.5879,2017-04-23,9.09,14.95,2.97,0.0,79.62,1.9
Bristol,51.4545,-2.5879,2017-04-24,8.44,12.72,2.2,0.69,82.47,3.42
Bristol,51.4545,-2.5879,2017-04-25,4.75,8.71,0.83,0.53,75.87,3.58
Bristol,51.4545,-2.5879,2017-04-26,4.96,8.84,0.98,0.58,76.43,3.15
Bristol,51.4545,-2.5879,2017-04-27,5.89,10.72,-0.48,0.87,81.34,2.85
Bristol,51.4545,-2.5879,2017-04-28,8.39,13.5,4.05,0.31,83.74,2.25
Bristol,51.4545,-2.5879,2017-04-29,9.27,14.02,3.39,0.11,77.6,3.47
Bristol,51.4545,-2.5879,2017-04-30,10.26,13.5,7.41,10.39,84.58,4.52
Bristol,51.4545,-2.5879,2017-05-01,10.35,14.32,6.09,1.45,82.79,2.04
Bristol,51.4545,-2.5879,2017-05-02,10.68,16.18,5.25,0.09,81.69,2.39
Bristol,51.4545,-2.5879,2017-05-03,9.34,13.58,5.49,0.19,80.52,4.42
Bristol,51.4545,-2.5879,2017-05-04,10.66,15.66,6.96,0.07,79.84,4.33
Bristol,51.4545,-2.5879,2017-05-05,10.4,15.48,5.7,0.02,75.39,5.37
Bristol,51.4545,-2.5879,2017-05-06,10.53,14.14,7.61,0.2,83.73,3.62
Bristol,51.4545,-2.5879,2017-05-07,11.37,16.81,5.9,0.03,80.45,1.87
Bristol,51.4545,-2.5879,2017-05-08,9.55,14.57,4.41,0.01,76.16,3.17
Bristol,51.4545,-2.5879,2017-05-09,8.66,14.07,3.24,0.0,77.13,2.22
Bristol,51.4545,-2.5879,2017-05-10,10.28,16.68,3.72,0.01,77.64,1.75
Bristol,51.4545,-2.5879,2017-05-11,12.19,18.24,5.13,2.73,85.07,2.64
Bristol,51.4545,-2.5879,2017-05-12,13.02,16.22,10.65,4.11,88.32,3.66
Bristol,51.4545,-2.5879,2017-05-13,12.91,16.35,9.65,2.34,77.75,4.5
Bristol,51.4545,-2.5879,2017-05-14,12.1,15.95,8.2,3.76,79.76,3.5
Bristol,51.4545,-2.5879,2017-05-15,13.64,17.11,8.98,5.73,92.64,5.41
Bristol,51.4545,-2.5879,2017-05-16,15.04,17.71,12.56,4.34,91.42,4.24
Bristol,51.4545,-2.5879,2017-05-17,12.13,13.66,7.98,12.56,93.59,2.0
Bristol,51.4545,-2.5879,2017-05-18,11.3,15.45,6.76,0.22,79.67,2.04
Bristol,51.4545,-2.5879,2017-05-19,11.15,14.87,7.46,1.91,80.23,2.41
Bristol,51.4545,-2.5879,2017-05-20,10.72,14.67,6.36,2.6,85.59,3.43
Bristol,51.4545,-2.5879,2017-05-21,12.76,17.04,7.88,0.03,79.33,3.08
Bristol,51.4545,-2.5879,2017-05-22,14.91,20.3,10.47,0.02,80.54,3.65
Bristol,51.4545,-2.5879,2017-05-23,14.98,19.62,9.84,0.53,88.11,2.85
Bristol,51.4545,-2.5879,2017-05-24,17.78,23.5,10.1,0.05,79.51,0.91
Bristol,51.4545,-2.5879,2017-05-25,18.66,23.88,13.25,0.0,79.41,2.12
Bristol,51.4545,-2.5879,2017-05-26,17.61,23.45,11.06,0.0,74.95,3.6
Bristol,51.4545,-2.5879,2017-05-27,15.84,19.28,10.9,2.49,85.07,4.62
Bristol,51.4545,-2.5879,2017-05-28,16.03,20.87,9.93,2.84,81.43,1.9
Bristol,51.4545,-2.5879,2017-05-29,16.16,19.21,13.19,8.85,90.32,1.6
Bristol,51.4545,-2.5879,2017-05-30,15.03,18.28,11.88,0.76,84.61,3.33
Bristol,51.4545,-2.5879,2017-05-31,15.61,19.2,11.14,0.88,85.96,1.76
Bristol,51.4545,-2.5879,2017-06-01,16.37,21.17,10.21,0.04,81.74,2.49
Bristol,51.4545,-2.5879,2017-06-02,15.74,19.54,12.56,1.48,84.47,1.59
Bristol,51.4545,-2.5879,2017-06-03,13.16,17.11,9.0,0.96,79.42,3.42
Bristol,51.4545,-2.5879,2017-06-04,12.75,16.63,8.96,2.69,80.09,3.25
Bristol,51.4545,-2.5879,2017-06-05,12.72,15.13,8.67,11.99,89.56,6.27
Bristol,51.4545,-2.5879,2017-06-06,12.23,14.69,9.88,7.02,78.8,7.63
Bristol,51.4545,-2.5879,2017-06-07,13.41,17.17,9.98,3.72,77.9,5.77
Bristol,51.4545,-2.5879,2017-06-08,14.1,18.3,10.42,3.76,88.65,5.5
Bristol,51.4545,-2.5879,2017-06-09,14.18,18.04,10.2,1.7,81.42,4.02
Bristol,51.4545,-2.5879,2017-06-10,16.15,20.02,12.27,2.14,86.51,5.48
Bristol,51.4545,-2.5879,2017-06-11,14.84,18.48,11.94,0.41,79.76,5.37
Bristol,51.4545,-2.5879,2017-06-12,14.03,17.11,10.16,0.28,79.17,4.55
Bristol,51.4545,-2.5879,2017-06-13,15.82,20.24,9.06,0.11,79.93,1.61
Bristol,51.4545,-2.5879,2017-06-14,17.97,23.24,12.4,0.0,75.37,2.22
Bristol,51.4545,-2.5879,2017-06-15,15.2,18.84,11.38,0.28,78.74,4.42
Bristol,51.4545,-2.5879,2017-06-16,15.91,20.38,10.75,0.06,81.3,3.69
Bristol,51.4545,-2.5879,2017-06-17,18.52,24.34,11.56,0.0,77.88,2.08
Bristol,51.4545,-2.5879,2017-06-18,21.58,27.32,13.7,0.0,70.22,1.08
Bristol,51.4545,-2.5879,2017-06-19,23.82,28.67,18.25,0.0,63.96,0.84
Bristol,51.4545,-2.5879,2017-06-20,22.85,28.74,17.37,0.03,72.16,1.78
Bristol,51.4545,-2.5879,2017-06-21,22.25,29.33,15.11,0.01,74.5,2.61
Bristol,51.4545,-2.5879,2017-06-22,17.95,21.54,13.11,0.21,79.54,4.2
Bristol,51.4545,-2.5879,2017-06-23,16.69,20.6,12.24,0.58,78.63,5.41
Bristol,51.4545,-2.5879,2017-06-24,17.19,20.61,13.74,1.74,84.13,4.27
Bristol,51.4545,-2.5879,2017-06-25,16.27,19.89,12.74,1.13,82.87,4.1
Bristol,51.4545,-2.5879,2017-06-26,17.13,21.5,11.45,0.1,72.4,0.98
Bristol,51.4545,-2.5879,2017-06-27,16.63,19.35,13.71,2.76,81.1,1.34
Bristol,51.4545,-2.5879,2017-06-28,15.35,18.26,11.67,10.18,86.79,2.77
Bristol,51.4545,-2.5879,2017-06-29,13.38,16.45,10.19,2.48,83.96,2.12
Bristol,51.4545,-2.5879,2017-06-30,15.18,19.11,10.65,1.8,84.16,2.87
Bristol,51.4545,-2.5879,2017-07-01,16.31,20.32,12.72,0.34,77.02,3.81
Bristol,51.4545,-2.5879,2017-07-02,16.6,21.47,11.98,0.09,72.47,2.77
Bristol,51.4545,-2.5879,2017-07-03,16.75,20.63,12.55,0.71,81.16,3.47
Bristol,51.4545,-2.5879,2017-07-04,17.28,21.99,13.36,0.56,79.71,2.42
Bristol,51.4545,-2.5879,2017-07-05,20.05,26.51,11.49,0.0,65.41,0.8
Bristol,51.4545,-2.5879,2017-07-06,20.62,27.52,14.31,0.02,70.88,2.3
Bristol,51.4545,-2.5879,2017-07-07,18.72,23.31,13.45,0.13,77.07,2.99
Bristol,51.4545,-2.5879,2017-07-08,19.13,23.94,14.45,0.03,72.94,1.55
Bristol,51.4545,-2.5879,2017-07-09,19.97,25.03,15.52,0.02,70.95,2.14
Bristol,51.4545,-2.5879,2017-07-10,17.31,21.11,13.19,0.51,75.13,3.18
Bristol,51.4545,-2.5879,2017-07-11,16.1,18.97,13.08,15.23,84.6,3.12
Bristol,51.4545,-2.5879,2017-07-12,16.96,21.35,12.13,2.45,69.1,2.94
Bristol,51.4545,-2.5879,2017-07-13,16.81,21.22,11.79,0.3,74.22,2.84
Bristol,51.4545,-2.5879,2017-07-14,16.6,20.73,12.82,0.13,73.39,3.58
Bristol,51.4545,-2.5879,2017-07-15,17.29,21.16,12.72,1.45,86.04,4.02
Bristol,51.4545,-2.5879,2017-07-16,19.16,22.95,15.42,0.89,81.41,3.52
Bristol,51.4545,-2.5879,2017-07-17,17.76,23.08,11.13,0.0,63.35,2.2
Bristol,51.4545,-2.5879,2017-07-18,19.52,26.62,13.62,15.97,71.12,3.25
Bristol,51.4545,-2.5879,2017-07-19,19.43,23.64,15.79,4.63,84.49,3.81
Bristol,51.4545,-2.5879,2017-07-20,15.69,17.99,13.19,4.19,73.83,4.37
Bristol,51.4545,-2.5879,2017-07-21,15.21,19.13,11.22,15.27,87.15,5.67
Bristol,51.4545,-2.5879,2017-07-22,13.47,16.35,9.71,3.88,85.43,2.36
Bristol,51.4545,-2.5879,2017-07-23,14.93,18.26,9.71,4.66,83.04,2.78
Bristol,51.4545,-2.5879,2017-07-24,17.88,22.64,13.37,0.18,76.6,3.87
Bristol,51.4545,-2.5879,2017-07-25,18.32,23.83,12.04,0.06,77.74,1.89
Bristol,51.4545,-2.5879,2017-07-26,16.73,20.71,13.45,7.76,85.45,4.53
Bristol,51.4545,-2.5879,2017-07-27,15.49,19.14,11.96,2.6,78.84,4.57
Bristol,51.4545,-2.5879,2017-07-28,16.05,19.25,12.29,4.68,86.5,5.54
Bristol,51.4545,-2.5879,2017-07-29,15.18,17.99,12.74,15.89,84.45,2.75
Bristol,51.4545,-2.5879,2017-07-30,15.15,18.47,11.1,5.7,82.59,3.91
Bristol,51.4545,-2.5879,2017-07-31,15.21,19.28,11.63,1.27,80.84,3.64
Bristol,51.4545,-2.5879,2017-08-01,15.53,19.85,11.03,1.33,81.03,3.32
Bristol,51.4545,-2.5879,2017-08-02,16.35,18.73,13.36,9.14,92.36,5.54
Bristol,51.4545,-2.5879,2017-08-03,16.44,19.72,13.79,2.27,81.57,6.26
Bristol,51.4545,-2.5879,2017-08-04,16.0,20.27,12.34,1.92,80.96,3.58
Bristol,51.4545,-2.5879,2017-08-05,14.51,18.19,10.52,1.79,79.14,2.94
Bristol,51.4545,-2.5879,2017-08-06,14.99,19.01,9.85,0.56,79.31,3.51
Bristol,51.4545,-2.5879,2017-08-07,15.56,19.02,13.31,6.02,86.28,2.47
Bristol,51.4545,-2.5879,2017-08-08,13.68,16.05,11.0,3.64,85.93,2.22
Bristol,51.4545,-2.5879,2017-08-09,13.6,17.27,10.22,6.17,86.56,4.0
Bristol,51.4545,-2.5879,2017-08-10,14.69,19.8,8.65,0.03,78.43,2.42
Bristol,51.4545,-2.5879,2017-08-11,14.85,18.03,9.4,0.88,86.99,3.47
Bristol,51.4545,-2.5879,2017-08-12,16.22,19.62,11.59,0.46,81.35,3.42
Bristol,51.4545,-2.5879,2017-08-13,15.39,20.39,10.3,0.02,77.02,1.4
Bristol,51.4545,-2.5879,2017-08-14,15.14,18.01,12.0,2.22,86.67,3.01
Bristol,51.4545,-2.5879,2017-08-15,15.95,20.07,11.18,1.34,80.77,2.91
Bristol,51.4545,-2.5879,2017-08-16,15.63,20.76,10.35,9.53,80.41,3.97
Bristol,51.4545,-2.5879,2017-08-17,17.85,21.12,13.99,2.85,82.16,4.57
Bristol,51.4545,-2.5879,2017-08-18,14.74,17.15,13.15,5.36,80.59,5.11
Bristol,51.4545,-2.5879,2017-08-19,14.53,18.07,11.56,0.38,76.97,4.92
Bristol,51.4545,-2.5879,2017-08-20,14.74,17.95,9.84,4.68,86.32,3.13
Bristol,51.4545,-2.5879,2017-08-21,18.15,22.27,15.03,3.04,90.13,1.82
Bristol,51.4545,-2.5879,2017-08-22,19.03,23.62,14.45,0.19,84.24,2.54
Bristol,51.4545,-2.5879,2017-08-23,16.6,19.92,12.5,0.36,84.68,3.16
Bristol,51.4545,-2.5879,2017-08-24,15.65,19.92,12.36,0.31,82.14,2.98
Bristol,51.4545,-2.5879,2017-08-25,16.27,21.53,11.09,0.02,80.67,1.39
Bristol,51.4545,-2.5879,2017-08-26,16.86,21.25,12.96,0.05,82.08,1.3
Bristol,51.4545,-2.5879,2017-08-27,18.45,24.11,11.79,0.02,74.87,1.27
Bristol,51.4545,-2.5879,2017-08-28,18.73,24.32,14.11,0.0,78.53,1.77
Bristol,51.4545,-2.5879,2017-08-29,16.48,21.62,12.46,0.39,83.58,2.41
Bristol,51.4545,-2.5879,2017-08-30,13.25,16.19,11.26,2.02,79.47,2.02
Bristol,51.4545,-2.5879,2017-08-31,13.89,17.76,10.01,2.34,78.83,2.04
Bristol,51.4545,-2.5879,2017-09-01,13.99,18.8,8.52,0.15,78.14,2.51
Bristol,51.4545,-2.5879,2017-09-02,14.18,19.57,8.15,0.03,77.27,1.64
Bristol,51.4545,-2.5879,2017-09-03,13.91,15.24,12.13,7.28,91.1,4.71
Bristol,51.4545,-2.5879,2017-09-04,17.37,21.56,13.84,1.82,89.97,2.51
Bristol,51.4545,-2.5879,2017-09-05,16.99,21.3,12.52,3.85,86.31,4.03
Bristol,51.4545,-2.5879,2017-09-06,14.63,18.02,11.99,0.2,77.45,3.57
Bristol,51.4545,-2.5879,2017-09-07,15.25,18.25,12.94,1.98,85.59,3.76
Bristol,51.4545,-2.5879,2017-09-08,14.58,17.79,11.38,7.38,87.54,3.84
Bristol,51.4545,-2.5879,2017-09-09,12.66,16.53,9.62,3.13,86.1,3.54
Bristol,51.4545,-2.5879,2017-09-10,12.76,17.37,8.76,2.07,88.08,5.08
Bristol,51.4545,-2.5879,2017-09-11,13.75,16.82,11.36,5.23,82.18,6.32
Bristol,51.4545,-2.5879,2017-09-12,13.57,17.12,9.75,5.77,81.22,5.69
Bristol,51.4545,-2.5879,2017-09-13,12.7,16.26,9.46,3.27,76.21,6.58
Bristol,51.4545,-2.5879,2017-09-14,11.77,16.31,8.8,2.7,84.13,4.2
Bristol,51.4545,-2.5879,2017-09-15,11.09,14.45,7.92,3.02,87.69,2.38
Bristol,51.4545,-2.5879,2017-09-16,10.67,14.9,6.98,2.26,88.1,1.88
Bristol,51.4545,-2.5879,2017-09-17,11.23,15.63,7.64,0.61,87.77,2.28
Bristol,51.4545,-2.5879,2017-09-18,11.57,15.53,7.56,1.63,88.67,1.88
Bristol,51.4545,-2.5879,2017-09-19,11.83,17.24,6.96,0.1,85.1,1.63
Bristol,51.4545,-2.5879,2017-09-20,14.13,18.2,10.61,2.13,89.53,4.09
Bristol,51.4545,-2.5879,2017-09-21,13.22,16.87,7.95,3.19,89.38,3.72
Bristol,51.4545,-2.5879,2017-09-22,12.44,17.69,6.57,0.91,85.61,3.6
Bristol,51.4545,-2.5879,2017-09-23,14.6,19.06,11.6,0.26,82.0,3.77
Bristol,51.4545,-2.5879,2017-09-24,14.69,18.8,11.2,1.62,92.08,2.6
Bristol,51.4545,-2.5879,2017-09-25,14.69,17.82,12.35,2.5,92.82,1.35
Bristol,51.4545,-2.5879,2017-09-26,14.51,19.27,9.95,0.11,86.44,1.14
Bristol,51.4545,-2.5879,2017-09-27,14.63,18.98,11.05,7.38,90.32,3.97
Bristol,51.4545,-2.5879,2017-09-28,13.77,18.01,9.88,0.89,87.79,2.77
Bristol,51.4545,-2.5879,2017-09-29,14.2,16.6,10.6,2.73,85.6,3.56
Bristol,51.4545,-2.5879,2017-09-30,13.31,16.49,10.38,4.22,88.26,3.84
Bristol,51.4545,-2.5879,2017-10-01,14.96,17.97,13.5,3.66,93.61,4.68
Bristol,51.4545,-2.5879,2017-10-02,13.09,15.98,9.47,0.76,80.45,5.3
Bristol,51.4545,-2.5879,2017-10-03,10.9,15.41,7.89,0.02,81.78,2.91
Bristol,51.4545,-2.5879,2017-10-04,11.76,15.34,8.15,0.3,81.72,4.76
Bristol,51.4545,-2.5879,2017-10-05,12.72,15.65,8.3,1.13,80.78,4.64
Bristol,51.4545,-2.5879,2017-10-06,10.61,14.75,7.63,0.05,83.13,2.59
Bristol,51.4545,-2.5879,2017-10-07,12.87,16.19,9.3,1.75,92.2,4.27
Bristol,51.4545,-2.5879,2017-10-08,12.77,17.26,8.71,0.05,85.82,1.35
Bristol,51.4545,-2.5879,2017-10-09,12.96,16.15,10.81,0.59,89.79,2.35
Bristol,51.4545,-2.5879,2017-10-10,14.07,17.88,11.16,1.25,90.25,4.42
Bristol,51.4545,-2.5879,2017-10-11,13.59,16.45,9.96,2.33,90.53,5.55
Bristol,51.4545,-2.5879,2017-10-12,12.29,15.81,8.74,0.23,86.55,3.57
Bristol,51.4545,-2.5879,2017-10-13,15.63,19.66,12.73,1.25,91.06,4.84
Bristol,51.4545,-2.5879,2017-10-14,15.48,19.74,12.4,0.28,90.87,3.36
Bristol,51.4545,-2.5879,2017-10-15,14.46,18.16,12.32,0.23,91.11,3.42
Bristol,51.4545,-2.5879,2017-10-16,14.92,18.22,11.54,0.11,82.11,6.43
Bristol,51.4545,-2.5879,2017-10-17,11.31,14.27,9.07,3.41,85.77,2.66
Bristol,51.4545,-2.5879,2017-10-18,11.09,14.61,9.28,1.41,96.0,2.07
Bristol,51.4545,-2.5879,2017-10-19,12.0,15.22,8.48,11.31,96.67,3.78
Bristol,51.4545,-2.5879,2017-10-20,12.52,14.42,10.91,4.31,85.41,5.46
Bristol,51.4545,-2.5879,2017-10-21,11.83,13.7,9.72,6.28,85.13,8.18
Bristol,51.4545,-2.5879,2017-10-22,10.21,12.77,8.57,1.47,83.41,5.67
Bristol,51.4545,-2.5879,2017-10-23,13.03,16.79,9.09,2.28,95.73,3.11
Bristol,51.4545,-2.5879,2017-10-24,14.84,17.91,13.07,1.63,93.78,5.09
Bristol,51.4545,-2.5879,2017-10-25,12.5,15.42,9.71,0.56,84.78,2.44
Bristol,51.4545,-2.5879,2017-10-26,12.04,15.21,9.47,0.51,96.02,1.34
Bristol,51.4545,-2.5879,2017-10-27,8.96,13.55,4.95,0.04,89.34,1.83
Bristol,51.4545,-2.5879,2017-10-28,10.9,15.4,5.06,0.49,93.45,4.0
Bristol,51.4545,-2.5879,2017-10-29,10.59,13.87,3.53,0.14,84.73,3.38
Bristol,51.4545,-2.5879,2017-10-30,5.33,10.8,0.94,0.01,84.35,1.24
Bristol,51.4545,-2.5879,2017-10-31,9.21,13.27,5.12,0.17,93.15,2.72
Bristol,51.4545,-2.5879,2017-11-01,8.62,13.12,6.2,0.06,94.62,1.66
Bristol,51.4545,-2.5879,2017-11-02,8.39,12.61,5.49,0.36,95.01,1.16
Bristol,51.4545,-2.5879,2017-11-03,8.3,12.97,5.45,0.98,95.74,1.36
Bristol,51.4545,-2.5879,2017-11-04,9.34,11.37,6.01,6.23,90.27,3.19
Bristol,51.4545,-2.5879,2017-11-05,6.12,9.3,3.63,1.15,92.17,3.39
Bristol,51.4545,-2.5879,2017-11-06,6.87,11.15,3.57,0.21,88.64,2.35
Bristol,51.4545,-2.5879,2017-11-07,8.15,11.98,3.28,8.12,95.28,4.05
Bristol,51.4545,-2.5879,2017-11-08,4.46,9.15,1.01,0.08,91.26,2.2
Bristol,51.4545,-2.5879,2017-11-09,8.99,13.04,5.48,0.54,95.95,2.46
Bristol,51.4545,-2.5879,2017-11-10,9.38,11.33,7.32,3.37,86.14,4.13
Bristol,51.4545,-2.5879,2017-11-11,9.89,12.33,6.73,13.81,94.54,2.88
Bristol,51.4545,-2.5879,2017-11-12,5.64,8.2,2.13,1.19,88.26,4.03
Bristol,51.4545,-2.5879,2017-11-13,4.01,8.0,0.24,0.37,88.65,2.02
Bristol,51.4545,-2.5879,2017-11-14,8.98,11.38,5.83,2.47,96.98,3.09
Bristol,51.4545,-2.5879,2017-11-15,9.62,12.5,7.95,1.17,96.67,1.57
Bristol,51.4545,-2.5879,2017-11-16,7.66,11.89,1.63,0.59,95.72,2.48
Bristol,51.4545,-2.5879,2017-11-17,3.57,8.27,0.76,0.02,90.94,1.3
Bristol,51.4545,-2.5879,2017-11-18,6.56,10.82,1.28,3.4,97.44,2.67
Bristol,51.4545,-2.5879,2017-11-19,5.27,8.76,2.35,0.29,91.49,1.49
Bristol,51.4545,-2.5879,2017-11-20,10.39,11.62,8.48,3.06,95.57,4.96
Bristol,51.4545,-2.5879,2017-11-21,11.3,12.22,10.05,0.93,94.66,4.66
Bristol,51.4545,-2.5879,2017-11-22,12.93,13.85,12.06,7.85,91.94,7.69
Bristol,51.4545,-2.5879,2017-11-23,8.11,12.27,5.02,2.85,84.72,4.68
Bristol,51.4545,-2.5879,2017-11-24,4.65,7.73,1.81,0.51,80.86,1.17
Bristol,51.4545,-2.5879,2017-11-25,2.85,5.84,0.65,0.48,94.16,3.17
Bristol,51.4545,-2.5879,2017-11-26,4.52,7.35,2.11,0.51,94.91,3.54
Bristol,51.4545,-2.5879,2017-11-27,7.3,9.7,3.21,6.98,93.01,4.91
Bristol,51.4545,-2.5879,2017-11-28,3.52,6.45,0.97,0.58,95.22,2.71
Bristol,51.4545,-2.5879,2017-11-29,2.28,5.73,-0.56,0.02,93.81,3.62
Bristol,51.4545,-2.5879,2017-11-30,0.9,4.24,-0.74,0.01,88.51,3.6
Bristol,51.4545,-2.5879,2017-12-01,1.88,5.2,-0.02,0.01,93.24,4.14
Bristol,51.4545,-2.5879,2017-12-02,3.86,7.28,0.69,1.02,97.97,1.73
Bristol,51.4545,-2.5879,2017-12-03,6.69,9.84,4.2,0.29,96.11,2.46
Bristol,51.4545,-2.5879,2017-12-04,5.27,9.01,2.97,0.14,98.05,1.93
Bristol,51.4545,-2.5879,2017-12-05,5.78,8.34,3.16,0.44,97.35,2.25
Bristol,51.4545,-2.5879,2017-12-06,7.84,9.69,5.66,0.86,94.48,4.86
Bristol,51.4545,-2.5879,2017-12-07,8.32,11.88,3.78,4.68,89.45,5.69
Bristol,51.4545,-2.5879,2017-12-08,2.43,3.52,1.59,0.58,86.24,4.99
Bristol,51.4545,-2.5879,2017-12-09,0.99,3.99,-0.87,0.1,91.74,2.2
Bristol,51.4545,-2.5879,2017-12-10,0.69,2.72,-0.65,19.07,97.61,3.34
Bristol,51.4545,-2.5879,2017-12-11,-1.15,1.34,-4.27,1.8,95.73,4.61
Bristol,51.4545,-2.5879,2017-12-12,0.94,5.51,-3.16,2.29,97.52,2.48
Bristol,51.4545,-2.5879,2017-12-13,5.08,7.52,2.85,7.25,95.26,4.85
Bristol,51.4545,-2.5879,2017-12-14,4.06,4.81,3.08,2.18,91.73,5.38
Bristol,51.4545,-2.5879,2017-12-15,3.36,5.88,-0.06,0.94,94.28,4.35
Bristol,51.4545,-2.5879,2017-12-16,2.41,5.78,-0.2,0.2,97.73,2.71
Bristol,51.4545,-2.5879,2017-12-17,5.8,9.12,1.55,2.23,98.16,3.01
Bristol,51.4545,-2.5879,2017-12-18,3.59,4.84,1.66,0.12,97.75,1.39
Bristol,51.4545,-2.5879,2017-12-19,5.14,7.74,3.51,0.33,98.68,1.96
Bristol,51.4545,-2.5879,2017-12-20,9.06,10.8,7.56,0.94,97.56,2.3
Bristol,51.4545,-2.5879,2017-12-21,9.23,10.32,8.32,1.07,96.9,3.0
Bristol,51.4545,-2.5879,2017-12-22,8.93,10.89,7.78,2.67,96.65,0.97
Bristol,51.4545,-2.5879,2017-12-23,8.32,8.99,7.98,0.65,96.95,2.96
Bristol,51.4545,-2.5879,2017-12-24,8.48,9.22,7.46,0.87,96.62,4.56
Bristol,51.4545,-2.5879,2017-12-25,8.6,10.59,4.17,10.24,94.23,6.25
Bristol,51.4545,-2.5879,2017-12-26,4.79,6.33,3.61,18.82,93.89,3.92
Bristol,51.4545,-2.5879,2017-12-27,2.14,3.87,1.17,9.18,92.1,5.76
Bristol,51.4545,-2.5879,2017-12-28,1.31,4.45,0.06,0.19,94.78,2.27
Bristol,51.4545,-2.5879,2017-12-29,5.29,8.22,1.07,10.91,90.05,5.65
Bristol,51.4545,-2.5879,2017-12-30,9.57,11.83,5.16,6.82,92.4,6.42
Bristol,51.4545,-2.5879,2017-12-31,8.98,11.93,5.97,6.71,92.05,6.33
Bristol,51.4545,-2.5879,2018-01-01,6.1,7.51,4.95,1.57,91.18,5.57
Bristol,51.4545,-2.5879,2018-01-02,7.18,11.67,3.1,6.42,96.0,5.39
Bristol,51.4545,-2.5879,2018-01-03,7.45,8.62,6.02,1.27,80.63,8.4
Bristol,51.4545,-2.5879,2018-01-04,7.3,11.34,4.57,6.2,92.46,5.62
Bristol,51.4545,-2.5879,2018-01-05,5.13,6.95,3.59,3.04,95.31,3.21
Bristol,51.4545,-2.5879,2018-01-06,2.48,4.17,0.21,0.43,96.57,3.65
Bristol,51.4545,-2.5879,2018-01-07,0.3,3.59,-1.5,0.01,91.71,5.61
Bristol,51.4545,-2.5879,2018-01-08,0.78,3.04,-1.79,0.17,96.06,3.5
Bristol,51.4545,-2.5879,2018-01-09,4.4,7.71,1.73,1.98,97.83,3.25
Bristol,51.4545,-2.5879,2018-01-10,5.63,7.95,3.2,0.93,96.73,1.93
Bristol,51.4545,-2.5879,2018-01-11,3.03,4.67,1.5,0.23,97.61,2.27
Bristol,51.4545,-2.5879,2018-01-12,4.29,6.67,2.1,0.29,96.85,2.39
Bristol,51.4545,-2.5879,2018-01-13,5.07,6.59,3.8,0.23,93.8,4.06
Bristol,51.4545,-2.5879,2018-01-14,3.23,5.0,1.03,0.24,93.7,2.57
Bristol,51.4545,-2.5879,2018-01-15,7.16,9.69,5.17,9.96,93.95,6.07
Bristol,51.4545,-2.5879,2018-01-16,4.33,5.73,2.68,3.05,88.39,6.67
Bristol,51.4545,-2.5879,2018-01-17,4.46,8.15,2.53,3.77,85.94,7.21
Bristol,51.4545,-2.5879,2018-01-18,5.75,10.18,2.77,1.99,89.27,6.53
Bristol,51.4545,-2.5879,2018-01-19,3.11,5.11,1.74,0.37,93.02,4.08
Bristol,51.4545,-2.5879,2018-01-20,3.74,8.35,0.94,5.38,97.64,2.89
Bristol,51.4545,-2.5879,2018-01-21,4.81,9.78,0.65,13.85,96.44,3.62
Bristol,51.4545,-2.5879,2018-01-22,6.42,9.02,4.53,0.13,95.16,3.09
Bristol,51.4545,-2.5879,2018-01-23,9.45,12.26,6.02,2.47,95.07,5.43
Bristol,51.4545,-2.5879,2018-01-24,8.45,11.67,5.33,9.3,92.96,6.68
Bristol,51.4545,-2.5879,2018-01-25,5.77,8.26,4.08,1.49,94.36,4.04
Bristol,51.4545,-2.5879,2018-01-26,4.66,7.41,2.63,0.29,93.05,2.07
Bristol,51.4545,-2.5879,2018-01-27,6.94,9.61,2.44,3.36,96.84,4.28
Bristol,51.4545,-2.5879,2018-01-28,9.86,11.91,8.61,0.69,95.06,5.13
Bristol,51.4545,-2.5879,2018-01-29,7.11,10.3,1.35,1.34,94.62,4.76
Bristol,51.4545,-2.5879,2018-01-30,4.04,9.03,0.48,0.88,94.93,2.74
Bristol,51.4545,-2.5879,2018-01-31,5.36,7.33,3.04,4.72,89.13,5.98
Bristol,51.4545,-2.5879,2018-02-01,3.69,6.12,1.62,0.35,90.66,4.76
Bristol,51.4545,-2.5879,2018-02-02,3.15,7.34,1.29,0.08,94.0,2.96
Bristol,51.4545,-2.5879,2018-02-03,3.55,5.63,2.03,3.9,96.22,2.42
Bristol,51.4545,-2.5879,2018-02-04,1.74,4.51,-0.98,0.18,89.86,4.05
Bristol,51.4545,-2.5879,2018-02-05,-0.05,3.59,-2.42,0.06,92.4,2.98
Bristol,51.4545,-2.5879,2018-02-06,-0.26,2.37,-2.32,0.36,91.3,2.41
Bristol,51.4545,-2.5879,2018-02-07,0.24,3.89,-2.56,0.04,88.64,2.46
Bristol,51.4545,-2.5879,2018-02-08,3.48,6.0,-0.93,6.82,97.07,4.26
Bristol,51.4545,-2.5879,2018-02-09,2.85,5.56,-1.32,3.22,90.54,4.71
Bristol,51.4545,-2.5879,2018-02-10,5.04,9.83,-1.32,4.81,96.99,4.96
Bristol,51.4545,-2.5879,2018-02-11,3.23,6.05,0.88,0.42,84.91,6.0
Bristol,51.4545,-2.5879,2018-02-12,2.32,5.88,-0.22,0.18,88.3,3.83
Bristol,51.4545,-2.5879,2018-02-13,2.53,5.11,-1.29,6.04,92.6,4.92
Bristol,51.4545,-2.5879,2018-02-14,3.86,7.4,-0.44,5.17,94.43,4.95
Bristol,51.4545,-2.5879,2018-02-15,5.1,7.45,1.73,0.56,87.11,4.24
Bristol,51.4545,-2.5879,2018-02-16,3.41,8.27,-0.52,0.21,91.86,2.51
Bristol,51.4545,-2.5879,2018-02-17,3.9,8.65,0.9,0.29,93.56,1.97
Bristol,51.4545,-2.5879,2018-02-18,6.26,7.88,3.5,1.33,98.13,2.6
Bristol,51.4545,-2.5879,2018-02-19,8.23,11.53,5.66,1.88,95.06,2.66
Bristol,51.4545,-2.5879,2018-02-20,6.66,9.43,3.67,0.21,88.74,4.58
Bristol,51.4545,-2.5879,2018-02-21,4.02,7.59,1.07,0.17,90.66,2.19
Bristol,51.4545,-2.5879,2018-02-22,1.59,4.98,-2.92,0.15,88.89,2.56
Bristol,51.4545,-2.5879,2018-02-23,-0.47,4.47,-3.29,0.01,88.54,3.31
Bristol,51.4545,-2.5879,2018-02-24,-0.44,4.74,-3.39,0.0,86.98,3.79
Bristol,51.4545,-2.5879,2018-02-25,-0.54,4.21,-3.21,0.0,83.25,4.01
Bristol,51.4545,-2.5879,2018-02-26,-1.46,1.25,-3.29,0.04,83.9,4.09
Bristol,51.4545,-2.5879,2018-02-27,-1.77,0.16,-3.22,0.32,86.56,3.44
Bristol,51.4545,-2.5879,2018-02-28,-3.61,-1.52,-6.24,0.4,83.69,5.34
Bristol,51.4545,-2.5879,2018-03-01,-3.41,-1.42,-6.04,5.0,86.81,7.57
Bristol,51.4545,-2.5879,2018-03-02,-1.62,-0.82,-2.36,1.74,87.86,7.79
Bristol,51.4545,-2.5879,2018-03-03,1.4,3.87,-0.83,2.06,95.86,4.94
Bristol,51.4545,-2.5879,2018-03-04,3.87,7.22,1.72,3.48,98.36,3.15
Bristol,51.4545,-2.5879,2018-03-05,4.93,9.02,2.13,7.03,95.04,3.13
Bristol,51.4545,-2.5879,2018-03-06,4.95,8.34,2.24,1.19,91.47,1.5
Bristol,51.4545,-2.5879,2018-03-07,4.38,8.21,1.97,0.84,91.38,2.84
Bristol,51.4545,-2.5879,2018-03-08,4.75,7.63,1.93,2.23,90.07,4.79
Bristol,51.4545,-2.5879,2018-03-09,5.42,8.85,0.94,13.05,94.48,2.96
Bristol,51.4545,-2.5879,2018-03-10,8.68,11.8,4.89,2.97,95.26,3.67
Bristol,51.4545,-2.5879,2018-03-11,8.06,11.93,5.3,3.94,93.9,3.3
Bristol,51.4545,-2.5879,2018-03-12,6.95,9.98,4.33,7.52,94.07,3.16
Bristol,51.4545,-2.5879,2018-03-13,6.12,10.03,3.17,0.17,88.66,2.55
Bristol,51.4545,-2.5879,2018-03-14,7.22,9.7,4.1,8.08,90.23,6.25
Bristol,51.4545,-2.5879,2018-03-15,8.42,11.87,6.45,5.2,90.8,3.74
Bristol,51.4545,-2.5879,2018-03-16,7.34,11.15,4.02,3.77,90.66,2.31
Bristol,51.4545,-2.5879,2018-03-17,0.98,4.6,-2.24,1.28,84.87,6.35
Bristol,51.4545,-2.5879,2018-03-18,-0.87,1.2,-1.97,3.98,86.36,6.03
Bristol,51.4545,-2.5879,2018-03-19,0.09,3.39,-2.32,0.44,78.82,5.77
Bristol,51.4545,-2.5879,2018-03-20,2.77,7.58,-1.71,0.25,89.53,3.38
Bristol,51.4545,-2.5879,2018-03-21,3.18,8.13,-1.31,0.01,87.42,2.71
Bristol,51.4545,-2.5879,2018-03-22,5.34,8.98,1.55,0.44,87.68,3.91
Bristol,51.4545,-2.5879,2018-03-23,7.53,10.59,5.13,4.46,87.93,4.34
Bristol,51.4545,-2.5879,2018-03-24,5.99,8.61,4.45,3.31,94.47,2.32
Bristol,51.4545,-2.5879,2018-03-25,5.76,11.01,2.34,0.03,85.88,2.31
Bristol,51.4545,-2.5879,2018-03-26,5.56,10.84,-0.08,1.59,87.1,2.26
Bristol,51.4545,-2.5879,2018-03-27,7.94,11.92,4.94,4.7,90.48,4.2
Bristol,51.4545,-2.5879,2018-03-28,4.61,7.98,1.07,8.76,90.06,2.79
Bristol,51.4545,-2.5879,2018-03-29,3.98,6.7,0.65,5.44,95.14,3.18
Bristol,51.4545,-2.5879,2018-03-30,4.24,6.68,1.84,13.0,95.29,2.59
Bristol,51.4545,-2.5879,2018-03-31,4.52,7.51,1.7,4.12,92.99,3.69
Bristol,51.4545,-2.5879,2018-04-01,3.29,7.05,-0.92,11.02,88.25,2.48
Bristol,51.4545,-2.5879,2018-04-02,7.83,11.21,1.74,9.78,95.69,4.66
Bristol,51.4545,-2.5879,2018-04-03,9.39,11.48,7.58,2.47,89.81,4.64
Bristol,51.4545,-2.5879,2018-04-04,7.83,10.7,3.5,4.12,91.99,4.9
Bristol,51.4545,-2.5879,2018-04-05,5.35,10.34,-0.05,0.01,78.21,3.04
Bristol,51.4545,-2.5879,2018-04-06,8.06,12.13,3.74,0.03,89.43,4.18
Bristol,51.4545,-2.5879,2018-04-07,8.62,11.45,6.56,5.98,94.56,1.76
Bristol,51.4545,-2.5879,2018-04-08,8.03,11.75,5.19,0.7,90.69,1.44
Bristol,51.4545,-2.5879,2018-04-09,8.01,10.71,4.95,8.19,94.05,2.39
Bristol,51.4545,-2.5879,2018-04-10,9.48,12.12,7.02,4.47,93.77,3.6
Bristol,51.4545,-2.5879,2018-04-11,8.19,9.37,6.86,3.77,94.86,2.93
Bristol,51.4545,-2.5879,2018-04-12,7.38,8.76,6.27,0.76,95.86,2.48
Bristol,51.4545,-2.5879,2018-04-13,8.43,11.14,6.33,0.33,93.34,1.45
Bristol,51.4545,-2.5879,2018-04-14,10.17,15.69,5.82,0.13,88.19,1.78
Bristol,51.4545,-2.5879,2018-04-15,9.35,12.06,6.98,3.21,92.99,3.96
Bristol,51.4545,-2.5879,2018-04-16,9.28,12.74,6.08,0.53,86.35,4.5
Bristol,51.4545,-2.5879,2018-04-17,10.93,13.35,8.12,1.11,91.78,6.11
Bristol,51.4545,-2.5879,2018-04-18,13.73,19.36,9.25,0.09,85.45,3.85
Bristol,51.4545,-2.5879,2018-04-19,14.27,20.99,7.79,0.03,84.82,1.7
Bristol,51.4545,-2.5879,2018-04-20,13.4,19.55,7.14,0.02,81.68,1.41
Bristol,51.4545,-2.5879,2018-04-21,14.33,20.45,8.43,1.25,87.53,2.7
Bristol,51.4545,-2.5879,2018-04-22,12.03,16.07,8.02,0.82,86.61,3.72
Bristol,51.4545,-2.5879,2018-04-23,10.04,13.0,7.1,0.36,86.89,4.28
Bristol,51.4545,-2.5879,2018-04-24,10.82,13.22,7.84,7.22,93.21,4.49
Bristol,51.4545,-2.5879,2018-04-25,8.77,11.5,6.45,1.25,85.78,4.86
Bristol,51.4545,-2.5879,2018-04-26,8.54,11.68,5.41,0.42,82.79,3.88
Bristol,51.4545,-2.5879,2018-04-27,7.35,9.16,6.07,11.49,93.91,3.2
Bristol,51.4545,-2.5879,2018-04-28,7.35,10.63,4.41,1.28,88.38,2.94
Bristol,51.4545,-2.5879,2018-04-29,6.87,9.88,4.33,0.3,84.56,4.44
Bristol,51.4545,-2.5879,2018-04-30,6.38,10.52,3.05,0.01,80.28,4.41
Bristol,51.4545,-2.5879,2018-05-01,7.45,12.13,0.95,0.92,84.82,4.38
Bristol,51.4545,-2.5879,2018-05-02,9.2,12.4,5.3,8.95,84.53,5.03
Bristol,51.4545,-2.5879,2018-05-03,9.54,13.99,5.43,0.03,82.33,2.21
Bristol,51.4545,-2.5879,2018-05-04,12.52,16.35,7.98,0.18,82.94,1.3
Bristol,51.4545,-2.5879,2018-05-05,15.11,20.45,8.85,0.0,75.75,0.64
Bristol,51.4545,-2.5879,2018-05-06,16.06,21.53,9.52,0.0,66.24,1.14
Bristol,51.4545,-2.5879,2018-05-07,17.52,23.4,11.52,0.0,69.12,1.19
Bristol,51.4545,-2.5879,2018-05-08,12.43,17.36,7.4,0.04,86.33,2.82
Bristol,51.4545,-2.5879,2018-05-09,10.94,15.37,6.43,2.86,83.86,2.58
Bristol,51.4545,-2.5879,2018-05-10,9.96,13.8,6.06,0.04,78.47,3.1
Bristol,51.4545,-2.5879,2018-05-11,9.9,13.9,5.43,1.97,87.84,3.83
Bristol,51.4545,-2.5879,2018-05-12,9.3,12.34,6.32,0.11,77.31,0.88
Bristol,51.4545,-2.5879,2018-05-13,10.87,16.09,5.59,0.02,74.98,2.07
Bristol,51.4545,-2.5879,2018-05-14,11.9,17.87,4.89,0.0,76.12,2.24
Bristol,51.4545,-2.5879,2018-05-15,13.62,19.45,6.56,0.01,79.31,2.74
Bristol,51.4545,-2.5879,2018-05-16,11.29,13.85,6.52,1.08,88.23,3.95
Bristol,51.4545,-2.5879,2018-05-17,9.93,15.51,4.53,0.0,76.07,2.57
Bristol,51.4545,-2.5879,2018-05-18,12.02,17.23,4.29,0.0,72.99,0.94
Bristol,51.4545,-2.5879,2018-05-19,14.73,19.61,9.54,0.0,68.92,0.88
Bristol,51.4545,-2.5879,2018-05-20,14.57,20.39,7.33,0.0,75.8,1.41
Bristol,51.4545,-2.5879,2018-05-21,15.07,21.1,7.81,0.36,78.19,1.64
Bristol,51.4545,-2.5879,2018-05-22,14.7,19.66,9.3,0.05,79.25,3.29
Bristol,51.4545,-2.5879,2018-05-23,13.45,19.41,7.59,0.03,79.89,3.44
Bristol,51.4545,-2.5879,2018-05-24,11.85,14.58,8.91,8.55,92.1,2.63
Bristol,51.4545,-2.5879,2018-05-25,12.83,16.25,10.29,4.38,91.19,1.77
Bristol,51.4545,-2.5879,2018-05-26,15.95,21.46,10.59,2.62,86.83,4.27
Bristol,51.4545,-2.5879,2018-05-27,17.07,21.99,12.25,1.94,83.26,2.38
Bristol,51.4545,-2.5879,2018-05-28,18.07,22.65,12.04,0.07,84.82,1.87
Bristol,51.4545,-2.5879,2018-05-29,16.33,19.8,12.39,6.74,86.97,3.72
Bristol,51.4545,-2.5879,2018-05-30,15.4,18.61,13.22,7.07,90.44,1.82
Bristol,51.4545,-2.5879,2018-05-31,17.19,21.4,11.54,7.03,87.87,1.29
Bristol,51.4545,-2.5879,2018-06-01,17.07,21.04,13.29,2.87,87.89,2.3
Bristol,51.4545,-2.5879,2018-06-02,16.4,20.57,12.31,0.28,81.59,2.14
Bristol,51.4545,-2.5879,2018-06-03,18.05,23.24,11.5,0.0,76.01,1.25
Bristol,51.4545,-2.5879,2018-06-04,17.38,21.35,13.66,0.37,84.98,2.73
Bristol,51.4545,-2.5879,2018-06-05,14.27,18.16,11.01,0.2,84.75,2.91
Bristol,51.4545,-2.5879,2018-06-06,14.25,19.87,7.88,0.0,76.95,2.31
Bristol,51.4545,-2.5879,2018-06-07,14.84,18.37,10.02,0.62,87.49,2.17
Bristol,51.4545,-2.5879,2018-06-08,15.88,18.75,13.61,1.78,89.44,2.05
Bristol,51.4545,-2.5879,2018-06-09,16.16,20.48,12.16,0.06,84.17,1.93
Bristol,51.4545,-2.5879,2018-06-10,16.85,21.52,11.32,0.05,82.22,1.89
Bristol,51.4545,-2.5879,2018-06-11,17.4,22.25,11.97,0.03,76.68,2.6
Bristol,51.4545,-2.5879,2018-06-12,15.31,18.67,10.38,0.1,80.05,2.48
Bristol,51.4545,-2.5879,2018-06-13,15.69,19.48,11.34,0.75,81.81,3.06
Bristol,51.4545,-2.5879,2018-06-14,15.22,18.76,10.84,0.74,80.32,4.87
Bristol,51.4545,-2.5879,2018-06-15,13.83,17.56,9.71,0.2,80.55,2.72
Bristol,51.4545,-2.5879,2018-06-16,13.86,17.87,10.5,2.62,83.89,4.11
Bristol,51.4545,-2.5879,2018-06-17,14.81,18.16,11.69,1.49,87.31,4.01
Bristol,51.4545,-2.5879,2018-06-18,16.44,19.55,12.69,0.68,84.85,4.66
Bristol,51.4545,-2.5879,2018-06-19,17.73,21.99,14.05,0.61,86.57,3.53
Bristol,51.4545,-2.5879,2018-06-20,16.81,21.29,10.88,0.57,84.93,4.05
Bristol,51.4545,-2.5879,2018-06-21,13.34,17.88,8.8,0.0,69.99,3.48
Bristol,51.4545,-2.5879,2018-06-22,14.18,19.69,7.74,0.0,71.29,2.1
Bristol,51.4545,-2.5879,2018-06-23,15.92,20.47,8.97,0.0,70.26,1.52
Bristol,51.4545,-2.5879,2018-06-24,17.5,22.44,10.22,0.0,68.53,1.52
Bristol,51.4545,-2.5879,2018-06-25,19.66,25.06,12.7,0.0,64.68,1.44
Bristol,51.4545,-2.5879,2018-06-26,20.03,25.92,13.14,0.0,67.07,1.82
Bristol,51.4545,-2.5879,2018-06-27,18.07,24.71,10.96,0.0,69.03,2.74
Bristol,51.4545,-2.5879,2018-06-28,18.13,24.97,10.17,0.01,76.65,3.14
Bristol,51.4545,-2.5879,2018-06-29,18.32,24.48,11.43,0.01,71.46,3.21
Bristol,51.4545,-2.5879,2018-06-30,18.79,25.93,11.13,0.02,70.59,3.01
Bristol,51.4545,-2.5879,2018-07-01,19.35,25.68,12.46,1.12,73.85,2.81
Bristol,51.4545,-2.5879,2018-07-02,19.94,25.89,14.11,0.07,64.93,3.96
Bristol,51.4545,-2.5879,2018-07-03,18.93,25.68,11.33,0.0,63.73,3.7
Bristol,51.4545,-2.5879,2018-07-04,17.92,22.35,12.49,0.97,75.25,1.93
Bristol,51.4545,-2.5879,2018-07-05,20.65,26.25,14.59,0.15,73.53,1.69
Bristol,51.4545,-2.5879,2018-07-06,19.67,25.29,13.88,0.0,72.82,2.11
Bristol,51.4545,-2.5879,2018-07-07,20.4,26.37,13.1,0.0,72.46,1.71
Bristol,51.4545,-2.5879,2018-07-08,21.78,27.35,14.65,0.0,70.83,2.14
Bristol,51.4545,-2.5879,2018-07-09,21.59,26.85,15.92,0.03,72.72,2.5
Bristol,51.4545,-2.5879,2018-07-10,18.96,23.25,14.56,0.02,70.44,2.76
Bristol,51.4545,-2.5879,2018-07-11,19.14,24.19,12.63,0.02,69.56,1.74
Bristol,51.4545,-2.5879,2018-07-12,19.86,23.7,13.79,0.97,67.16,1.02
Bristol,51.4545,-2.5879,2018-07-13,19.84,23.65,14.79,2.53,69.87,1.49
Bristol,51.4545,-2.5879,2018-07-14,19.2,25.31,12.72,0.03,70.94,1.85
Bristol,51.4545,-2.5879,2018-07-15,19.65,25.54,13.53,0.02,71.15,1.95
Bristol,51.4545,-2.5879,2018-07-16,19.22,25.18,13.56,0.28,70.99,2.57
Bristol,51.4545,-2.5879,2018-07-17,17.16,21.27,12.2,0.45,73.49,2.94
Bristol,51.4545,-2.5879,2018-07-18,18.63,23.85,13.1,0.38,71.54,2.2
Bristol,51.4545,-2.5879,2018-07-19,18.97,24.1,13.61,0.0,67.6,1.44
Bristol,51.4545,-2.5879,2018-07-20,18.37,23.45,13.16,1.35,72.9,2.06
Bristol,51.4545,-2.5879,2018-07-21,19.73,25.44,13.25,0.14,72.33,1.38
Bristol,51.4545,-2.5879,2018-07-22,20.97,26.52,15.42,0.04,74.29,2.23
Bristol,51.4545,-2.5879,2018-07-23,21.4,27.16,16.01,0.23,77.67,2.43
Bristol,51.4545,-2.5879,2018-07-24,20.31,25.68,15.06,0.09,72.36,2.54
Bristol,51.4545,-2.5879,2018-07-25,19.32,24.85,13.4,0.0,63.43,1.92
Bristol,51.4545,-2.5879,2018-07-26,21.94,28.95,14.73,0.05,64.37,1.86
Bristol,51.4545,-2.5879,2018-07-27,20.42,26.22,15.63,1.2,75.12,3.06
Bristol,51.4545,-2.5879,2018-07-28,16.46,19.34,14.38,6.24,77.18,5.79
Bristol,51.4545,-2.5879,2018-07-29,17.91,23.97,13.97,11.24,85.56,6.34
Bristol,51.4545,-2.5879,2018-07-30,18.2,23.32,14.05,2.24,81.55,3.58
Bristol,51.4545,-2.5879,2018-07-31,17.6,23.19,12.43,1.02,72.36,2.73
Bristol,51.4545,-2.5879,2018-08-01,18.32,23.69,12.2,0.1,72.42,2.83
Bristol,51.4545,-2.5879,2018-08-02,20.34,26.38,14.27,0.17,79.35,2.63
Bristol,51.4545,-2.5879,2018-08-03,21.5,27.18,15.73,0.09,77.48,1.98
Bristol,51.4545,-2.5879,2018-08-04,20.9,26.22,16.01,0.05,72.33,2.32
Bristol,51.4545,-2.5879,2018-08-05,21.18,27.96,13.81,0.01,69.41,2.24
Bristol,51.4545,-2.5879,2018-08-06,20.37,26.27,14.89,0.01,72.91,1.84
Bristol,51.4545,-2.5879,2018-08-07,18.73,25.02,13.65,0.09,75.81,2.71
Bristol,51.4545,-2.5879,2018-08-08,16.7,21.43,12.45,1.32,73.18,3.16
Bristol,51.4545,-2.5879,2018-08-09,16.01,19.99,12.25,0.31,67.56,2.66
Bristol,51.4545,-2.5879,2018-08-10,14.64,18.87,10.98,7.71,76.61,3.64
Bristol,51.4545,-2.5879,2018-08-11,15.87,21.01,9.7,8.7,80.59,3.89
Bristol,51.4545,-2.5879,2018-08-12,17.54,22.13,14.38,16.75,88.32,4.05
Bristol,51.4545,-2.5879,2018-08-13,17.88,22.63,13.48,1.42,81.44,2.97
Bristol,51.4545,-2.5879,2018-08-14,18.21,23.15,13.59,0.21,80.49,3.66
Bristol,51.4545,-2.5879,2018-08-15,19.1,23.84,15.25,0.93,80.98,4.53
Bristol,51.4545,-2.5879,2018-08-16,16.36,19.8,12.3,11.8,80.93,3.91
Bristol,51.4545,-2.5879,2018-08-17,15.71,20.2,10.78,0.17,80.04,3.52
Bristol,51.4545,-2.5879,2018-08-18,18.45,22.93,14.82,0.69,82.04,4.09
Bristol,51.4545,-2.5879,2018-08-19,19.02,23.54,15.6,0.69,84.51,4.61
Bristol,51.4545,-2.5879,2018-08-20,19.35,24.08,15.66,1.59,85.62,2.71
Bristol,51.4545,-2.5879,2018-08-21,18.61,23.73,14.49,0.36,81.84,2.02
Bristol,51.4545,-2.5879,2018-08-22,18.98,23.91,14.89,1.24,84.91,2.9
Bristol,51.4545,-2.5879,2018-08-23,16.72,20.38,11.85,3.22,79.63,3.61
Bristol,51.4545,-2.5879,2018-08-24,12.7,15.69,9.4,3.96,82.18,4.19
Bristol,51.4545,-2.5879,2018-08-25,13.28,18.09,8.36,0.14,72.46,2.6
Bristol,51.4545,-2.5879,2018-08-26,14.76,20.1,10.47,19.02,88.5,4.51
Bristol,51.4545,-2.5879,2018-08-27,15.9,19.38,13.1,0.18,75.38,3.98
Bristol,51.4545,-2.5879,2018-08-28,15.83,20.07,12.54,0.02,74.82,1.56
Bristol,51.4545,-2.5879,2018-08-29,15.46,20.03,10.9,0.45,76.19,2.56
Bristol,51.4545,-2.5879,2018-08-30,13.57,18.9,8.35,0.0,70.85,1.49
Bristol,51.4545,-2.5879,2018-08-31,14.88,21.55,8.02,0.02,74.0,1.77
Bristol,51.4545,-2.5879,2018-09-01,16.82,22.84,10.74,0.09,79.59,2.42
Bristol,51.4545,-2.5879,2018-09-02,18.2,23.63,13.51,0.02,72.78,2.16
Bristol,51.4545,-2.5879,2018-09-03,16.9,21.23,13.15,1.04,81.48,2.18
Bristol,51.4545,-2.5879,2018-09-04,15.04,18.92,12.01,0.46,84.66,2.83
Bristol,51.4545,-2.5879,2018-09-05,15.58,20.62,10.85,0.05,75.52,2.6
Bristol,51.4545,-2.5879,2018-09-06,13.75,18.46,8.93,0.86,82.43,2.76
Bristol,51.4545,-2.5879,2018-09-07,12.74,17.72,7.95,0.04,76.36,2.92
Bristol,51.4545,-2.5879,2018-09-08,15.05,19.44,11.3,1.21,84.07,3.36
Bristol,51.4545,-2.5879,2018-09-09,15.97,20.54,13.43,0.67,83.6,4.07
Bristol,51.4545,-2.5879,2018-09-10,15.79,19.74,11.8,0.17,79.48,4.03
Bristol,51.4545,-2.5879,2018-09-11,17.25,20.88,13.59,2.76,86.12,4.24
Bristol,51.4545,-2.5879,2018-09-12,13.26,17.13,9.36,0.85,77.02,1.85
Bristol,51.4545,-2.5879,2018-09-13,12.77,18.23,7.85,0.09,78.08,2.49
Bristol,51.4545,-2.5879,2018-09-14,13.37,17.56,9.57,1.51,86.32,3.61
Bristol,51.4545,-2.5879,2018-09-15,14.77,19.82,10.23,0.17,81.3,3.07
Bristol,51.4545,-2.5879,2018-09-16,16.92,21.97,12.68,1.12,86.23,4.13
Bristol,51.4545,-2.5879,2018-09-17,17.8,22.66,15.0,0.62,81.9,4.51
Bristol,51.4545,-2.5879,2018-09-18,17.55,21.22,15.38,1.66,82.36,6.44
Bristol,51.4545,-2.5879,2018-09-19,16.7,21.63,13.26,1.83,81.89,5.9
Bristol,51.4545,-2.5879,2018-09-20,16.79,19.34,13.27,17.42,90.37,6.59
Bristol,51.4545,-2.5879,2018-09-21,11.9,15.23,8.86,0.93,76.68,6.36
Bristol,51.4545,-2.5879,2018-09-22,11.06,12.76,9.58,10.61,87.68,3.31
Bristol,51.4545,-2.5879,2018-09-23,9.82,14.0,6.2,12.52,81.97,4.18
Bristol,51.4545,-2.5879,2018-09-24,9.71,15.1,5.06,0.0,74.73,1.87
Bristol,51.4545,-2.5879,2018-09-25,10.29,16.97,3.79,0.0,77.68,2.31
Bristol,51.4545,-2.5879,2018-09-26,13.17,19.85,6.8,0.03,81.11,1.74
Bristol,51.4545,-2.5879,2018-09-27,13.05,19.86,6.89,0.01,80.89,2.01
Bristol,51.4545,-2.5879,2018-09-28,11.05,16.0,6.32,0.05,75.32,3.31
Bristol,51.4545,-2.5879,2018-09-29,9.85,16.4,5.17,0.0,79.65,1.39
Bristol,51.4545,-2.5879,2018-09-30,10.17,14.74,6.37,0.07,82.84,2.75
Bristol,51.4545,-2.5879,2018-10-01,10.18,15.13,5.82,0.27,78.68,3.16
Bristol,51.4545,-2.5879,2018-10-02,14.25,18.35,10.42,0.89,89.95,4.38
Bristol,51.4545,-2.5879,2018-10-03,13.47,18.7,9.64,0.18,90.05,2.51
Bristol,51.4545,-2.5879,2018-10-04,13.3,19.51,9.15,0.23,88.92,2.56
Bristol,51.4545,-2.5879,2018-10-05,14.17,19.23,10.67,0.47,87.34,1.41
Bristol,51.4545,-2.5879,2018-10-06,8.28,11.12,4.8,7.22,90.62,4.48
Bristol,51.4545,-2.5879,2018-10-07,8.19,12.81,3.32,0.01,81.26,2.22
Bristol,51.4545,-2.5879,2018-10-08,12.6,16.91,9.42,0.13,85.71,3.47
Bristol,51.4545,-2.5879,2018-10-09,12.9,19.13,9.12,0.1,85.49,2.95
Bristol,51.4545,-2.5879,2018-10-10,15.19,22.32,9.39,0.19,84.18,3.35
Bristol,51.4545,-2.5879,2018-10-11,13.94,17.5,10.66,3.13,94.08,4.15
Bristol,51.4545,-2.5879,2018-10-12,15.93,18.76,12.22,8.65,87.09,8.73
Bristol,51.4545,-2.5879,2018-10-13,17.57,21.2,13.1,4.42,85.77,7.1
Bristol,51.4545,-2.5879,2018-10-14,10.65,12.92,8.59,21.6,91.73,3.74
Bristol,51.4545,-2.5879,2018-10-15,10.27,12.36,8.52,5.97,94.32,4.13
Bristol,51.4545,-2.5879,2018-10-16,12.96,16.64,10.69,0.62,91.42,2.37
Bristol,51.4545,-2.5879,2018-10-17,12.32,15.32,10.18,0.78,89.91,1.99
Bristol,51.4545,-2.5879,2018-10-18,9.45,14.27,5.72,0.11,89.28,2.62
Bristol,51.4545,-2.5879,2018-10-19,9.82,15.45,5.27,0.06,88.01,1.17
Bristol,51.4545,-2.5879,2018-10-20,11.52,16.53,8.65,0.12,91.74,1.56
Bristol,51.4545,-2.5879,2018-10-21,11.75,16.54,7.62,0.25,90.08,2.69
Bristol,51.4545,-2.5879,2018-10-22,8.19,13.13,4.52,0.0,83.04,2.73
Bristol,51.4545,-2.5879,2018-10-23,10.0,15.05,5.43,0.04,87.71,3.51
Bristol,51.4545,-2.5879,2018-10-24,9.76,15.45,5.28,0.03,88.48,2.04
Bristol,51.4545,-2.5879,2018-10-25,9.01,12.16,6.19,0.17,88.44,1.98
Bristol,51.4545,-2.5879,2018-10-26,7.76,9.57,4.61,1.92,86.19,3.78
Bristol,51.4545,-2.5879,2018-10-27,4.13,6.4,2.53,0.95,85.65,4.75
Bristol,51.4545,-2.5879,2018-10-28,4.78,9.5,1.93,0.13,86.29,4.89
Bristol,51.4545,-2.5879,2018-10-29,2.99,7.93,0.59,0.12,87.83,3.1
Bristol,51.4545,-2.5879,2018-10-30,3.58,8.67,1.06,0.08,86.96,3.05
Bristol,51.4545,-2.5879,2018-10-31,6.72,12.69,0.12,1.27,89.35,3.18
Bristol,51.4545,-2.5879,2018-11-01,7.12,10.73,2.09,1.77,88.89,2.41
Bristol,51.4545,-2.5879,2018-11-02,5.25,10.67,1.22,0.02,83.79,1.81
Bristol,51.4545,-2.5879,2018-11-03,10.06,13.0,6.37,1.2,88.47,5.53
Bristol,51.4545,-2.5879,2018-11-04,10.47,12.1,7.99,4.15,95.37,4.37
Bristol,51.4545,-2.5879,2018-11-05,10.49,14.24,7.82,0.39,95.35,2.77
Bristol,51.4545,-2.5879,2018-11-06,11.67,14.18,9.12,5.54,93.18,4.98
Bristol,51.4545,-2.5879,2018-11-07,10.44,12.59,5.88,14.2,91.8,5.57
Bristol,51.4545,-2.5879,2018-11-08,9.03,12.7,5.6,2.52,88.8,4.69
Bristol,51.4545,-2.5879,2018-11-09,9.9,12.02,7.64,16.72,91.73,5.86
Bristol,51.4545,-2.5879,2018-11-10,9.5,11.07,7.95,5.27,96.52,3.62
Bristol,51.4545,-2.5879,2018-11-11,9.27,12.38,7.06,2.83,91.61,4.05
Bristol,51.4545,-2.5879,2018-11-12,9.57,12.59,7.61,3.81,92.06,4.47
Bristol,51.4545,-2.5879,2018-11-13,9.57,12.15,7.23,0.49,91.82,3.9
Bristol,51.4545,-2.5879,2018-11-14,10.78,13.48,9.65,0.17,89.84,4.26
Bristol,51.4545,-2.5879,2018-11-15,10.7,14.56,7.41,0.38,96.4,2.72
Bristol,51.4545,-2.5879,2018-11-16,10.86,13.52,9.17,0.57,96.95,2.26
Bristol,51.4545,-2.5879,2018-11-17,7.04,9.75,4.07,0.16,90.49,3.82
Bristol,51.4545,-2.5879,2018-11-18,5.36,10.21,3.21,0.04,89.13,4.33
Bristol,51.4545,-2.5879,2018-11-19,5.0,8.5,2.11,0.21,89.2,4.79
Bristol,51.4545,-2.5879,2018-11-20,3.17,5.11,2.12,1.27,93.67,4.58
Bristol,51.4545,-2.5879,2018-11-21,3.37,5.94,1.52,2.83,96.77,3.04
Bristol,51.4545,-2.5879,2018-11-22,1.92,4.71,-1.0,0.25,96.07,3.33
Bristol,51.4545,-2.5879,2018-11-23,5.26,7.25,2.66,1.68,97.7,3.56
Bristol,51.4545,-2.5879,2018-11-24,6.75,8.25,5.52,2.23,94.77,3.83
Bristol,51.4545,-2.5879,2018-11-25,5.18,7.53,3.6,0.24,94.38,3.71
Bristol,51.4545,-2.5879,2018-11-26,4.21,7.08,2.9,0.15,93.37,2.04
Bristol,51.4545,-2.5879,2018-11-27,5.39,10.16,0.73,11.77,97.62,3.83
Bristol,51.4545,-2.5879,2018-11-28,10.87,13.12,6.95,5.49,94.53,6.6
Bristol,51.4545,-2.5879,2018-11-29,10.4,12.6,8.36,8.16,91.58,7.07
Bristol,51.4545,-2.5879,2018-11-30,7.59,9.79,6.13,0.92,93.13,3.92
Bristol,51.4545,-2.5879,2018-12-01,9.64,12.69,6.04,8.17,95.98,4.36
Bristol,51.4545,-2.5879,2018-12-02,11.59,12.74,9.99,6.43,94.84,5.52
Bristol,51.4545,-2.5879,2018-12-03,8.72,12.14,3.85,4.62,95.68,3.79
Bristol,51.4545,-2.5879,2018-12-04,4.04,6.59,2.15,6.32,95.31,1.78
Bristol,51.4545,-2.5879,2018-12-05,10.17,11.81,5.42,7.6,97.0,3.67
Bristol,51.4545,-2.5879,2018-12-06,10.68,11.7,9.18,4.78,96.6,3.91
Bristol,51.4545,-2.5879,2018-12-07,9.09,11.62,6.94,12.56,86.6,6.74
Bristol,51.4545,-2.5879,2018-12-08,8.87,11.23,7.78,4.36,87.03,7.83
Bristol,51.4545,-2.5879,2018-12-09,8.27,9.62,6.5,2.49,89.14,6.15
Bristol,51.4545,-2.5879,2018-12-10,6.48,9.07,5.39,0.15,93.62,2.4
Bristol,51.4545,-2.5879,2018-12-11,7.29,8.78,5.63,0.34,94.71,2.67
Bristol,51.4545,-2.5879,2018-12-12,5.59,7.78,2.15,0.49,92.4,4.31
Bristol,51.4545,-2.5879,2018-12-13,1.54,4.5,-2.17,0.0,90.74,4.52
Bristol,51.4545,-2.5879,2018-12-14,-0.44,2.98,-2.68,0.05,94.17,3.23
Bristol,51.4545,-2.5879,2018-12-15,3.98,10.04,0.43,16.16,93.87,6.9
Bristol,51.4545,-2.5879,2018-12-16,6.11,7.48,4.33,4.98,96.22,3.43
Bristol,51.4545,-2.5879,2018-12-17,6.8,8.9,3.95,0.24,96.93,3.57
Bristol,51.4545,-2.5879,2018-12-18,8.11,9.63,5.86,13.73,94.23,6.33
Bristol,51.4545,-2.5879,2018-12-19,6.7,8.41,5.38,8.02,96.3,3.93
Bristol,51.4545,-2.5879,2018-12-20,7.51,9.07,6.44,5.76,95.02,4.46
Bristol,51.4545,-2.5879,2018-12-21,9.53,11.54,7.83,5.68,91.28,5.97
Bristol,51.4545,-2.5879,2018-12-22,8.03,10.15,6.74,0.47,96.3,3.82
Bristol,51.4545,-2.5879,2018-12-23,8.84,11.49,5.54,10.67,96.94,3.18
Bristol,51.4545,-2.5879,2018-12-24,5.51,6.42,4.96,0.92,96.65,2.45
Bristol,51.4545,-2.5879,2018-12-25,7.09,9.66,5.45,0.36,98.51,1.66
Bristol,51.4545,-2.5879,2018-12-26,6.87,9.65,4.64,0.26,98.11,1.38
Bristol,51.4545,-2.5879,2018-12-27,4.53,6.31,3.41,0.03,96.16,0.89
Bristol,51.4545,-2.5879,2018-12-28,6.34,8.88,4.1,0.22,98.02,1.57
Bristol,51.4545,-2.5879,2018-12-29,9.05,11.24,7.66,0.69,97.25,3.17
Bristol,51.4545,-2.5879,2018-12-30,8.48,10.1,7.1,0.47,98.19,1.88
Bristol,51.4545,-2.5879,2018-12-31,7.36,8.85,5.65,0.22,96.5,2.06
Bristol,51.4545,-2.5879,2019-01-01,6.28,8.96,2.82,0.1,95.94,2.44
Bristol,51.4545,-2.5879,2019-01-02,1.63,4.44,-0.71,0.02,87.47,1.37
Bristol,51.4545,-2.5879,2019-01-03,1.08,3.64,-1.45,0.01,78.16,0.91
Bristol,51.4545,-2.5879,2019-01-04,-0.77,2.61,-2.49,0.0,93.34,1.02
Bristol,51.4545,-2.5879,2019-01-05,0.64,3.91,-1.67,0.03,95.9,1.39
Bristol,51.4545,-2.5879,2019-01-06,3.74,6.25,2.47,0.12,99.71,1.48
Bristol,51.4545,-2.5879,2019-01-07,7.13,9.54,3.78,0.53,97.36,3.8
Bristol,51.4545,-2.5879,2019-01-08,4.55,7.71,1.57,0.01,95.54,3.07
Bristol,51.4545,-2.5879,2019-01-09,1.25,4.63,-1.5,0.02,95.49,2.7
Bristol,51.4545,-2.5879,2019-01-10,2.12,5.27,-1.51,0.37,96.47,1.94
Bristol,51.4545,-2.5879,2019-01-11,4.89,7.75,3.3,0.14,96.63,2.46
Bristol,51.4545,-2.5879,2019-01-12,7.55,8.68,4.6,0.48,94.97,4.7
Bristol,51.4545,-2.5879,2019-01-13,8.29,9.74,5.29,0.16,90.21,5.97
Bristol,51.4545,-2.5879,2019-01-14,4.87,8.26,2.32,0.02,92.89,2.79
Bristol,51.4545,-2.5879,2019-01-15,6.68,8.61,3.51,1.08,97.42,3.7
Bristol,51.4545,-2.5879,2019-01-16,6.45,9.37,3.41,3.68,95.25,4.06
Bristol,51.4545,-2.5879,2019-01-17,2.31,4.75,0.08,0.3,86.42,2.82
Bristol,51.4545,-2.5879,2019-01-18,2.09,4.05,-0.49,5.24,90.57,4.16
Bristol,51.4545,-2.5879,2019-01-19,4.96,6.58,2.73,2.81,97.53,2.93
Bristol,51.4545,-2.5879,2019-01-20,2.36,5.22,0.52,0.19,96.38,1.27
Bristol,51.4545,-2.5879,2019-01-21,3.15,5.12,1.0,3.92,95.88,2.81
Bristol,51.4545,-2.5879,2019-01-22,1.96,4.57,0.35,2.51,95.87,2.87
Bristol,51.4545,-2.5879,2019-01-23,1.31,4.09,-0.96,0.22,93.73,2.11
Bristol,51.4545,-2.5879,2019-01-24,3.62,6.85,0.16,0.81,96.48,1.4
Bristol,51.4545,-2.5879,2019-01-25,7.73,10.36,4.51,0.66,97.04,3.17
Bristol,51.4545,-2.5879,2019-01-26,7.47,8.91,6.45,3.86,95.35,5.22
Bristol,51.4545,-2.5879,2019-01-27,3.98,6.79,1.29,3.3,85.53,6.78
Bristol,51.4545,-2.5879,2019-01-28,1.64,5.44,-0.38,0.02,90.48,2.71
Bristol,51.4545,-2.5879,2019-01-29,2.0,4.41,-0.34,5.6,96.61,2.76
Bristol,51.4545,-2.5879,2019-01-30,0.6,3.46,-1.05,0.6,93.05,1.83
Bristol,51.4545,-2.5879,2019-01-31,-0.2,1.75,-1.88,3.33,95.38,3.99
Bristol,51.4545,-2.5879,2019-02-01,0.47,2.29,-0.97,1.35,93.06,5.94
Bristol,51.4545,-2.5879,2019-02-02,-0.15,3.76,-2.92,0.22,93.27,3.7
Bristol,51.4545,-2.5879,2019-02-03,1.64,5.54,-3.06,0.4,95.54,2.94
Bristol,51.4545,-2.5879,2019-02-04,6.0,9.83,2.09,6.67,94.44,3.4
Bristol,51.4545,-2.5879,2019-02-05,6.29,9.66,0.7,5.25,98.07,4.01
Bristol,51.4545,-2.5879,2019-02-06,7.11,9.31,5.15,2.64,95.03,2.85
Bristol,51.4545,-2.5879,2019-02-07,6.39,8.41,5.11,2.54,89.35,6.32
Bristol,51.4545,-2.5879,2019-02-08,8.24,10.52,6.2,9.3,92.63,7.55
Bristol,51.4545,-2.5879,2019-02-09,6.57,8.63,5.47,3.61,86.13,6.42
Bristol,51.4545,-2.5879,2019-02-10,5.16,6.89,3.57,5.3,91.27,4.44
Bristol,51.4545,-2.5879,2019-02-11,5.3,9.16,1.91,0.13,90.1,2.4
Bristol,51.4545,-2.5879,2019-02-12,5.81,8.92,2.58,0.36,96.57,2.81
Bristol,51.4545,-2.5879,2019-02-13,6.97,10.35,4.77,0.05,93.77,3.57
Bristol,51.4545,-2.5879,2019-02-14,5.68,10.66,2.44,0.14,93.08,2.67
Bristol,51.4545,-2.5879,2019-02-15,7.05,12.45,4.25,0.16,93.82,3.43
Bristol,51.4545,-2.5879,2019-02-16,9.26,11.66,6.45,0.44,95.98,3.8
Bristol,51.4545,-2.5879,2019-02-17,8.28,11.82,6.16,0.21,94.73,4.62
Bristol,51.4545,-2.5879,2019-02-18,6.88,9.07,4.34,1.26,95.35,3.54
Bristol,51.4545,-2.5879,2019-02-19,6.34,9.37,4.48,0.17,91.93,3.85
Bristol,51.4545,-2.5879,2019-02-20,7.8,10.65,5.94,0.12,91.07,4.42
Bristol,51.4545,-2.5879,2019-02-21,8.74,12.99,6.5,0.31,93.44,3.24
Bristol,51.4545,-2.5879,2019-02-22,7.05,11.34,5.14,0.12,92.84,2.9
Bristol,51.4545,-2.5879,2019-02-23,8.57,14.16,5.41,0.06,92.75,2.68
Bristol,51.4545,-2.5879,2019-02-24,7.14,13.56,2.13,0.09,91.64,1.62
Bristol,51.4545,-2.5879,2019-02-25,5.97,13.84,0.51,0.02,87.87,1.81
Bristol,51.4545,-2.5879,2019-02-26,6.93,14.88,1.69,0.0,89.42,1.83
Bristol,51.4545,-2.5879,2019-02-27,7.52,14.75,4.37,0.16,93.39,1.39
Bristol,51.4545,-2.5879,2019-02-28,8.09,10.99,5.84,3.3,95.1,3.27
Bristol,51.4545,-2.5879,2019-03-01,7.78,11.29,6.2,0.88,94.02,2.94
Bristol,51.4545,-2.5879,2019-03-02,9.25,11.33,7.17,4.01,91.38,5.02
Bristol,51.4545,-2.5879,2019-03-03,8.54,11.13,4.99,8.19,93.12,6.52
Bristol,51.4545,-2.5879,2019-03-04,5.21,7.81,2.48,1.53,88.52,5.01
Bristol,51.4545,-2.5879,2019-03-05,6.85,9.79,3.89,10.57,90.53,4.75
Bristol,51.4545,-2.5879,2019-03-06,9.05,12.14,5.05,8.44,91.32,6.19
Bristol,51.4545,-2.5879,2019-03-07,6.33,8.81,4.22,2.8,89.93,6.02
Bristol,51.4545,-2.5879,2019-03-08,6.59,9.31,3.34,2.76,93.08,4.36
Bristol,51.4545,-2.5879,2019-03-09,7.24,10.54,5.09,3.4,90.41,4.72
Bristol,51.4545,-2.5879,2019-03-10,6.17,9.66,3.46,7.19,85.06,6.88
Bristol,51.4545,-2.5879,2019-03-11,5.97,9.16,3.06,1.05,81.36,5.66
Bristol,51.4545,-2.5879,2019-03-12,6.66,9.17,4.32,12.97,89.58,7.49
Bristol,51.4545,-2.5879,2019-03-13,6.89,9.14,5.14,1.06,83.65,7.41
Bristol,51.4545,-2.5879,2019-03-14,9.08,11.58,6.8,7.23,89.23,7.07
Bristol,51.4545,-2.5879,2019-03-15,10.04,11.99,8.0,2.9,91.31,6.99
Bristol,51.4545,-2.5879,2019-03-16,9.24,11.22,5.53,7.43,91.43,7.83
Bristol,51.4545,-2.5879,2019-03-17,5.39,7.4,3.44,0.87,86.35,5.08
Bristol,51.4545,-2.5879,2019-03-18,6.08,8.47,3.59,1.05,93.63,2.94
Bristol,51.4545,-2.5879,2019-03-19,7.8,11.39,5.17,0.27,93.33,1.94
Bristol,51.4545,-2.5879,2019-03-20,9.57,12.7,7.14,0.34,92.42,2.18
Bristol,51.4545,-2.5879,2019-03-21,9.89,14.07,6.8,0.37,92.75,1.42
Bristol,51.4545,-2.5879,2019-03-22,9.73,12.31,7.98,0.39,90.99,2.76
Bristol,51.4545,-2.5879,2019-03-23,7.91,11.17,4.08,0.11,81.09,2.38
Bristol,51.4545,-2.5879,2019-03-24,6.7,11.45,2.35,0.01,80.32,2.5
Bristol,51.4545,-2.5879,2019-03-25,6.96,11.83,2.6,0.03,80.9,2.69
Bristol,51.4545,-2.5879,2019-03-26,6.23,12.36,0.31,0.0,86.4,1.75
Bristol,51.4545,-2.5879,2019-03-27,7.61,13.43,1.57,0.0,84.66,1.51
Bristol,51.4545,-2.5879,2019-03-28,8.35,13.89,4.28,0.06,83.93,0.78
Bristol,51.4545,-2.5879,2019-03-29,8.18,13.94,3.51,0.03,85.99,1.55
Bristol,51.4545,-2.5879,2019-03-30,9.21,14.7,4.04,0.03,83.15,1.47
Bristol,51.4545,-2.5879,2019-03-31,7.5,10.34,3.56,0.1,87.25,3.87
Bristol,51.4545,-2.5879,2019-04-01,7.44,14.04,1.83,0.01,82.39,2.35
Bristol,51.4545,-2.5879,2019-04-02,5.42,8.01,2.2,3.9,87.98,3.11
Bristol,51.4545,-2.5879,2019-04-03,3.09,5.58,-0.45,2.73,89.65,1.74
Bristol,51.4545,-2.5879,2019-04-04,4.17,6.35,1.16,14.44,95.52,4.86
Bristol,51.4545,-2.5879,2019-04-05,7.01,8.52,5.58,7.3,91.16,4.89
Bristol,51.4545,-2.5879,2019-04-06,6.88,11.28,4.21,0.19,87.16,3.47
Bristol,51.4545,-2.5879,2019-04-07,8.79,14.24,4.22,0.44,88.15,2.66
Bristol,51.4545,-2.5879,2019-04-08,9.63,13.21,6.2,1.8,89.54,1.16
Bristol,51.4545,-2.5879,2019-04-09,7.92,10.73,3.83,4.44,92.49,2.97
Bristol,51.4545,-2.5879,2019-04-10,6.25,11.84,1.64,0.01,81.64,3.32
Bristol,51.4545,-2.5879,2019-04-11,4.98,11.26,-2.24,0.0,76.56,1.71
Bristol,51.4545,-2.5879,2019-04-12,6.01,11.18,0.85,0.01,79.7,2.44
Bristol,51.4545,-2.5879,2019-04-13,5.29,10.27,0.81,0.0,78.24,3.36
Bristol,51.4545,-2.5879,2019-04-14,4.1,8.79,-0.77,0.0,79.71,3.69
Bristol,51.4545,-2.5879,2019-04-15,7.26,12.26,2.29,0.5,78.59,5.05
Bristol,51.4545,-2.5879,2019-04-16,9.13,13.38,4.8,2.93,83.27,0.94
Bristol,51.4545,-2.5879,2019-04-17,10.3,15.98,4.37,0.01,84.99,1.87
Bristol,51.4545,-2.5879,2019-04-18,11.79,17.21,7.11,0.01,83.88,3.17
Bristol,51.4545,-2.5879,2019-04-19,12.85,20.01,5.93,0.0,77.82,2.35
Bristol,51.4545,-2.5879,2019-04-20,13.76,20.01,6.41,0.0,68.37,1.71
Bristol,51.4545,-2.5879,2019-04-21,14.33,20.67,8.1,0.0,63.65,0.97
Bristol,51.4545,-2.5879,2019-04-22,12.7,19.96,5.92,0.0,79.42,2.44
Bristol,51.4545,-2.5879,2019-04-23,14.22,20.77,8.85,0.24,80.72,1.72
Bristol,51.4545,-2.5879,2019-04-24,10.48,12.95,7.35,5.6,91.01,3.27
Bristol,51.4545,-2.5879,2019-04-25,9.85,12.86,7.09,4.76,86.74,4.52
Bristol,51.4545,-2.5879,2019-04-26,9.46,12.23,7.04,4.1,86.66,4.89
Bristol,51.4545,-2.5879,2019-04-27,8.11,10.33,6.35,2.0,75.11,8.07
Bristol,51.4545,-2.5879,2019-04-28,9.96,14.23,5.7,0.13,78.64,3.22
Bristol,51.4545,-2.5879,2019-04-29,10.63,15.15,6.99,0.64,82.39,1.35
Bristol,51.4545,-2.5879,2019-04-30,10.25,14.61,5.02,0.19,82.62,1.67
Bristol,51.4545,-2.5879,2019-05-01,10.41,13.34,6.71,1.51,89.18,1.8
Bristol,51.4545,-2.5879,2019-05-02,9.54,13.69,5.57,1.3,86.19,2.83
Bristol,51.4545,-2.5879,2019-05-03,9.19,13.37,5.44,1.11,86.1,2.46
Bristol,51.4545,-2.5879,2019-05-04,6.93,10.87,3.32,0.92,73.85,3.62
Bristol,51.4545,-2.5879,2019-05-05,7.45,12.84,0.98,0.02,75.75,1.9
Bristol,51.4545,-2.5879,2019-05-06,7.48,11.9,1.39,0.03,78.6,1.79
Bristol,51.4545,-2.5879,2019-05-07,9.76,14.22,5.58,1.39,76.09,2.38
Bristol,51.4545,-2.5879,2019-05-08,10.12,13.57,6.62,12.48,87.87,4.35
Bristol,51.4545,-2.5879,2019-05-09,9.05,13.0,5.15,1.92,88.0,2.57
Bristol,51.4545,-2.5879,2019-05-10,9.4,13.29,4.82,2.23,83.21,1.64
Bristol,51.4545,-2.5879,2019-05-11,9.61,14.56,5.6,0.08,79.95,2.46
Bristol,51.4545,-2.5879,2019-05-12,10.42,16.55,2.73,0.0,69.25,1.36
Bristol,51.4545,-2.5879,2019-05-13,11.02,16.67,4.83,0.0,73.42,2.44
Bristol,51.4545,-2.5879,2019-05-14,11.25,17.79,3.87,0.0,72.85,2.86
Bristol,51.4545,-2.5879,2019-05-15,12.2,18.5,4.42,0.0,75.19,2.02
Bristol,51.4545,-2.5879,2019-05-16,11.28,17.07,5.19,0.0,74.86,2.75
Bristol,51.4545,-2.5879,2019-05-17,10.57,14.77,6.08,0.95,88.8,2.99
Bristol,51.4545,-2.5879,2019-05-18,12.04,15.66,8.06,0.61,81.85,1.32
Bristol,51.4545,-2.5879,2019-05-19,12.58,16.25,8.07,0.92,83.63,1.71
Bristol,51.4545,-2.5879,2019-05-20,12.93,17.63,8.58,0.16,78.44,2.18
Bristol,51.4545,-2.5879,2019-05-21,12.96,17.92,6.51,0.0,76.31,1.92
Bristol,51.4545,-2.5879,2019-05-22,13.76,18.37,8.75,0.0,71.85,1.33
Bristol,51.4545,-2.5879,2019-05-23,13.9,18.97,8.79,0.01,76.25,2.08
Bristol,51.4545,-2.5879,2019-05-24,13.89,18.58,7.6,0.13,82.63,2.17
Bristol,51.4545,-2.5879,2019-05-25,14.79,19.69,9.32,0.22,82.83,2.25
Bristol,51.4545,-2.5879,2019-05-26,13.89,17.54,9.93,1.53,88.25,3.79
Bristol,51.4545,-2.5879,2019-05-27,12.46,16.19,8.32,1.69,80.88,4.16
Bristol,51.4545,-2.5879,2019-05-28,12.02,16.11,8.31,0.8,79.18,2.89
Bristol,51.4545,-2.5879,2019-05-29,11.94,16.11,7.81,4.05,88.73,3.5
Bristol,51.4545,-2.5879,2019-05-30,15.32,19.11,12.12,0.51,85.68,4.42
Bristol,51.4545,-2.5879,2019-05-31,15.66,19.57,11.85,0.37,84.77,3.37
Bristol,51.4545,-2.5879,2019-06-01,16.13,21.27,10.34,0.04,81.29,2.52
Bristol,51.4545,-2.5879,2019-06-02,15.16,20.48,10.86,1.52,85.46,4.3
Bristol,51.4545,-2.5879,2019-06-03,13.37,17.13,9.58,0.59,79.6,3.41
Bristol,51.4545,-2.5879,2019-06-04,13.45,17.51,10.34,4.83,85.52,3.26
Bristol,51.4545,-2.5879,2019-06-05,12.49,16.1,8.83,0.38,79.05,3.32
Bristol,51.4545,-2.5879,2019-06-06,11.94,15.62,6.63,0.67,76.33,2.86
Bristol,51.4545,-2.5879,2019-06-07,12.26,16.47,9.37,16.28,86.33,3.57
Bristol,51.4545,-2.5879,2019-06-08,12.32,15.15,8.79,5.66,81.13,5.56
Bristol,51.4545,-2.5879,2019-06-09,11.97,16.01,7.48,1.76,81.49,2.03
Bristol,51.4545,-2.5879,2019-06-10,10.97,13.86,7.87,10.79,86.93,3.38
Bristol,51.4545,-2.5879,2019-06-11,9.92,11.33,8.5,13.74,90.83,6.26
Bristol,51.4545,-2.5879,2019-06-12,10.9,13.4,8.15,6.08,89.56,2.49
Bristol,51.4545,-2.5879,2019-06-13,11.89,13.84,9.68,10.67,90.35,2.87
Bristol,51.4545,-2.5879,2019-06-14,13.19,17.11,9.74,6.02,85.66,3.77
Bristol,51.4545,-2.5879,2019-06-15,12.66,16.4,9.03,1.9,83.98,3.74
Bristol,51.4545,-2.5879,2019-06-16,13.95,18.41,8.81,2.31,85.64,4.81
Bristol,51.4545,-2.5879,2019-06-17,15.01,19.04,11.19,1.13,83.73,3.87
Bristol,51.4545,-2.5879,2019-06-18,13.77,16.74,10.74,4.17,87.52,1.11
Bristol,51.4545,-2.5879,2019-06-19,14.21,17.97,10.31,1.6,86.58,2.03
Bristol,51.4545,-2.5879,2019-06-20,12.99,16.83,8.82,1.4,81.59,3.57
Bristol,51.4545,-2.5879,2019-06-21,13.47,18.45,7.81,0.05,74.46,2.34
Bristol,51.4545,-2.5879,2019-06-22,15.13,20.59,9.45,0.0,71.17,1.57
Bristol,51.4545,-2.5879,2019-06-23,15.62,19.56,10.14,2.68,86.46,3.09
Bristol,51.4545,-2.5879,2019-06-24,17.59,22.21,13.56,0.24,86.81,1.42
Bristol,51.4545,-2.5879,2019-06-25,17.86,21.14,14.76,8.23,90.6,1.92
Bristol,51.4545,-2.5879,2019-06-26,17.14,21.75,12.28,0.39,85.86,4.37
Bristol,51.4545,-2.5879,2019-06-27,16.33,22.59,10.46,0.02,74.94,5.05
Bristol,51.4545,-2.5879,2019-06-28,17.36,23.64,10.58,0.0,78.51,3.95
Bristol,51.4545,-2.5879,2019-06-29,19.31,26.7,12.98,0.04,81.17,2.72
Bristol,51.4545,-2.5879,2019-06-30,16.4,20.44,12.22,0.06,80.52,4.11
Bristol,51.4545,-2.5879,2019-07-01,15.79,19.71,11.78,0.05,78.42,3.49
Bristol,51.4545,-2.5879,2019-07-02,15.1,20.11,8.93,0.0,75.46,2.65
Bristol,51.4545,-2.5879,2019-07-03,15.7,21.08,9.34,0.01,72.9,2.29
Bristol,51.4545,-2.5879,2019-07-04,17.35,22.92,10.26,0.0,73.1,1.1
Bristol,51.4545,-2.5879,2019-07-05,17.51,22.98,11.61,0.0,75.24,1.8
Bristol,51.4545,-2.5879,2019-07-06,17.32,21.55,11.11,0.91,83.64,1.8
Bristol,51.4545,-2.5879,2019-07-07,16.58,21.18,11.56,0.09,73.62,1.92
Bristol,51.4545,-2.5879,2019-07-08,17.39,22.33,11.36,0.01,74.91,1.68
Bristol,51.4545,-2.5879,2019-07-09,18.67,23.25,13.51,0.56,76.28,1.82
Bristol,51.4545,-2.5879,2019-07-10,18.28,22.1,14.31,0.06,80.03,2.28
Bristol,51.4545,-2.5879,2019-07-11,18.43,22.38,14.3,0.6,81.99,2.73
Bristol,51.4545,-2.5879,2019-07-12,18.5,22.76,14.65,0.29,78.57,3.2
Bristol,51.4545,-2.5879,2019-07-13,17.21,21.39,12.45,0.1,78.68,2.82
Bristol,51.4545,-2.5879,2019-07-14,17.77,22.43,13.36,0.21,75.65,2.22
Bristol,51.4545,-2.5879,2019-07-15,17.57,22.65,10.71,0.0,69.35,1.36
Bristol,51.4545,-2.5879,2019-07-16,18.82,24.54,12.32,0.02,71.15,1.28
Bristol,51.4545,-2.5879,2019-07-17,17.2,20.29,14.14,0.68,81.07,2.18
Bristol,51.4545,-2.5879,2019-07-18,17.34,20.88,13.72,1.11,78.28,3.44
Bristol,51.4545,-2.5879,2019-07-19,17.4,21.29,13.05,13.46,90.74,4.19
Bristol,51.4545,-2.5879,2019-07-20,17.44,20.56,12.91,3.78,81.9,4.37
Bristol,51.4545,-2.5879,2019-07-21,17.98,22.8,12.32,0.06,79.0,3.53
Bristol,51.4545,-2.5879,2019-07-22,20.51,25.28,16.24,0.33,81.83,3.53
Bristol,51.4545,-2.5879,2019-07-23,22.71,29.99,15.54,3.64,72.02,2.32
Bristol,51.4545,-2.5879,2019-07-24,20.75,25.23,16.76,2.86,75.12,2.28
Bristol,51.4545,-2.5879,2019-07-25,22.48,29.51,15.95,0.01,69.94,2.89
Bristol,51.4545,-2.5879,2019-07-26,19.18,23.16,16.24,0.59,80.81,2.62
Bristol,51.4545,-2.5879,2019-07-27,17.4,20.6,14.68,0.52,80.99,2.57
Bristol,51.4545,-2.5879,2019-07-28,16.89,21.47,12.55,0.12,75.49,3.52
Bristol,51.4545,-2.5879,2019-07-29,18.18,23.19,12.29,0.22,68.92,2.9
Bristol,51.4545,-2.5879,2019-07-30,17.02,19.19,15.24,15.7,88.72,4.42
Bristol,51.4545,-2.5879,2019-07-31,17.12,20.92,13.25,0.45,78.28,4.35
Bristol,51.4545,-2.5879,2019-08-01,17.99,23.01,11.69,0.19,79.36,1.92
Bristol,51.4545,-2.5879,2019-08-02,19.42,24.23,13.61,0.1,75.14,1.77
Bristol,51.4545,-2.5879,2019-08-03,18.73,23.51,14.31,0.02,76.73,2.34
Bristol,51.4545,-2.5879,2019-08-04,18.11,22.58,14.17,0.52,81.77,2.65
Bristol,51.4545,-2.5879,2019-08-05,18.1,22.0,14.65,1.24,76.49,4.04
Bristol,51.4545,-2.5879,2019-08-06,17.34,21.24,14.15,3.25,82.15,4.69
Bristol,51.4545,-2.5879,2019-08-07,16.89,20.77,13.77,2.22,81.2,4.25
Bristol,51.4545,-2.5879,2019-08-08,18.01,23.18,13.15,6.26,79.6,2.86
Bristol,51.4545,-2.5879,2019-08-09,19.08,22.17,16.57,18.31,83.08,6.9
Bristol,51.4545,-2.5879,2019-08-10,17.12,19.74,14.55,4.84,80.52,8.03
Bristol,51.4545,-2.5879,2019-08-11,16.59,20.7,12.67,2.79,80.44,4.5
Bristol,51.4545,-2.5879,2019-08-12,14.72,18.56,11.62,1.18,75.28,2.56
Bristol,51.4545,-2.5879,2019-08-13,15.03,19.18,10.64,0.93,77.64,2.5
Bristol,51.4545,-2.5879,2019-08-14,16.57,21.18,12.9,10.24,89.92,4.81
Bristol,51.4545,-2.5879,2019-08-15,16.76,20.35,14.13,0.63,79.68,4.43
Bristol,51.4545,-2.5879,2019-08-16,15.93,17.34,13.89,12.81,92.56,5.54
Bristol,51.4545,-2.5879,2019-08-17,16.49,19.89,12.94,1.05,78.36,4.43
Bristol,51.4545,-2.5879,2019-08-18,15.2,19.21,11.6,1.2,80.13,4.34
Bristol,51.4545,-2.5879,2019-08-19,14.94,18.3,11.73,1.83,81.41,4.33
Bristol,51.4545,-2.5879,2019-08-20,14.65,19.05,10.05,0.14,78.14,3.09
Bristol,51.4545,-2.5879,2019-08-21,15.79,20.6,11.58,0.1,79.21,2.8
Bristol,51.4545,-2.5879,2019-08-22,16.9,21.92,11.96,0.51,84.76,3.67
Bristol,51.4545,-2.5879,2019-08-23,18.06,24.52,12.88,0.07,76.6,1.78
Bristol,51.4545,-2.5879,2019-08-24,19.11,27.05,10.96,0.0,69.94,2.36
Bristol,51.4545,-2.5879,2019-08-25,20.11,27.02,14.7,0.02,76.34,1.81
Bristol,51.4545,-2.5879,2019-08-26,19.13,25.57,13.2,0.05,80.03,1.37
Bristol,51.4545,-2.5879,2019-08-27,19.19,25.73,15.09,1.14,81.73,1.82
Bristol,51.4545,-2.5879,2019-08-28,16.05,21.05,10.68,3.87,85.86,2.73
Bristol,51.4545,-2.5879,2019-08-29,15.38,20.51,9.88,0.75,81.11,3.37
Bristol,51.4545,-2.5879,2019-08-30,17.02,22.07,12.95,0.11,81.38,4.19
Bristol,51.4545,-2.5879,2019-08-31,15.45,19.14,12.16,0.98,81.14,4.42
Bristol,51.4545,-2.5879,2019-09-01,14.06,18.29,9.91,0.01,74.13,3.03
Bristol,51.4545,-2.5879,2019-09-02,14.99,19.73,9.89,0.23,80.07,3.54
Bristol,51.4545,-2.5879,2019-09-03,16.41,19.59,13.52,2.15,81.45,4.19
Bristol,51.4545,-2.5879,2019-09-04,15.23,17.94,11.6,2.19,76.33,5.53
Bristol,51.4545,-2.5879,2019-09-05,13.3,17.75,8.9,0.03,73.71,3.69
Bristol,51.4545,-2.5879,2019-09-06,13.5,17.39,9.64,1.77,87.01,3.83
Bristol,51.4545,-2.5879,2019-09-07,13.24,18.61,8.59,0.1,77.32,2.63
Bristol,51.4545,-2.5879,2019-09-08,12.45,18.38,6.69,0.02,72.57,1.16
Bristol,51.4545,-2.5879,2019-09-09,12.52,15.82,10.05,12.22,91.87,2.36
Bristol,51.4545,-2.5879,2019-09-10,13.45,18.63,8.87,0.39,82.39,2.39
Bristol,51.4545,-2.5879,2019-09-11,16.18,21.05,12.34,2.67,88.45,4.53
Bristol,51.4545,-2.5879,2019-09-12,17.04,21.86,12.57,1.2,86.64,4.07
Bristol,51.4545,-2.5879,2019-09-13,14.39,19.66,9.74,0.12,72.01,2.7
Bristol,51.4545,-2.5879,2019-09-14,14.03,21.45,7.42,0.02,72.24,1.57
Bristol,51.4545,-2.5879,2019-09-15,15.6,22.09,9.7,0.13,88.0,2.32
Bristol,51.4545,-2.5879,2019-09-16,15.96,20.52,12.26,0.47,87.63,2.08
Bristol,51.4545,-2.5879,2019-09-17,12.89,18.58,8.03,0.04,76.68,2.74
Bristol,51.4545,-2.5879,2019-09-18,12.58,19.13,6.33,0.0,72.83,1.49
Bristol,51.4545,-2.5879,2019-09-19,14.34,21.07,8.53,0.01,76.25,1.28
Bristol,51.4545,-2.5879,2019-09-20,14.27,21.63,8.77,0.06,69.41,3.66
Bristol,51.4545,-2.5879,2019-09-21,16.45,24.57,9.11,2.4,75.29,4.15
Bristol,51.4545,-2.5879,2019-09-22,16.22,19.29,12.59,4.18,88.13,3.54
Bristol,51.4545,-2.5879,2019-09-23,14.77,18.67,10.69,6.81,88.94,4.51
Bristol,51.4545,-2.5879,2019-09-24,16.21,19.07,13.63,16.16,88.56,4.29
Bristol,51.4545,-2.5879,2019-09-25,15.84,18.61,13.75,9.24,90.09,4.4
Bristol,51.4545,-2.5879,2019-09-26,15.63,18.24,12.83,4.51,84.33,5.16
Bristol,51.4545,-2.5879,2019-09-27,14.0,17.01,11.75,3.99,87.83,5.5
Bristol,51.4545,-2.5879,2019-09-28,14.52,17.05,11.65,19.31,87.24,5.48
Bristol,51.4545,-2.5879,2019-09-29,15.13,18.45,10.95,5.06,87.91,5.88
Bristol,51.4545,-2.5879,2019-09-30,13.79,16.38,10.4,12.09,92.84,3.64
Bristol,51.4545,-2.5879,2019-10-01,13.85,17.19,8.35,5.79,91.74,3.46
Bristol,51.4545,-2.5879,2019-10-02,9.39,14.36,4.3,0.01,78.2,2.15
Bristol,51.4545,-2.5879,2019-10-03,11.08,15.17,5.46,3.68,85.06,4.01
Bristol,51.4545,-2.5879,2019-10-04,12.64,15.47,9.98,2.21,88.54,3.95
Bristol,51.4545,-2.5879,2019-10-05,12.38,15.72,9.03,7.33,92.86,2.62
Bristol,51.4545,-2.5879,2019-10-06,12.84,15.95,9.99,2.48,84.9,4.15
Bristol,51.4545,-2.5879,2019-10-07,12.74,16.59,9.57,4.73,93.88,3.54
Bristol,51.4545,-2.5879,2019-10-08,12.51,15.87,10.98,1.2,84.74,4.91
Bristol,51.4545,-2.5879,2019-10-09,11.28,13.67,9.56,7.02,88.49,4.49
Bristol,51.4545,-2.5879,2019-10-10,12.48,14.98,8.81,2.37,89.93,5.09
Bristol,51.4545,-2.5879,2019-10-11,13.58,15.79,10.54,14.08,93.34,4.91
Bristol,51.4545,-2.5879,2019-10-12,11.25,14.18,9.81,3.69,92.63,2.7
Bristol,51.4545,-2.5879,2019-10-13,11.39,14.18,8.64,11.14,92.83,3.96
Bristol,51.4545,-2.5879,2019-10-14,10.3,12.88,7.43,6.31,95.24,2.83
Bristol,51.4545,-2.5879,2019-10-15,10.63,15.41,7.14,0.55,91.02,1.84
Bristol,51.4545,-2.5879,2019-10-16,11.14,14.04,6.83,2.24,84.81,3.33
Bristol,51.4545,-2.5879,2019-10-17,10.11,13.79,5.9,6.19,92.17,3.62
Bristol,51.4545,-2.5879,2019-10-18,10.7,12.79,8.7,7.61,91.68,5.42
Bristol,51.4545,-2.5879,2019-10-19,9.5,12.79,5.88,0.37,90.76,2.71
Bristol,51.4545,-2.5879,2019-10-20,8.38,11.79,5.31,0.26,89.07,3.56
Bristol,51.4545,-2.5879,2019-10-21,9.22,12.89,6.57,0.64,91.29,3.19
Bristol,51.4545,-2.5879,2019-10-22,8.64,13.95,5.15,0.02,89.73,1.46
Bristol,51.4545,-2.5879,2019-10-23,9.96,13.83,5.96,2.07,93.1,1.33
Bristol,51.4545,-2.5879,2019-10-24,9.83,13.09,7.86,1.67,94.88,2.25
Bristol,51.4545,-2.5879,2019-10-25,12.6,15.52,9.23,9.74,93.84,6.15
Bristol,51.4545,-2.5879,2019-10-26,11.33,14.64,5.81,20.33,92.77,4.87
Bristol,51.4545,-2.5879,2019-10-27,6.37,11.5,2.53,0.0,86.26,1.83
Bristol,51.4545,-2.5879,2019-10-28,5.36,8.72,1.68,0.03,91.3,2.76
Bristol,51.4545,-2.5879,2019-10-29,6.73,10.37,4.64,0.67,89.94,4.37
Bristol,51.4545,-2.5879,2019-10-30,7.16,10.71,4.89,0.86,87.8,4.44
Bristol,51.4545,-2.5879,2019-10-31,7.53,10.26,5.4,5.67,95.16,3.64
Bristol,51.4545,-2.5879,2019-11-01,13.12,14.45,10.96,9.97,95.55,4.41
Bristol,51.4545,-2.5879,2019-11-02,9.83,12.3,8.07,12.83,91.52,6.41
Bristol,51.4545,-2.5879,2019-11-03,9.08,11.95,7.41,4.07,93.51,2.65
Bristol,51.4545,-2.5879,2019-11-04,8.24,11.27,6.01,2.4,95.12,2.26
Bristol,51.4545,-2.5879,2019-11-05,8.52,10.79,5.87,0.68,94.7,4.3
Bristol,51.4545,-2.5879,2019-11-06,6.07,9.18,4.2,13.18,96.23,2.16
Bristol,51.4545,-2.5879,2019-11-07,6.07,8.54,3.56,1.82,93.37,2.35
Bristol,51.4545,-2.5879,2019-11-08,4.62,8.41,0.98,0.58,93.51,3.03
Bristol,51.4545,-2.5879,2019-11-09,3.57,5.95,0.12,9.62,97.79,2.12
Bristol,51.4545,-2.5879,2019-11-10,5.07,7.87,2.99,4.94,93.93,3.37
Bristol,51.4545,-2.5879,2019-11-11,6.53,8.33,5.21,4.67,88.04,5.08
Bristol,51.4545,-2.5879,2019-11-12,5.97,7.66,4.37,1.98,90.19,5.26
Bristol,51.4545,-2.5879,2019-11-13,5.27,8.01,4.07,9.47,93.89,2.89
Bristol,51.4545,-2.5879,2019-11-14,3.56,4.34,2.41,8.94,95.36,2.81
Bristol,51.4545,-2.5879,2019-11-15,5.37,7.62,3.64,1.48,96.08,4.82
Bristol,51.4545,-2.5879,2019-11-16,5.76,7.96,4.32,0.77,88.38,2.01
Bristol,51.4545,-2.5879,2019-11-17,6.06,7.67,4.5,0.97,95.03,2.1
Bristol,51.4545,-2.5879,2019-11-18,4.33,6.63,2.26,0.21,93.14,2.29
Bristol,51.4545,-2.5879,2019-11-19,4.8,8.39,0.43,0.11,95.58,2.81
Bristol,51.4545,-2.5879,2019-11-20,5.82,7.54,2.91,0.07,90.99,4.44
Bristol,51.4545,-2.5879,2019-11-21,5.05,6.01,3.85,6.68,97.02,4.23
Bristol,51.4545,-2.5879,2019-11-22,7.45,9.21,6.09,6.52,95.94,3.81
Bristol,51.4545,-2.5879,2019-11-23,7.5,8.47,6.7,7.55,96.78,3.38
Bristol,51.4545,-2.5879,2019-11-24,8.41,10.38,6.56,1.57,96.55,1.89
Bristol,51.4545,-2.5879,2019-11-25,10.17,12.52,8.47,4.55,96.41,3.52
Bristol,51.4545,-2.5879,2019-11-26,10.0,12.66,8.6,5.4,95.08,4.5
Bristol,51.4545,-2.5879,2019-11-27,8.22,10.23,6.86,3.3,96.34,2.05
Bristol,51.4545,-2.5879,2019-11-28,7.42,10.03,5.46,2.07,96.07,2.41
Bristol,51.4545,-2.5879,2019-11-29,2.82,5.74,-0.07,0.74,96.71,2.05
Bristol,51.4545,-2.5879,2019-11-30,2.11,4.81,0.57,0.12,97.03,4.17
Bristol,51.4545,-2.5879,2019-12-01,1.86,5.4,-0.11,0.06,96.13,3.63
Bristol,51.4545,-2.5879,2019-12-02,1.6,6.05,-1.22,0.08,96.57,1.5
Bristol,51.4545,-2.5879,2019-12-03,3.39,7.67,0.78,0.03,95.55,1.54
Bristol,51.4545,-2.5879,2019-12-04,2.53,6.6,0.17,0.06,97.56,1.35
Bristol,51.4545,-2.5879,2019-12-05,6.31,9.87,2.48,1.68,96.77,4.25
Bristol,51.4545,-2.5879,2019-12-06,9.84,11.42,7.48,6.26,93.8,5.78
Bristol,51.4545,-2.5879,2019-12-07,7.93,9.68,5.85,1.19,95.16,4.1
Bristol,51.4545,-2.5879,2019-12-08,8.0,11.59,6.12,7.64,87.37,7.47
Bristol,51.4545,-2.5879,2019-12-09,5.75,8.39,1.58,1.07,89.02,5.23
Bristol,51.4545,-2.5879,2019-12-10,7.56,11.85,2.01,6.89,95.06,6.49
Bristol,51.4545,-2.5879,2019-12-11,4.19,5.6,2.22,1.69,95.62,3.18
Bristol,51.4545,-2.5879,2019-12-12,5.96,8.65,2.0,12.41,95.42,4.4
Bristol,51.4545,-2.5879,2019-12-13,5.34,6.87,3.9,1.0,88.35,6.2
Bristol,51.4545,-2.5879,2019-12-14,5.5,7.64,3.6,8.41,87.23,6.01
Bristol,51.4545,-2.5879,2019-12-15,5.63,7.36,4.47,6.21,90.96,5.65
Bristol,51.4545,-2.5879,2019-12-16,5.43,7.13,4.46,0.5,96.62,2.08
Bristol,51.4545,-2.5879,2019-12-17,4.33,5.47,3.46,2.41,97.86,1.14
Bristol,51.4545,-2.5879,2019-12-18,6.41,10.13,2.09,13.45,95.4,5.03
Bristol,51.4545,-2.5879,2019-12-19,10.11,11.47,8.28,9.93,95.57,5.12
Bristol,51.4545,-2.5879,2019-12-20,6.03,8.14,4.24,9.67,96.47,2.18
Bristol,51.4545,-2.5879,2019-12-21,6.96,8.22,5.99,7.25,96.86,3.63
Bristol,51.4545,-2.5879,2019-12-22,6.8,8.09,4.98,2.63,95.21,4.22
Bristol,51.4545,-2.5879,2019-12-23,7.15,9.18,6.0,2.84,94.94,4.15
Bristol,51.4545,-2.5879,2019-12-24,8.2,10.0,5.42,1.94,94.0,5.31
Bristol,51.4545,-2.5879,2019-12-25,3.67,6.79,1.93,0.01,96.07,2.03
Bristol,51.4545,-2.5879,2019-12-26,7.19,9.37,3.5,9.18,96.76,4.02
Bristol,51.4545,-2.5879,2019-12-27,6.77,7.65,5.49,1.86,97.89,1.47
Bristol,51.4545,-2.5879,2019-12-28,8.08,10.06,6.79,0.29,97.09,2.56
Bristol,51.4545,-2.5879,2019-12-29,6.5,8.76,4.41,0.04,96.91,3.09
Bristol,51.4545,-2.5879,2019-12-30,5.95,7.54,4.59,0.26,98.05,2.31
Bristol,51.4545,-2.5879,2019-12-31,6.79,7.82,5.89,0.61,96.72,2.59
Bristol,51.4545,-2.5879,2020-01-01,6.1,7.46,4.15,0.44,96.79,1.94
Bristol,51.4545,-2.5879,2020-01-02,8.21,10.06,6.58,2.33,95.29,4.81
Bristol,51.4545,-2.5879,2020-01-03,6.21,9.67,2.91,1.3,93.72,3.41
Bristol,51.4545,-2.5879,2020-01-04,5.27,7.99,3.5,0.23,96.64,2.69
Bristol,51.4545,-2.5879,2020-01-05,6.34,7.84,5.38,0.52,96.04,3.29
Bristol,51.4545,-2.5879,2020-01-06,6.77,9.25,5.47,2.27,94.96,4.88
Bristol,51.4545,-2.5879,2020-01-07,9.04,11.66,6.02,0.82,97.28,4.52
Bristol,51.4545,-2.5879,2020-01-08,8.7,11.09,6.82,8.45,95.23,2.82
Bristol,51.4545,-2.5879,2020-01-09,8.57,11.51,4.42,8.93,93.02,4.47
Bristol,51.4545,-2.5879,2020-01-10,4.88,7.54,2.1,0.06,92.75,3.27
Bristol,51.4545,-2.5879,2020-01-11,8.61,9.73,5.93,4.37,92.9,7.12
Bristol,51.4545,-2.5879,2020-01-12,7.8,9.83,5.48,3.12,94.66,4.64
Bristol,51.4545,-2.5879,2020-01-13,7.15,10.0,5.26,6.85,95.06,6.03
Bristol,51.4545,-2.5879,2020-01-14,8.83,12.47,5.35,12.2,94.91,6.88
Bristol,51.4545,-2.5879,2020-01-15,6.12,8.47,5.0,3.1,94.0,3.79
Bristol,51.4545,-2.5879,2020-01-16,8.24,10.86,5.54,7.1,94.4,6.38
Bristol,51.4545,-2.5879,2020-01-17,5.69,7.67,2.76,2.01,94.98,3.85
Bristol,51.4545,-2.5879,2020-01-18,2.3,6.17,-0.26,0.01,93.04,1.72
Bristol,51.4545,-2.5879,2020-01-19,1.37,4.36,-0.23,0.14,95.62,1.58
Bristol,51.4545,-2.5879,2020-01-20,2.24,6.36,0.07,0.06,95.68,1.22
Bristol,51.4545,-2.5879,2020-01-21,3.06,5.77,-0.01,0.25,93.59,1.06
Bristol,51.4545,-2.5879,2020-01-22,5.71,7.62,3.8,0.51,98.46,1.58
Bristol,51.4545,-2.5879,2020-01-23,5.16,6.16,4.13,0.27,95.82,1.07
Bristol,51.4545,-2.5879,2020-01-24,5.38,6.83,4.29,0.48,97.16,0.75
Bristol,51.4545,-2.5879,2020-01-25,5.38,7.05,3.51,0.65,97.73,2.45
Bristol,51.4545,-2.5879,2020-01-26,6.88,8.83,4.65,4.71,96.09,4.01
Bristol,51.4545,-2.5879,2020-01-27,5.82,6.92,4.73,4.17,96.31,3.86
Bristol,51.4545,-2.5879,2020-01-28,3.68,5.19,2.19,2.12,90.97,5.52
Bristol,51.4545,-2.5879,2020-01-29,5.39,8.61,2.79,0.36,92.95,4.3
Bristol,51.4545,-2.5879,2020-01-30,8.47,11.51,4.87,1.46,96.92,4.37
Bristol,51.4545,-2.5879,2020-01-31,9.83,11.63,8.13,1.69,96.24,5.03
Bristol,51.4545,-2.5879,2020-02-01,7.82,9.46,5.56,0.71,90.22,5.62
Bristol,51.4545,-2.5879,2020-02-02,9.08,10.74,5.58,7.76,94.3,5.67
Bristol,51.4545,-2.5879,2020-02-03,7.05,8.75,4.07,0.76,92.05,4.51
Bristol,51.4545,-2.5879,2020-02-04,5.12,7.56,3.38,0.72,89.95,5.2
Bristol,51.4545,-2.5879,2020-02-05,5.23,8.38,2.75,0.03,91.05,1.02
Bristol,51.4545,-2.5879,2020-02-06,3.23,7.25,0.7,0.06,95.87,1.83
Bristol,51.4545,-2.5879,2020-02-07,5.57,9.59,1.92,1.39,95.5,4.93
Bristol,51.4545,-2.5879,2020-02-08,7.1,9.04,5.17,0.29,90.13,5.34
Bristol,51.4545,-2.5879,2020-02-09,9.93,12.37,7.49,15.63,91.18,10.82
Bristol,51.4545,-2.5879,2020-02-10,5.61,7.2,4.04,6.3,86.57,8.47
Bristol,51.4545,-2.5879,2020-02-11,3.94,5.19,3.15,0.85,83.48,7.26
Bristol,51.4545,-2.5879,2020-02-12,4.59,7.05,2.53,2.87,90.73,4.39
Bristol,51.4545,-2.5879,2020-02-13,6.08,8.28,2.54,15.26,93.61,5.28
Bristol,51.4545,-2.5879,2020-02-14,6.68,10.09,2.25,3.67,97.08,3.87
Bristol,51.4545,-2.5879,2020-02-15,10.63,11.63,8.03,20.2,94.67,8.62
Bristol,51.4545,-2.5879,2020-02-16,8.44,11.97,4.9,20.85,90.56,8.19
Bristol,51.4545,-2.5879,2020-02-17,5.88,8.68,4.44,1.99,89.41,6.65
Bristol,51.4545,-2.5879,2020-02-18,5.64,7.66,3.95,3.83,92.5,5.89
Bristol,51.4545,-2.5879,2020-02-19,5.96,8.44,2.83,3.51,94.31,4.81
Bristol,51.4545,-2.5879,2020-02-20,6.54,9.51,2.98,4.67,90.58,6.52
Bristol,51.4545,-2.5879,2020-02-21,6.28,8.59,2.95,0.63,91.86,6.37
Bristol,51.4545,-2.5879,2020-02-22,8.77,10.23,7.31,3.22,91.82,7.24
Bristol,51.4545,-2.5879,2020-02-23,8.78,11.71,5.44,6.01,90.4,5.68
Bristol,51.4545,-2.5879,2020-02-24,8.24,10.79,4.75,8.89,93.52,6.31
Bristol,51.4545,-2.5879,2020-02-25,4.41,7.14,2.65,4.13,91.32,5.24
Bristol,51.4545,-2.5879,2020-02-26,3.75,6.63,1.75,0.65,88.1,4.84
Bristol,51.4545,-2.5879,2020-02-27,3.43,6.68,1.53,5.95,89.94,3.46
Bristol,51.4545,-2.5879,2020-02-28,6.54,10.84,1.5,13.25,94.97,5.75
Bristol,51.4545,-2.5879,2020-02-29,5.9,9.67,4.01,9.67,87.51,8.06
Bristol,51.4545,-2.5879,2020-03-01,4.42,6.61,2.46,4.66,90.19,5.21
Bristol,51.4545,-2.5879,2020-03-02,3.69,6.96,0.91,1.59,90.2,3.44
Bristol,51.4545,-2.5879,2020-03-03,4.37,8.23,2.22,0.25,91.33,3.55
Bristol,51.4545,-2.5879,2020-03-04,4.11,6.28,1.82,4.91,96.68,2.63
Bristol,51.4545,-2.5879,2020-03-05,3.94,6.32,0.74,3.99,94.97,4.29
Bristol,51.4545,-2.5879,2020-03-06,3.69,8.04,0.03,0.36,90.8,1.59
Bristol,51.4545,-2.5879,2020-03-07,7.27,11.38,2.15,1.61,94.91,4.75
Bristol,51.4545,-2.5879,2020-03-08,7.86,9.16,5.69,5.14,91.53,6.08
Bristol,51.4545,-2.5879,2020-03-09,7.07,9.96,5.43,11.05,91.7,5.51
Bristol,51.4545,-2.5879,2020-03-10,10.39,12.66,8.25,2.85,94.58,6.56
Bristol,51.4545,-2.5879,2020-03-11,8.98,11.68,6.69,1.73,90.69,5.81
Bristol,51.4545,-2.5879,2020-03-12,5.66,7.76,3.65,1.31,84.67,6.9
Bristol,51.4545,-2.5879,2020-03-13,6.77,9.89,4.78,4.35,87.04,4.39
Bristol,51.4545,-2.5879,2020-03-14,8.08,10.55,5.67,1.52,93.56,4.34
Bristol,51.4545,-2.5879,2020-03-15,7.52,9.11,3.3,7.2,92.69,4.32
Bristol,51.4545,-2.5879,2020-03-16,5.28,10.01,1.29,0.07,87.42,2.48
Bristol,51.4545,-2.5879,2020-03-17,8.43,11.47,4.82,0.85,94.22,4.78
Bristol,51.4545,-2.5879,2020-03-18,9.64,11.25,7.07,3.67,95.73,3.36
Bristol,51.4545,-2.5879,2020-03-19,5.09,6.37,4.2,3.62,95.54,4.11
Bristol,51.4545,-2.5879,2020-03-20,5.39,9.06,2.64,0.02,85.97,5.37
Bristol,51.4545,-2.5879,2020-03-21,4.52,9.44,0.85,0.01,83.22,5.36
Bristol,51.4545,-2.5879,2020-03-22,4.21,10.48,-0.13,0.0,84.85,4.09
Bristol,51.4545,-2.5879,2020-03-23,4.52,10.79,-0.22,0.0,84.65,3.04
Bristol,51.4545,-2.5879,2020-03-24,7.14,14.09,1.58,0.0,85.93,2.91
Bristol,51.4545,-2.5879,2020-03-25,6.26,12.59,0.45,0.0,81.32,1.8
Bristol,51.4545,-2.5879,2020-03-26,4.57,12.0,-2.33,0.01,82.15,2.72
Bristol,51.4545,-2.5879,2020-03-27,4.73,11.17,-0.86,0.01,84.04,3.75
Bristol,51.4545,-2.5879,2020-03-28,5.43,10.52,2.02,0.03,84.7,6.23
Bristol,51.4545,-2.5879,2020-03-29,3.2,6.91,-0.16,0.0,78.9,6.01
Bristol,51.4545,-2.5879,2020-03-30,4.23,8.79,-0.82,0.3,86.85,3.97
Bristol,51.4545,-2.5879,2020-03-31,5.44,9.75,1.06,0.12,83.12,3.71
Bristol,51.4545,-2.5879,2020-04-01,4.55,9.49,-0.49,0.12,85.48,1.81
Bristol,51.4545,-2.5879,2020-04-02,7.12,12.06,1.32,0.33,89.34,3.3
Bristol,51.4545,-2.5879,2020-04-03,7.62,11.6,4.75,0.25,87.55,1.73
Bristol,51.4545,-2.5879,2020-04-04,8.14,13.56,3.59,0.05,85.74,3.21
Bristol,51.4545,-2.5879,2020-04-05,11.25,16.29,5.43,0.5,82.12,5.12
Bristol,51.4545,-2.5879,2020-04-06,10.11,13.53,5.43,1.32,83.4,3.2
Bristol,51.4545,-2.5879,2020-04-07,9.7,14.57,2.48,0.04,79.06,1.44
Bristol,51.4545,-2.5879,2020-04-08,13.46,19.22,6.91,0.01,71.77,1.22
Bristol,51.4545,-2.5879,2020-04-09,13.55,20.23,7.81,0.0,80.89,2.08
Bristol,51.4545,-2.5879,2020-04-10,13.07,20.34,6.61,0.0,83.03,2.68
Bristol,51.4545,-2.5879,2020-04-11,13.61,21.47,7.18,0.03,80.38,1.3
Bristol,51.4545,-2.5879,2020-04-12,13.24,19.12,6.88,0.06,81.58,2.02
Bristol,51.4545,-2.5879,2020-04-13,7.23,10.82,1.25,0.06,75.28,5.67
Bristol,51.4545,-2.5879,2020-04-14,5.8,12.14,-0.88,0.0,77.43,1.93
Bristol,51.4545,-2.5879,2020-04-15,7.99,14.95,1.18,0.0,78.6,1.88
Bristol,51.4545,-2.5879,2020-04-16,10.12,16.69,2.05,0.01,83.01,2.11
Bristol,51.4545,-2.5879,2020-04-17,8.95,11.26,6.26,9.13,91.57,4.39
Bristol,51.4545,-2.5879,2020-04-18,7.49,10.24,5.27,9.0,92.89,2.82
Bristol,51.4545,-2.5879,2020-04-19,10.21,15.5,5.32,0.05,77.46,3.31
Bristol,51.4545,-2.5879,2020-04-20,9.3,15.6,3.94,0.01,76.27,5.35
Bristol,51.4545,-2.5879,2020-04-21,10.3,16.63,4.8,0.0,77.21,4.63
Bristol,51.4545,-2.5879,2020-04-22,11.05,18.17,5.09,0.01,81.7,3.53
Bristol,51.4545,-2.5879,2020-04-23,12.23,19.59,5.39,0.01,79.05,2.38
Bristol,51.4545,-2.5879,2020-04-24,13.57,19.67,6.12,0.02,76.54,1.35
Bristol,51.4545,-2.5879,2020-04-25,12.23,17.45,7.71,0.02,79.68,1.72
Bristol,51.4545,-2.5879,2020-04-26,11.9,17.77,6.23,0.01,80.4,1.49
Bristol,51.4545,-2.5879,2020-04-27,11.46,15.15,6.87,1.46,85.1,1.64
Bristol,51.4545,-2.5879,2020-04-28,7.13,10.69,5.6,19.57,93.96,3.33
Bristol,51.4545,-2.5879,2020-04-29,8.9,12.46,5.58,10.87,86.94,4.24
Bristol,51.4545,-2.5879,2020-04-30,8.41,10.85,5.81,4.18,86.19,4.87
Bristol,51.4545,-2.5879,2020-05-01,9.11,12.46,6.33,1.69,83.2,4.14
Bristol,51.4545,-2.5879,2020-05-02,10.4,14.7,4.92,0.25,78.12,2.1
Bristol,51.4545,-2.5879,2020-05-03,9.66,11.9,6.79,1.32,88.09,1.37
Bristol,51.4545,-2.5879,2020-05-04,11.83,15.9,7.75,0.48,80.77,3.39
Bristol,51.4545,-2.5879,2020-05-05,9.88,15.26,4.93,0.13,76.98,4.91
Bristol,51.4545,-2.5879,2020-05-06,10.04,16.34,2.56,0.0,75.28,2.49
Bristol,51.4545,-2.5879,2020-05-07,12.95,19.88,4.29,0.13,77.87,1.73
Bristol,51.4545,-2.5879,2020-05-08,15.57,20.6,9.98,0.42,78.57,0.93
Bristol,51.4545,-2.5879,2020-05-09,16.4,21.62,10.78,0.04,76.45,1.82
Bristol,51.4545,-2.5879,2020-05-10,10.8,17.05,4.09,0.26,78.65,5.18
Bristol,51.4545,-2.5879,2020-05-11,6.61,11.31,2.17,0.01,70.57,5.75
Bristol,51.4545,-2.5879,2020-05-12,7.9,13.41,0.89,0.0,72.15,1.66
Bristol,51.4545,-2.5879,2020-05-13,7.5,12.09,2.86,0.04,75.05,3.66
Bristol,51.4545,-2.5879,2020-05-14,7.22,12.75,0.4,0.0,72.84,2.94
Bristol,51.4545,-2.5879,2020-05-15,9.97,15.63,2.34,0.0,78.71,2.21
Bristol,51.4545,-2.5879,2020-05-16,10.46,16.14,4.21,0.01,77.71,2.26
Bristol,51.4545,-2.5879,2020-05-17,11.24,15.33,5.8,0.15,82.73,2.97
Bristol,51.4545,-2.5879,2020-05-18,13.05,17.53,8.44,0.06,80.13,3.44
Bristol,51.4545,-2.5879,2020-05-19,14.29,19.2,9.69,0.06,80.29,2.51
Bristol,51.4545,-2.5879,2020-05-20,14.9,21.33,8.37,0.0,78.39,1.94
Bristol,51.4545,-2.5879,2020-05-21,15.65,21.46,9.52,0.3,75.49,2.07
Bristol,51.4545,-2.5879,2020-05-22,13.58,16.46,10.41,1.25,75.84,6.12
Bristol,51.4545,-2.5879,2020-05-23,11.95,14.54,9.3,1.11,77.54,6.46
Bristol,51.4545,-2.5879,2020-05-24,13.59,18.13,8.42,0.09,78.55,4.13
Bristol,51.4545,-2.5879,2020-05-25,13.96,20.28,6.7,0.0,75.65,1.73
Bristol,51.4545,-2.5879,2020-05-26,16.13,21.4,9.64,0.01,75.3,1.35
Bristol,51.4545,-2.5879,2020-05-27,17.44,22.73,11.99,0.04,78.91,2.19
Bristol,51.4545,-2.5879,2020-05-28,15.94,20.97,10.82,0.04,73.71,2.68
Bristol,51.4545,-2.5879,2020-05-29,15.52,21.87,8.63,0.0,69.55,2.83
Bristol,51.4545,-2.5879,2020-05-30,15.47,22.24,7.83,0.0,71.16,2.78
Bristol,51.4545,-2.5879,2020-05-31,16.13,22.67,8.87,0.01,70.32,3.48
Bristol,51.4545,-2.5879,2020-06-01,16.18,22.34,8.77,0.0,72.37,2.81
Bristol,51.4545,-2.5879,2020-06-02,17.24,22.34,10.09,0.0,71.65,1.85
Bristol,51.4545,-2.5879,2020-06-03,13.7,15.87,10.12,8.05,87.92,3.46
Bristol,51.4545,-2.5879,2020-06-04,11.51,15.43,7.32,1.76,81.19,3.52
Bristol,51.4545,-2.5879,2020-06-05,11.43,14.61,8.0,1.34,73.51,4.69
Bristol,51.4545,-2.5879,2020-06-06,10.06,14.34,6.19,2.55,81.93,5.26
Bristol,51.4545,-2.5879,2020-06-07,12.55,16.74,6.91,0.85,81.33,2.14
Bristol,51.4545,-2.5879,2020-06-08,13.07,16.99,8.14,0.25,78.09,1.62
Bristol,51.4545,-2.5879,2020-06-09,13.96,18.33,9.57,0.09,76.22,1.88
Bristol,51.4545,-2.5879,2020-06-10,12.54,15.69,9.36,7.51,85.14,2.38
Bristol,51.4545,-2.5879,2020-06-11,13.48,17.23,9.82,4.81,84.33,5.68
Bristol,51.4545,-2.5879,2020-06-12,14.92,18.98,11.07,6.55,86.83,4.47
Bristol,51.4545,-2.5879,2020-06-13,15.57,19.52,11.49,3.41,81.37,3.31
Bristol,51.4545,-2.5879,2020-06-14,15.36,20.0,10.12,1.54,80.87,2.33
Bristol,51.4545,-2.5879,2020-06-15,16.01,20.74,10.14,0.29,76.06,1.28
Bristol,51.4545,-2.5879,2020-06-16,16.35,19.75,12.17,4.39,77.29,1.06
Bristol,51.4545,-2.5879,2020-06-17,16.69,19.57,13.34,1.55,74.52,0.82
Bristol,51.4545,-2.5879,2020-06-18,14.19,15.31,12.46,31.12,90.47,1.42
Bristol,51.4545,-2.5879,2020-06-19,13.99,17.27,11.74,8.34,86.99,4.17
Bristol,51.4545,-2.5879,2020-06-20,15.52,19.77,10.81,1.72,83.16,3.78
Bristol,51.4545,-2.5879,2020-06-21,14.99,18.29,10.34,5.72,79.54,4.86
Bristol,51.4545,-2.5879,2020-06-22,14.96,20.29,8.77,0.09,79.74,3.78
Bristol,51.4545,-2.5879,2020-06-23,17.61,23.82,10.83,0.21,78.69,2.7
Bristol,51.4545,-2.5879,2020-06-24,20.69,27.56,12.65,0.0,70.49,2.17
Bristol,51.4545,-2.5879,2020-06-25,22.06,29.0,14.29,0.14,71.08,2.27
Bristol,51.4545,-2.5879,2020-06-26,19.41,24.01,13.97,0.96,78.49,2.8
Bristol,51.4545,-2.5879,2020-06-27,15.88,20.03,12.18,10.26,81.56,5.97
Bristol,51.4545,-2.5879,2020-06-28,14.05,17.33,10.94,2.37,77.53,6.33
Bristol,51.4545,-2.5879,2020-06-29,13.59,15.6,11.36,0.25,74.47,6.41
Bristol,51.4545,-2.5879,2020-06-30,14.93,19.49,11.75,2.35,86.2,3.66
Bristol,51.4545,-2.5879,2020-07-01,15.07,19.28,11.25,2.07,84.26,3.9
Bristol,51.4545,-2.5879,2020-07-02,15.16,18.69,11.64,1.97,82.08,3.72
Bristol,51.4545,-2.5879,2020-07-03,14.76,18.26,10.97,2.95,84.89,5.44
Bristol,51.4545,-2.5879,2020-07-04,17.17,20.33,14.54,2.71,87.14,5.93
Bristol,51.4545,-2.5879,2020-07-05,15.36,17.42,12.33,0.99,74.3,7.1
Bristol,51.4545,-2.5879,2020-07-06,14.63,18.35,11.16,0.17,74.86,4.35
Bristol,51.4545,-2.5879,2020-07-07,14.65,18.5,9.94,3.46,81.18,4.02
Bristol,51.4545,-2.5879,2020-07-08,16.36,19.06,14.46,6.63,89.26,4.42
Bristol,51.4545,-2.5879,2020-07-09,16.41,19.26,11.45,4.5,87.75,4.09
Bristol,51.4545,-2.5879,2020-07-10,13.94,17.96,10.19,0.26,75.5,3.31
Bristol,51.4545,-2.5879,2020-07-11,14.75,19.76,8.48,0.01,72.29,2.12
Bristol,51.4545,-2.5879,2020-07-12,15.28,21.09,8.35,0.02,71.18,1.75
Bristol,51.4545,-2.5879,2020-07-13,15.75,19.36,11.53,4.07,80.54,3.12
Bristol,51.4545,-2.5879,2020-07-14,15.47,17.85,12.39,0.72,81.49,2.42
Bristol,51.4545,-2.5879,2020-07-15,15.51,19.17,12.33,0.49,82.7,2.92
Bristol,51.4545,-2.5879,2020-07-16,17.92,23.08,12.79,0.09,81.32,2.64
Bristol,51.4545,-2.5879,2020-07-17,17.37,22.18,12.34,0.1,80.68,2.94
Bristol,51.4545,-2.5879,2020-07-18,16.77,21.04,12.88,3.7,84.5,3.24
Bristol,51.4545,-2.5879,2020-07-19,16.12,20.35,10.86,4.0,73.87,3.13
Bristol,51.4545,-2.5879,2020-07-20,14.71,20.19,8.35,0.0,69.26,2.6
Bristol,51.4545,-2.5879,2020-07-21,15.7,21.42,8.08,0.0,68.53,1.4
Bristol,51.4545,-2.5879,2020-07-22,17.15,22.44,12.33,0.01,69.87,2.41
Bristol,51.4545,-2.5879,2020-07-23,15.8,20.09,11.49,1.24,85.45,3.21
Bristol,51.4545,-2.5879,2020-07-24,18.22,22.61,14.45,2.57,83.25,3.19
Bristol,51.4545,-2.5879,2020-07-25,17.22,20.06,14.02,6.96,87.97,4.16
Bristol,51.4545,-2.5879,2020-07-26,16.26,20.3,12.17,2.09,82.36,4.17
Bristol,51.4545,-2.5879,2020-07-27,16.99,21.83,13.05,7.74,85.84,5.61
Bristol,51.4545,-2.5879,2020-07-28,15.19,19.19,11.26,0.08,75.54,3.86
Bristol,51.4545,-2.5879,2020-07-29,16.4,21.12,10.4,0.05,76.39,2.19
Bristol,51.4545,-2.5879,2020-07-30,19.19,26.0,12.98,0.0,64.45,2.22
Bristol,51.4545,-2.5879,2020-07-31,21.37,29.03,15.14,0.09,70.32,3.73
Bristol,51.4545,-2.5879,2020-08-01,17.14,21.56,12.74,0.58,80.03,3.51
Bristol,51.4545,-2.5879,2020-08-02,15.82,20.54,11.58,0.58,77.77,3.08
Bristol,51.4545,-2.5879,2020-08-03,15.38,19.87,10.05,0.06,72.88,2.6
Bristol,51.4545,-2.5879,2020-08-04,16.32,21.74,10.33,0.57,74.54,3.64
Bristol,51.4545,-2.5879,2020-08-05,18.25,22.72,14.39,1.65,84.31,5.05
Bristol,51.4545,-2.5879,2020-08-06,19.66,24.78,14.12,0.71,82.74,2.5
Bristol,51.4545,-2.5879,2020-08-07,21.63,29.18,14.88,0.12,69.17,1.55
Bristol,51.4545,-2.5879,2020-08-08,21.61,27.93,16.1,0.03,73.73,3.31
Bristol,51.4545,-2.5879,2020-08-09,20.45,26.57,14.27,0.13,77.25,2.69
Bristol,51.4545,-2.5879,2020-08-10,21.9,28.92,16.82,0.66,79.97,2.2
Bristol,51.4545,-2.5879,2020-08-11,23.48,30.02,17.02,0.59,70.46,1.15
Bristol,51.4545,-2.5879,2020-08-12,24.73,32.09,18.42,2.33,68.95,1.19
Bristol,51.4545,-2.5879,2020-08-13,21.49,25.03,18.58,3.02,80.47,2.41
Bristol,51.4545,-2.5879,2020-08-14,18.98,22.46,15.86,6.16,86.09,2.21
Bristol,51.4545,-2.5879,2020-08-15,18.25,22.18,14.33,6.05,88.51,2.03
Bristol,51.4545,-2.5879,2020-08-16,19.32,22.73,16.37,1.02,80.38,1.22
Bristol,51.4545,-2.5879,2020-08-17,17.57,21.64,14.2,9.39,82.45,2.18
Bristol,51.4545,-2.5879,2020-08-18,18.64,23.4,14.61,2.19,82.1,3.26
Bristol,51.4545,-2.5879,2020-08-19,18.47,22.49,15.1,18.36,92.28,4.9
Bristol,51.4545,-2.5879,2020-08-20,18.16,21.55,13.87,0.3,73.84,5.6
Bristol,51.4545,-2.5879,2020-08-21,18.08,21.43,15.18,3.96,79.72,7.76
Bristol,51.4545,-2.5879,2020-08-22,16.38,19.51,14.05,2.25,81.4,6.1
Bristol,51.4545,-2.5879,2020-08-23,16.07,19.53,13.11,1.33,81.47,4.46
Bristol,51.4545,-2.5879,2020-08-24,16.64,20.8,12.39,5.0,86.8,2.88
Bristol,51.4545,-2.5879,2020-08-25,17.07,19.77,14.98,14.7,80.98,8.94
Bristol,51.4545,-2.5879,2020-08-26,16.24,20.01,13.01,0.21,76.95,4.88
Bristol,51.4545,-2.5879,2020-08-27,14.99,18.42,11.99,15.16,87.14,2.28
Bristol,51.4545,-2.5879,2020-08-28,14.02,17.17,11.01,4.24,85.24,3.46
Bristol,51.4545,-2.5879,2020-08-29,12.83,16.98,9.28,0.19,74.84,4.71
Bristol,51.4545,-2.5879,2020-08-30,12.52,17.2,7.95,0.0,73.19,2.95
Bristol,51.4545,-2.5879,2020-08-31,13.77,19.03,7.96,0.0,71.13,1.06
Bristol,51.4545,-2.5879,2020-09-01,14.55,19.85,9.4,0.0,72.19,1.16
Bristol,51.4545,-2.5879,2020-09-02,15.18,19.7,10.15,2.32,81.98,3.48
Bristol,51.4545,-2.5879,2020-09-03,16.72,19.89,12.38,3.83,86.95,4.63
Bristol,51.4545,-2.5879,2020-09-04,14.25,18.25,11.2,0.3,85.16,3.07
Bristol,51.4545,-2.5879,2020-09-05,13.24,17.59,9.44,0.13,81.9,3.2
Bristol,51.4545,-2.5879,2020-09-06,14.1,18.54,10.14,1.51,84.82,1.86
Bristol,51.4545,-2.5879,2020-09-07,14.51,17.97,10.28,1.09,89.32,3.4
Bristol,51.4545,-2.5879,2020-09-08,17.34,21.95,13.93,0.5,89.87,3.43
Bristol,51.4545,-2.5879,2020-09-09,16.08,21.33,10.34,0.85,84.24,2.98
Bristol,51.4545,-2.5879,2020-09-10,13.15,18.54,7.53,0.0,76.25,1.52
Bristol,51.4545,-2.5879,2020-09-11,13.52,17.88,9.23,0.06,81.63,3.4
Bristol,51.4545,-2.5879,2020-09-12,15.0,19.29,11.92,0.27,82.49,3.27
Bristol,51.4545,-2.5879,2020-09-13,16.12,22.23,11.2,0.09,84.0,2.82
Bristol,51.4545,-2.5879,2020-09-14,17.61,26.24,9.85,0.09,73.39,1.74
Bristol,51.4545,-2.5879,2020-09-15,17.82,24.65,12.96,0.03,81.86,1.61
Bristol,51.4545,-2.5879,2020-09-16,17.79,24.65,13.09,0.06,76.96,3.02
Bristol,51.4545,-2.5879,2020-09-17,15.08,21.53,10.23,0.02,72.97,3.87
Bristol,51.4545,-2.5879,2020-09-18,14.15,20.9,8.96,0.03,72.55,4.75
Bristol,51.4545,-2.5879,2020-09-19,15.43,22.52,10.4,0.07,74.25,5.06
Bristol,51.4545,-2.5879,2020-09-20,15.5,21.73,10.99,0.08,76.86,3.72
Bristol,51.4545,-2.5879,2020-09-21,15.98,23.54,9.77,0.02,80.18,1.24
Bristol,51.4545,-2.5879,2020-09-22,16.08,20.95,11.51,1.28,85.07,2.61
Bristol,51.4545,-2.5879,2020-09-23,13.59,17.17,8.28,3.21,83.76,3.69
Bristol,51.4545,-2.5879,2020-09-24,10.42,12.63,7.51,5.19,80.53,4.0
Bristol,51.4545,-2.5879,2020-09-25,10.41,14.82,7.33,0.61,76.68,5.69
Bristol,51.4545,-2.5879,2020-09-26,9.34,13.93,5.24,0.01,74.99,4.47
Bristol,51.4545,-2.5879,2020-09-27,9.42,15.38,5.31,0.0,77.22,3.5
Bristol,51.4545,-2.5879,2020-09-28,11.85,18.77,4.43,1.56,90.32,2.12
Bristol,51.4545,-2.5879,2020-09-29,12.81,17.83,9.08,0.27,82.69,1.8
Bristol,51.4545,-2.5879,2020-09-30,12.03,14.7,8.93,11.28,94.51,3.93
Bristol,51.4545,-2.5879,2020-10-01,10.76,13.28,7.44,5.81,83.63,2.78
Bristol,51.4545,-2.5879,2020-10-02,11.16,12.91,9.3,22.27,92.88,6.45
Bristol,51.4545,-2.5879,2020-10-03,11.53,13.46,9.4,21.78,92.46,6.18
Bristol,51.4545,-2.5879,2020-10-04,9.8,12.66,8.13,15.53,91.84,5.09
Bristol,51.4545,-2.5879,2020-10-05,11.7,14.95,8.58,2.67,91.55,4.17
Bristol,51.4545,-2.5879,2020-10-06,12.2,14.46,9.71,3.83,89.22,5.46
Bristol,51.4545,-2.5879,2020-10-07,11.63,14.9,8.79,6.82,89.37,3.52
Bristol,51.4545,-2.5879,2020-10-08,13.26,15.87,7.98,3.34,88.41,4.37
Bristol,51.4545,-2.5879,2020-10-09,8.9,12.94,5.6,1.2,89.31,3.05
Bristol,51.4545,-2.5879,2020-10-10,9.05,13.45,5.27,0.94,89.5,3.81
Bristol,51.4545,-2.5879,2020-10-11,9.37,13.86,6.67,0.15,87.74,2.32
Bristol,51.4545,-2.5879,2020-10-12,8.58,11.55,4.97,10.17,96.11,2.4
Bristol,51.4545,-2.5879,2020-10-13,8.71,11.91,5.42,2.35,90.59,3.07
Bristol,51.4545,-2.5879,2020-10-14,9.51,13.85,6.88,0.39,90.27,4.29
Bristol,51.4545,-2.5879,2020-10-15,7.75,12.41,5.02,0.1,88.07,3.44
Bristol,51.4545,-2.5879,2020-10-16,8.01,12.31,5.15,0.23,89.27,2.47
Bristol,51.4545,-2.5879,2020-10-17,9.34,12.83,6.44,0.13,87.61,1.79
Bristol,51.4545,-2.5879,2020-10-18,9.01,13.75,6.2,0.16,87.28,1.16
Bristol,51.4545,-2.5879,2020-10-19,10.06,14.0,6.37,0.51,85.65,3.85
Bristol,51.4545,-2.5879,2020-10-20,13.9,16.68,11.39,2.07,91.64,5.19
Bristol,51.4545,-2.5879,2020-10-21,12.6,13.87,11.58,17.54,96.51,3.37
Bristol,51.4545,-2.5879,2020-10-22,10.23,12.48,7.81,1.01,91.19,2.62
Bristol,51.4545,-2.5879,2020-10-23,9.0,12.69,6.31,2.39,92.7,2.85
Bristol,51.4545,-2.5879,2020-10-24,10.99,14.2,6.96,9.1,94.73,5.59
Bristol,51.4545,-2.5879,2020-10-25,8.89,11.3,7.19,4.34,92.39,3.9
Bristol,51.4545,-2.5879,2020-10-26,9.1,12.73,7.08,1.71,91.47,3.88
Bristol,51.4545,-2.5879,2020-10-27,9.21,13.24,6.79,4.22,93.43,4.56
Bristol,51.4545,-2.5879,2020-10-28,8.83,10.53,7.72,3.91,90.83,5.07
Bristol,51.4545,-2.5879,2020-10-29,11.65,14.53,8.07,4.48,93.29,5.41
Bristol,51.4545,-2.5879,2020-10-30,13.57,14.9,13.03,8.36,95.63,4.56
Bristol,51.4545,-2.5879,2020-10-31,11.72,14.43,8.23,7.82,88.57,6.49
Bristol,51.4545,-2.5879,2020-11-01,13.35,15.48,8.43,6.05,92.2,7.23
Bristol,51.4545,-2.5879,2020-11-02,11.42,15.25,6.35,2.59,83.21,6.91
Bristol,51.4545,-2.5879,2020-11-03,6.91,9.38,4.64,10.24,88.48,3.31
Bristol,51.4545,-2.5879,2020-11-04,5.5,10.96,1.82,0.1,92.5,1.48
Bristol,51.4545,-2.5879,2020-11-05,6.15,10.33,2.56,0.05,89.72,1.01
Bristol,51.4545,-2.5879,2020-11-06,5.07,10.56,1.39,0.11,92.94,3.35
Bristol,51.4545,-2.5879,2020-11-07,8.09,12.33,4.71,0.29,97.63,2.92
Bristol,51.4545,-2.5879,2020-11-08,11.24,14.79,8.91,1.75,97.63,1.75
Bristol,51.4545,-2.5879,2020-11-09,11.52,15.16,8.87,4.03,96.09,2.73
Bristol,51.4545,-2.5879,2020-11-10,9.58,13.04,7.28,1.08,96.21,2.05
Bristol,51.4545,-2.5879,2020-11-11,11.12,12.7,9.02,8.14,95.23,5.38
Bristol,51.4545,-2.5879,2020-11-12,9.63,11.74,8.06,1.34,89.3,4.47
Bristol,51.4545,-2.5879,2020-11-13,9.5,11.65,7.47,2.75,89.82,3.92
Bristol,51.4545,-2.5879,2020-11-14,11.85,13.86,7.87,15.22,93.61,6.35
Bristol,51.4545,-2.5879,2020-11-15,9.34,11.45,7.31,3.87,90.38,5.98
Bristol,51.4545,-2.5879,2020-11-16,9.92,11.56,7.97,2.39,91.22,5.45
Bristol,51.4545,-2.5879,2020-11-17,11.66,13.15,10.92,1.39,94.92,5.07
Bristol,51.4545,-2.5879,2020-11-18,10.64,14.25,7.88,1.85,89.53,5.85
Bristol,51.4545,-2.5879,2020-11-19,6.93,9.36,2.72,0.66,87.48,4.69
Bristol,51.4545,-2.5879,2020-11-20,7.21,9.85,2.36,3.19,97.03,3.41
Bristol,51.4545,-2.5879,2020-11-21,10.27,11.15,9.59,1.48,93.76,4.84
Bristol,51.4545,-2.5879,2020-11-22,7.33,9.86,4.2,0.37,93.73,1.47
Bristol,51.4545,-2.5879,2020-11-23,7.49,10.21,4.38,0.27,94.49,2.82
Bristol,51.4545,-2.5879,2020-11-24,9.68,10.99,8.19,0.66,95.21,4.5
Bristol,51.4545,-2.5879,2020-11-25,7.82,10.86,3.39,5.13,93.13,2.58
Bristol,51.4545,-2.5879,2020-11-26,3.48,7.06,1.88,0.13,98.19,1.34
Bristol,51.4545,-2.5879,2020-11-27,3.65,6.01,2.53,0.58,95.69,2.62
Bristol,51.4545,-2.5879,2020-11-28,7.19,9.47,5.13,2.57,97.81,2.99
Bristol,51.4545,-2.5879,2020-11-29,5.44,6.58,4.39,0.15,97.29,1.46
Bristol,51.4545,-2.5879,2020-11-30,7.24,9.32,4.52,1.9,96.67,3.57
Bristol,51.4545,-2.5879,2020-12-01,4.2,6.28,2.1,0.06,94.99,1.96
Bristol,51.4545,-2.5879,2020-12-02,5.74,9.24,3.13,0.48,95.31,1.89
Bristol,51.4545,-2.5879,2020-12-03,4.31,5.19,1.85,7.82,96.79,2.75
Bristol,51.4545,-2.5879,2020-12-04,3.42,5.91,1.48,5.86,92.41,4.23
Bristol,51.4545,-2.5879,2020-12-05,3.86,6.41,2.86,3.97,95.47,3.62
Bristol,51.4545,-2.5879,2020-12-06,3.05,4.48,2.26,0.36,97.38,1.86
Bristol,51.4545,-2.5879,2020-12-07,1.14,2.49,-0.02,0.38,97.06,1.59
Bristol,51.4545,-2.5879,2020-12-08,3.07,5.67,0.01,0.95,97.23,2.19
Bristol,51.4545,-2.5879,2020-12-09,4.51,6.08,2.08,3.59,93.91,3.18
Bristol,51.4545,-2.5879,2020-12-10,6.81,7.99,6.02,8.16,96.4,4.31
Bristol,51.4545,-2.5879,2020-12-11,7.74,9.29,6.5,2.31,97.57,2.24
Bristol,51.4545,-2.5879,2020-12-12,5.63,7.77,2.25,0.41,94.69,3.41
Bristol,51.4545,-2.5879,2020-12-13,8.17,11.39,2.95,11.67,96.19,5.12
Bristol,51.4545,-2.5879,2020-12-14,8.98,10.61,6.64,3.5,93.25,5.06
Bristol,51.4545,-2.5879,2020-12-15,7.2,9.31,5.92,2.37,96.33,3.49
Bristol,51.4545,-2.5879,2020-12-16,7.95,9.85,5.8,9.47,95.87,4.44
Bristol,51.4545,-2.5879,2020-12-17,8.23,10.17,6.07,1.36,95.83,4.72
Bristol,51.4545,-2.5879,2020-12-18,11.0,12.03,9.92,14.68,94.82,7.6
Bristol,51.4545,-2.5879,2020-12-19,8.59,10.25,6.61,4.54,94.85,5.05
Bristol,51.4545,-2.5879,2020-12-20,6.43,8.6,4.89,1.84,96.51,3.74
Bristol,51.4545,-2.5879,2020-12-21,10.58,12.38,6.48,14.23,95.87,5.47
Bristol,51.4545,-2.5879,2020-12-22,9.08,11.09,8.07,2.48,97.41,1.92
Bristol,51.4545,-2.5879,2020-12-23,8.39,11.47,4.69,13.33,96.91,3.55
Bristol,51.4545,-2.5879,2020-12-24,2.89,5.31,-0.49,0.38,91.37,4.87
Bristol,51.4545,-2.5879,2020-12-25,1.13,3.72,-1.67,0.16,94.21,2.32
Bristol,51.4545,-2.5879,2020-12-26,7.37,8.83,3.47,5.31,95.32,6.38
Bristol,51.4545,-2.5879,2020-12-27,5.21,8.39,2.5,10.99,92.91,5.06
Bristol,51.4545,-2.5879,2020-12-28,1.89,2.66,0.77,6.31,95.91,2.71
Bristol,51.4545,-2.5879,2020-12-29,1.97,3.36,0.42,1.3,97.04,2.84
Bristol,51.4545,-2.5879,2020-12-30,2.13,4.54,-0.24,0.39,93.83,1.76
Bristol,51.4545,-2.5879,2020-12-31,0.19,3.22,-1.67,0.35,96.13,1.4
Bristol,51.4545,-2.5879,2021-01-01,0.65,2.75,-1.32,0.41,98.27,2.24
Bristol,51.4545,-2.5879,2021-01-02,0.52,3.53,-1.41,0.79,97.56,2.43
Bristol,51.4545,-2.5879,2021-01-03,2.12,3.43,0.2,0.59,97.37,3.83
Bristol,51.4545,-2.5879,2021-01-04,1.72,3.81,0.0,0.17,95.81,5.18
Bristol,51.4545,-2.5879,2021-01-05,0.59,2.89,-0.87,0.09,96.05,4.68
Bristol,51.4545,-2.5879,2021-01-06,0.22,2.11,-1.07,0.15,97.71,3.44
Bristol,51.4545,-2.5879,2021-01-07,-0.79,1.12,-2.05,0.25,96.83,1.48
Bristol,51.4545,-2.5879,2021-01-08,0.11,1.93,-1.84,0.36,98.53,1.97
Bristol,51.4545,-2.5879,2021-01-09,-0.06,1.97,-1.89,0.3,95.44,1.41
Bristol,51.4545,-2.5879,2021-01-10,1.33,4.2,-1.31,0.19,96.98,1.79
Bristol,51.4545,-2.5879,2021-01-11,6.46,8.73,3.98,1.98,94.9,5.41
Bristol,51.4545,-2.5879,2021-01-12,6.5,9.37,2.17,5.41,93.13,3.42
Bristol,51.4545,-2.5879,2021-01-13,7.7,10.03,2.16,4.69,96.24,3.93
Bristol,51.4545,-2.5879,2021-01-14,6.87,9.34,0.77,2.61,94.1,4.73
Bristol,51.4545,-2.5879,2021-01-15,0.43,2.34,-1.07,0.53,95.25,2.19
Bristol,51.4545,-2.5879,2021-01-16,5.84,8.2,2.94,10.77,91.99,4.76
Bristol,51.4545,-2.5879,2021-01-17,4.35,6.69,2.32,0.04,93.01,2.97
Bristol,51.4545,-2.5879,2021-01-18,5.8,9.64,3.07,4.64,96.48,3.98
Bristol,51.4545,-2.5879,2021-01-19,9.87,10.96,9.13,10.13,94.79,7.19
Bristol,51.4545,-2.5879,2021-01-20,9.38,10.92,3.06,17.55,94.56,7.66
Bristol,51.4545,-2.5879,2021-01-21,3.92,6.77,1.54,0.59,92.28,4.53
Bristol,51.4545,-2.5879,2021-01-22,2.53,5.98,-0.23,1.47,94.51,2.18
Bristol,51.4545,-2.5879,2021-01-23,0.78,3.83,-1.53,0.04,92.98,1.92
Bristol,51.4545,-2.5879,2021-01-24,0.65,3.3,-1.49,4.66,95.08,3.06
Bristol,51.4545,-2.5879,2021-01-25,-0.12,3.99,-2.96,0.07,93.61,2.61
Bristol,51.4545,-2.5879,2021-01-26,3.57,6.77,-0.47,4.44,96.74,3.51
Bristol,51.4545,-2.5879,2021-01-27,7.51,9.36,5.23,10.29,98.32,1.57
Bristol,51.4545,-2.5879,2021-01-28,10.1,11.0,9.05,11.34,95.09,5.11
Bristol,51.4545,-2.5879,2021-01-29,7.48,9.38,5.91,1.9,94.5,4.74
Bristol,51.4545,-2.5879,2021-01-30,3.62,6.06,0.53,13.68,94.99,5.94
Bristol,51.4545,-2.5879,2021-01-31,0.34,2.32,-1.51,1.95,95.16,3.55
Bristol,51.4545,-2.5879,2021-02-01,2.31,5.2,-0.47,4.35,94.16,2.24
Bristol,51.4545,-2.5879,2021-02-02,9.27,11.59,5.4,7.07,94.06,5.0
Bristol,51.4545,-2.5879,2021-02-03,6.21,7.96,4.59,0.56,94.79,3.01
Bristol,51.4545,-2.5879,2021-02-04,6.25,9.44,2.74,4.45,97.01,2.49
Bristol,51.4545,-2.5879,2021-02-05,5.14,8.48,2.51,2.21,96.02,2.09
Bristol,51.4545,-2.5879,2021-02-06,3.5,5.87,1.48,2.8,91.11,1.83
Bristol,51.4545,-2.5879,2021-02-07,0.66,2.45,-1.14,0.43,87.51,5.75
Bristol,51.4545,-2.5879,2021-02-08,-1.27,0.22,-2.14,0.13,87.99,5.56
Bristol,51.4545,-2.5879,2021-02-09,-1.18,0.59,-2.46,0.2,90.68,5.1
Bristol,51.4545,-2.5879,2021-02-10,-1.05,1.09,-3.03,0.07,88.03,3.98
Bristol,51.4545,-2.5879,2021-02-11,-2.35,-0.63,-3.84,0.01,91.35,4.87
Bristol,51.4545,-2.5879,2021-02-12,-2.12,0.83,-4.8,0.0,87.23,5.41
Bristol,51.4545,-2.5879,2021-02-13,-1.65,1.23,-4.93,0.15,87.53,5.77
Bristol,51.4545,-2.5879,2021-02-14,2.64,4.78,1.07,8.7,90.5,7.12
Bristol,51.4545,-2.5879,2021-02-15,6.88,10.49,3.43,3.35,96.61,3.54
Bristol,51.4545,-2.5879,2021-02-16,8.45,9.54,6.41,5.06,94.33,4.8
Bristol,51.4545,-2.5879,2021-02-17,8.64,9.71,6.04,8.49,93.89,5.76
Bristol,51.4545,-2.5879,2021-02-18,6.62,8.51,3.39,5.35,89.5,5.76
Bristol,51.4545,-2.5879,2021-02-19,7.83,9.74,4.16,5.73,94.51,6.71
Bristol,51.4545,-2.5879,2021-02-20,9.75,10.47,8.61,6.95,92.86,6.93
Bristol,51.4545,-2.5879,2021-02-21,8.79,10.59,7.87,3.57,95.87,2.16
Bristol,51.4545,-2.5879,2021-02-22,7.54,10.71,5.33,3.74,90.77,1.69
Bristol,51.4545,-2.5879,2021-02-23,8.68,10.75,5.75,1.17,92.24,7.3
Bristol,51.4545,-2.5879,2021-02-24,11.17,13.43,9.52,0.94,90.38,6.82
Bristol,51.4545,-2.5879,2021-02-25,7.14,10.19,2.33,0.17,90.6,2.55
Bristol,51.4545,-2.5879,2021-02-26,4.99,9.62,1.08,0.08,87.02,1.31
Bristol,51.4545,-2.5879,2021-02-27,4.9,10.06,0.84,0.0,88.18,1.52
Bristol,51.4545,-2.5879,2021-02-28,4.17,9.27,0.85,0.08,94.23,2.72
Bristol,51.4545,-2.5879,2021-03-01,4.34,8.33,2.4,0.21,94.9,3.51
Bristol,51.4545,-2.5879,2021-03-02,2.96,6.13,0.48,0.14,95.43,2.45
Bristol,51.4545,-2.5879,2021-03-03,5.34,9.03,2.06,3.31,97.44,1.72
Bristol,51.4545,-2.5879,2021-03-04,4.57,7.03,2.0,0.36,91.09,2.82
Bristol,51.4545,-2.5879,2021-03-05,2.39,6.09,-0.64,0.02,86.21,3.09
Bristol,51.4545,-2.5879,2021-03-06,1.6,5.45,-2.36,0.03,83.78,1.8
Bristol,51.4545,-2.5879,2021-03-07,1.81,5.46,-1.74,0.0,78.06,1.41
Bristol,51.4545,-2.5879,2021-03-08,3.31,8.66,-0.84,0.01,88.36,1.48
Bristol,51.4545,-2.5879,2021-03-09,4.64,9.29,0.05,0.06,89.36,3.16
Bristol,51.4545,-2.5879,2021-03-10,8.06,10.91,4.62,14.85,95.0,7.49
Bristol,51.4545,-2.5879,2021-03-11,7.09,9.75,4.4,2.49,86.66,8.03
Bristol,51.4545,-2.5879,2021-03-12,6.38,7.89,5.0,7.94,89.08,6.7
Bristol,51.4545,-2.5879,2021-03-13,5.36,7.23,3.82,2.88,85.4,7.37
Bristol,51.4545,-2.5879,2021-03-14,6.77,8.17,4.82,2.21,90.19,5.89
Bristol,51.4545,-2.5879,2021-03-15,8.48,11.62,5.77,0.64,89.35,3.66
Bristol,51.4545,-2.5879,2021-03-16,8.68,13.96,4.47,0.62,92.95,3.34
Bristol,51.4545,-2.5879,2021-03-17,6.72,10.81,3.63,0.05,88.16,2.23
Bristol,51.4545,-2.5879,2021-03-18,7.04,11.22,2.36,0.12,93.18,2.76
Bristol,51.4545,-2.5879,2021-03-19,7.59,9.46,3.86,0.33,92.05,3.46
Bristol,51.4545,-2.5879,2021-03-20,7.07,10.1,3.06,0.15,92.01,1.71
Bristol,51.4545,-2.5879,2021-03-21,8.28,11.14,5.44,0.3,85.91,1.79
Bristol,51.4545,-2.5879,2021-03-22,5.74,10.19,2.61,0.08,88.43,1.23
Bristol,51.4545,-2.5879,2021-03-23,7.49,10.27,4.46,0.04,86.56,3.04
Bristol,51.4545,-2.5879,2021-03-24,7.72,11.84,3.4,0.34,87.34,2.75
Bristol,51.4545,-2.5879,2021-03-25,7.75,11.21,3.12,1.17,91.7,3.88
Bristol,51.4545,-2.5879,2021-03-26,7.25,9.24,4.19,6.46,87.06,5.96
Bristol,51.4545,-2.5879,2021-03-27,6.73,9.48,3.15,1.43,83.54,4.86
Bristol,51.4545,-2.5879,2021-03-28,9.19,11.64,7.04,1.22,91.94,6.36
Bristol,51.4545,-2.5879,2021-03-29,10.14,15.41,5.01,0.37,91.89,3.73
Bristol,51.4545,-2.5879,2021-03-30,10.52,17.98,3.28,0.01,80.97,1.82
Bristol,51.4545,-2.5879,2021-03-31,12.25,18.15,7.22,0.01,85.48,1.51
Bristol,51.4545,-2.5879,2021-04-01,8.92,12.66,4.32,0.05,89.66,4.13
Bristol,51.4545,-2.5879,2021-04-02,5.92,10.87,2.51,0.0,83.17,3.81
Bristol,51.4545,-2.5879,2021-04-03,5.48,10.53,1.93,0.01,84.47,3.1
Bristol,51.4545,-2.5879,2021-04-04,6.76,12.94,1.4,0.01,85.43,2.24
Bristol,51.4545,-2.5879,2021-04-05,4.85,6.89,-0.39,0.09,75.47,4.29
Bristol,51.4545,-2.5879,2021-04-06,2.05,5.63,-1.01,0.39,81.05,3.84
Bristol,51.4545,-2.5879,2021-04-07,2.64,6.99,-1.86,0.08,79.16,2.41
Bristol,51.4545,-2.5879,2021-04-08,5.85,10.33,0.43,0.45,89.09,3.3
Bristol,51.4545,-2.5879,2021-04-09,6.77,10.41,3.57,1.39,88.14,2.82
Bristol,51.4545,-2.5879,2021-04-10,4.4,8.27,1.07,1.87,87.21,3.11
Bristol,51.4545,-2.5879,2021-04-11,3.37,6.62,0.46,0.4,81.57,2.51
Bristol,51.4545,-2.5879,2021-04-12,4.84,8.72,0.14,1.81,80.02,1.85
Bristol,51.4545,-2.5879,2021-04-13,6.48,10.54,1.42,0.51,80.22,1.02
Bristol,51.4545,-2.5879,2021-04-14,6.62,10.69,1.91,0.14,81.77,1.85
Bristol,51.4545,-2.5879,2021-04-15,4.71,10.48,-1.72,0.0,79.18,2.09
Bristol,51.4545,-2.5879,2021-04-16,5.41,10.82,0.12,0.02,79.79,1.7
Bristol,51.4545,-2.5879,2021-04-17,6.95,12.1,0.24,0.0,70.86,1.27
Bristol,51.4545,-2.5879,2021-04-18,8.57,13.84,2.58,0.0,73.68,1.15
Bristol,51.4545,-2.5879,2021-04-19,9.31,14.77,2.96,0.0,73.91,1.38
Bristol,51.4545,-2.5879,2021-04-20,11.1,15.43,6.44,0.03,69.93,0.88
Bristol,51.4545,-2.5879,2021-04-21,10.05,14.12,3.91,0.08,80.49,3.17
Bristol,51.4545,-2.5879,2021-04-22,6.93,13.83,0.77,0.0,76.94,2.97
Bristol,51.4545,-2.5879,2021-04-23,7.81,15.29,0.19,0.0,75.27,3.51
Bristol,51.4545,-2.5879,2021-04-24,8.74,15.31,1.49,0.0,76.78,3.9
Bristol,51.4545,-2.5879,2021-04-25,7.84,13.51,2.96,0.02,79.41,4.4
Bristol,51.4545,-2.5879,2021-04-26,6.91,12.55,1.1,0.0,74.92,2.75
Bristol,51.4545,-2.5879,2021-04-27,8.73,13.32,2.24,1.17,82.19,1.59
Bristol,51.4545,-2.5879,2021-04-28,7.36,11.1,4.03,11.6,88.1,3.78
Bristol,51.4545,-2.5879,2021-04-29,5.93,10.12,0.37,0.18,77.56,2.28
Bristol,51.4545,-2.5879,2021-04-30,6.36,9.31,2.6,1.5,81.28,1.45
Bristol,51.4545,-2.5879,2021-05-01,6.92,10.01,2.6,0.43,75.48,1.62
Bristol,51.4545,-2.5879,2021-05-02,8.39,12.72,4.18,0.29,73.71,1.67
Bristol,51.4545,-2.5879,2021-05-03,8.65,10.65,6.17,9.56,87.02,7.09
Bristol,51.4545,-2.5879,2021-05-04,8.02,10.68,5.07,1.32,76.1,6.59
Bristol,51.4545,-2.5879,2021-05-05,6.44,9.31,3.88,1.61,82.44,3.18
Bristol,51.4545,-2.5879,2021-05-06,6.56,10.43,3.55,0.57,75.86,2.29
Bristol,51.4545,-2.5879,2021-05-07,7.55,12.32,1.33,0.49,76.07,2.43
Bristol,51.4545,-2.5879,2021-05-08,11.85,15.53,5.4,18.15,91.71,6.63
Bristol,51.4545,-2.5879,2021-05-09,12.56,16.39,8.92,1.7,84.76,4.67
Bristol,51.4545,-2.5879,2021-05-10,11.03,13.98,7.79,1.52,83.08,5.2
Bristol,51.4545,-2.5879,2021-05-11,9.91,13.56,6.41,2.36,82.74,3.14
Bristol,51.4545,-2.5879,2021-05-12,10.23,13.23,6.96,4.41,82.23,2.11
Bristol,51.4545,-2.5879,2021-05-13,9.92,11.91,8.22,20.71,92.77,3.8
Bristol,51.4545,-2.5879,2021-05-14,10.28,13.69,7.15,1.98,86.37,2.07
Bristol,51.4545,-2.5879,2021-05-15,10.24,13.89,7.72,5.64,88.02,3.1
Bristol,51.4545,-2.5879,2021-05-16,10.31,12.66,7.35,8.43,92.31,2.41
Bristol,51.4545,-2.5879,2021-05-17,10.52,13.95,6.9,1.39,85.63,2.68
Bristol,51.4545,-2.5879,2021-05-18,10.21,13.45,6.62,5.82,87.1,2.55
Bristol,51.4545,-2.5879,2021-05-19,10.85,14.51,7.58,1.83,81.44,2.98
Bristol,51.4545,-2.5879,2021-05-20,10.27,13.24,7.16,4.86,88.38,6.96
Bristol,51.4545,-2.5879,2021-05-21,10.16,11.66,9.27,9.35,88.26,7.97
Bristol,51.4545,-2.5879,2021-05-22,9.71,13.06,5.56,1.87,79.85,3.49
Bristol,51.4545,-2.5879,2021-05-23,8.94,11.3,5.71,10.06,88.66,5.07
Bristol,51.4545,-2.5879,2021-05-24,8.75,11.11,6.23,5.47,88.48,3.26
Bristol,51.4545,-2.5879,2021-05-25,10.1,13.65,6.59,1.72,85.17,3.77
Bristol,51.4545,-2.5879,2021-05-26,11.12,15.32,5.49,0.13,79.3,2.37
Bristol,51.4545,-2.5879,2021-05-27,13.12,17.49,8.66,0.01,73.81,1.41
Bristol,51.4545,-2.5879,2021-05-28,13.53,16.76,9.64,0.62,77.16,1.15
Bristol,51.4545,-2.5879,2021-05-29,14.72,19.25,9.81,0.04,75.87,1.92
Bristol,51.4545,-2.5879,2021-05-30,13.27,18.5,7.17,0.0,77.64,2.13
Bristol,51.4545,-2.5879,2021-05-31,14.01,21.06,6.04,0.0,80.07,2.16
Bristol,51.4545,-2.5879,2021-06-01,15.63,21.61,8.95,0.0,77.08,2.76
Bristol,51.4545,-2.5879,2021-06-02,16.33,22.24,10.07,1.41,83.99,2.9
Bristol,51.4545,-2.5879,2021-06-03,14.35,18.59,9.55,0.19,82.92,2.57
Bristol,51.4545,-2.5879,2021-06-04,13.33,18.76,7.55,0.01,75.26,1.59
Bristol,51.4545,-2.5879,2021-06-05,14.42,19.26,7.73,0.91,81.66,1.95
Bristol,51.4545,-2.5879,2021-06-06,16.28,20.51,12.68,2.08,85.42,1.13
Bristol,51.4545,-2.5879,2021-06-07,14.66,18.54,10.69,0.06,81.7,1.92
Bristol,51.4545,-2.5879,2021-06-08,14.95,20.05,9.23,0.0,78.11,1.54
Bristol,51.4545,-2.5879,2021-06-09,15.9,20.77,9.33,0.28,85.54,2.5
Bristol,51.4545,-2.5879,2021-06-10,17.74,21.57,13.48,1.07,88.01,3.02
Bristol,51.4545,-2.5879,2021-06-11,16.71,20.64,12.86,0.39,86.12,3.69
Bristol,51.4545,-2.5879,2021-06-12,16.63,21.24,10.52,0.03,80.4,1.91
Bristol,51.4545,-2.5879,2021-06-13,18.48,24.48,11.41,0.0,77.9,1.79
Bristol,51.4545,-2.5879,2021-06-14,17.9,23.05,12.68,0.03,81.05,2.51
Bristol,51.4545,-2.5879,2021-06-15,16.15,21.4,9.79,0.0,72.96,1.66
Bristol,51.4545,-2.5879,2021-06-16,17.33,22.34,11.28,0.46,80.03,1.87
Bristol,51.4545,-2.5879,2021-06-17,16.36,19.18,13.15,3.22,85.32,2.93
Bristol,51.4545,-2.5879,2021-06-18,13.95,15.7,12.47,3.88,88.28,4.04
Bristol,51.4545,-2.5879,2021-06-19,14.41,16.61,11.55,3.6,86.06,2.22
Bristol,51.4545,-2.5879,2021-06-20,14.93,17.69,11.69,4.3,86.52,3.33
Bristol,51.4545,-2.5879,2021-06-21,12.73,16.2,10.72,4.0,84.11,4.58
Bristol,51.4545,-2.5879,2021-06-22,13.32,17.3,9.02,0.24,76.18,3.7
Bristol,51.4545,-2.5879,2021-06-23,14.39,19.19,8.31,0.06,76.3,1.84
Bristol,51.4545,-2.5879,2021-06-24,15.82,20.51,11.34,1.39,87.02,2.17
Bristol,51.4545,-2.5879,2021-06-25,15.09,18.0,11.42,3.87,82.34,2.62
Bristol,51.4545,-2.5879,2021-06-26,15.31,20.01,9.86,0.48,80.56,2.53
Bristol,51.4545,-2.5879,2021-06-27,16.78,20.74,12.75,9.56,88.97,4.33
Bristol,51.4545,-2.5879,2021-06-28,15.37,18.51,12.85,5.61,90.93,2.84
Bristol,51.4545,-2.5879,2021-06-29,15.12,18.52,11.12,0.32,84.77,2.55
Bristol,51.4545,-2.5879,2021-06-30,16.9,20.5,11.33,0.05,81.74,1.33
Bristol,51.4545,-2.5879,2021-07-01,16.96,20.34,12.62,0.1,84.38,1.68
Bristol,51.4545,-2.5879,2021-07-02,17.08,21.55,11.85,0.7,80.91,1.54
Bristol,51.4545,-2.5879,2021-07-03,16.91,21.56,13.44,5.07,87.63,2.77
Bristol,51.4545,-2.5879,2021-07-04,15.89,19.14,13.07,8.52,88.11,2.99
Bristol,51.4545,-2.5879,2021-07-05,14.54,18.33,10.94,13.4,82.3,3.15
Bristol,51.4545,-2.5879,2021-07-06,15.15,18.2,12.05,1.93,80.57,5.35
Bristol,51.4545,-2.5879,2021-07-07,16.4,20.01,13.02,3.88,85.15,3.24
Bristol,51.4545,-2.5879,2021-07-08,16.83,21.46,11.61,1.0,82.74,1.69
Bristol,51.4545,-2.5879,2021-07-09,16.12,20.13,12.04,0.63,82.88,2.01
Bristol,51.4545,-2.5879,2021-07-10,15.18,19.32,11.42,2.03,86.09,1.27
Bristol,51.4545,-2.5879,2021-07-11,14.82,18.24,12.0,11.38,88.95,2.61
Bristol,51.4545,-2.5879,2021-07-12,16.59,20.44,12.88,2.31,84.94,2.24
Bristol,51.4545,-2.5879,2021-07-13,17.83,22.06,13.1,0.36,83.31,2.74
Bristol,51.4545,-2.5879,2021-07-14,17.83,22.86,12.11,0.04,81.09,2.72
Bristol,51.4545,-2.5879,2021-07-15,18.31,22.81,12.82,0.01,81.58,2.69
Bristol,51.4545,-2.5879,2021-07-16,19.82,25.26,13.16,0.01,80.61,1.94
Bristol,51.4545,-2.5879,2021-07-17,21.33,26.45,14.92,0.04,76.72,1.82
Bristol,51.4545,-2.5879,2021-07-18,22.49,27.87,16.42,0.0,69.37,1.01
Bristol,51.4545,-2.5879,2021-07-19,23.16,28.24,16.73,0.01,70.71,1.15
Bristol,51.4545,-2.5879,2021-07-20,22.86,27.59,18.23,0.0,69.54,1.46
Bristol,51.4545,-2.5879,2021-07-21,22.26,28.05,15.61,0.02,73.81,1.55
Bristol,51.4545,-2.5879,2021-07-22,22.55,28.52,15.76,0.09,71.84,1.55
Bristol,51.4545,-2.5879,2021-07-23,19.8,25.5,15.26,0.63,73.51,3.41
Bristol,51.4545,-2.5879,2021-07-24,17.58,21.46,14.09,8.81,86.71,3.97
Bristol,51.4545,-2.5879,2021-07-25,17.77,20.95,15.17,1.06,85.07,2.55
Bristol,51.4545,-2.5879,2021-07-26,19.35,24.48,13.61,1.01,79.39,2.21
Bristol,51.4545,-2.5879,2021-07-27,17.6,20.82,14.86,6.68,85.94,2.36
Bristol,51.4545,-2.5879,2021-07-28,15.93,18.67,12.7,3.84,81.03,4.68
Bristol,51.4545,-2.5879,2021-07-29,15.92,19.94,11.99,3.64,77.16,4.03
Bristol,51.4545,-2.5879,2021-07-30,15.93,19.12,13.6,7.23,84.29,5.25
Bristol,51.4545,-2.5879,2021-07-31,16.09,19.6,12.98,2.69,84.41,3.04
Bristol,51.4545,-2.5879,2021-08-01,16.09,19.78,11.45,2.79,84.04,1.52
Bristol,51.4545,-2.5879,2021-08-02,15.29,19.34,10.53,2.12,82.28,1.03
Bristol,51.4545,-2.5879,2021-08-03,16.1,20.63,10.43,0.36,75.65,1.09
Bristol,51.4545,-2.5879,2021-08-04,17.58,22.03,13.21,0.13,70.84,1.04
Bristol,51.4545,-2.5879,2021-08-05,16.11,19.14,12.73,6.11,88.87,4.4
Bristol,51.4545,-2.5879,2021-08-06,16.5,19.63,13.11,3.36,82.17,5.32
Bristol,51.4545,-2.5879,2021-08-07,15.14,18.38,12.3,4.15,87.33,4.95
Bristol,51.4545,-2.5879,2021-08-08,15.68,18.79,13.55,4.0,82.5,5.18
Bristol,51.4545,-2.5879,2021-08-09,15.72,19.24,12.85,4.45,85.4,3.37
Bristol,51.4545,-2.5879,2021-08-10,16.45,21.16,12.0,0.66,84.31,2.86
Bristol,51.4545,-2.5879,2021-08-11,16.72,21.21,11.42,1.06,85.25,3.43
Bristol,51.4545,-2.5879,2021-08-12,16.91,21.8,12.49,1.08,84.05,3.12
Bristol,51.4545,-2.5879,2021-08-13,16.89,20.71,13.45,0.56,84.15,4.04
Bristol,51.4545,-2.5879,2021-08-14,17.77,22.51,13.71,1.07,86.79,2.91
Bristol,51.4545,-2.5879,2021-08-15,17.08,20.76,13.73,1.41,84.36,3.27
Bristol,51.4545,-2.5879,2021-08-16,15.22,19.18,12.11,0.1,79.15,3.6
Bristol,51.4545,-2.5879,2021-08-17,16.14,20.65,11.85,0.27,85.03,3.87
Bristol,51.4545,-2.5879,2021-08-18,16.45,20.66,13.03,0.41,84.23,3.38
Bristol,51.4545,-2.5879,2021-08-19,16.55,21.84,13.38,2.46,86.15,2.72
Bristol,51.4545,-2.5879,2021-08-20,17.49,22.34,13.35,0.8,84.76,1.94
Bristol,51.4545,-2.5879,2021-08-21,16.91,21.05,13.44,9.7,89.79,2.27
Bristol,51.4545,-2.5879,2021-08-22,17.21,21.87,12.85,0.53,82.96,2.69
Bristol,51.4545,-2.5879,2021-08-23,16.88,21.91,12.21,0.07,80.07,2.69
Bristol,51.4545,-2.5879,2021-08-24,16.27,22.17,10.85,0.03,75.0,3.25
Bristol,51.4545,-2.5879,2021-08-25,15.91,21.39,10.83,0.06,81.78,2.65
Bristol,51.4545,-2.5879,2021-08-26,16.4,21.03,11.89,0.07,79.48,2.76
Bristol,51.4545,-2.5879,2021-08-27,14.69,19.4,10.47,0.03,77.68,2.65
Bristol,51.4545,-2.5879,2021-08-28,15.13,21.06,9.01,0.06,79.08,2.54
Bristol,51.4545,-2.5879,2021-08-29,15.15,20.16,10.16,0.02,78.42,2.83
Bristol,51.4545,-2.5879,2021-08-30,14.95,20.18,10.08,0.03,80.6,3.43
Bristol,51.4545,-2.5879,2021-08-31,14.22,17.31,10.71,0.18,83.29,3.7
Bristol,51.4545,-2.5879,2021-09-01,15.29,19.55,12.46,0.07,77.83,3.71
Bristol,51.4545,-2.5879,2021-09-02,15.35,20.03,12.26,0.17,78.17,3.75
Bristol,51.4545,-2.5879,2021-09-03,16.04,21.55,11.9,0.05,77.65,2.5
Bristol,51.4545,-2.5879,2021-09-04,16.24,22.1,10.7,0.05,79.66,2.53
Bristol,51.4545,-2.5879,2021-09-05,18.49,24.73,12.49,0.04,79.1,1.85
Bristol,51.4545,-2.5879,2021-09-06,20.81,26.15,15.25,0.0,71.49,0.82
Bristol,51.4545,-2.5879,2021-09-07,20.72,28.32,13.98,0.0,69.02,2.38
Bristol,51.4545,-2.5879,2021-09-08,19.65,26.19,15.49,1.82,76.5,2.68
Bristol,51.4545,-2.5879,2021-09-09,18.22,22.75,14.64,4.39,88.93,2.5
Bristol,51.4545,-2.5879,2021-09-10,17.66,21.74,14.14,2.47,88.04,3.29
Bristol,51.4545,-2.5879,2021-09-11,16.91,20.93,13.08,0.27,81.84,3.01
Bristol,51.4545,-2.5879,2021-09-12,15.97,20.44,11.52,0.48,78.12,1.0
Bristol,51.4545,-2.5879,2021-09-13,16.07,19.7,13.06,2.65,83.84,2.71
Bristol,51.4545,-2.5879,2021-09-14,15.61,20.45,12.26,3.67,88.67,2.5
Bristol,51.4545,-2.5879,2021-09-15,15.49,21.03,10.37,0.29,84.29,1.67
Bristol,51.4545,-2.5879,2021-09-16,16.0,21.14,11.96,0.05,82.79,1.71
Bristol,51.4545,-2.5879,2021-09-17,15.37,20.8,11.54,0.06,83.52,2.55
Bristol,51.4545,-2.5879,2021-09-18,17.34,23.38,12.49,1.03,80.67,1.58
Bristol,51.4545,-2.5879,2021-09-19,15.46,19.69,11.05,0.86,80.58,2.47
Bristol,51.4545,-2.5879,2021-09-20,13.92,20.21,8.48,0.04,79.26,2.62
Bristol,51.4545,-2.5879,2021-09-21,14.5,20.93,8.6,0.05,82.29,1.3
Bristol,51.4545,-2.5879,2021-09-22,14.44,20.07,10.79,0.14,85.08,2.03
Bristol,51.4545,-2.5879,2021-09-23,15.65,21.07,11.52,0.5,88.33,3.18
Bristol,51.4545,-2.5879,2021-09-24,15.64,22.21,9.44,0.18,88.84,2.56
Bristol,51.4545,-2.5879,2021-09-25,17.18,22.44,13.11,0.35,85.65,1.27
Bristol,51.4545,-2.5879,2021-09-26,16.56,21.45,12.86,0.53,83.9,3.31
Bristol,51.4545,-2.5879,2021-09-27,14.02,16.7,10.57,11.13,80.53,5.6
Bristol,51.4545,-2.5879,2021-09-28,12.79,16.82,10.03,20.68,90.77,4.56
Bristol,51.4545,-2.5879,2021-09-29,10.84,14.7,8.04,0.22,78.73,3.81
Bristol,51.4545,-2.5879,2021-09-30,13.46,16.71,8.26,5.13,91.52,5.56
Bristol,51.4545,-2.5879,2021-10-01,13.27,15.8,8.54,4.7,81.86,4.6
Bristol,51.4545,-2.5879,2021-10-02,11.8,15.45,8.75,14.79,92.89,3.93
Bristol,51.4545,-2.5879,2021-10-03,11.53,15.17,7.84,2.75,86.7,4.07
Bristol,51.4545,-2.5879,2021-10-04,12.11,14.91,9.45,17.48,89.99,4.33
Bristol,51.4545,-2.5879,2021-10-05,11.87,14.49,9.91,4.29,84.95,5.65
Bristol,51.4545,-2.5879,2021-10-06,12.19,15.99,8.67,0.19,83.42,3.36
Bristol,51.4545,-2.5879,2021-10-07,14.97,19.83,11.83,0.25,92.97,2.06
Bristol,51.4545,-2.5879,2021-10-08,14.2,19.47,10.05,0.14,90.49,1.08
Bristol,51.4545,-2.5879,2021-10-09,12.89,17.56,8.06,0.05,87.33,1.21
Bristol,51.4545,-2.5879,2021-10-10,12.59,17.28,7.75,0.04,86.07,2.37
Bristol,51.4545,-2.5879,2021-10-11,10.28,15.84,6.74,0.01,88.54,1.84
Bristol,51.4545,-2.5879,2021-10-12,11.09,16.45,6.52,0.15,89.68,2.09
Bristol,51.4545,-2.5879,2021-10-13,12.23,16.81,8.72,0.14,90.12,1.27
Bristol,51.4545,-2.5879,2021-10-14,12.08,16.76,7.49,0.19,90.85,2.62
Bristol,51.4545,-2.5879,2021-10-15,11.86,13.99,9.65,0.17,88.47,1.92
Bristol,51.4545,-2.5879,2021-10-16,12.06,16.37,9.26,0.45,91.14,1.56
Bristol,51.4545,-2.5879,2021-10-17,12.64,17.56,9.54,0.47,89.07,2.38
Bristol,51.4545,-2.5879,2021-10-18,13.92,17.22,9.74,4.65,97.44,3.13
Bristol,51.4545,-2.5879,2021-10-19,16.23,18.23,14.3,19.82,94.65,5.1
Bristol,51.4545,-2.5879,2021-10-20,13.24,16.32,8.65,8.95,90.21,4.21
Bristol,51.4545,-2.5879,2021-10-21,8.72,12.61,5.65,3.91,81.23,3.92
Bristol,51.4545,-2.5879,2021-10-22,8.3,12.82,5.37,0.13,89.9,3.01
Bristol,51.4545,-2.5879,2021-10-23,9.33,12.89,5.89,0.09,87.0,3.12
Bristol,51.4545,-2.5879,2021-10-24,11.89,15.03,10.28,1.51,89.66,4.16
Bristol,51.4545,-2.5879,2021-10-25,10.79,14.23,8.1,1.08,92.58,2.93
Bristol,51.4545,-2.5879,2021-10-26,12.56,16.41,8.68,0.97,94.34,3.92
Bristol,51.4545,-2.5879,2021-10-27,14.09,16.51,12.79,1.02,91.78,5.67
Bristol,51.4545,-2.5879,2021-10-28,13.87,15.95,12.52,17.84,92.06,6.13
Bristol,51.4545,-2.5879,2021-10-29,12.31,14.01,10.31,6.92,87.3,5.43
Bristol,51.4545,-2.5879,2021-10-30,10.37,12.99,7.49,8.1,89.34,3.91
Bristol,51.4545,-2.5879,2021-10-31,11.26,12.81,9.34,14.99,84.21,7.1
Bristol,51.4545,-2.5879,2021-11-01,8.81,11.69,5.58,1.58,85.81,4.23
Bristol,51.4545,-2.5879,2021-11-02,6.76,10.74,3.36,0.82,91.07,1.42
Bristol,51.4545,-2.5879,2021-11-03,6.15,10.37,2.8,0.52,94.47,2.56
Bristol,51.4545,-2.5879,2021-11-04,5.25,9.67,1.73,0.02,91.05,3.18
Bristol,51.4545,-2.5879,2021-11-05,6.07,11.45,1.25,0.02,95.09,1.69
Bristol,51.4545,-2.5879,2021-11-06,10.38,12.01,7.52,1.3,94.09,4.72
Bristol,51.4545,-2.5879,2021-11-07,8.13,11.46,4.24,0.02,87.03,3.41
Bristol,51.4545,-2.5879,2021-11-08,8.32,12.39,4.11,0.39,97.83,1.94
Bristol,51.4545,-2.5879,2021-11-09,10.58,14.07,7.81,0.34,95.69,2.87
Bristol,51.4545,-2.5879,2021-11-10,11.18,13.9,9.14,1.0,96.96,1.35
Bristol,51.4545,-2.5879,2021-11-11,9.95,13.21,7.92,0.65,94.38,2.34
Bristol,51.4545,-2.5879,2021-11-12,11.37,13.09,9.38,2.79,94.12,4.9
Bristol,51.4545,-2.5879,2021-11-13,10.09,12.99,8.4,0.07,91.68,2.61
Bristol,51.4545,-2.5879,2021-11-14,7.31,11.43,5.47,0.09,96.62,1.91
Bristol,51.4545,-2.5879,2021-11-15,7.71,10.55,5.77,0.17,94.44,0.66
Bristol,51.4545,-2.5879,2021-11-16,8.75,11.38,6.75,0.6,97.91,1.97
Bristol,51.4545,-2.5879,2021-11-17,7.98,10.99,4.99,0.1,91.98,2.48
Bristol,51.4545,-2.5879,2021-11-18,9.74,12.99,6.45,0.52,97.08,2.89
Bristol,51.4545,-2.5879,2021-11-19,10.23,12.87,8.79,0.36,97.12,1.53
Bristol,51.4545,-2.5879,2021-11-20,8.72,10.59,7.5,0.53,93.96,1.83
Bristol,51.4545,-2.5879,2021-11-21,4.57,7.41,1.87,0.06,91.29,3.76
Bristol,51.4545,-2.5879,2021-11-22,3.24,7.28,1.81,0.03,95.02,3.5
Bristol,51.4545,-2.5879,2021-11-23,4.68,8.3,1.88,0.22,96.85,1.81
Bristol,51.4545,-2.5879,2021-11-24,5.61,7.48,4.08,0.46,94.43,1.23
Bristol,51.4545,-2.5879,2021-11-25,3.85,6.85,1.82,0.11,92.41,3.07
Bristol,51.4545,-2.5879,2021-11-26,5.75,8.42,3.19,4.35,89.96,5.72
Bristol,51.4545,-2.5879,2021-11-27,2.74,4.39,-0.11,1.24,77.52,8.97
Bristol,51.4545,-2.5879,2021-11-28,1.61,5.16,-1.42,0.96,89.92,3.05
Bristol,51.4545,-2.5879,2021-11-29,2.24,6.6,-1.81,0.24,94.57,2.31
Bristol,51.4545,-2.5879,2021-11-30,9.57,10.79,6.96,4.31,95.39,5.28
Bristol,51.4545,-2.5879,2021-12-01,6.38,10.35,0.93,1.42,90.37,5.53
Bristol,51.4545,-2.5879,2021-12-02,1.93,4.85,-0.23,1.11,90.9,2.57
Bristol,51.4545,-2.5879,2021-12-03,6.06,8.63,2.96,4.56,97.38,2.12
Bristol,51.4545,-2.5879,2021-12-04,5.34,6.71,4.24,1.71,88.21,5.0
Bristol,51.4545,-2.5879,2021-12-05,4.41,6.43,1.11,0.26,87.47,5.18
Bristol,51.4545,-2.5879,2021-12-06,4.06,8.36,1.09,3.66,92.26,3.67
Bristol,51.4545,-2.5879,2021-12-07,5.42,9.15,1.93,10.74,92.03,6.36
Bristol,51.4545,-2.5879,2021-12-08,5.43,6.49,4.79,1.21,79.33,7.42
Bristol,51.4545,-2.5879,2021-12-09,6.11,9.48,2.59,4.99,90.8,4.3
Bristol,51.4545,-2.5879,2021-12-10,4.57,6.69,2.49,0.39,91.91,4.5
Bristol,51.4545,-2.5879,2021-12-11,6.13,10.02,2.12,2.91,97.51,2.88
Bristol,51.4545,-2.5879,2021-12-12,10.59,12.26,10.0,1.73,96.42,4.3
Bristol,51.4545,-2.5879,2021-12-13,9.9,10.91,8.98,1.73,96.4,3.91
Bristol,51.4545,-2.5879,2021-12-14,9.95,11.91,8.74,0.72,96.6,3.12
Bristol,51.4545,-2.5879,2021-12-15,8.8,11.49,7.32,0.18,97.66,2.25
Bristol,51.4545,-2.5879,2021-12-16,7.76,11.28,3.1,0.05,90.03,0.86
Bristol,51.4545,-2.5879,2021-12-17,5.93,8.46,2.62,0.14,95.98,2.56
Bristol,51.4545,-2.5879,2021-12-18,6.48,8.25,4.7,0.19,96.55,2.89
Bristol,51.4545,-2.5879,2021-12-19,5.36,6.42,3.67,0.49,97.14,2.26
Bristol,51.4545,-2.5879,2021-12-20,3.76,5.8,2.3,0.23,94.41,2.65
Bristol,51.4545,-2.5879,2021-12-21,1.33,5.27,-1.79,0.03,95.53,2.38
Bristol,51.4545,-2.5879,2021-12-22,2.51,4.37,-0.54,1.17,95.44,3.3
Bristol,51.4545,-2.5879,2021-12-23,8.01,11.08,4.63,1.12,97.54,3.46
Bristol,51.4545,-2.5879,2021-12-24,7.99,10.03,5.84,4.99,97.75,2.13
Bristol,51.4545,-2.5879,2021-12-25,7.01,7.98,5.95,12.92,97.5,3.56
Bristol,51.4545,-2.5879,2021-12-26,7.48,9.59,5.01,1.22,97.85,1.51
Bristol,51.4545,-2.5879,2021-12-27,8.17,10.48,5.75,4.07,97.89,2.8
Bristol,51.4545,-2.5879,2021-12-28,8.31,9.54,6.9,4.94,95.13,4.98
Bristol,51.4545,-2.5879,2021-12-29,10.45,13.42,7.65,6.98,96.24,4.58
Bristol,51.4545,-2.5879,2021-12-30,11.98,13.18,11.38,2.81,95.38,5.82
Bristol,51.4545,-2.5879,2021-12-31,11.58,13.55,10.27,2.27,95.97,4.69
Bristol,51.4545,-2.5879,2022-01-01,11.32,12.92,10.22,0.74,94.24,5.16
Bristol,51.4545,-2.5879,2022-01-02,9.67,11.39,8.57,6.18,94.09,4.94
Bristol,51.4545,-2.5879,2022-01-03,8.21,9.41,7.16,0.92,95.8,4.42
Bristol,51.4545,-2.5879,2022-01-04,4.1,7.09,1.72,2.11,90.77,3.84
Bristol,51.4545,-2.5879,2022-01-05,1.95,5.65,-0.61,0.15,93.67,3.11
Bristol,51.4545,-2.5879,2022-01-06,2.72,6.76,-1.4,3.0,95.1,3.61
Bristol,51.4545,-2.5879,2022-01-07,3.89,4.91,3.2,4.49,94.72,4.06
Bristol,51.4545,-2.5879,2022-01-08,6.59,9.8,3.73,7.0,93.68,5.22
Bristol,51.4545,-2.5879,2022-01-09,4.72,7.32,3.67,1.1,94.38,3.39
Bristol,51.4545,-2.5879,2022-01-10,6.32,8.6,3.55,1.11,98.13,1.89
Bristol,51.4545,-2.5879,2022-01-11,6.61,8.43,3.87,2.19,98.65,1.65
Bristol,51.4545,-2.5879,2022-01-12,4.0,7.6,1.87,0.26,92.24,1.13
Bristol,51.4545,-2.5879,2022-01-13,3.12,6.54,1.23,0.4,91.89,0.62
Bristol,51.4545,-2.5879,2022-01-14,1.37,5.54,-0.82,0.06,96.46,1.55
Bristol,51.4545,-2.5879,2022-01-15,2.68,5.48,-0.32,0.39,97.63,1.55
Bristol,51.4545,-2.5879,2022-01-16,4.18,7.11,0.06,1.3,98.42,1.8
Bristol,51.4545,-2.5879,2022-01-17,1.99,6.81,-0.95,0.03,96.38,1.36
Bristol,51.4545,-2.5879,2022-01-18,2.17,4.43,0.46,0.3,98.25,1.25
Bristol,51.4545,-2.5879,2022-01-19,4.7,9.59,1.47,0.46,95.31,2.86
Bristol,51.4545,-2.5879,2022-01-20,0.92,4.8,-2.22,0.06,91.99,2.28
Bristol,51.4545,-2.5879,2022-01-21,0.46,5.47,-2.2,0.01,96.07,1.79
Bristol,51.4545,-2.5879,2022-01-22,2.07,5.4,-0.77,0.11,96.53,1.36
Bristol,51.4545,-2.5879,2022-01-23,2.49,4.16,1.02,0.29,94.33,0.92
Bristol,51.4545,-2.5879,2022-01-24,2.5,4.65,0.98,0.27,94.67,1.4
Bristol,51.4545,-2.5879,2022-01-25,1.44,3.23,-0.06,0.2,92.53,0.85
Bristol,51.4545,-2.5879,2022-01-26,3.18,7.37,-0.38,0.02,95.22,2.47
Bristol,51.4545,-2.5879,2022-01-27,6.53,11.17,2.07,0.67,95.92,3.28
Bristol,51.4545,-2.5879,2022-01-28,5.25,9.05,1.85,0.66,96.86,3.08
Bristol,51.4545,-2.5879,2022-01-29,7.74,10.86,1.93,0.7,95.03,4.93
Bristol,51.4545,-2.5879,2022-01-30,4.0,8.12,0.15,0.84,92.82,2.93
Bristol,51.4545,-2.5879,2022-01-31,5.31,7.82,3.63,0.14,87.18,5.0
Bristol,51.4545,-2.5879,2022-02-01,8.47,10.46,5.72,0.6,95.13,5.28
Bristol,51.4545,-2.5879,2022-02-02,7.85,9.89,6.46,0.26,92.16,3.04
Bristol,51.4545,-2.5879,2022-02-03,7.58,9.4,6.56,0.67,95.47,3.71
Bristol,51.4545,-2.5879,2022-02-04,5.49,8.58,2.03,3.95,89.38,4.94
Bristol,51.4545,-2.5879,2022-02-05,5.84,9.37,1.42,2.28,93.29,5.66
Bristol,51.4545,-2.5879,2022-02-06,8.08,9.96,4.08,7.61,87.38,7.44
Bristol,51.4545,-2.5879,2022-02-07,6.43,10.09,1.16,0.95,93.91,3.61
Bristol,51.4545,-2.5879,2022-02-08,8.99,11.5,7.19,0.43,93.52,4.65
Bristol,51.4545,-2.5879,2022-02-09,7.73,10.43,5.39,1.51,93.85,2.91
Bristol,51.4545,-2.5879,2022-02-10,4.31,7.07,1.57,0.69,88.94,2.94
Bristol,51.4545,-2.5879,2022-02-11,3.01,7.57,0.2,0.05,90.04,2.22
Bristol,51.4545,-2.5879,2022-02-12,6.02,8.33,3.32,2.3,88.09,5.78
Bristol,51.4545,-2.5879,2022-02-13,8.42,10.0,6.9,16.79,95.08,6.69
Bristol,51.4545,-2.5879,2022-02-14,5.87,7.94,2.46,1.07,91.44,4.72
Bristol,51.4545,-2.5879,2022-02-15,6.58,9.28,2.25,9.31,96.86,4.16
Bristol,51.4545,-2.5879,2022-02-16,10.94,13.39,8.54,3.51,92.06,8.43
Bristol,51.4545,-2.5879,2022-02-17,7.87,9.93,6.38,3.48,84.18,5.86
Bristol,51.4545,-2.5879,2022-02-18,6.82,10.71,3.42,5.2,84.17,8.77
Bristol,51.4545,-2.5879,2022-02-19,5.62,9.45,2.37,6.01,92.17,5.72
Bristol,51.4545,-2.5879,2022-02-20,8.71,11.07,4.22,10.29,88.95,8.99
Bristol,51.4545,-2.5879,2022-02-21,6.35,9.17,4.27,0.91,83.07,7.65
Bristol,51.4545,-2.5879,2022-02-22,7.73,11.01,4.05,1.02,91.83,4.97
Bristol,51.4545,-2.5879,2022-02-23,6.47,9.88,4.05,0.72,93.08,4.72
Bristol,51.4545,-2.5879,2022-02-24,5.1,7.25,3.26,4.51,84.61,5.84
Bristol,51.4545,-2.5879,2022-02-25,5.14,9.52,1.78,0.06,86.88,3.34
Bristol,51.4545,-2.5879,2022-02-26,4.9,9.54,1.41,0.02,88.79,3.86
Bristol,51.4545,-2.5879,2022-02-27,5.67,10.18,1.69,0.17,87.0,4.51
Bristol,51.4545,-2.5879,2022-02-28,8.03,9.61,6.58,7.75,97.22,3.51
Bristol,51.4545,-2.5879,2022-03-01,6.37,8.58,4.65,5.08,92.49,4.46
Bristol,51.4545,-2.5879,2022-03-02,7.1,9.72,5.39,4.81,95.62,4.07
Bristol,51.4545,-2.5879,2022-03-03,7.97,10.46,6.26,6.54,96.6,2.59
Bristol,51.4545,-2.5879,2022-03-04,6.1,10.02,1.96,0.41,87.6,3.25
Bristol,51.4545,-2.5879,2022-03-05,4.65,8.38,2.04,0.16,85.02,4.78
Bristol,51.4545,-2.5879,2022-03-06,3.82,7.82,0.79,0.18,86.42,4.17
Bristol,51.4545,-2.5879,2022-03-07,3.01,8.04,-0.71,0.07,84.97,3.93
Bristol,51.4545,-2.5879,2022-03-08,5.44,10.6,-0.05,0.2,88.93,4.82
Bristol,51.4545,-2.5879,2022-03-09,8.14,11.2,5.59,0.53,89.27,5.22
Bristol,51.4545,-2.5879,2022-03-10,9.1,12.02,7.53,0.64,87.68,4.4
Bristol,51.4545,-2.5879,2022-03-11,8.45,10.69,7.03,8.87,94.56,5.0
Bristol,51.4545,-2.5879,2022-03-12,8.39,11.22,5.94,2.79,85.68,5.25
Bristol,51.4545,-2.5879,2022-03-13,7.96,10.95,3.47,3.41,91.65,4.19
Bristol,51.4545,-2.5879,2022-03-14,7.3,11.65,3.08,0.13,85.2,1.42
Bristol,51.4545,-2.5879,2022-03-15,7.74,12.7,4.4,0.13,90.51,2.01
Bristol,51.4545,-2.5879,2022-03-16,7.12,9.68,2.76,10.9,95.7,2.53
Bristol,51.4545,-2.5879,2022-03-17,6.46,11.72,2.02,1.66,91.0,2.9
Bristol,51.4545,-2.5879,2022-03-18,8.75,14.12,5.54,0.16,89.8,2.36
Bristol,51.4545,-2.5879,2022-03-19,7.98,13.79,3.92,0.01,82.29,5.08
Bristol,51.4545,-2.5879,2022-03-20,5.73,11.32,1.07,0.0,81.81,2.91
Bristol,51.4545,-2.5879,2022-03-21,7.47,14.66,0.86,0.01,88.05,2.55
Bristol,51.4545,-2.5879,2022-03-22,9.74,15.56,5.26,0.02,84.15,3.12
Bristol,51.4545,-2.5879,2022-03-23,9.95,16.42,3.23,0.0,76.11,1.74
Bristol,51.4545,-2.5879,2022-03-24,10.75,16.58,5.72,0.0,63.26,1.01
Bristol,51.4545,-2.5879,2022-03-25,8.65,15.01,2.67,0.0,74.77,1.95
Bristol,51.4545,-2.5879,2022-03-26,8.3,15.44,1.77,0.0,79.7,2.84
Bristol,51.4545,-2.5879,2022-03-27,8.2,14.31,4.72,0.08,90.93,2.79
Bristol,51.4545,-2.5879,2022-03-28,8.6,14.72,2.07,1.01,87.55,1.77
Bristol,51.4545,-2.5879,2022-03-29,8.58,11.29,4.77,1.67,91.95,2.75
Bristol,51.4545,-2.5879,2022-03-30,6.77,11.37,1.82,1.42,87.45,2.82
Bristol,51.4545,-2.5879,2022-03-31,2.86,5.94,-0.19,0.44,81.32,5.28
Bristol,51.4545,-2.5879,2022-04-01,3.16,6.91,0.05,0.11,82.49,4.13
Bristol,51.4545,-2.5879,2022-04-02,3.33,7.59,-0.17,0.1,80.81,1.75
Bristol,51.4545,-2.5879,2022-04-03,4.41,9.85,-1.75,0.02,76.08,2.08
Bristol,51.4545,-2.5879,2022-04-04,9.2,13.07,4.39,3.91,93.01,4.56
Bristol,51.4545,-2.5879,2022-04-05,9.71,12.68,8.08,0.57,86.33,5.02
Bristol,51.4545,-2.5879,2022-04-06,9.47,12.02,7.97,5.87,88.08,6.69
Bristol,51.4545,-2.5879,2022-04-07,7.49,10.44,3.31,2.38,79.98,6.63
Bristol,51.4545,-2.5879,2022-04-08,6.1,9.89,3.36,1.3,83.18,2.28
Bristol,51.4545,-2.5879,2022-04-09,5.23,10.0,0.57,0.01,78.33,2.55
Bristol,51.4545,-2.5879,2022-04-10,5.96,11.01,-0.05,0.0,79.46,2.64
Bristol,51.4545,-2.5879,2022-04-11,9.06,13.74,4.59,0.12,81.58,3.99
Bristol,51.4545,-2.5879,2022-04-12,10.87,15.8,7.51,11.12,91.87,3.29
Bristol,51.4545,-2.5879,2022-04-13,11.34,15.44,7.73,1.11,89.79,2.32
Bristol,51.4545,-2.5879,2022-04-14,11.15,15.72,6.96,0.11,86.44,1.2
Bristol,51.4545,-2.5879,2022-04-15,12.33,18.64,6.12,0.03,83.93,1.89
Bristol,51.4545,-2.5879,2022-04-16,12.4,18.98,5.9,0.02,82.91,1.89
Bristol,51.4545,-2.5879,2022-04-17,11.38,17.27,6.06,0.39,83.64,3.0
Bristol,51.4545,-2.5879,2022-04-18,9.58,13.85,5.19,0.45,83.14,2.26
Bristol,51.4545,-2.5879,2022-04-19,8.84,13.08,4.51,0.73,85.04,2.52
Bristol,51.4545,-2.5879,2022-04-20,10.41,16.25,5.37,0.02,80.27,3.15
Bristol,51.4545,-2.5879,2022-04-21,10.86,17.05,5.42,0.0,77.42,3.76
Bristol,51.4545,-2.5879,2022-04-22,9.87,14.92,5.0,0.22,80.74,5.0
Bristol,51.4545,-2.5879,2022-04-23,10.82,15.57,6.93,0.34,82.24,5.47
Bristol,51.4545,-2.5879,2022-04-24,10.65,16.26,5.65,0.73,78.76,4.44
Bristol,51.4545,-2.5879,2022-04-25,8.7,13.37,4.36,0.04,80.57,2.66
Bristol,51.4545,-2.5879,2022-04-26,9.03,14.63,3.93,0.01,77.62,2.57
Bristol,51.4545,-2.5879,2022-04-27,7.99,12.74,4.07,0.01,78.76,3.21
Bristol,51.4545,-2.5879,2022-04-28,8.14,12.46,3.89,0.0,78.77,2.33
Bristol,51.4545,-2.5879,2022-04-29,8.71,13.62,4.08,0.02,78.34,2.21
Bristol,51.4545,-2.5879,2022-04-30,9.12,15.14,2.16,0.05,73.95,1.29
Bristol,51.4545,-2.5879,2022-05-01,9.16,11.92,7.5,3.39,89.66,1.5
Bristol,51.4545,-2.5879,2022-05-02,11.31,14.82,6.87,0.89,84.83,1.12
Bristol,51.4545,-2.5879,2022-05-03,12.04,17.1,6.38,1.12,84.15,1.17
Bristol,51.4545,-2.5879,2022-05-04,11.62,15.51,7.57,0.93,88.58,2.89
Bristol,51.4545,-2.5879,2022-05-05,12.37,17.84,6.4,0.07,85.07,2.0
Bristol,51.4545,-2.5879,2022-05-06,11.65,15.92,6.8,0.61,88.63,3.08
Bristol,51.4545,-2.5879,2022-05-07,13.2,18.22,7.35,0.15,82.17,2.65
Bristol,51.4545,-2.5879,2022-05-08,13.33,18.65,8.28,0.02,76.6,2.15
Bristol,51.4545,-2.5879,2022-05-09,12.83,19.18,6.13,0.05,84.31,3.39
Bristol,51.4545,-2.5879,2022-05-10,13.43,17.04,10.67,1.22,81.36,4.12
Bristol,51.4545,-2.5879,2022-05-11,12.23,15.84,8.57,9.85,87.97,4.04
Bristol,51.4545,-2.5879,2022-05-12,11.63,15.84,7.06,1.05,80.87,3.54
Bristol,51.4545,-2.5879,2022-05-13,12.51,16.74,8.33,0.07,82.35,4.23
Bristol,51.4545,-2.5879,2022-05-14,13.77,18.76,8.02,0.14,79.67,1.39
Bristol,51.4545,-2.5879,2022-05-15,14.15,17.71,10.74,22.87,89.05,3.39
Bristol,51.4545,-2.5879,2022-05-16,15.22,19.57,11.2,7.29,86.41,3.52
Bristol,51.4545,-2.5879,2022-05-17,14.95,21.01,9.64,2.05,84.66,3.82
Bristol,51.4545,-2.5879,2022-05-18,13.19,16.9,8.84,4.62,86.48,2.75
Bristol,51.4545,-2.5879,2022-05-19,13.66,18.02,9.68,0.28,80.88,1.99
Bristol,51.4545,-2.5879,2022-05-20,12.6,16.95,9.25,2.36,83.46,3.53
Bristol,51.4545,-2.5879,2022-05-21,12.93,17.45,9.12,0.29,82.23,2.41
Bristol,51.4545,-2.5879,2022-05-22,14.31,19.21,8.2,0.18,81.71,2.0
Bristol,51.4545,-2.5879,2022-05-23,12.19,15.07,9.1,4.02,84.73,2.64
Bristol,51.4545,-2.5879,2022-05-24,11.96,15.36,8.55,3.06,80.87,3.19
Bristol,51.4545,-2.5879,2022-05-25,12.93,17.08,8.88,1.81,87.11,4.85
Bristol,51.4545,-2.5879,2022-05-26,14.43,18.31,10.41,0.94,87.39,4.98
Bristol,51.4545,-2.5879,2022-05-27,13.12,17.69,8.66,0.06,76.19,2.99
Bristol,51.4545,-2.5879,2022-05-28,12.46,17.55,6.22,0.0,75.63,2.29
Bristol,51.4545,-2.5879,2022-05-29,10.78,14.01,6.76,1.19,79.24,1.79
Bristol,51.4545,-2.5879,2022-05-30,11.04,14.34,7.01,1.04,78.96,1.87
Bristol,51.4545,-2.5879,2022-05-31,11.24,15.05,6.87,1.61,79.53,2.71
Bristol,51.4545,-2.5879,2022-06-01,12.76,16.98,7.95,0.67,78.36,1.68
Bristol,51.4545,-2.5879,2022-06-02,14.06,18.87,7.08,0.05,74.0,1.85
Bristol,51.4545,-2.5879,2022-06-03,14.1,18.75,7.4,2.86,79.78,2.76
Bristol,51.4545,-2.5879,2022-06-04,14.87,19.88,10.1,6.5,76.23,5.62
Bristol,51.4545,-2.5879,2022-06-05,12.66,15.59,10.24,23.38,89.75,2.1
Bristol,51.4545,-2.5879,2022-06-06,14.4,17.95,10.72,2.48,83.44,1.38
Bristol,51.4545,-2.5879,2022-06-07,15.75,20.25,10.57,1.75,82.04,1.97
Bristol,51.4545,-2.5879,2022-06-08,15.05,18.25,11.3,0.49,81.33,4.59
Bristol,51.4545,-2.5879,2022-06-09,15.07,18.47,9.89,1.3,86.05,3.62
Bristol,51.4545,-2.5879,2022-06-10,15.51,19.57,11.43,0.17,80.0,3.85
Bristol,51.4545,-2.5879,2022-06-11,14.61,18.73,10.67,0.32,81.43,4.15
Bristol,51.4545,-2.5879,2022-06-12,14.22,18.5,9.71,0.08,78.36,3.45
Bristol,51.4545,-2.5879,2022-06-13,14.06,18.83,8.63,0.02,76.51,2.05
Bristol,51.4545,-2.5879,2022-06-14,15.21,20.83,7.28,0.01,70.77,1.05
Bristol,51.4545,-2.5879,2022-06-15,16.51,21.76,10.8,0.0,70.66,1.55
Bristol,51.4545,-2.5879,2022-06-16,17.88,24.2,11.1,0.0,69.93,1.47
Bristol,51.4545,-2.5879,2022-06-17,19.02,26.01,12.99,0.01,77.77,3.21
Bristol,51.4545,-2.5879,2022-06-18,13.94,16.82,9.24,10.66,86.69,4.01
Bristol,51.4545,-2.5879,2022-06-19,13.46,18.35,8.07,4.82,81.37,3.76
Bristol,51.4545,-2.5879,2022-06-20,15.35,20.08,9.97,0.01,71.35,2.89
Bristol,51.4545,-2.5879,2022-06-21,17.06,22.56,10.25,0.0,65.36,1.18
Bristol,51.4545,-2.5879,2022-06-22,18.65,24.65,10.62,0.0,67.72,1.83
Bristol,51.4545,-2.5879,2022-06-23,18.4,22.75,12.65,0.69,67.56,1.47
Bristol,51.4545,-2.5879,2022-06-24,16.58,20.05,12.54,2.26,83.23,4.28
Bristol,51.4545,-2.5879,2022-06-25,14.41,18.16,10.91,1.43,76.12,4.91
Bristol,51.4545,-2.5879,2022-06-26,14.87,19.02,10.62,0.78,75.39,5.02
Bristol,51.4545,-2.5879,2022-06-27,13.89,17.6,10.7,2.5,78.37,3.49
Bristol,51.4545,-2.5879,2022-06-28,14.66,18.44,10.18,2.7,80.49,4.95
Bristol,51.4545,-2.5879,2022-06-29,15.47,19.26,12.06,2.96,82.34,3.13
Bristol,51.4545,-2.5879,2022-06-30,14.34,18.15,10.07,2.52,79.85,2.09
Bristol,51.4545,-2.5879,2022-07-01,14.99,18.57,10.82,0.82,77.32,3.65
Bristol,51.4545,-2.5879,2022-07-02,14.64,18.35,10.4,3.05,85.06,3.9
Bristol,51.4545,-2.5879,2022-07-03,15.19,19.69,10.39,0.62,79.49,2.55
Bristol,51.4545,-2.5879,2022-07-04,15.13,19.76,9.54,0.04,76.63,3.0
Bristol,51.4545,-2.5879,2022-07-05,16.06,20.69,9.59,0.02,77.76,2.64
Bristol,51.4545,-2.5879,2022-07-06,17.54,22.19,11.65,0.05,79.35,3.31
Bristol,51.4545,-2.5879,2022-07-07,18.04,22.85,13.19,0.03,76.59,2.86
Bristol,51.4545,-2.5879,2022-07-08,18.89,24.82,11.68,0.01,74.38,2.37
Bristol,51.4545,-2.5879,2022-07-09,18.6,24.2,12.02,0.0,73.01,2.56
Bristol,51.4545,-2.5879,2022-07-10,19.49,25.81,11.37,0.01,64.83,1.42
Bristol,51.4545,-2.5879,2022-07-11,21.5,27.62,15.2,0.0,61.47,1.45
Bristol,51.4545,-2.5879,2022-07-12,21.04,27.39,16.53,0.14,65.79,1.41
Bristol,51.4545,-2.5879,2022-07-13,19.17,23.2,14.02,0.06,71.91,2.21
Bristol,51.4545,-2.5879,2022-07-14,17.19,22.55,10.76,0.0,67.35,2.83
Bristol,51.4545,-2.5879,2022-07-15,17.65,22.79,11.46,0.0,70.13,2.34
Bristol,51.4545,-2.5879,2022-07-16,19.12,25.66,11.8,0.0,67.62,1.63
Bristol,51.4545,-2.5879,2022-07-17,21.52,27.95,14.74,0.0,56.27,2.58
Bristol,51.4545,-2.5879,2022-07-18,24.43,33.77,15.11,0.0,55.42,2.12
Bristol,51.4545,-2.5879,2022-07-19,24.59,32.09,18.45,0.11,59.54,3.54
Bristol,51.4545,-2.5879,2022-07-20,20.41,24.76,16.35,1.14,77.11,2.55
Bristol,51.4545,-2.5879,2022-07-21,19.14,24.35,13.03,0.21,69.37,2.0
Bristol,51.4545,-2.5879,2022-07-22,18.5,22.41,14.18,1.13,78.16,1.67
Bristol,51.4545,-2.5879,2022-07-23,18.31,22.59,12.61,1.23,78.11,3.69
Bristol,51.4545,-2.5879,2022-07-24,20.31,24.99,16.44,1.35,78.75,5.38
Bristol,51.4545,-2.5879,2022-07-25,18.23,22.5,13.67,1.39,75.16,4.59
Bristol,51.4545,-2.5879,2022-07-26,16.55,21.45,11.74,0.09,70.53,2.6
Bristol,51.4545,-2.5879,2022-07-27,16.99,21.27,10.66,0.1,71.09,2.04
Bristol,51.4545,-2.5879,2022-07-28,18.61,24.15,13.92,0.21,65.56,2.23
Bristol,51.4545,-2.5879,2022-07-29,19.95,26.17,13.32,0.08,62.82,1.69
Bristol,51.4545,-2.5879,2022-07-30,19.32,24.23,14.86,0.97,79.55,3.37
Bristol,51.4545,-2.5879,2022-07-31,20.4,24.17,16.72,2.25,80.14,3.62
Bristol,51.4545,-2.5879,2022-08-01,19.01,24.98,13.28,0.41,71.2,2.26
Bristol,51.4545,-2.5879,2022-08-02,21.38,26.18,17.62,1.02,80.93,4.67
Bristol,51.4545,-2.5879,2022-08-03,19.94,24.79,14.53,0.75,77.95,3.95
Bristol,51.4545,-2.5879,2022-08-04,17.54,21.18,13.1,0.12,67.73,3.15
Bristol,51.4545,-2.5879,2022-08-05,15.94,20.84,10.55,0.01,63.68,3.27
Bristol,51.4545,-2.5879,2022-08-06,16.67,23.04,9.1,0.0,61.18,2.22
Bristol,51.4545,-2.5879,2022-08-07,18.63,25.49,11.03,0.0,62.22,2.07
Bristol,51.4545,-2.5879,2022-08-08,20.01,27.43,11.74,0.02,62.98,2.13
Bristol,51.4545,-2.5879,2022-08-09,21.49,28.96,13.55,0.01,60.68,1.39
Bristol,51.4545,-2.5879,2022-08-10,22.39,30.8,14.03,0.0,51.12,1.86
Bristol,51.4545,-2.5879,2022-08-11,23.21,31.6,14.56,0.0,53.64,2.06
Bristol,51.4545,-2.5879,2022-08-12,24.15,33.0,15.33,0.0,51.09,2.21
Bristol,51.4545,-2.5879,2022-08-13,24.52,33.0,15.98,0.02,53.27,1.87
Bristol,51.4545,-2.5879,2022-08-14,23.82,32.81,15.72,0.0,51.97,1.56
Bristol,51.4545,-2.5879,2022-08-15,21.54,26.26,17.21,0.74,60.58,0.92
Bristol,51.4545,-2.5879,2022-08-16,19.19,22.36,16.57,5.41,80.1,1.37
Bristol,51.4545,-2.5879,2022-08-17,19.15,24.09,15.39,1.66,78.21,3.36
Bristol,51.4545,-2.5879,2022-08-18,19.5,24.75,14.1,0.6,77.47,3.08
Bristol,51.4545,-2.5879,2022-08-19,17.68,21.69,13.93,0.13,73.28,3.48
Bristol,51.4545,-2.5879,2022-08-20,17.91,23.09,13.06,0.31,75.26,3.59
Bristol,51.4545,-2.5879,2022-08-21,18.86,24.56,14.15,0.07,72.26,2.22
Bristol,51.4545,-2.5879,2022-08-22,19.18,24.41,12.86,1.15,81.49,2.62
Bristol,51.4545,-2.5879,2022-08-23,20.16,25.37,14.9,0.69,80.94,2.47
Bristol,51.4545,-2.5879,2022-08-24,20.87,26.32,17.16,1.66,79.3,3.25
Bristol,51.4545,-2.5879,2022-08-25,17.92,23.01,13.26,0.73,75.81,2.75
Bristol,51.4545,-2.5879,2022-08-26,17.53,23.39,12.03,0.81,71.14,1.54
Bristol,51.4545,-2.5879,2022-08-27,18.57,24.42,12.87,0.17,68.81,2.04
Bristol,51.4545,-2.5879,2022-08-28,18.36,23.64,13.78,0.0,67.12,2.3
Bristol,51.4545,-2.5879,2022-08-29,18.32,24.05,12.7,0.01,65.48,3.71
Bristol,51.4545,-2.5879,2022-08-30,16.91,22.54,11.65,0.03,72.85,4.11
Bristol,51.4545,-2.5879,2022-08-31,18.14,23.95,12.18,0.04,66.68,4.28
Bristol,51.4545,-2.5879,2022-09-01,18.44,23.77,13.51,0.22,69.23,4.2
Bristol,51.4545,-2.5879,2022-09-02,19.59,26.22,14.92,0.48,67.38,2.37
Bristol,51.4545,-2.5879,2022-09-03,17.58,21.64,14.22,1.27,80.85,2.92
Bristol,51.4545,-2.5879,2022-09-04,19.0,22.61,16.48,8.85,83.29,4.69
Bristol,51.4545,-2.5879,2022-09-05,18.57,21.32,14.05,5.99,85.05,3.47
Bristol,51.4545,-2.5879,2022-09-06,17.04,22.25,14.41,1.71,83.44,3.82
Bristol,51.4545,-2.5879,2022-09-07,17.17,21.15,14.5,2.42,81.25,4.1
Bristol,51.4545,-2.5879,2022-09-08,15.9,18.7,14.2,10.33,90.15,3.15
Bristol,51.4545,-2.5879,2022-09-09,16.51,20.42,13.54,2.24,82.96,3.22
Bristol,51.4545,-2.5879,2022-09-10,16.52,21.87,11.57,1.21,81.11,1.88
Bristol,51.4545,-2.5879,2022-09-11,17.15,22.66,11.4,0.15,76.82,2.76
Bristol,51.4545,-2.5879,2022-09-12,19.47,24.09,15.09,0.31,78.91,1.59
Bristol,51.4545,-2.5879,2022-09-13,15.67,19.13,13.26,2.87,80.62,3.46
Bristol,51.4545,-2.5879,2022-09-14,15.38,21.53,10.92,0.21,77.28,2.91
Bristol,51.4545,-2.5879,2022-09-15,14.57,19.55,9.98,0.02,70.96,3.1
Bristol,51.4545,-2.5879,2022-09-16,12.53,17.63,7.86,0.02,71.44,3.33
Bristol,51.4545,-2.5879,2022-09-17,12.12,18.45,6.1,0.0,70.8,2.3
Bristol,51.4545,-2.5879,2022-09-18,12.64,18.78,6.59,0.02,75.28,2.57
Bristol,51.4545,-2.5879,2022-09-19,13.62,19.07,8.61,0.25,81.76,1.55
Bristol,51.4545,-2.5879,2022-09-20,14.57,20.09,9.95,0.03,75.41,0.87
Bristol,51.4545,-2.5879,2022-09-21,15.35,20.93,10.55,0.0,73.32,1.55
Bristol,51.4545,-2.5879,2022-09-22,14.94,19.66,10.0,2.38,80.57,2.56
Bristol,51.4545,-2.5879,2022-09-23,14.76,19.79,10.58,0.78,76.41,2.94
Bristol,51.4545,-2.5879,2022-09-24,12.71,17.8,8.4,0.1,76.08,3.22
Bristol,51.4545,-2.5879,2022-09-25,11.85,16.84,7.01,0.07,75.69,2.92
Bristol,51.4545,-2.5879,2022-09-26,12.99,16.0,9.43,2.65,78.21,5.11
Bristol,51.4545,-2.5879,2022-09-27,11.29,16.09,8.12,0.63,80.28,3.88
Bristol,51.4545,-2.5879,2022-09-28,10.5,15.37,6.94,0.94,81.55,2.61
Bristol,51.4545,-2.5879,2022-09-29,11.78,16.86,6.98,3.87,82.19,2.9
Bristol,51.4545,-2.5879,2022-09-30,12.33,15.28,7.92,10.63,94.52,4.37
Bristol,51.4545,-2.5879,2022-10-01,14.3,18.23,11.82,1.46,83.91,4.57
Bristol,51.4545,-2.5879,2022-10-02,13.65,18.46,9.33,1.54,80.07,1.95
Bristol,51.4545,-2.5879,2022-10-03,13.98,19.87,7.29,0.24,82.47,2.6
Bristol,51.4545,-2.5879,2022-10-04,15.11,19.33,11.92,1.76,88.74,4.85
Bristol,51.4545,-2.5879,2022-10-05,14.46,17.29,10.09,3.62,82.21,6.41
Bristol,51.4545,-2.5879,2022-10-06,13.14,18.1,8.35,1.25,83.62,4.02
Bristol,51.4545,-2.5879,2022-10-07,13.3,17.75,9.13,2.18,86.89,4.45
Bristol,51.4545,-2.5879,2022-10-08,11.15,16.77,6.95,0.3,79.22,1.94
Bristol,51.4545,-2.5879,2022-10-09,11.88,17.4,6.57,0.04,79.96,3.54
Bristol,51.4545,-2.5879,2022-10-10,11.64,16.31,7.67,1.89,76.91,2.83
Bristol,51.4545,-2.5879,2022-10-11,9.88,15.91,5.31,0.0,72.39,1.15
Bristol,51.4545,-2.5879,2022-10-12,12.38,16.58,7.42,1.21,86.13,2.89
Bristol,51.4545,-2.5879,2022-10-13,12.61,17.79,8.7,1.34,81.85,0.87
Bristol,51.4545,-2.5879,2022-10-14,12.19,16.22,9.72,1.93,90.87,2.29
Bristol,51.4545,-2.5879,2022-10-15,12.46,15.91,10.36,2.98,83.59,4.99
Bristol,51.4545,-2.5879,2022-10-16,13.1,16.89,8.25,5.5,82.92,3.88
Bristol,51.4545,-2.5879,2022-10-17,13.65,17.61,10.15,1.45,86.08,3.15
Bristol,51.4545,-2.5879,2022-10-18,12.27,18.69,6.13,0.8,77.68,2.89
Bristol,51.4545,-2.5879,2022-10-19,14.13,18.79,11.11,4.22,86.19,5.64
Bristol,51.4545,-2.5879,2022-10-20,13.72,18.07,10.14,2.42,88.27,1.99
Bristol,51.4545,-2.5879,2022-10-21,14.56,16.13,11.73,12.57,94.39,5.08
Bristol,51.4545,-2.5879,2022-10-22,13.84,17.39,11.16,2.79,93.11,3.36
Bristol,51.4545,-2.5879,2022-10-23,15.14,18.22,12.84,16.0,90.33,3.22
Bristol,51.4545,-2.5879,2022-10-24,12.95,16.25,10.67,1.94,90.58,3.73
Bristol,51.4545,-2.5879,2022-10-25,13.21,16.9,9.46,1.99,91.35,3.67
Bristol,51.4545,-2.5879,2022-10-26,15.14,18.24,13.25,0.71,88.52,5.09
Bristol,51.4545,-2.5879,2022-10-27,15.71,18.97,13.56,2.91,92.69,3.81
Bristol,51.4545,-2.5879,2022-10-28,14.25,17.09,10.09,2.8,87.83,3.85
Bristol,51.4545,-2.5879,2022-10-29,14.7,18.61,10.42,4.76,95.12,3.95
Bristol,51.4545,-2.5879,2022-10-30,13.37,15.88,11.91,1.6,93.1,4.29
Bristol,51.4545,-2.5879,2022-10-31,13.43,15.71,11.95,7.66,91.97,4.17
Bristol,51.4545,-2.5879,2022-11-01,11.82,14.39,9.49,7.07,85.82,6.43
Bristol,51.4545,-2.5879,2022-11-02,11.47,14.26,7.99,8.36,89.07,6.05
Bristol,51.4545,-2.5879,2022-11-03,9.9,12.5,8.08,10.56,90.19,2.71
Bristol,51.4545,-2.5879,2022-11-04,8.24,12.78,5.87,0.94,90.08,3.28
Bristol,51.4545,-2.5879,2022-11-05,10.58,13.25,6.58,6.47,97.11,3.44
Bristol,51.4545,-2.5879,2022-11-06,10.92,13.27,9.32,4.21,93.75,3.69
Bristol,51.4545,-2.5879,2022-11-07,12.53,14.74,10.18,4.72,92.41,6.28
Bristol,51.4545,-2.5879,2022-11-08,11.62,13.14,9.7,9.43,90.6,6.14
Bristol,51.4545,-2.5879,2022-11-09,10.33,12.68,8.73,2.11,93.19,4.06
Bristol,51.4545,-2.5879,2022-11-10,12.14,14.1,9.64,1.09,93.55,5.23
Bristol,51.4545,-2.5879,2022-11-11,12.8,15.67,9.22,0.38,93.74,4.59
Bristol,51.4545,-2.5879,2022-11-12,11.22,16.17,7.32,0.13,94.9,3.14
Bristol,51.4545,-2.5879,2022-11-13,11.61,15.87,9.68,0.25,95.68,3.26
Bristol,51.4545,-2.5879,2022-11-14,10.53,15.0,6.99,1.77,95.72,2.38
Bristol,51.4545,-2.5879,2022-11-15,9.87,12.23,7.37,16.03,90.44,4.6
Bristol,51.4545,-2.5879,2022-11-16,8.63,11.54,6.12,9.04,95.01,3.09
Bristol,51.4545,-2.5879,2022-11-17,8.75,11.09,7.74,0.93,91.24,4.82
Bristol,51.4545,-2.5879,2022-11-18,7.43,10.77,3.77,0.42,90.25,3.73
Bristol,51.4545,-2.5879,2022-11-19,5.34,10.16,2.55,0.92,92.48,1.88
Bristol,51.4545,-2.5879,2022-11-20,7.28,10.05,4.28,2.76,94.4,3.16
Bristol,51.4545,-2.5879,2022-11-21,6.62,8.47,4.74,16.16,95.48,4.35
Bristol,51.4545,-2.5879,2022-11-22,6.68,9.62,4.72,3.76,95.06,2.15
Bristol,51.4545,-2.5879,2022-11-23,8.75,10.61,6.41,11.01,90.33,5.36
Bristol,51.4545,-2.5879,2022-11-24,8.44,11.54,6.11,5.78,94.09,5.15
Bristol,51.4545,-2.5879,2022-11-25,8.17,11.52,5.48,0.66,95.01,3.22
Bristol,51.4545,-2.5879,2022-11-26,9.87,12.19,7.95,10.12,94.52,5.29
Bristol,51.4545,-2.5879,2022-11-27,9.36,12.52,6.19,1.09,97.98,2.09
Bristol,51.4545,-2.5879,2022-11-28,6.6,9.36,4.26,1.59,97.46,1.93
Bristol,51.4545,-2.5879,2022-11-29,4.8,5.52,4.1,0.61,97.01,1.28
Bristol,51.4545,-2.5879,2022-11-30,5.13,7.21,3.02,0.34,97.63,1.9
Bristol,51.4545,-2.5879,2022-12-01,3.87,6.55,2.59,0.25,96.85,1.34
Bristol,51.4545,-2.5879,2022-12-02,3.78,5.06,2.53,0.33,96.65,2.75
Bristol,51.4545,-2.5879,2022-12-03,4.09,6.58,1.86,0.19,95.25,4.17
Bristol,51.4545,-2.5879,2022-12-04,2.68,5.24,1.59,0.26,95.89,3.72
Bristol,51.4545,-2.5879,2022-12-05,4.2,6.68,1.72,0.26,97.27,3.47
Bristol,51.4545,-2.5879,2022-12-06,2.88,5.28,1.56,0.12,96.27,2.92
Bristol,51.4545,-2.5879,2022-12-07,1.01,4.31,-1.99,0.09,95.12,1.98
Bristol,51.4545,-2.5879,2022-12-08,-0.21,3.62,-3.02,0.06,97.17,1.37
Bristol,51.4545,-2.5879,2022-12-09,-0.9,2.56,-3.32,0.08,97.38,1.72
Bristol,51.4545,-2.5879,2022-12-10,0.7,4.0,-0.9,0.25,96.78,1.5
Bristol,51.4545,-2.5879,2022-12-11,0.56,1.56,-0.75,0.86,95.89,1.35
Bristol,51.4545,-2.5879,2022-12-12,-0.97,-0.02,-1.75,0.49,96.42,1.71
Bristol,51.4545,-2.5879,2022-12-13,-0.62,0.18,-1.11,0.04,96.86,2.9
Bristol,51.4545,-2.5879,2022-12-14,-1.46,0.51,-3.03,0.05,96.36,3.55
Bristol,51.4545,-2.5879,2022-12-15,-2.39,0.64,-4.73,0.05,96.5,2.53
Bristol,51.4545,-2.5879,2022-12-16,-1.74,1.62,-3.11,0.19,97.63,1.47
Bristol,51.4545,-2.5879,2022-12-17,0.62,4.72,-2.47,0.23,94.67,2.3
Bristol,51.4545,-2.5879,2022-12-18,4.0,9.7,-0.17,12.38,95.43,5.34
Bristol,51.4545,-2.5879,2022-12-19,11.61,12.42,9.22,5.48,95.91,7.15
Bristol,51.4545,-2.5879,2022-12-20,8.04,12.0,5.49,5.4,96.33,3.73
Bristol,51.4545,-2.5879,2022-12-21,6.54,9.15,5.1,1.82,97.91,2.93
Bristol,51.4545,-2.5879,2022-12-22,7.76,9.77,4.85,2.27,97.78,2.49
Bristol,51.4545,-2.5879,2022-12-23,8.45,11.09,7.23,13.51,96.48,3.54
Bristol,51.4545,-2.5879,2022-12-24,7.9,9.79,6.01,1.86,97.74,3.49
Bristol,51.4545,-2.5879,2022-12-25,8.96,10.75,7.73,3.33,96.64,3.7
Bristol,51.4545,-2.5879,2022-12-26,5.09,7.81,2.23,0.67,93.63,3.81
Bristol,51.4545,-2.5879,2022-12-27,6.93,9.73,4.04,5.58,95.8,5.16
Bristol,51.4545,-2.5879,2022-12-28,9.82,11.31,8.57,6.81,94.3,6.21
Bristol,51.4545,-2.5879,2022-12-29,6.74,8.44,4.6,1.64,91.99,5.56
Bristol,51.4545,-2.5879,2022-12-30,8.91,11.57,5.84,4.4,94.75,6.08
Bristol,51.4545,-2.5879,2022-12-31,10.29,11.09,8.68,11.87,95.44,5.18
